<?xml version="1.0" encoding="UTF-8"?>
<kml xmlns="http://www.opengis.net/kml/2.2">
  <Document>
    <name>Маленькая РФ (Список рус заведений)</name>
    <description><![CDATA[Список русских заведений в Сербии.<br>Добавить: https://stats.srb.guide/map]]></description>
    <Style id="icon-1899-DB4436-normal">
      <IconStyle>
        <color>ff3644db</color>
        <scale>1</scale>
        <Icon>
          <href>https://www.gstatic.com/mapspro/images/stock/503-wht-blank_maps.png</href>
        </Icon>
        <hotSpot x="32" xunits="pixels" y="64" yunits="insetPixels"/>
      </IconStyle>
      <LabelStyle>
        <scale>0</scale>
      </LabelStyle>
    </Style>
    <Style id="icon-1899-DB4436-highlight">
      <IconStyle>
        <color>ff3644db</color>
        <scale>1</scale>
        <Icon>
          <href>https://www.gstatic.com/mapspro/images/stock/503-wht-blank_maps.png</href>
        </Icon>
        <hotSpot x="32" xunits="pixels" y="64" yunits="insetPixels"/>
      </IconStyle>
      <LabelStyle>
        <scale>1</scale>
      </LabelStyle>
    </Style>
    <StyleMap id="icon-1899-DB4436">
      <Pair>
        <key>normal</key>
        <styleUrl>#icon-1899-DB4436-normal</styleUrl>
      </Pair>
      <Pair>
        <key>highlight</key>
        <styleUrl>#icon-1899-DB4436-highlight</styleUrl>
      </Pair>
    </StyleMap>
    <Folder>
      <name>stats.srb.guide/map</name>
      <Placemark>
        <name>apatin · Salon lepote Roziroz</name>
        <description><![CDATA[description: педикюр, маникюр, врач подолог<br><br>Не сеть<br>Категория: Красота<br>Каталог: https://srb.guide/map/apatin-salon-lepote-roziroz-4187853c9f50<br>Гугл ссылка: https://www.google.com/maps/search/?api=1&amp;query=45.670209,18.984087&amp;query_place_id=ChIJVfiVo4jHXEcRGzFwnMsosm4<br>Рейтинг: ]]></description>
        <styleUrl>#icon-1899-DB4436</styleUrl>
        <ExtendedData>
          <Data name="description">
            <value>педикюр, маникюр, врач подолог

Не сеть</value>
          </Data>
          <Data name="Категория">
            <value>Красота</value>
          </Data>
          <Data name="Каталог">
            <value>https://srb.guide/map/apatin-salon-lepote-roziroz-4187853c9f50</value>
          </Data>
          <Data name="Гугл ссылка">
            <value><![CDATA[https://www.google.com/maps/search/?api=1&amp;query=45.670209,18.984087&amp;query_place_id=ChIJVfiVo4jHXEcRGzFwnMsosm4]]></value>
          </Data>
          <Data name="Рейтинг">
            <value/>
          </Data>
        </ExtendedData>
        <Point>
          <coordinates>
            18.984087,45.670209,0
          </coordinates>
        </Point>
      </Placemark>
      <Placemark>
        <name>apatin · Svetofor</name>
        <description><![CDATA[description: магазин продуктов<br><br>Сеть: Svetofor<br>Категория: Магазины<br>Каталог: https://srb.guide/map/apatin-svetofor-713b63716b59<br>Гугл ссылка: https://www.google.com/maps/search/?api=1&amp;query=45.673662,18.974617&amp;query_place_id=ChIJRx1RZwDHXEcRDJbr86aYPlg<br>Рейтинг: 4.7]]></description>
        <styleUrl>#icon-1899-DB4436</styleUrl>
        <ExtendedData>
          <Data name="description">
            <value>магазин продуктов

Сеть: Svetofor</value>
          </Data>
          <Data name="Категория">
            <value>Магазины</value>
          </Data>
          <Data name="Каталог">
            <value>https://srb.guide/map/apatin-svetofor-713b63716b59</value>
          </Data>
          <Data name="Гугл ссылка">
            <value><![CDATA[https://www.google.com/maps/search/?api=1&amp;query=45.673662,18.974617&amp;query_place_id=ChIJRx1RZwDHXEcRDJbr86aYPlg]]></value>
          </Data>
          <Data name="Рейтинг">
            <value>4.7</value>
          </Data>
        </ExtendedData>
        <Point>
          <coordinates>
            18.974617,45.673662,0
          </coordinates>
        </Point>
      </Placemark>
      <Placemark>
        <name>backa-palanka · Svetofor</name>
        <description><![CDATA[description: Сеть: Svetofor<br>Категория: Магазины<br>Каталог: https://srb.guide/map/bačka-palanka-svetofor-acf19a8eb03e<br>Гугл ссылка: https://www.google.com/maps/search/?api=1&amp;query=45.249046,19.427503&amp;query_place_id=ChIJ88rD0EZxW0cRvOx4m9NjteM<br>Рейтинг: 4.2]]></description>
        <styleUrl>#icon-1899-DB4436</styleUrl>
        <ExtendedData>
          <Data name="description">
            <value>Сеть: Svetofor</value>
          </Data>
          <Data name="Категория">
            <value>Магазины</value>
          </Data>
          <Data name="Каталог">
            <value>https://srb.guide/map/bačka-palanka-svetofor-acf19a8eb03e</value>
          </Data>
          <Data name="Гугл ссылка">
            <value><![CDATA[https://www.google.com/maps/search/?api=1&amp;query=45.249046,19.427503&amp;query_place_id=ChIJ88rD0EZxW0cRvOx4m9NjteM]]></value>
          </Data>
          <Data name="Рейтинг">
            <value>4.2</value>
          </Data>
        </ExtendedData>
        <Point>
          <coordinates>
            19.427503,45.249046,0
          </coordinates>
        </Point>
      </Placemark>
      <Placemark>
        <name>beograd · Axiom</name>
        <description><![CDATA[description: Сидрная + Пиво<br><br>Не сеть<br>Категория: Бары<br>Каталог: https://srb.guide/map/beograd-axiom-caf2aa16e19c<br>Гугл ссылка: https://www.google.com/maps/search/?api=1&amp;query=44.82053,20.458784&amp;query_place_id=ChIJkycVPwBlWkcRcTOefdXwcv4<br>Рейтинг: 4.7]]></description>
        <styleUrl>#icon-1899-DB4436</styleUrl>
        <ExtendedData>
          <Data name="description">
            <value>Сидрная + Пиво

Не сеть</value>
          </Data>
          <Data name="Категория">
            <value>Бары</value>
          </Data>
          <Data name="Каталог">
            <value>https://srb.guide/map/beograd-axiom-caf2aa16e19c</value>
          </Data>
          <Data name="Гугл ссылка">
            <value><![CDATA[https://www.google.com/maps/search/?api=1&amp;query=44.82053,20.458784&amp;query_place_id=ChIJkycVPwBlWkcRcTOefdXwcv4]]></value>
          </Data>
          <Data name="Рейтинг">
            <value>4.7</value>
          </Data>
        </ExtendedData>
        <Point>
          <coordinates>
            20.458784,44.82053,0
          </coordinates>
        </Point>
      </Placemark>
      <Placemark>
        <name>beograd · BEER HOUSE</name>
        <description><![CDATA[description: Не сеть<br>Категория: Бары<br>Каталог: https://srb.guide/map/beograd-beer-house-59b7238cfa7d<br>Гугл ссылка: https://www.google.com/maps/search/?api=1&amp;query=44.813768,20.468791&amp;query_place_id=ChIJmaGydwR7WkcRNa_zWOsA7pE<br>Рейтинг: 4.8]]></description>
        <styleUrl>#icon-1899-DB4436</styleUrl>
        <ExtendedData>
          <Data name="description">
            <value>Не сеть</value>
          </Data>
          <Data name="Категория">
            <value>Бары</value>
          </Data>
          <Data name="Каталог">
            <value>https://srb.guide/map/beograd-beer-house-59b7238cfa7d</value>
          </Data>
          <Data name="Гугл ссылка">
            <value><![CDATA[https://www.google.com/maps/search/?api=1&amp;query=44.813768,20.468791&amp;query_place_id=ChIJmaGydwR7WkcRNa_zWOsA7pE]]></value>
          </Data>
          <Data name="Рейтинг">
            <value>4.8</value>
          </Data>
        </ExtendedData>
        <Point>
          <coordinates>
            20.468791,44.813768,0
          </coordinates>
        </Point>
      </Placemark>
      <Placemark>
        <name>beograd · Barza</name>
        <description><![CDATA[description: Бар на воде «Баржа»<br><br>Тг: @bar_barza_belgrade<br>Инст: @barza__bar__belgrade<br><br>Не сеть<br>Категория: Бары<br>Каталог: https://srb.guide/map/beograd-barza-03b23da3e9e0<br>Гугл ссылка: https://www.google.com/maps/search/?api=1&amp;query=44.797589,20.423167&amp;query_place_id=ChIJ7QbinBhvWkcRwYkEmXtvua0<br>Рейтинг: 4.7]]></description>
        <styleUrl>#icon-1899-DB4436</styleUrl>
        <ExtendedData>
          <Data name="description">
            <value>Бар на воде «Баржа»

Тг: @bar_barza_belgrade
Инст: @barza__bar__belgrade

Не сеть</value>
          </Data>
          <Data name="Категория">
            <value>Бары</value>
          </Data>
          <Data name="Каталог">
            <value>https://srb.guide/map/beograd-barza-03b23da3e9e0</value>
          </Data>
          <Data name="Гугл ссылка">
            <value><![CDATA[https://www.google.com/maps/search/?api=1&amp;query=44.797589,20.423167&amp;query_place_id=ChIJ7QbinBhvWkcRwYkEmXtvua0]]></value>
          </Data>
          <Data name="Рейтинг">
            <value>4.7</value>
          </Data>
        </ExtendedData>
        <Point>
          <coordinates>
            20.423167,44.797589,0
          </coordinates>
        </Point>
      </Placemark>
      <Placemark>
        <name>beograd · Bife bar</name>
        <description><![CDATA[description: Не сеть<br>Категория: Бары<br>Каталог: https://srb.guide/map/beograd-bife-bar-729aa4b9561f<br>Гугл ссылка: https://www.google.com/maps/search/?api=1&amp;query=44.814643,20.45927&amp;query_place_id=ChIJ_f8Q5RR7WkcRG6bwVkYWgio<br>Рейтинг: 4.8]]></description>
        <styleUrl>#icon-1899-DB4436</styleUrl>
        <ExtendedData>
          <Data name="description">
            <value>Не сеть</value>
          </Data>
          <Data name="Категория">
            <value>Бары</value>
          </Data>
          <Data name="Каталог">
            <value>https://srb.guide/map/beograd-bife-bar-729aa4b9561f</value>
          </Data>
          <Data name="Гугл ссылка">
            <value><![CDATA[https://www.google.com/maps/search/?api=1&amp;query=44.814643,20.45927&amp;query_place_id=ChIJ_f8Q5RR7WkcRG6bwVkYWgio]]></value>
          </Data>
          <Data name="Рейтинг">
            <value>4.8</value>
          </Data>
        </ExtendedData>
        <Point>
          <coordinates>
            20.45927,44.814643,0
          </coordinates>
        </Point>
      </Placemark>
      <Placemark>
        <name>beograd · Bruno bar</name>
        <description><![CDATA[description: Сеть: Bruno bar<br>Категория: Бары<br>Каталог: https://srb.guide/map/beograd-bruno-bar-85bfc4771ef1<br>Гугл ссылка: https://www.google.com/maps/search/?api=1&amp;query=44.802305,20.464415&amp;query_place_id=ChIJce7mVgRxWkcRHjnNk8TtOno<br>Рейтинг: 4.9]]></description>
        <styleUrl>#icon-1899-DB4436</styleUrl>
        <ExtendedData>
          <Data name="description">
            <value>Сеть: Bruno bar</value>
          </Data>
          <Data name="Категория">
            <value>Бары</value>
          </Data>
          <Data name="Каталог">
            <value>https://srb.guide/map/beograd-bruno-bar-85bfc4771ef1</value>
          </Data>
          <Data name="Гугл ссылка">
            <value><![CDATA[https://www.google.com/maps/search/?api=1&amp;query=44.802305,20.464415&amp;query_place_id=ChIJce7mVgRxWkcRHjnNk8TtOno]]></value>
          </Data>
          <Data name="Рейтинг">
            <value>4.9</value>
          </Data>
        </ExtendedData>
        <Point>
          <coordinates>
            20.464415,44.802305,0
          </coordinates>
        </Point>
      </Placemark>
      <Placemark>
        <name>beograd · Craft spot</name>
        <description><![CDATA[description: Не сеть<br>Категория: Бары<br>Каталог: https://srb.guide/map/beograd-craft-spot-b7688ea99e03<br>Гугл ссылка: https://www.google.com/maps/search/?api=1&amp;query=44.805518,20.472831&amp;query_place_id=ChIJQ40gCtR7WkcR-gWZQ83jVMY<br>Рейтинг: 4.9]]></description>
        <styleUrl>#icon-1899-DB4436</styleUrl>
        <ExtendedData>
          <Data name="description">
            <value>Не сеть</value>
          </Data>
          <Data name="Категория">
            <value>Бары</value>
          </Data>
          <Data name="Каталог">
            <value>https://srb.guide/map/beograd-craft-spot-b7688ea99e03</value>
          </Data>
          <Data name="Гугл ссылка">
            <value><![CDATA[https://www.google.com/maps/search/?api=1&amp;query=44.805518,20.472831&amp;query_place_id=ChIJQ40gCtR7WkcR-gWZQ83jVMY]]></value>
          </Data>
          <Data name="Рейтинг">
            <value>4.9</value>
          </Data>
        </ExtendedData>
        <Point>
          <coordinates>
            20.472831,44.805518,0
          </coordinates>
        </Point>
      </Placemark>
      <Placemark>
        <name><![CDATA[beograd · Demokratija cocktails&coffee bar]]></name>
        <description><![CDATA[description: Бар<br><br>Не сеть<br>Категория: Бары<br>Каталог: https://srb.guide/map/beograd-demokratija-cocktails-coffee-bar-39641141e1df<br>Гугл ссылка: https://www.google.com/maps/search/?api=1&amp;query=44.817125,20.46515&amp;query_place_id=ChIJm1VOOdJ7WkcRs9CtUbSg8Pc<br>Рейтинг: 5.0]]></description>
        <styleUrl>#icon-1899-DB4436</styleUrl>
        <ExtendedData>
          <Data name="description">
            <value>Бар

Не сеть</value>
          </Data>
          <Data name="Категория">
            <value>Бары</value>
          </Data>
          <Data name="Каталог">
            <value>https://srb.guide/map/beograd-demokratija-cocktails-coffee-bar-39641141e1df</value>
          </Data>
          <Data name="Гугл ссылка">
            <value><![CDATA[https://www.google.com/maps/search/?api=1&amp;query=44.817125,20.46515&amp;query_place_id=ChIJm1VOOdJ7WkcRs9CtUbSg8Pc]]></value>
          </Data>
          <Data name="Рейтинг">
            <value>5.0</value>
          </Data>
        </ExtendedData>
        <Point>
          <coordinates>
            20.46515,44.817125,0
          </coordinates>
        </Point>
      </Placemark>
      <Placemark>
        <name>beograd · Eloe Lounge Hookah bar</name>
        <description><![CDATA[description: Eloe lounge — новое место для вашего отдыха. Во Врачаре, на Гајева 8 вас ждут лучше кальяны и более 100 видов табака — Must Have, DarkSide, Black Burn. А еще авторские чаи и лимонады. <br><br>Лимонады занимают особое место в Eloe lounge. Они не только утолят жажду, но и откроют мир новых вкусовых сочетаний, дополняя собой ароматы кальяна. Например лимонад из ананаса, лайма и мяты отлично сочетается с папая и кактусом.<br><br>У нас комфортно провести деловой звонок в Zoom, пригласить партнёров на бизнес-встречу и просто хорошо отдохнуть с друзьями.<br><br>Не сеть<br>Категория: Бары<br>Каталог: https://srb.guide/map/beograd-eloe-lounge-hookah-bar-de8488fe8446<br>Гугл ссылка: https://www.google.com/maps/search/?api=1&amp;query=44.799445,20.487118&amp;query_place_id=ChIJZaPIT4RxWkcR1j3Ui3HUYwI<br>Рейтинг: 4.9]]></description>
        <styleUrl>#icon-1899-DB4436</styleUrl>
        <ExtendedData>
          <Data name="description">
            <value>Eloe lounge — новое место для вашего отдыха. Во Врачаре, на Гајева 8 вас ждут лучше кальяны и более 100 видов табака — Must Have, DarkSide, Black Burn. А еще авторские чаи и лимонады. 

Лимонады занимают особое место в Eloe lounge. Они не только утолят жажду, но и откроют мир новых вкусовых сочетаний, дополняя собой ароматы кальяна. Например лимонад из ананаса, лайма и мяты отлично сочетается с папая и кактусом.

У нас комфортно провести деловой звонок в Zoom, пригласить партнёров на бизнес-встречу и просто хорошо отдохнуть с друзьями.

Не сеть</value>
          </Data>
          <Data name="Категория">
            <value>Бары</value>
          </Data>
          <Data name="Каталог">
            <value>https://srb.guide/map/beograd-eloe-lounge-hookah-bar-de8488fe8446</value>
          </Data>
          <Data name="Гугл ссылка">
            <value><![CDATA[https://www.google.com/maps/search/?api=1&amp;query=44.799445,20.487118&amp;query_place_id=ChIJZaPIT4RxWkcR1j3Ui3HUYwI]]></value>
          </Data>
          <Data name="Рейтинг">
            <value>4.9</value>
          </Data>
        </ExtendedData>
        <Point>
          <coordinates>
            20.487118,44.799445,0
          </coordinates>
        </Point>
      </Placemark>
      <Placemark>
        <name>beograd · Fazenda</name>
        <description><![CDATA[description: Не сеть<br>Категория: Бары<br>Каталог: https://srb.guide/map/beograd-fazenda-bcb9817b6ac6<br>Гугл ссылка: https://www.google.com/maps/search/?api=1&amp;query=44.813988,20.454555&amp;query_place_id=ChIJ3zQapgB7WkcRv1yXp6npdJ8<br>Рейтинг: 4.7]]></description>
        <styleUrl>#icon-1899-DB4436</styleUrl>
        <ExtendedData>
          <Data name="description">
            <value>Не сеть</value>
          </Data>
          <Data name="Категория">
            <value>Бары</value>
          </Data>
          <Data name="Каталог">
            <value>https://srb.guide/map/beograd-fazenda-bcb9817b6ac6</value>
          </Data>
          <Data name="Гугл ссылка">
            <value><![CDATA[https://www.google.com/maps/search/?api=1&amp;query=44.813988,20.454555&amp;query_place_id=ChIJ3zQapgB7WkcRv1yXp6npdJ8]]></value>
          </Data>
          <Data name="Рейтинг">
            <value>4.7</value>
          </Data>
        </ExtendedData>
        <Point>
          <coordinates>
            20.454555,44.813988,0
          </coordinates>
        </Point>
      </Placemark>
      <Placemark>
        <name>beograd · Fomin Bar</name>
        <description><![CDATA[description: Не сеть<br>Категория: Бары<br>Каталог: https://srb.guide/map/beograd-fomin-bar-488918c038b6<br>Гугл ссылка: https://www.google.com/maps/search/?api=1&amp;query=44.802625,20.479309&amp;query_place_id=ChIJxdLSolZ7WkcRdd9hWEjpBmw<br>Рейтинг: 4.7]]></description>
        <styleUrl>#icon-1899-DB4436</styleUrl>
        <ExtendedData>
          <Data name="description">
            <value>Не сеть</value>
          </Data>
          <Data name="Категория">
            <value>Бары</value>
          </Data>
          <Data name="Каталог">
            <value>https://srb.guide/map/beograd-fomin-bar-488918c038b6</value>
          </Data>
          <Data name="Гугл ссылка">
            <value><![CDATA[https://www.google.com/maps/search/?api=1&amp;query=44.802625,20.479309&amp;query_place_id=ChIJxdLSolZ7WkcRdd9hWEjpBmw]]></value>
          </Data>
          <Data name="Рейтинг">
            <value>4.7</value>
          </Data>
        </ExtendedData>
        <Point>
          <coordinates>
            20.479309,44.802625,0
          </coordinates>
        </Point>
      </Placemark>
      <Placemark>
        <name>beograd · Harats Pub</name>
        <description><![CDATA[description: Не сеть<br>Категория: Бары<br>Каталог: https://srb.guide/map/beograd-harats-pub-897f6d64a750<br>Гугл ссылка: https://www.google.com/maps/search/?api=1&amp;query=44.819014,20.454326&amp;query_place_id=ChIJ0Q9lujllWkcRuaX_O-50glg<br>Рейтинг: 4.4]]></description>
        <styleUrl>#icon-1899-DB4436</styleUrl>
        <ExtendedData>
          <Data name="description">
            <value>Не сеть</value>
          </Data>
          <Data name="Категория">
            <value>Бары</value>
          </Data>
          <Data name="Каталог">
            <value>https://srb.guide/map/beograd-harats-pub-897f6d64a750</value>
          </Data>
          <Data name="Гугл ссылка">
            <value><![CDATA[https://www.google.com/maps/search/?api=1&amp;query=44.819014,20.454326&amp;query_place_id=ChIJ0Q9lujllWkcRuaX_O-50glg]]></value>
          </Data>
          <Data name="Рейтинг">
            <value>4.4</value>
          </Data>
        </ExtendedData>
        <Point>
          <coordinates>
            20.454326,44.819014,0
          </coordinates>
        </Point>
      </Placemark>
      <Placemark>
        <name>beograd · Hookah House | Lounge Bar</name>
        <description><![CDATA[description: кальянная<br><br>Не сеть<br>Категория: Бары<br>Каталог: https://srb.guide/map/beograd-hookah-house-lounge-bar-92799ea73c63<br>Гугл ссылка: https://www.google.com/maps/search/?api=1&amp;query=44.776385,20.458875&amp;query_place_id=ChIJnyFV7XhxWkcRQS0hXQaxiyU<br>Рейтинг: 4.7]]></description>
        <styleUrl>#icon-1899-DB4436</styleUrl>
        <ExtendedData>
          <Data name="description">
            <value>кальянная

Не сеть</value>
          </Data>
          <Data name="Категория">
            <value>Бары</value>
          </Data>
          <Data name="Каталог">
            <value>https://srb.guide/map/beograd-hookah-house-lounge-bar-92799ea73c63</value>
          </Data>
          <Data name="Гугл ссылка">
            <value><![CDATA[https://www.google.com/maps/search/?api=1&amp;query=44.776385,20.458875&amp;query_place_id=ChIJnyFV7XhxWkcRQS0hXQaxiyU]]></value>
          </Data>
          <Data name="Рейтинг">
            <value>4.7</value>
          </Data>
        </ExtendedData>
        <Point>
          <coordinates>
            20.458875,44.776385,0
          </coordinates>
        </Point>
      </Placemark>
      <Placemark>
        <name>beograd · Hookah by friends</name>
        <description><![CDATA[description: кальянная<br><br>Не сеть<br>Категория: Бары<br>Каталог: https://srb.guide/map/beograd-hookah-by-friends-b00f0e53df49<br>Гугл ссылка: https://www.google.com/maps/search/?api=1&amp;query=44.813738,20.468049&amp;query_place_id=ChIJy2beYv97WkcRdHm97Q2crSs<br>Рейтинг: 4.7]]></description>
        <styleUrl>#icon-1899-DB4436</styleUrl>
        <ExtendedData>
          <Data name="description">
            <value>кальянная

Не сеть</value>
          </Data>
          <Data name="Категория">
            <value>Бары</value>
          </Data>
          <Data name="Каталог">
            <value>https://srb.guide/map/beograd-hookah-by-friends-b00f0e53df49</value>
          </Data>
          <Data name="Гугл ссылка">
            <value><![CDATA[https://www.google.com/maps/search/?api=1&amp;query=44.813738,20.468049&amp;query_place_id=ChIJy2beYv97WkcRdHm97Q2crSs]]></value>
          </Data>
          <Data name="Рейтинг">
            <value>4.7</value>
          </Data>
        </ExtendedData>
        <Point>
          <coordinates>
            20.468049,44.813738,0
          </coordinates>
        </Point>
      </Placemark>
      <Placemark>
        <name><![CDATA[beograd · IDOL - tiki bar & chinese restaurant]]></name>
        <description><![CDATA[description: Китайская кухня<br><br>Не сеть<br>Категория: Бары<br>Каталог: https://srb.guide/map/beograd-idol-tiki-bar-chinese-restaurant-681ec563a687<br>Гугл ссылка: https://www.google.com/maps/search/?api=1&amp;query=44.820714,20.463301&amp;query_place_id=ChIJEwXp2CZ7WkcRwnd9G1ebjuU<br>Рейтинг: 4.7]]></description>
        <styleUrl>#icon-1899-DB4436</styleUrl>
        <ExtendedData>
          <Data name="description">
            <value>Китайская кухня

Не сеть</value>
          </Data>
          <Data name="Категория">
            <value>Бары</value>
          </Data>
          <Data name="Каталог">
            <value>https://srb.guide/map/beograd-idol-tiki-bar-chinese-restaurant-681ec563a687</value>
          </Data>
          <Data name="Гугл ссылка">
            <value><![CDATA[https://www.google.com/maps/search/?api=1&amp;query=44.820714,20.463301&amp;query_place_id=ChIJEwXp2CZ7WkcRwnd9G1ebjuU]]></value>
          </Data>
          <Data name="Рейтинг">
            <value>4.7</value>
          </Data>
        </ExtendedData>
        <Point>
          <coordinates>
            20.463301,44.820714,0
          </coordinates>
        </Point>
      </Placemark>
      <Placemark>
        <name><![CDATA[beograd · KIK - coffee, bar & billiard]]></name>
        <description><![CDATA[description: Не сеть<br>Категория: Бары<br>Каталог: https://srb.guide/map/kik-coffee-bar-billiard-beograd<br>Гугл ссылка: https://www.google.com/maps/search/?api=1&amp;query=44.8102325,20.4522786<br>Рейтинг: ]]></description>
        <styleUrl>#icon-1899-DB4436</styleUrl>
        <ExtendedData>
          <Data name="description">
            <value>Не сеть</value>
          </Data>
          <Data name="Категория">
            <value>Бары</value>
          </Data>
          <Data name="Каталог">
            <value>https://srb.guide/map/kik-coffee-bar-billiard-beograd</value>
          </Data>
          <Data name="Гугл ссылка">
            <value><![CDATA[https://www.google.com/maps/search/?api=1&amp;query=44.8102325,20.4522786]]></value>
          </Data>
          <Data name="Рейтинг">
            <value/>
          </Data>
        </ExtendedData>
        <Point>
          <coordinates>
            20.452279,44.810232,0
          </coordinates>
        </Point>
      </Placemark>
      <Placemark>
        <name>beograd · KO-KO Hookah Bar| Nargila bar</name>
        <description><![CDATA[description: 💨 Дымные кальяны и широкий выбор табаков, включая топовые бренды и новинки.<br>🎮 Xbox-зона для любителей гейминга.<br>🍹 Напитки и коктейли от классики до авторских миксов.<br>🃏 Настольные игры для весёлых вечеров с друзьями.<br>🎤 Регулярные ивенты: концерты, кинопоказы, мафия, стендап и многое другое.<br><br>Не сеть<br>Категория: Бары<br>Каталог: https://srb.guide/map/beograd-ko-ko-hookah-bar-nargila-bar-a411bd588331<br>Гугл ссылка: https://www.google.com/maps/search/?api=1&amp;query=44.803159,20.488278&amp;query_place_id=ChIJI_PqI-97WkcRp_5KRXMuTUM<br>Рейтинг: 4.8]]></description>
        <styleUrl>#icon-1899-DB4436</styleUrl>
        <ExtendedData>
          <Data name="description">
            <value>💨 Дымные кальяны и широкий выбор табаков, включая топовые бренды и новинки.
🎮 Xbox-зона для любителей гейминга.
🍹 Напитки и коктейли от классики до авторских миксов.
🃏 Настольные игры для весёлых вечеров с друзьями.
🎤 Регулярные ивенты: концерты, кинопоказы, мафия, стендап и многое другое.

Не сеть</value>
          </Data>
          <Data name="Категория">
            <value>Бары</value>
          </Data>
          <Data name="Каталог">
            <value>https://srb.guide/map/beograd-ko-ko-hookah-bar-nargila-bar-a411bd588331</value>
          </Data>
          <Data name="Гугл ссылка">
            <value><![CDATA[https://www.google.com/maps/search/?api=1&amp;query=44.803159,20.488278&amp;query_place_id=ChIJI_PqI-97WkcRp_5KRXMuTUM]]></value>
          </Data>
          <Data name="Рейтинг">
            <value>4.8</value>
          </Data>
        </ExtendedData>
        <Point>
          <coordinates>
            20.488278,44.803159,0
          </coordinates>
        </Point>
      </Placemark>
      <Placemark>
        <name>beograd · Kafe-bar Avangarda</name>
        <description><![CDATA[description: Не сеть<br>Категория: Бары<br>Каталог: https://srb.guide/map/beograd-kafe-bar-avangarda-6169b55445bb<br>Гугл ссылка: https://www.google.com/maps/search/?api=1&amp;query=44.817857,20.474623&amp;query_place_id=ChIJrZqkALN7WkcRZHdYBI-C6uI<br>Рейтинг: 4.7]]></description>
        <styleUrl>#icon-1899-DB4436</styleUrl>
        <ExtendedData>
          <Data name="description">
            <value>Не сеть</value>
          </Data>
          <Data name="Категория">
            <value>Бары</value>
          </Data>
          <Data name="Каталог">
            <value>https://srb.guide/map/beograd-kafe-bar-avangarda-6169b55445bb</value>
          </Data>
          <Data name="Гугл ссылка">
            <value><![CDATA[https://www.google.com/maps/search/?api=1&amp;query=44.817857,20.474623&amp;query_place_id=ChIJrZqkALN7WkcRZHdYBI-C6uI]]></value>
          </Data>
          <Data name="Рейтинг">
            <value>4.7</value>
          </Data>
        </ExtendedData>
        <Point>
          <coordinates>
            20.474623,44.817857,0
          </coordinates>
        </Point>
      </Placemark>
      <Placemark>
        <name>beograd · Kunst wine bar</name>
        <description><![CDATA[description: Не сеть<br>Категория: Бары<br>Каталог: https://srb.guide/map/beograd-kunst-wine-bar-938d552dd87c<br>Гугл ссылка: https://www.google.com/maps/search/?api=1&amp;query=44.804054,20.473737&amp;query_place_id=ChIJGTT7Uwl7WkcRKMKmh8AKY7U<br>Рейтинг: 4.8]]></description>
        <styleUrl>#icon-1899-DB4436</styleUrl>
        <ExtendedData>
          <Data name="description">
            <value>Не сеть</value>
          </Data>
          <Data name="Категория">
            <value>Бары</value>
          </Data>
          <Data name="Каталог">
            <value>https://srb.guide/map/beograd-kunst-wine-bar-938d552dd87c</value>
          </Data>
          <Data name="Гугл ссылка">
            <value><![CDATA[https://www.google.com/maps/search/?api=1&amp;query=44.804054,20.473737&amp;query_place_id=ChIJGTT7Uwl7WkcRKMKmh8AKY7U]]></value>
          </Data>
          <Data name="Рейтинг">
            <value>4.8</value>
          </Data>
        </ExtendedData>
        <Point>
          <coordinates>
            20.473737,44.804054,0
          </coordinates>
        </Point>
      </Placemark>
      <Placemark>
        <name>beograd · M10 Bar</name>
        <description><![CDATA[description: Не сеть<br>Категория: Бары<br>Каталог: https://srb.guide/map/beograd-m10-bar-e70d6e5007e3<br>Гугл ссылка: https://www.google.com/maps/search/?api=1&amp;query=44.816668,20.457092&amp;query_place_id=ChIJbdCXYQN7WkcRpIcqf6-jQ-s<br>Рейтинг: 4.7]]></description>
        <styleUrl>#icon-1899-DB4436</styleUrl>
        <ExtendedData>
          <Data name="description">
            <value>Не сеть</value>
          </Data>
          <Data name="Категория">
            <value>Бары</value>
          </Data>
          <Data name="Каталог">
            <value>https://srb.guide/map/beograd-m10-bar-e70d6e5007e3</value>
          </Data>
          <Data name="Гугл ссылка">
            <value><![CDATA[https://www.google.com/maps/search/?api=1&amp;query=44.816668,20.457092&amp;query_place_id=ChIJbdCXYQN7WkcRpIcqf6-jQ-s]]></value>
          </Data>
          <Data name="Рейтинг">
            <value>4.7</value>
          </Data>
        </ExtendedData>
        <Point>
          <coordinates>
            20.457092,44.816668,0
          </coordinates>
        </Point>
      </Placemark>
      <Placemark>
        <name>beograd · Mr. Keh Zemun</name>
        <description><![CDATA[description: Bar & Grill<br><br>Не сеть<br>Категория: Бары<br>Каталог: https://srb.guide/map/beograd-mr-keh-zemun-7d257cb793a7<br>Гугл ссылка: https://www.google.com/maps/search/?api=1&amp;query=44.848819,20.412009&amp;query_place_id=ChIJaYT9uT9lWkcRGFyZiHCvzos<br>Рейтинг: 4.8]]></description>
        <styleUrl>#icon-1899-DB4436</styleUrl>
        <ExtendedData>
          <Data name="description">
            <value><![CDATA[Bar & Grill

Не сеть]]></value>
          </Data>
          <Data name="Категория">
            <value>Бары</value>
          </Data>
          <Data name="Каталог">
            <value>https://srb.guide/map/beograd-mr-keh-zemun-7d257cb793a7</value>
          </Data>
          <Data name="Гугл ссылка">
            <value><![CDATA[https://www.google.com/maps/search/?api=1&amp;query=44.848819,20.412009&amp;query_place_id=ChIJaYT9uT9lWkcRGFyZiHCvzos]]></value>
          </Data>
          <Data name="Рейтинг">
            <value>4.8</value>
          </Data>
        </ExtendedData>
        <Point>
          <coordinates>
            20.412009,44.848819,0
          </coordinates>
        </Point>
      </Placemark>
      <Placemark>
        <name>beograd · Nekrasova The Bar</name>
        <description><![CDATA[description: Не сеть<br>Категория: Бары<br>Каталог: https://srb.guide/map/beograd-nekrasova-the-bar-3f149b529da6<br>Гугл ссылка: https://www.google.com/maps/search/?api=1&amp;query=44.805353,20.473544&amp;query_place_id=ChIJUfTXDbJ7WkcRP9T7-Rvj6r8<br>Рейтинг: 4.7]]></description>
        <styleUrl>#icon-1899-DB4436</styleUrl>
        <ExtendedData>
          <Data name="description">
            <value>Не сеть</value>
          </Data>
          <Data name="Категория">
            <value>Бары</value>
          </Data>
          <Data name="Каталог">
            <value>https://srb.guide/map/beograd-nekrasova-the-bar-3f149b529da6</value>
          </Data>
          <Data name="Гугл ссылка">
            <value><![CDATA[https://www.google.com/maps/search/?api=1&amp;query=44.805353,20.473544&amp;query_place_id=ChIJUfTXDbJ7WkcRP9T7-Rvj6r8]]></value>
          </Data>
          <Data name="Рейтинг">
            <value>4.7</value>
          </Data>
        </ExtendedData>
        <Point>
          <coordinates>
            20.473544,44.805353,0
          </coordinates>
        </Point>
      </Placemark>
      <Placemark>
        <name>beograd · Polako smoke</name>
        <description><![CDATA[description: кальянная<br><br>Не сеть<br>Категория: Бары<br>Каталог: https://srb.guide/map/beograd-polako-smoke-f16dd9980f5a<br>Гугл ссылка: https://www.google.com/maps/search/?api=1&amp;query=44.816554,20.462022&amp;query_place_id=ChIJPQkkSpl7WkcR8kQSlTQCykE<br>Рейтинг: 4.7]]></description>
        <styleUrl>#icon-1899-DB4436</styleUrl>
        <ExtendedData>
          <Data name="description">
            <value>кальянная

Не сеть</value>
          </Data>
          <Data name="Категория">
            <value>Бары</value>
          </Data>
          <Data name="Каталог">
            <value>https://srb.guide/map/beograd-polako-smoke-f16dd9980f5a</value>
          </Data>
          <Data name="Гугл ссылка">
            <value><![CDATA[https://www.google.com/maps/search/?api=1&amp;query=44.816554,20.462022&amp;query_place_id=ChIJPQkkSpl7WkcR8kQSlTQCykE]]></value>
          </Data>
          <Data name="Рейтинг">
            <value>4.7</value>
          </Data>
        </ExtendedData>
        <Point>
          <coordinates>
            20.462022,44.816554,0
          </coordinates>
        </Point>
      </Placemark>
      <Placemark>
        <name>beograd · Polet</name>
        <description><![CDATA[description: Не сеть<br>Категория: Бары<br>Каталог: https://srb.guide/map/beograd-polet-66e62ccabde5<br>Гугл ссылка: https://www.google.com/maps/search/?api=1&amp;query=44.817437,20.465206&amp;query_place_id=ChIJZdPAOLF6WkcR6crKuNxPrAo<br>Рейтинг: 4.4]]></description>
        <styleUrl>#icon-1899-DB4436</styleUrl>
        <ExtendedData>
          <Data name="description">
            <value>Не сеть</value>
          </Data>
          <Data name="Категория">
            <value>Бары</value>
          </Data>
          <Data name="Каталог">
            <value>https://srb.guide/map/beograd-polet-66e62ccabde5</value>
          </Data>
          <Data name="Гугл ссылка">
            <value><![CDATA[https://www.google.com/maps/search/?api=1&amp;query=44.817437,20.465206&amp;query_place_id=ChIJZdPAOLF6WkcR6crKuNxPrAo]]></value>
          </Data>
          <Data name="Рейтинг">
            <value>4.4</value>
          </Data>
        </ExtendedData>
        <Point>
          <coordinates>
            20.465206,44.817437,0
          </coordinates>
        </Point>
      </Placemark>
      <Placemark>
        <name>beograd · Proces Wine Bar</name>
        <description><![CDATA[description: Не сеть<br>Категория: Бары<br>Каталог: https://srb.guide/map/beograd-proces-wine-bar-edee47d350f3<br>Гугл ссылка: https://www.google.com/maps/search/?api=1&amp;query=44.814448,20.469029&amp;query_place_id=ChIJaSumKkB7WkcRr-yxqq1jh0o<br>Рейтинг: 4.8]]></description>
        <styleUrl>#icon-1899-DB4436</styleUrl>
        <ExtendedData>
          <Data name="description">
            <value>Не сеть</value>
          </Data>
          <Data name="Категория">
            <value>Бары</value>
          </Data>
          <Data name="Каталог">
            <value>https://srb.guide/map/beograd-proces-wine-bar-edee47d350f3</value>
          </Data>
          <Data name="Гугл ссылка">
            <value><![CDATA[https://www.google.com/maps/search/?api=1&amp;query=44.814448,20.469029&amp;query_place_id=ChIJaSumKkB7WkcRr-yxqq1jh0o]]></value>
          </Data>
          <Data name="Рейтинг">
            <value>4.8</value>
          </Data>
        </ExtendedData>
        <Point>
          <coordinates>
            20.469029,44.814448,0
          </coordinates>
        </Point>
      </Placemark>
      <Placemark>
        <name>beograd · Rodina bar</name>
        <description><![CDATA[description: https://rodina.bar/  Не сеть<br>Категория: Бары<br>Каталог: https://srb.guide/map/beograd-rodina-bar-639d802c6078<br>Гугл ссылка: https://www.google.com/maps/search/?api=1&amp;query=44.828028,20.454194&amp;query_place_id=ChIJ1XKmRCRlWkcR94fDdBK6YWA<br>Рейтинг: 4.6]]></description>
        <styleUrl>#icon-1899-DB4436</styleUrl>
        <ExtendedData>
          <Data name="description">
            <value>https://rodina.bar/  Не сеть</value>
          </Data>
          <Data name="Категория">
            <value>Бары</value>
          </Data>
          <Data name="Каталог">
            <value>https://srb.guide/map/beograd-rodina-bar-639d802c6078</value>
          </Data>
          <Data name="Гугл ссылка">
            <value><![CDATA[https://www.google.com/maps/search/?api=1&amp;query=44.828028,20.454194&amp;query_place_id=ChIJ1XKmRCRlWkcR94fDdBK6YWA]]></value>
          </Data>
          <Data name="Рейтинг">
            <value>4.6</value>
          </Data>
        </ExtendedData>
        <Point>
          <coordinates>
            20.454194,44.828028,0
          </coordinates>
        </Point>
      </Placemark>
      <Placemark>
        <name>beograd · Shako Lounge Bar</name>
        <description><![CDATA[description: Не сеть<br>Категория: Бары<br>Каталог: https://srb.guide/map/beograd-shako-lounge-bar-acc08efe87f7<br>Гугл ссылка: https://www.google.com/maps/search/?api=1&amp;query=44.81821,20.463184&amp;query_place_id=ChIJWcPSZwp7WkcRdaplGVdHSv8<br>Рейтинг: 4.4]]></description>
        <styleUrl>#icon-1899-DB4436</styleUrl>
        <ExtendedData>
          <Data name="description">
            <value>Не сеть</value>
          </Data>
          <Data name="Категория">
            <value>Бары</value>
          </Data>
          <Data name="Каталог">
            <value>https://srb.guide/map/beograd-shako-lounge-bar-acc08efe87f7</value>
          </Data>
          <Data name="Гугл ссылка">
            <value><![CDATA[https://www.google.com/maps/search/?api=1&amp;query=44.81821,20.463184&amp;query_place_id=ChIJWcPSZwp7WkcRdaplGVdHSv8]]></value>
          </Data>
          <Data name="Рейтинг">
            <value>4.4</value>
          </Data>
        </ExtendedData>
        <Point>
          <coordinates>
            20.463184,44.81821,0
          </coordinates>
        </Point>
      </Placemark>
      <Placemark>
        <name>beograd · Sköl Bar</name>
        <description><![CDATA[description: Не сеть<br>Категория: Бары<br>Каталог: https://srb.guide/map/beograd-sköl-bar-e1c0a4411b39<br>Гугл ссылка: https://www.google.com/maps/search/?api=1&amp;query=44.814236,20.458619&amp;query_place_id=ChIJm1OjXAB7WkcR6yiBHzg5kBE<br>Рейтинг: 4.4]]></description>
        <styleUrl>#icon-1899-DB4436</styleUrl>
        <ExtendedData>
          <Data name="description">
            <value>Не сеть</value>
          </Data>
          <Data name="Категория">
            <value>Бары</value>
          </Data>
          <Data name="Каталог">
            <value>https://srb.guide/map/beograd-sköl-bar-e1c0a4411b39</value>
          </Data>
          <Data name="Гугл ссылка">
            <value><![CDATA[https://www.google.com/maps/search/?api=1&amp;query=44.814236,20.458619&amp;query_place_id=ChIJm1OjXAB7WkcR6yiBHzg5kBE]]></value>
          </Data>
          <Data name="Рейтинг">
            <value>4.4</value>
          </Data>
        </ExtendedData>
        <Point>
          <coordinates>
            20.458619,44.814236,0
          </coordinates>
        </Point>
      </Placemark>
      <Placemark>
        <name><![CDATA[beograd · Snap - billiard & bar]]></name>
        <description><![CDATA[description: Не сеть<br>Категория: Бары<br>Каталог: https://srb.guide/map/snap-billiard-bar-beograd<br>Гугл ссылка: https://www.google.com/maps/search/?api=1&amp;query=44.8029507,20.4762693<br>Рейтинг: ]]></description>
        <styleUrl>#icon-1899-DB4436</styleUrl>
        <ExtendedData>
          <Data name="description">
            <value>Не сеть</value>
          </Data>
          <Data name="Категория">
            <value>Бары</value>
          </Data>
          <Data name="Каталог">
            <value>https://srb.guide/map/snap-billiard-bar-beograd</value>
          </Data>
          <Data name="Гугл ссылка">
            <value><![CDATA[https://www.google.com/maps/search/?api=1&amp;query=44.8029507,20.4762693]]></value>
          </Data>
          <Data name="Рейтинг">
            <value/>
          </Data>
        </ExtendedData>
        <Point>
          <coordinates>
            20.476269,44.802951,0
          </coordinates>
        </Point>
      </Placemark>
      <Placemark>
        <name>beograd · Supertramp Bar</name>
        <description><![CDATA[description: Не сеть<br>Категория: Бары<br>Каталог: https://srb.guide/map/beograd-supertramp-bar-908112fc4af0<br>Гугл ссылка: https://www.google.com/maps/search/?api=1&amp;query=44.814851,20.458458&amp;query_place_id=ChIJg5FzCAB7WkcRoHtaC94vTmE<br>Рейтинг: 4.3]]></description>
        <styleUrl>#icon-1899-DB4436</styleUrl>
        <ExtendedData>
          <Data name="description">
            <value>Не сеть</value>
          </Data>
          <Data name="Категория">
            <value>Бары</value>
          </Data>
          <Data name="Каталог">
            <value>https://srb.guide/map/beograd-supertramp-bar-908112fc4af0</value>
          </Data>
          <Data name="Гугл ссылка">
            <value><![CDATA[https://www.google.com/maps/search/?api=1&amp;query=44.814851,20.458458&amp;query_place_id=ChIJg5FzCAB7WkcRoHtaC94vTmE]]></value>
          </Data>
          <Data name="Рейтинг">
            <value>4.3</value>
          </Data>
        </ExtendedData>
        <Point>
          <coordinates>
            20.458458,44.814851,0
          </coordinates>
        </Point>
      </Placemark>
      <Placemark>
        <name>beograd · Vinoteka Tipsy</name>
        <description><![CDATA[description: винный магазин<br><br>Не сеть<br>Категория: Бары<br>Каталог: https://srb.guide/map/beograd-vinoteka-tipsy-4358a3462dfe<br>Гугл ссылка: https://www.google.com/maps/search/?api=1&amp;query=44.794639,20.47765&amp;query_place_id=ChIJRQZpddRxWkcR52WC_bqnTzk<br>Рейтинг: 5.0]]></description>
        <styleUrl>#icon-1899-DB4436</styleUrl>
        <ExtendedData>
          <Data name="description">
            <value>винный магазин

Не сеть</value>
          </Data>
          <Data name="Категория">
            <value>Бары</value>
          </Data>
          <Data name="Каталог">
            <value>https://srb.guide/map/beograd-vinoteka-tipsy-4358a3462dfe</value>
          </Data>
          <Data name="Гугл ссылка">
            <value><![CDATA[https://www.google.com/maps/search/?api=1&amp;query=44.794639,20.47765&amp;query_place_id=ChIJRQZpddRxWkcR52WC_bqnTzk]]></value>
          </Data>
          <Data name="Рейтинг">
            <value>5.0</value>
          </Data>
        </ExtendedData>
        <Point>
          <coordinates>
            20.47765,44.794639,0
          </coordinates>
        </Point>
      </Placemark>
      <Placemark>
        <name>beograd · Vol°na</name>
        <description><![CDATA[description: Филиал культовой казанской рюмочной Vol°na<br><br>Не сеть<br>Категория: Бары<br>Каталог: https://srb.guide/map/beograd-vol-na-a156cdf78ee5<br>Гугл ссылка: https://www.google.com/maps/search/?api=1&amp;query=44.811621,20.463637&amp;query_place_id=ChIJ_6hVXQB7WkcR-avyX_Q_gis<br>Рейтинг: 4.6]]></description>
        <styleUrl>#icon-1899-DB4436</styleUrl>
        <ExtendedData>
          <Data name="description">
            <value>Филиал культовой казанской рюмочной Vol°na

Не сеть</value>
          </Data>
          <Data name="Категория">
            <value>Бары</value>
          </Data>
          <Data name="Каталог">
            <value>https://srb.guide/map/beograd-vol-na-a156cdf78ee5</value>
          </Data>
          <Data name="Гугл ссылка">
            <value><![CDATA[https://www.google.com/maps/search/?api=1&amp;query=44.811621,20.463637&amp;query_place_id=ChIJ_6hVXQB7WkcR-avyX_Q_gis]]></value>
          </Data>
          <Data name="Рейтинг">
            <value>4.6</value>
          </Data>
        </ExtendedData>
        <Point>
          <coordinates>
            20.463637,44.811621,0
          </coordinates>
        </Point>
      </Placemark>
      <Placemark>
        <name>beograd · null Social Lab</name>
        <description><![CDATA[description: коктельная<br><br>Не сеть<br>Категория: Бары<br>Каталог: https://srb.guide/map/beograd-null-social-lab-2623686df4d8<br>Гугл ссылка: https://www.google.com/maps/search/?api=1&amp;query=44.8125,20.46013&amp;query_place_id=ChIJUdbz_st7WkcR_rErdARRwhk<br>Рейтинг: 4.9]]></description>
        <styleUrl>#icon-1899-DB4436</styleUrl>
        <ExtendedData>
          <Data name="description">
            <value>коктельная

Не сеть</value>
          </Data>
          <Data name="Категория">
            <value>Бары</value>
          </Data>
          <Data name="Каталог">
            <value>https://srb.guide/map/beograd-null-social-lab-2623686df4d8</value>
          </Data>
          <Data name="Гугл ссылка">
            <value><![CDATA[https://www.google.com/maps/search/?api=1&amp;query=44.8125,20.46013&amp;query_place_id=ChIJUdbz_st7WkcR_rErdARRwhk]]></value>
          </Data>
          <Data name="Рейтинг">
            <value>4.9</value>
          </Data>
        </ExtendedData>
        <Point>
          <coordinates>
            20.46013,44.8125,0
          </coordinates>
        </Point>
      </Placemark>
      <Placemark>
        <name>beograd · Ćilim bar</name>
        <description><![CDATA[description: Не сеть<br>Категория: Бары<br>Каталог: https://srb.guide/map/beograd-ćilim-bar-5d4e54825993<br>Гугл ссылка: https://www.google.com/maps/search/?api=1&amp;query=44.820255,20.459758&amp;query_place_id=ChIJqy3OEEV7WkcRs8AqDRlUbow<br>Рейтинг: 4.9]]></description>
        <styleUrl>#icon-1899-DB4436</styleUrl>
        <ExtendedData>
          <Data name="description">
            <value>Не сеть</value>
          </Data>
          <Data name="Категория">
            <value>Бары</value>
          </Data>
          <Data name="Каталог">
            <value>https://srb.guide/map/beograd-ćilim-bar-5d4e54825993</value>
          </Data>
          <Data name="Гугл ссылка">
            <value><![CDATA[https://www.google.com/maps/search/?api=1&amp;query=44.820255,20.459758&amp;query_place_id=ChIJqy3OEEV7WkcRs8AqDRlUbow]]></value>
          </Data>
          <Data name="Рейтинг">
            <value>4.9</value>
          </Data>
        </ExtendedData>
        <Point>
          <coordinates>
            20.459758,44.820255,0
          </coordinates>
        </Point>
      </Placemark>
      <Placemark>
        <name>beograd · Карусел</name>
        <description><![CDATA[description: Рюмочная<br><br>Не сеть<br>Категория: Бары<br>Каталог: https://srb.guide/map/beograd-карусел-4faa94d3cd1d<br>Гугл ссылка: https://www.google.com/maps/search/?api=1&amp;query=44.822392,20.461478&amp;query_place_id=ChIJCTrtESx7WkcRO3INLc8VN0k<br>Рейтинг: 4.6]]></description>
        <styleUrl>#icon-1899-DB4436</styleUrl>
        <ExtendedData>
          <Data name="description">
            <value>Рюмочная

Не сеть</value>
          </Data>
          <Data name="Категория">
            <value>Бары</value>
          </Data>
          <Data name="Каталог">
            <value>https://srb.guide/map/beograd-карусел-4faa94d3cd1d</value>
          </Data>
          <Data name="Гугл ссылка">
            <value><![CDATA[https://www.google.com/maps/search/?api=1&amp;query=44.822392,20.461478&amp;query_place_id=ChIJCTrtESx7WkcRO3INLc8VN0k]]></value>
          </Data>
          <Data name="Рейтинг">
            <value>4.6</value>
          </Data>
        </ExtendedData>
        <Point>
          <coordinates>
            20.461478,44.822392,0
          </coordinates>
        </Point>
      </Placemark>
      <Placemark>
        <name>beograd · Barbershop BarbarossA</name>
        <description><![CDATA[description: Не сеть<br>Категория: Красота<br>Каталог: https://srb.guide/map/beograd-barbershop-barbarossa-b8585f7fbad9<br>Гугл ссылка: https://www.google.com/maps/search/?api=1&amp;query=44.793478,20.480421&amp;query_place_id=ChIJPxotZhA5GKURq6voyZpKLts<br>Рейтинг: 4.9]]></description>
        <styleUrl>#icon-1899-DB4436</styleUrl>
        <ExtendedData>
          <Data name="description">
            <value>Не сеть</value>
          </Data>
          <Data name="Категория">
            <value>Красота</value>
          </Data>
          <Data name="Каталог">
            <value>https://srb.guide/map/beograd-barbershop-barbarossa-b8585f7fbad9</value>
          </Data>
          <Data name="Гугл ссылка">
            <value><![CDATA[https://www.google.com/maps/search/?api=1&amp;query=44.793478,20.480421&amp;query_place_id=ChIJPxotZhA5GKURq6voyZpKLts]]></value>
          </Data>
          <Data name="Рейтинг">
            <value>4.9</value>
          </Data>
        </ExtendedData>
        <Point>
          <coordinates>
            20.480421,44.793478,0
          </coordinates>
        </Point>
      </Placemark>
      <Placemark>
        <name>beograd · Barbershop CHOP X CHOP</name>
        <description><![CDATA[description: Barbershop<br><br>Не сеть<br>Категория: Красота<br>Каталог: https://srb.guide/map/beograd-barbershop-chop-x-chop-94f6b240242f<br>Гугл ссылка: https://www.google.com/maps/search/?api=1&amp;query=44.806776,20.471045&amp;query_place_id=ChIJO3vhg6l7WkcRtH7Inz8al08<br>Рейтинг: 4.9]]></description>
        <styleUrl>#icon-1899-DB4436</styleUrl>
        <ExtendedData>
          <Data name="description">
            <value>Barbershop

Не сеть</value>
          </Data>
          <Data name="Категория">
            <value>Красота</value>
          </Data>
          <Data name="Каталог">
            <value>https://srb.guide/map/beograd-barbershop-chop-x-chop-94f6b240242f</value>
          </Data>
          <Data name="Гугл ссылка">
            <value><![CDATA[https://www.google.com/maps/search/?api=1&amp;query=44.806776,20.471045&amp;query_place_id=ChIJO3vhg6l7WkcRtH7Inz8al08]]></value>
          </Data>
          <Data name="Рейтинг">
            <value>4.9</value>
          </Data>
        </ExtendedData>
        <Point>
          <coordinates>
            20.471045,44.806776,0
          </coordinates>
        </Point>
      </Placemark>
      <Placemark>
        <name>beograd · Basileus Massage</name>
        <description><![CDATA[description: Не сеть<br>Категория: Красота<br>Каталог: https://srb.guide/map/beograd-basileus-massage-e2abc918dc4f<br>Гугл ссылка: https://www.google.com/maps/search/?api=1&amp;query=44.813045,20.472143&amp;query_place_id=ChIJyTwJPn78xIcROhGtBLMRKWM<br>Рейтинг: 4.9]]></description>
        <styleUrl>#icon-1899-DB4436</styleUrl>
        <ExtendedData>
          <Data name="description">
            <value>Не сеть</value>
          </Data>
          <Data name="Категория">
            <value>Красота</value>
          </Data>
          <Data name="Каталог">
            <value>https://srb.guide/map/beograd-basileus-massage-e2abc918dc4f</value>
          </Data>
          <Data name="Гугл ссылка">
            <value><![CDATA[https://www.google.com/maps/search/?api=1&amp;query=44.813045,20.472143&amp;query_place_id=ChIJyTwJPn78xIcROhGtBLMRKWM]]></value>
          </Data>
          <Data name="Рейтинг">
            <value>4.9</value>
          </Data>
        </ExtendedData>
        <Point>
          <coordinates>
            20.472143,44.813045,0
          </coordinates>
        </Point>
      </Placemark>
      <Placemark>
        <name>beograd · Best tattoos in Belgrade. Pavel Zubkov</name>
        <description><![CDATA[description: Студия татуировки<br><br>Не сеть<br>Категория: Красота<br>Каталог: https://srb.guide/map/beograd-best-tattoos-in-belgrade-pavel-zubkov-387e253106bc<br>Гугл ссылка: https://www.google.com/maps/search/?api=1&amp;query=44.798242,20.48284&amp;query_place_id=ChIJO5mD9sNxWkcR0okmfS_ssKQ<br>Рейтинг: ]]></description>
        <styleUrl>#icon-1899-DB4436</styleUrl>
        <ExtendedData>
          <Data name="description">
            <value>Студия татуировки

Не сеть</value>
          </Data>
          <Data name="Категория">
            <value>Красота</value>
          </Data>
          <Data name="Каталог">
            <value>https://srb.guide/map/beograd-best-tattoos-in-belgrade-pavel-zubkov-387e253106bc</value>
          </Data>
          <Data name="Гугл ссылка">
            <value><![CDATA[https://www.google.com/maps/search/?api=1&amp;query=44.798242,20.48284&amp;query_place_id=ChIJO5mD9sNxWkcR0okmfS_ssKQ]]></value>
          </Data>
          <Data name="Рейтинг">
            <value/>
          </Data>
        </ExtendedData>
        <Point>
          <coordinates>
            20.48284,44.798242,0
          </coordinates>
        </Point>
      </Placemark>
      <Placemark>
        <name>beograd · Big Greg Cut Spot</name>
        <description><![CDATA[description: Barber shop<br><br>Не сеть<br>Категория: Красота<br>Каталог: https://srb.guide/map/beograd-big-greg-cut-spot-51dbd7903778<br>Гугл ссылка: https://www.google.com/maps/search/?api=1&amp;query=44.807924,20.459947&amp;query_place_id=ChIJ45zQVnh7WkcRj2GIwopWm-Y<br>Рейтинг: ]]></description>
        <styleUrl>#icon-1899-DB4436</styleUrl>
        <ExtendedData>
          <Data name="description">
            <value>Barber shop

Не сеть</value>
          </Data>
          <Data name="Категория">
            <value>Красота</value>
          </Data>
          <Data name="Каталог">
            <value>https://srb.guide/map/beograd-big-greg-cut-spot-51dbd7903778</value>
          </Data>
          <Data name="Гугл ссылка">
            <value><![CDATA[https://www.google.com/maps/search/?api=1&amp;query=44.807924,20.459947&amp;query_place_id=ChIJ45zQVnh7WkcRj2GIwopWm-Y]]></value>
          </Data>
          <Data name="Рейтинг">
            <value/>
          </Data>
        </ExtendedData>
        <Point>
          <coordinates>
            20.459947,44.807924,0
          </coordinates>
        </Point>
      </Placemark>
      <Placemark>
        <name><![CDATA[beograd · Buck&Bart]]></name>
        <description><![CDATA[description: Барбершоп<br><br>Не сеть<br>Категория: Красота<br>Каталог: https://srb.guide/map/beograd-buck-bart-927acbcb6ecb<br>Гугл ссылка: https://www.google.com/maps/search/?api=1&amp;query=44.803871,20.459266&amp;query_place_id=ChIJFYZcm-dxWkcRPWjICrJBeIQ<br>Рейтинг: ]]></description>
        <styleUrl>#icon-1899-DB4436</styleUrl>
        <ExtendedData>
          <Data name="description">
            <value>Барбершоп

Не сеть</value>
          </Data>
          <Data name="Категория">
            <value>Красота</value>
          </Data>
          <Data name="Каталог">
            <value>https://srb.guide/map/beograd-buck-bart-927acbcb6ecb</value>
          </Data>
          <Data name="Гугл ссылка">
            <value><![CDATA[https://www.google.com/maps/search/?api=1&amp;query=44.803871,20.459266&amp;query_place_id=ChIJFYZcm-dxWkcRPWjICrJBeIQ]]></value>
          </Data>
          <Data name="Рейтинг">
            <value/>
          </Data>
        </ExtendedData>
        <Point>
          <coordinates>
            20.459266,44.803871,0
          </coordinates>
        </Point>
      </Placemark>
      <Placemark>
        <name>beograd · Clever Barbershop</name>
        <description><![CDATA[description: Барбершоп https://n1379593.alteg.io/  Не сеть<br>Категория: Красота<br>Каталог: https://srb.guide/map/beograd-clever-barbershop-355519baa45e<br>Гугл ссылка: https://www.google.com/maps/search/?api=1&amp;query=44.811639,20.459718&amp;query_place_id=ChIJyWaqznIikEwR_4t8fpdDXoc<br>Рейтинг: ]]></description>
        <styleUrl>#icon-1899-DB4436</styleUrl>
        <ExtendedData>
          <Data name="description">
            <value>Барбершоп https://n1379593.alteg.io/  Не сеть</value>
          </Data>
          <Data name="Категория">
            <value>Красота</value>
          </Data>
          <Data name="Каталог">
            <value>https://srb.guide/map/beograd-clever-barbershop-355519baa45e</value>
          </Data>
          <Data name="Гугл ссылка">
            <value><![CDATA[https://www.google.com/maps/search/?api=1&amp;query=44.811639,20.459718&amp;query_place_id=ChIJyWaqznIikEwR_4t8fpdDXoc]]></value>
          </Data>
          <Data name="Рейтинг">
            <value/>
          </Data>
        </ExtendedData>
        <Point>
          <coordinates>
            20.459718,44.811639,0
          </coordinates>
        </Point>
      </Placemark>
      <Placemark>
        <name>beograd · Dan/Barber</name>
        <description><![CDATA[description: Барбершоп  есть телега — @bearhasl запись через сайт — https://n977451.alteg.io  Не сеть<br>Категория: Красота<br>Каталог: https://srb.guide/map/beograd-dan-barber-5fa1a5e6cf88<br>Гугл ссылка: https://www.google.com/maps/search/?api=1&amp;query=44.818662,20.469986&amp;query_place_id=ChIJD2m9ard6WkcRQcjErc5KiDE<br>Рейтинг: ]]></description>
        <styleUrl>#icon-1899-DB4436</styleUrl>
        <ExtendedData>
          <Data name="description">
            <value>Барбершоп  есть телега — @bearhasl запись через сайт — https://n977451.alteg.io  Не сеть</value>
          </Data>
          <Data name="Категория">
            <value>Красота</value>
          </Data>
          <Data name="Каталог">
            <value>https://srb.guide/map/beograd-dan-barber-5fa1a5e6cf88</value>
          </Data>
          <Data name="Гугл ссылка">
            <value><![CDATA[https://www.google.com/maps/search/?api=1&amp;query=44.818662,20.469986&amp;query_place_id=ChIJD2m9ard6WkcRQcjErc5KiDE]]></value>
          </Data>
          <Data name="Рейтинг">
            <value/>
          </Data>
        </ExtendedData>
        <Point>
          <coordinates>
            20.469986,44.818662,0
          </coordinates>
        </Point>
      </Placemark>
      <Placemark>
        <name>beograd · EASY Laserska epilacija</name>
        <description><![CDATA[description: салон лазерной эпиляции<br><br>Не сеть<br>Категория: Красота<br>Каталог: https://srb.guide/map/beograd-easy-laserska-epilacija-c77f14810b67<br>Гугл ссылка: https://www.google.com/maps/search/?api=1&amp;query=44.796596,20.471181&amp;query_place_id=ChIJN49cqk1xWkcR0VL2VDPI_rQ<br>Рейтинг: 4.9]]></description>
        <styleUrl>#icon-1899-DB4436</styleUrl>
        <ExtendedData>
          <Data name="description">
            <value>салон лазерной эпиляции

Не сеть</value>
          </Data>
          <Data name="Категория">
            <value>Красота</value>
          </Data>
          <Data name="Каталог">
            <value>https://srb.guide/map/beograd-easy-laserska-epilacija-c77f14810b67</value>
          </Data>
          <Data name="Гугл ссылка">
            <value><![CDATA[https://www.google.com/maps/search/?api=1&amp;query=44.796596,20.471181&amp;query_place_id=ChIJN49cqk1xWkcR0VL2VDPI_rQ]]></value>
          </Data>
          <Data name="Рейтинг">
            <value>4.9</value>
          </Data>
        </ExtendedData>
        <Point>
          <coordinates>
            20.471181,44.796596,0
          </coordinates>
        </Point>
      </Placemark>
      <Placemark>
        <name>beograd · Flow Hair Salon</name>
        <description><![CDATA[description: Не сеть<br>Категория: Красота<br>Каталог: https://srb.guide/map/beograd-flow-hair-salon-7a3df310c097<br>Гугл ссылка: https://www.google.com/maps/search/?api=1&amp;query=44.796734,20.471995&amp;query_place_id=ChIJk6A_3IpxWkcR_xjHN93hCSg<br>Рейтинг: 4.7]]></description>
        <styleUrl>#icon-1899-DB4436</styleUrl>
        <ExtendedData>
          <Data name="description">
            <value>Не сеть</value>
          </Data>
          <Data name="Категория">
            <value>Красота</value>
          </Data>
          <Data name="Каталог">
            <value>https://srb.guide/map/beograd-flow-hair-salon-7a3df310c097</value>
          </Data>
          <Data name="Гугл ссылка">
            <value><![CDATA[https://www.google.com/maps/search/?api=1&amp;query=44.796734,20.471995&amp;query_place_id=ChIJk6A_3IpxWkcR_xjHN93hCSg]]></value>
          </Data>
          <Data name="Рейтинг">
            <value>4.7</value>
          </Data>
        </ExtendedData>
        <Point>
          <coordinates>
            20.471995,44.796734,0
          </coordinates>
        </Point>
      </Placemark>
      <Placemark>
        <name>beograd · For You massage</name>
        <description><![CDATA[description: Массажный салон<br><br>Не сеть<br>Категория: Красота<br>Каталог: https://srb.guide/map/beograd-for-you-massage-72b503b583cd<br>Гугл ссылка: https://www.google.com/maps/search/?api=1&amp;query=44.812931,20.47455&amp;query_place_id=ChIJtx1pLQd7WkcRA0AgsNbDf4Q<br>Рейтинг: 4.6]]></description>
        <styleUrl>#icon-1899-DB4436</styleUrl>
        <ExtendedData>
          <Data name="description">
            <value>Массажный салон

Не сеть</value>
          </Data>
          <Data name="Категория">
            <value>Красота</value>
          </Data>
          <Data name="Каталог">
            <value>https://srb.guide/map/beograd-for-you-massage-72b503b583cd</value>
          </Data>
          <Data name="Гугл ссылка">
            <value><![CDATA[https://www.google.com/maps/search/?api=1&amp;query=44.812931,20.47455&amp;query_place_id=ChIJtx1pLQd7WkcRA0AgsNbDf4Q]]></value>
          </Data>
          <Data name="Рейтинг">
            <value>4.6</value>
          </Data>
        </ExtendedData>
        <Point>
          <coordinates>
            20.47455,44.812931,0
          </coordinates>
        </Point>
      </Placemark>
      <Placemark>
        <name>beograd · Frid Lab</name>
        <description><![CDATA[description: OBRVE БРОВИ РЕСНИЦЫ БЕЛГРАД<br><br>•ЗАПИСЬ ОНЛАЙН•BOOK•⤵️<br>dikidi.net/947072<br><br>Не сеть<br>Категория: Красота<br>Каталог: https://srb.guide/map/beograd-frid-lab-bfc3e7f463d6<br>Гугл ссылка: https://www.google.com/maps/search/?api=1&amp;query=44.807609,20.479235&amp;query_place_id=ChIJO7RyYHh7WkcRq6j4QPfZ8uc<br>Рейтинг: 4.8]]></description>
        <styleUrl>#icon-1899-DB4436</styleUrl>
        <ExtendedData>
          <Data name="description">
            <value>OBRVE БРОВИ РЕСНИЦЫ БЕЛГРАД

•ЗАПИСЬ ОНЛАЙН•BOOK•⤵️
dikidi.net/947072

Не сеть</value>
          </Data>
          <Data name="Категория">
            <value>Красота</value>
          </Data>
          <Data name="Каталог">
            <value>https://srb.guide/map/beograd-frid-lab-bfc3e7f463d6</value>
          </Data>
          <Data name="Гугл ссылка">
            <value><![CDATA[https://www.google.com/maps/search/?api=1&amp;query=44.807609,20.479235&amp;query_place_id=ChIJO7RyYHh7WkcRq6j4QPfZ8uc]]></value>
          </Data>
          <Data name="Рейтинг">
            <value>4.8</value>
          </Data>
        </ExtendedData>
        <Point>
          <coordinates>
            20.479235,44.807609,0
          </coordinates>
        </Point>
      </Placemark>
      <Placemark>
        <name>beograd · K3 hair Spot</name>
        <description><![CDATA[description: Салон красоты<br><br>Не сеть<br>Категория: Красота<br>Каталог: https://srb.guide/map/beograd-k3-hair-spot-566f834aee16<br>Гугл ссылка: https://www.google.com/maps/search/?api=1&amp;query=44.822598,20.45987&amp;query_place_id=ChIJJbw9WQBlWkcRP_VYS9zbISk<br>Рейтинг: ]]></description>
        <styleUrl>#icon-1899-DB4436</styleUrl>
        <ExtendedData>
          <Data name="description">
            <value>Салон красоты

Не сеть</value>
          </Data>
          <Data name="Категория">
            <value>Красота</value>
          </Data>
          <Data name="Каталог">
            <value>https://srb.guide/map/beograd-k3-hair-spot-566f834aee16</value>
          </Data>
          <Data name="Гугл ссылка">
            <value><![CDATA[https://www.google.com/maps/search/?api=1&amp;query=44.822598,20.45987&amp;query_place_id=ChIJJbw9WQBlWkcRP_VYS9zbISk]]></value>
          </Data>
          <Data name="Рейтинг">
            <value/>
          </Data>
        </ExtendedData>
        <Point>
          <coordinates>
            20.45987,44.822598,0
          </coordinates>
        </Point>
      </Placemark>
      <Placemark>
        <name>beograd · KITCUT barbershop</name>
        <description><![CDATA[description: Не сеть<br>Категория: Красота<br>Каталог: https://srb.guide/map/beograd-kitcut-barbershop-ab37cdb4b66c<br>Гугл ссылка: https://www.google.com/maps/search/?api=1&amp;query=44.818415,20.459929&amp;query_place_id=ChIJK0gHtppwXGERiK-ZQrRrDio<br>Рейтинг: 4.9]]></description>
        <styleUrl>#icon-1899-DB4436</styleUrl>
        <ExtendedData>
          <Data name="description">
            <value>Не сеть</value>
          </Data>
          <Data name="Категория">
            <value>Красота</value>
          </Data>
          <Data name="Каталог">
            <value>https://srb.guide/map/beograd-kitcut-barbershop-ab37cdb4b66c</value>
          </Data>
          <Data name="Гугл ссылка">
            <value><![CDATA[https://www.google.com/maps/search/?api=1&amp;query=44.818415,20.459929&amp;query_place_id=ChIJK0gHtppwXGERiK-ZQrRrDio]]></value>
          </Data>
          <Data name="Рейтинг">
            <value>4.9</value>
          </Data>
        </ExtendedData>
        <Point>
          <coordinates>
            20.459929,44.818415,0
          </coordinates>
        </Point>
      </Placemark>
      <Placemark>
        <name>beograd · LAZURIT STUDIO</name>
        <description><![CDATA[description: Студия лазерной эпиляции https://dikidi.net/1552726  Не сеть<br>Категория: Красота<br>Каталог: https://srb.guide/map/beograd-lazurit-studio-0d5793dc96d4<br>Гугл ссылка: https://www.google.com/maps/search/?api=1&amp;query=44.80462,20.411343&amp;query_place_id=ChIJ5WiO_DhvWkcRxoagLC1xLjg<br>Рейтинг: 5.0]]></description>
        <styleUrl>#icon-1899-DB4436</styleUrl>
        <ExtendedData>
          <Data name="description">
            <value>Студия лазерной эпиляции https://dikidi.net/1552726  Не сеть</value>
          </Data>
          <Data name="Категория">
            <value>Красота</value>
          </Data>
          <Data name="Каталог">
            <value>https://srb.guide/map/beograd-lazurit-studio-0d5793dc96d4</value>
          </Data>
          <Data name="Гугл ссылка">
            <value><![CDATA[https://www.google.com/maps/search/?api=1&amp;query=44.80462,20.411343&amp;query_place_id=ChIJ5WiO_DhvWkcRxoagLC1xLjg]]></value>
          </Data>
          <Data name="Рейтинг">
            <value>5.0</value>
          </Data>
        </ExtendedData>
        <Point>
          <coordinates>
            20.411343,44.80462,0
          </coordinates>
        </Point>
      </Placemark>
      <Placemark>
        <name>beograd · Lem Beautybar</name>
        <description><![CDATA[description: Не сеть<br>Категория: Красота<br>Каталог: https://srb.guide/map/beograd-lem-beautybar-25b0c8a03555<br>Гугл ссылка: https://www.google.com/maps/search/?api=1&amp;query=44.805674,20.409651&amp;query_place_id=ChIJj-wmQuZvWkcRxwCD85HjOT0<br>Рейтинг: 4.8]]></description>
        <styleUrl>#icon-1899-DB4436</styleUrl>
        <ExtendedData>
          <Data name="description">
            <value>Не сеть</value>
          </Data>
          <Data name="Категория">
            <value>Красота</value>
          </Data>
          <Data name="Каталог">
            <value>https://srb.guide/map/beograd-lem-beautybar-25b0c8a03555</value>
          </Data>
          <Data name="Гугл ссылка">
            <value><![CDATA[https://www.google.com/maps/search/?api=1&amp;query=44.805674,20.409651&amp;query_place_id=ChIJj-wmQuZvWkcRxwCD85HjOT0]]></value>
          </Data>
          <Data name="Рейтинг">
            <value>4.8</value>
          </Data>
        </ExtendedData>
        <Point>
          <coordinates>
            20.409651,44.805674,0
          </coordinates>
        </Point>
      </Placemark>
      <Placemark>
        <name>beograd · Levina Tattoo</name>
        <description><![CDATA[description: тел +381616326977<br>instagram.com/levina_tattoo<br>телеграм @levinatattoo<br><br>Не сеть<br>Категория: Красота<br>Каталог: https://srb.guide/map/beograd-levina-tattoo-811e44790538<br>Гугл ссылка: https://www.google.com/maps/search/?api=1&amp;query=44.817542,20.470351&amp;query_place_id=ChIJ2YS0-sJxWkcR-KLEppvrUhI<br>Рейтинг: 4.9]]></description>
        <styleUrl>#icon-1899-DB4436</styleUrl>
        <ExtendedData>
          <Data name="description">
            <value>тел +381616326977
instagram.com/levina_tattoo
телеграм @levinatattoo

Не сеть</value>
          </Data>
          <Data name="Категория">
            <value>Красота</value>
          </Data>
          <Data name="Каталог">
            <value>https://srb.guide/map/beograd-levina-tattoo-811e44790538</value>
          </Data>
          <Data name="Гугл ссылка">
            <value><![CDATA[https://www.google.com/maps/search/?api=1&amp;query=44.817542,20.470351&amp;query_place_id=ChIJ2YS0-sJxWkcR-KLEppvrUhI]]></value>
          </Data>
          <Data name="Рейтинг">
            <value>4.9</value>
          </Data>
        </ExtendedData>
        <Point>
          <coordinates>
            20.470351,44.817542,0
          </coordinates>
        </Point>
      </Placemark>
      <Placemark>
        <name>beograd · Loft5 Beograd</name>
        <description><![CDATA[description: парикмахерская<br><br>Не сеть<br>Категория: Красота<br>Каталог: https://srb.guide/map/beograd-loft5-beograd-3e793bab2833<br>Гугл ссылка: https://www.google.com/maps/search/?api=1&amp;query=44.828423,20.453189&amp;query_place_id=ChIJZQmlM3xlWkcRr68VM7hoZq4<br>Рейтинг: 4.8]]></description>
        <styleUrl>#icon-1899-DB4436</styleUrl>
        <ExtendedData>
          <Data name="description">
            <value>парикмахерская

Не сеть</value>
          </Data>
          <Data name="Категория">
            <value>Красота</value>
          </Data>
          <Data name="Каталог">
            <value>https://srb.guide/map/beograd-loft5-beograd-3e793bab2833</value>
          </Data>
          <Data name="Гугл ссылка">
            <value><![CDATA[https://www.google.com/maps/search/?api=1&amp;query=44.828423,20.453189&amp;query_place_id=ChIJZQmlM3xlWkcRr68VM7hoZq4]]></value>
          </Data>
          <Data name="Рейтинг">
            <value>4.8</value>
          </Data>
        </ExtendedData>
        <Point>
          <coordinates>
            20.453189,44.828423,0
          </coordinates>
        </Point>
      </Placemark>
      <Placemark>
        <name>beograd · MESTO Barbershop</name>
        <description><![CDATA[description: Не сеть<br>Категория: Красота<br>Каталог: https://srb.guide/map/beograd-mesto-barbershop-bcc0f95ef996<br>Гугл ссылка: https://www.google.com/maps/search/?api=1&amp;query=44.796422,20.477488&amp;query_place_id=ChIJpcsVGR1xWkcRSEhrJ1_yrAE<br>Рейтинг: ]]></description>
        <styleUrl>#icon-1899-DB4436</styleUrl>
        <ExtendedData>
          <Data name="description">
            <value>Не сеть</value>
          </Data>
          <Data name="Категория">
            <value>Красота</value>
          </Data>
          <Data name="Каталог">
            <value>https://srb.guide/map/beograd-mesto-barbershop-bcc0f95ef996</value>
          </Data>
          <Data name="Гугл ссылка">
            <value><![CDATA[https://www.google.com/maps/search/?api=1&amp;query=44.796422,20.477488&amp;query_place_id=ChIJpcsVGR1xWkcRSEhrJ1_yrAE]]></value>
          </Data>
          <Data name="Рейтинг">
            <value/>
          </Data>
        </ExtendedData>
        <Point>
          <coordinates>
            20.477488,44.796422,0
          </coordinates>
        </Point>
      </Placemark>
      <Placemark>
        <name>beograd · Mimi Club</name>
        <description><![CDATA[description: Не сеть<br>Категория: Красота<br>Каталог: https://srb.guide/map/beograd-mimi-club-b60056d37ff5<br>Гугл ссылка: https://www.google.com/maps/search/?api=1&amp;query=44.822604,20.41867&amp;query_place_id=ChIJlZ0g-f5lWkcRsgeTgCdfEhc<br>Рейтинг: 4.9]]></description>
        <styleUrl>#icon-1899-DB4436</styleUrl>
        <ExtendedData>
          <Data name="description">
            <value>Не сеть</value>
          </Data>
          <Data name="Категория">
            <value>Красота</value>
          </Data>
          <Data name="Каталог">
            <value>https://srb.guide/map/beograd-mimi-club-b60056d37ff5</value>
          </Data>
          <Data name="Гугл ссылка">
            <value><![CDATA[https://www.google.com/maps/search/?api=1&amp;query=44.822604,20.41867&amp;query_place_id=ChIJlZ0g-f5lWkcRsgeTgCdfEhc]]></value>
          </Data>
          <Data name="Рейтинг">
            <value>4.9</value>
          </Data>
        </ExtendedData>
        <Point>
          <coordinates>
            20.41867,44.822604,0
          </coordinates>
        </Point>
      </Placemark>
      <Placemark>
        <name>beograd · OldBoy Barbershop</name>
        <description><![CDATA[description: Сеть: OldBoy Barbershop<br>Категория: Красота<br>Каталог: https://srb.guide/map/beograd-oldboy-barbershop-7172d437cc32<br>Гугл ссылка: https://www.google.com/maps/search/?api=1&amp;query=44.818965,20.477034&amp;query_place_id=ChIJwUJyfP17WkcR_iViZSip_6w<br>Рейтинг: 4.9]]></description>
        <styleUrl>#icon-1899-DB4436</styleUrl>
        <ExtendedData>
          <Data name="description">
            <value>Сеть: OldBoy Barbershop</value>
          </Data>
          <Data name="Категория">
            <value>Красота</value>
          </Data>
          <Data name="Каталог">
            <value>https://srb.guide/map/beograd-oldboy-barbershop-7172d437cc32</value>
          </Data>
          <Data name="Гугл ссылка">
            <value><![CDATA[https://www.google.com/maps/search/?api=1&amp;query=44.818965,20.477034&amp;query_place_id=ChIJwUJyfP17WkcR_iViZSip_6w]]></value>
          </Data>
          <Data name="Рейтинг">
            <value>4.9</value>
          </Data>
        </ExtendedData>
        <Point>
          <coordinates>
            20.477034,44.818965,0
          </coordinates>
        </Point>
      </Placemark>
      <Placemark>
        <name>beograd · OldBoy Barbershop</name>
        <description><![CDATA[description: Сеть: OldBoy Barbershop<br>Категория: Красота<br>Каталог: https://srb.guide/map/beograd-oldboy-barbershop-7119cc262781<br>Гугл ссылка: https://www.google.com/maps/search/?api=1&amp;query=44.822077,20.45651&amp;query_place_id=ChIJIWvTAEtlWkcRfobN1HZY6Xk<br>Рейтинг: 4.7]]></description>
        <styleUrl>#icon-1899-DB4436</styleUrl>
        <ExtendedData>
          <Data name="description">
            <value>Сеть: OldBoy Barbershop</value>
          </Data>
          <Data name="Категория">
            <value>Красота</value>
          </Data>
          <Data name="Каталог">
            <value>https://srb.guide/map/beograd-oldboy-barbershop-7119cc262781</value>
          </Data>
          <Data name="Гугл ссылка">
            <value><![CDATA[https://www.google.com/maps/search/?api=1&amp;query=44.822077,20.45651&amp;query_place_id=ChIJIWvTAEtlWkcRfobN1HZY6Xk]]></value>
          </Data>
          <Data name="Рейтинг">
            <value>4.7</value>
          </Data>
        </ExtendedData>
        <Point>
          <coordinates>
            20.45651,44.822077,0
          </coordinates>
        </Point>
      </Placemark>
      <Placemark>
        <name>beograd · Petra beauty</name>
        <description><![CDATA[description: Не сеть<br>Категория: Красота<br>Каталог: https://srb.guide/map/beograd-petra-beauty-80506a7834fa<br>Гугл ссылка: https://www.google.com/maps/search/?api=1&amp;query=44.817762,20.472502&amp;query_place_id=ChIJk4t3Tf57WkcRxr3YXci6bRE<br>Рейтинг: 4.9]]></description>
        <styleUrl>#icon-1899-DB4436</styleUrl>
        <ExtendedData>
          <Data name="description">
            <value>Не сеть</value>
          </Data>
          <Data name="Категория">
            <value>Красота</value>
          </Data>
          <Data name="Каталог">
            <value>https://srb.guide/map/beograd-petra-beauty-80506a7834fa</value>
          </Data>
          <Data name="Гугл ссылка">
            <value><![CDATA[https://www.google.com/maps/search/?api=1&amp;query=44.817762,20.472502&amp;query_place_id=ChIJk4t3Tf57WkcRxr3YXci6bRE]]></value>
          </Data>
          <Data name="Рейтинг">
            <value>4.9</value>
          </Data>
        </ExtendedData>
        <Point>
          <coordinates>
            20.472502,44.817762,0
          </coordinates>
        </Point>
      </Placemark>
      <Placemark>
        <name>beograd · PurPur - yoga studio</name>
        <description><![CDATA[description: Йога студия<br><br>Не сеть<br>Категория: Красота<br>Каталог: https://srb.guide/map/beograd-purpur-yoga-studio-350d205beed8<br>Гугл ссылка: https://www.google.com/maps/search/?api=1&amp;query=44.799707,20.487774&amp;query_place_id=ChIJEdMqX017WkcRr8hbg-w9xwM<br>Рейтинг: 5.0]]></description>
        <styleUrl>#icon-1899-DB4436</styleUrl>
        <ExtendedData>
          <Data name="description">
            <value>Йога студия

Не сеть</value>
          </Data>
          <Data name="Категория">
            <value>Красота</value>
          </Data>
          <Data name="Каталог">
            <value>https://srb.guide/map/beograd-purpur-yoga-studio-350d205beed8</value>
          </Data>
          <Data name="Гугл ссылка">
            <value><![CDATA[https://www.google.com/maps/search/?api=1&amp;query=44.799707,20.487774&amp;query_place_id=ChIJEdMqX017WkcRr8hbg-w9xwM]]></value>
          </Data>
          <Data name="Рейтинг">
            <value>5.0</value>
          </Data>
        </ExtendedData>
        <Point>
          <coordinates>
            20.487774,44.799707,0
          </coordinates>
        </Point>
      </Placemark>
      <Placemark>
        <name>beograd · Raskolnikov Beauty Studio</name>
        <description><![CDATA[description: Салон красоты<br><br>Не сеть<br>Категория: Красота<br>Каталог: https://srb.guide/map/beograd-raskolnikov-beauty-studio-96c10846d90e<br>Гугл ссылка: https://www.google.com/maps/search/?api=1&amp;query=44.823736,20.457893&amp;query_place_id=ChIJGQJ72rplWkcRAZFMgLectj4<br>Рейтинг: 4.9]]></description>
        <styleUrl>#icon-1899-DB4436</styleUrl>
        <ExtendedData>
          <Data name="description">
            <value>Салон красоты

Не сеть</value>
          </Data>
          <Data name="Категория">
            <value>Красота</value>
          </Data>
          <Data name="Каталог">
            <value>https://srb.guide/map/beograd-raskolnikov-beauty-studio-96c10846d90e</value>
          </Data>
          <Data name="Гугл ссылка">
            <value><![CDATA[https://www.google.com/maps/search/?api=1&amp;query=44.823736,20.457893&amp;query_place_id=ChIJGQJ72rplWkcRAZFMgLectj4]]></value>
          </Data>
          <Data name="Рейтинг">
            <value>4.9</value>
          </Data>
        </ExtendedData>
        <Point>
          <coordinates>
            20.457893,44.823736,0
          </coordinates>
        </Point>
      </Placemark>
      <Placemark>
        <name>beograd · Salon Story 6</name>
        <description><![CDATA[description: Маникюрный салон<br><br>Не сеть<br>Категория: Красота<br>Каталог: https://srb.guide/map/beograd-salon-story-6-7176c9757f45<br>Гугл ссылка: https://www.google.com/maps/search/?api=1&amp;query=44.803323,20.478494&amp;query_place_id=ChIJSX882LZ7WkcRoyxrmzs4dn4<br>Рейтинг: 5.0]]></description>
        <styleUrl>#icon-1899-DB4436</styleUrl>
        <ExtendedData>
          <Data name="description">
            <value>Маникюрный салон

Не сеть</value>
          </Data>
          <Data name="Категория">
            <value>Красота</value>
          </Data>
          <Data name="Каталог">
            <value>https://srb.guide/map/beograd-salon-story-6-7176c9757f45</value>
          </Data>
          <Data name="Гугл ссылка">
            <value><![CDATA[https://www.google.com/maps/search/?api=1&amp;query=44.803323,20.478494&amp;query_place_id=ChIJSX882LZ7WkcRoyxrmzs4dn4]]></value>
          </Data>
          <Data name="Рейтинг">
            <value>5.0</value>
          </Data>
        </ExtendedData>
        <Point>
          <coordinates>
            20.478494,44.803323,0
          </coordinates>
        </Point>
      </Placemark>
      <Placemark>
        <name>beograd · Smart Wellness Banya</name>
        <description><![CDATA[description: Баня<br><br>Не сеть<br>Категория: Красота<br>Каталог: https://srb.guide/map/beograd-smart-wellness-banya-d70869bb5bee<br>Гугл ссылка: https://www.google.com/maps/search/?api=1&amp;query=44.644225,20.50991&amp;query_place_id=ChIJFQ2oJ951WkcRJb2YF0zUNjg<br>Рейтинг: ]]></description>
        <styleUrl>#icon-1899-DB4436</styleUrl>
        <ExtendedData>
          <Data name="description">
            <value>Баня

Не сеть</value>
          </Data>
          <Data name="Категория">
            <value>Красота</value>
          </Data>
          <Data name="Каталог">
            <value>https://srb.guide/map/beograd-smart-wellness-banya-d70869bb5bee</value>
          </Data>
          <Data name="Гугл ссылка">
            <value><![CDATA[https://www.google.com/maps/search/?api=1&amp;query=44.644225,20.50991&amp;query_place_id=ChIJFQ2oJ951WkcRJb2YF0zUNjg]]></value>
          </Data>
          <Data name="Рейтинг">
            <value/>
          </Data>
        </ExtendedData>
        <Point>
          <coordinates>
            20.50991,44.644225,0
          </coordinates>
        </Point>
      </Placemark>
      <Placemark>
        <name>beograd · THE GOD OF BEAUTY</name>
        <description><![CDATA[description: (салон красоты)<br><br>Не сеть<br>Категория: Красота<br>Каталог: https://srb.guide/map/beograd-the-god-of-beauty-fa7fc32ac8d6<br>Гугл ссылка: https://www.google.com/maps/search/?api=1&amp;query=44.796047,20.490643&amp;query_place_id=ChIJO8SK0X5wWkcRCTlttwnjjEE<br>Рейтинг: ]]></description>
        <styleUrl>#icon-1899-DB4436</styleUrl>
        <ExtendedData>
          <Data name="description">
            <value>(салон красоты)

Не сеть</value>
          </Data>
          <Data name="Категория">
            <value>Красота</value>
          </Data>
          <Data name="Каталог">
            <value>https://srb.guide/map/beograd-the-god-of-beauty-fa7fc32ac8d6</value>
          </Data>
          <Data name="Гугл ссылка">
            <value><![CDATA[https://www.google.com/maps/search/?api=1&amp;query=44.796047,20.490643&amp;query_place_id=ChIJO8SK0X5wWkcRCTlttwnjjEE]]></value>
          </Data>
          <Data name="Рейтинг">
            <value/>
          </Data>
        </ExtendedData>
        <Point>
          <coordinates>
            20.490643,44.796047,0
          </coordinates>
        </Point>
      </Placemark>
      <Placemark>
        <name>beograd · TT Cuts</name>
        <description><![CDATA[description: Не сеть<br>Категория: Красота<br>Каталог: https://srb.guide/map/beograd-tt-cuts-5c21f6e39609<br>Гугл ссылка: https://www.google.com/maps/search/?api=1&amp;query=44.817126,20.459428&amp;query_place_id=ChIJRdFkskR7WkcRJmNDfsNrFKU<br>Рейтинг: 4.8]]></description>
        <styleUrl>#icon-1899-DB4436</styleUrl>
        <ExtendedData>
          <Data name="description">
            <value>Не сеть</value>
          </Data>
          <Data name="Категория">
            <value>Красота</value>
          </Data>
          <Data name="Каталог">
            <value>https://srb.guide/map/beograd-tt-cuts-5c21f6e39609</value>
          </Data>
          <Data name="Гугл ссылка">
            <value><![CDATA[https://www.google.com/maps/search/?api=1&amp;query=44.817126,20.459428&amp;query_place_id=ChIJRdFkskR7WkcRJmNDfsNrFKU]]></value>
          </Data>
          <Data name="Рейтинг">
            <value>4.8</value>
          </Data>
        </ExtendedData>
        <Point>
          <coordinates>
            20.459428,44.817126,0
          </coordinates>
        </Point>
      </Placemark>
      <Placemark>
        <name>beograd · AM Service - Душановац</name>
        <description><![CDATA[description: Автосервис<br><br>ТЕЛ. +381611660187 Василий<br>(What's app, Viber,<br>Telegram @amservice_bg )<br><br>Не сеть<br>Категория: Авто<br>Каталог: https://srb.guide/map/beograd-am-service-душановац-e4900d6f84f0<br>Гугл ссылка: https://www.google.com/maps/search/?api=1&amp;query=44.782578,20.480061&amp;query_place_id=ChIJs7ToU71xWkcRUaOR_o8xS2I<br>Рейтинг: ]]></description>
        <styleUrl>#icon-1899-DB4436</styleUrl>
        <ExtendedData>
          <Data name="description">
            <value><![CDATA[Автосервис

ТЕЛ. +381611660187 Василий
(What's app, Viber,
Telegram @amservice_bg )

Не сеть]]></value>
          </Data>
          <Data name="Категория">
            <value>Авто</value>
          </Data>
          <Data name="Каталог">
            <value>https://srb.guide/map/beograd-am-service-душановац-e4900d6f84f0</value>
          </Data>
          <Data name="Гугл ссылка">
            <value><![CDATA[https://www.google.com/maps/search/?api=1&amp;query=44.782578,20.480061&amp;query_place_id=ChIJs7ToU71xWkcRUaOR_o8xS2I]]></value>
          </Data>
          <Data name="Рейтинг">
            <value/>
          </Data>
        </ExtendedData>
        <Point>
          <coordinates>
            20.480061,44.782578,0
          </coordinates>
        </Point>
      </Placemark>
      <Placemark>
        <name>beograd · LOUD.SHOP - Auto Muzika by Loud.Serbia</name>
        <description><![CDATA[description: магазин с автозвуком http://loudshop.rs/  Не сеть<br>Категория: Авто<br>Каталог: https://srb.guide/map/beograd-loud-shop-auto-muzika-by-loud-serbia-047297c769c2<br>Гугл ссылка: https://www.google.com/maps/search/?api=1&amp;query=44.856939,20.481559&amp;query_place_id=ChIJ31sGCu1lWkcRRhq9jLAYvhQ<br>Рейтинг: 5.0]]></description>
        <styleUrl>#icon-1899-DB4436</styleUrl>
        <ExtendedData>
          <Data name="description">
            <value>магазин с автозвуком http://loudshop.rs/  Не сеть</value>
          </Data>
          <Data name="Категория">
            <value>Авто</value>
          </Data>
          <Data name="Каталог">
            <value>https://srb.guide/map/beograd-loud-shop-auto-muzika-by-loud-serbia-047297c769c2</value>
          </Data>
          <Data name="Гугл ссылка">
            <value><![CDATA[https://www.google.com/maps/search/?api=1&amp;query=44.856939,20.481559&amp;query_place_id=ChIJ31sGCu1lWkcRRhq9jLAYvhQ]]></value>
          </Data>
          <Data name="Рейтинг">
            <value>5.0</value>
          </Data>
        </ExtendedData>
        <Point>
          <coordinates>
            20.481559,44.856939,0
          </coordinates>
        </Point>
      </Placemark>
      <Placemark>
        <name>beograd · Axioma</name>
        <description><![CDATA[description: Магазин одежды<br><br>Не сеть<br>Категория: Одежда<br>Каталог: https://srb.guide/map/beograd-axioma-753fc51e709c<br>Гугл ссылка: https://www.google.com/maps/search/?api=1&amp;query=44.815522,20.463532&amp;query_place_id=ChIJHeTyd217WkcRBjDu0jQygxo<br>Рейтинг: 5.0]]></description>
        <styleUrl>#icon-1899-DB4436</styleUrl>
        <ExtendedData>
          <Data name="description">
            <value>Магазин одежды

Не сеть</value>
          </Data>
          <Data name="Категория">
            <value>Одежда</value>
          </Data>
          <Data name="Каталог">
            <value>https://srb.guide/map/beograd-axioma-753fc51e709c</value>
          </Data>
          <Data name="Гугл ссылка">
            <value><![CDATA[https://www.google.com/maps/search/?api=1&amp;query=44.815522,20.463532&amp;query_place_id=ChIJHeTyd217WkcRBjDu0jQygxo]]></value>
          </Data>
          <Data name="Рейтинг">
            <value>5.0</value>
          </Data>
        </ExtendedData>
        <Point>
          <coordinates>
            20.463532,44.815522,0
          </coordinates>
        </Point>
      </Placemark>
      <Placemark>
        <name>beograd · HUMTTO obuća</name>
        <description><![CDATA[description: магазин трекинговой обуви<br><br>Не сеть<br>Категория: Одежда<br>Каталог: https://srb.guide/map/beograd-humtto-obuća-46d4882ec074<br>Гугл ссылка: https://www.google.com/maps/search/?api=1&amp;query=44.817875,20.454534&amp;query_place_id=ChIJ_2-ag41lWkcRU44pAa3eprE<br>Рейтинг: 4.9]]></description>
        <styleUrl>#icon-1899-DB4436</styleUrl>
        <ExtendedData>
          <Data name="description">
            <value>магазин трекинговой обуви

Не сеть</value>
          </Data>
          <Data name="Категория">
            <value>Одежда</value>
          </Data>
          <Data name="Каталог">
            <value>https://srb.guide/map/beograd-humtto-obuća-46d4882ec074</value>
          </Data>
          <Data name="Гугл ссылка">
            <value><![CDATA[https://www.google.com/maps/search/?api=1&amp;query=44.817875,20.454534&amp;query_place_id=ChIJ_2-ag41lWkcRU44pAa3eprE]]></value>
          </Data>
          <Data name="Рейтинг">
            <value>4.9</value>
          </Data>
        </ExtendedData>
        <Point>
          <coordinates>
            20.454534,44.817875,0
          </coordinates>
        </Point>
      </Placemark>
      <Placemark>
        <name>beograd · Krojački atelje MALCEVA</name>
        <description><![CDATA[description: ателье по пошиву одежды<br><br>Не сеть<br>Категория: Одежда<br>Каталог: https://srb.guide/map/beograd-krojački-atelje-malceva-31c4edf8dca0<br>Гугл ссылка: https://www.google.com/maps/search/?api=1&amp;query=44.809199,20.479614&amp;query_place_id=ChIJ72ZWWbtxWkcR-26pMKzLgE4<br>Рейтинг: 5.0]]></description>
        <styleUrl>#icon-1899-DB4436</styleUrl>
        <ExtendedData>
          <Data name="description">
            <value>ателье по пошиву одежды

Не сеть</value>
          </Data>
          <Data name="Категория">
            <value>Одежда</value>
          </Data>
          <Data name="Каталог">
            <value>https://srb.guide/map/beograd-krojački-atelje-malceva-31c4edf8dca0</value>
          </Data>
          <Data name="Гугл ссылка">
            <value><![CDATA[https://www.google.com/maps/search/?api=1&amp;query=44.809199,20.479614&amp;query_place_id=ChIJ72ZWWbtxWkcR-26pMKzLgE4]]></value>
          </Data>
          <Data name="Рейтинг">
            <value>5.0</value>
          </Data>
        </ExtendedData>
        <Point>
          <coordinates>
            20.479614,44.809199,0
          </coordinates>
        </Point>
      </Placemark>
      <Placemark>
        <name>beograd · POLJA I VETAR</name>
        <description><![CDATA[description: Магазин винтажной одежды<br><br>Не сеть<br>Категория: Одежда<br>Каталог: https://srb.guide/map/beograd-polja-i-vetar-05d8a3b1b853<br>Гугл ссылка: https://www.google.com/maps/search/?api=1&amp;query=44.801827,20.474099&amp;query_place_id=ChIJo7byvOpxWkcRdz-fBybdhro<br>Рейтинг: ]]></description>
        <styleUrl>#icon-1899-DB4436</styleUrl>
        <ExtendedData>
          <Data name="description">
            <value>Магазин винтажной одежды

Не сеть</value>
          </Data>
          <Data name="Категория">
            <value>Одежда</value>
          </Data>
          <Data name="Каталог">
            <value>https://srb.guide/map/beograd-polja-i-vetar-05d8a3b1b853</value>
          </Data>
          <Data name="Гугл ссылка">
            <value><![CDATA[https://www.google.com/maps/search/?api=1&amp;query=44.801827,20.474099&amp;query_place_id=ChIJo7byvOpxWkcRdz-fBybdhro]]></value>
          </Data>
          <Data name="Рейтинг">
            <value/>
          </Data>
        </ExtendedData>
        <Point>
          <coordinates>
            20.474099,44.801827,0
          </coordinates>
        </Point>
      </Placemark>
      <Placemark>
        <name><![CDATA[beograd · ReBoots Clean & Care]]></name>
        <description><![CDATA[description: чистка обуви<br><br>Не сеть<br>Категория: Одежда<br>Каталог: https://srb.guide/map/beograd-reboots-clean-care-2bf1ddfac4ae<br>Гугл ссылка: https://www.google.com/maps/search/?api=1&amp;query=44.802069,20.451457&amp;query_place_id=ChIJexKiGZtxWkcRLAOO43W5F-A<br>Рейтинг: ]]></description>
        <styleUrl>#icon-1899-DB4436</styleUrl>
        <ExtendedData>
          <Data name="description">
            <value>чистка обуви

Не сеть</value>
          </Data>
          <Data name="Категория">
            <value>Одежда</value>
          </Data>
          <Data name="Каталог">
            <value>https://srb.guide/map/beograd-reboots-clean-care-2bf1ddfac4ae</value>
          </Data>
          <Data name="Гугл ссылка">
            <value><![CDATA[https://www.google.com/maps/search/?api=1&amp;query=44.802069,20.451457&amp;query_place_id=ChIJexKiGZtxWkcRLAOO43W5F-A]]></value>
          </Data>
          <Data name="Рейтинг">
            <value/>
          </Data>
        </ExtendedData>
        <Point>
          <coordinates>
            20.451457,44.802069,0
          </coordinates>
        </Point>
      </Placemark>
      <Placemark>
        <name>beograd · Bhoga Yoga</name>
        <description><![CDATA[description: Yoga<br><br>Не сеть<br>Категория: Курсы и образование<br>Каталог: https://srb.guide/map/beograd-bhoga-yoga-7f1f28b7ec9a<br>Гугл ссылка: https://www.google.com/maps/search/?api=1&amp;query=44.7941,20.470066&amp;query_place_id=ChIJ2bfm-OBxWkcRkL372QWtUDg<br>Рейтинг: 4.8]]></description>
        <styleUrl>#icon-1899-DB4436</styleUrl>
        <ExtendedData>
          <Data name="description">
            <value>Yoga

Не сеть</value>
          </Data>
          <Data name="Категория">
            <value>Курсы и образование</value>
          </Data>
          <Data name="Каталог">
            <value>https://srb.guide/map/beograd-bhoga-yoga-7f1f28b7ec9a</value>
          </Data>
          <Data name="Гугл ссылка">
            <value><![CDATA[https://www.google.com/maps/search/?api=1&amp;query=44.7941,20.470066&amp;query_place_id=ChIJ2bfm-OBxWkcRkL372QWtUDg]]></value>
          </Data>
          <Data name="Рейтинг">
            <value>4.8</value>
          </Data>
        </ExtendedData>
        <Point>
          <coordinates>
            20.470066,44.7941,0
          </coordinates>
        </Point>
      </Placemark>
      <Placemark>
        <name>beograd · Che Design School Belgrade</name>
        <description><![CDATA[description: Школа Дизайна и Архитектуры<br><br>Не сеть<br>Категория: Курсы и образование<br>Каталог: https://srb.guide/map/beograd-che-design-school-belgrade-27ae45e16738<br>Гугл ссылка: https://www.google.com/maps/search/?api=1&amp;query=44.808748,20.46356&amp;query_place_id=ChIJqxzEQ8F7WkcRAe9LDgMxFP8<br>Рейтинг: ]]></description>
        <styleUrl>#icon-1899-DB4436</styleUrl>
        <ExtendedData>
          <Data name="description">
            <value>Школа Дизайна и Архитектуры

Не сеть</value>
          </Data>
          <Data name="Категория">
            <value>Курсы и образование</value>
          </Data>
          <Data name="Каталог">
            <value>https://srb.guide/map/beograd-che-design-school-belgrade-27ae45e16738</value>
          </Data>
          <Data name="Гугл ссылка">
            <value><![CDATA[https://www.google.com/maps/search/?api=1&amp;query=44.808748,20.46356&amp;query_place_id=ChIJqxzEQ8F7WkcRAe9LDgMxFP8]]></value>
          </Data>
          <Data name="Рейтинг">
            <value/>
          </Data>
        </ExtendedData>
        <Point>
          <coordinates>
            20.46356,44.808748,0
          </coordinates>
        </Point>
      </Placemark>
      <Placemark>
        <name>beograd · O.Studio</name>
        <description><![CDATA[description: Творческое пространство для детей и взрослых: организация и проведение детских и взрослых дней рождений, корпоративные мастер классы, регулярные творческие занятия для детей 5-13 лет и взрослых.<br><br>Не сеть<br>Категория: Курсы и образование<br>Каталог: https://srb.guide/map/beograd-o-studio-df3297f380a1<br>Гугл ссылка: https://www.google.com/maps/search/?api=1&amp;query=44.847109,20.397147&amp;query_place_id=ChIJg4PuegBlWkcRE1HGV-SLIFQ<br>Рейтинг: ]]></description>
        <styleUrl>#icon-1899-DB4436</styleUrl>
        <ExtendedData>
          <Data name="description">
            <value>Творческое пространство для детей и взрослых: организация и проведение детских и взрослых дней рождений, корпоративные мастер классы, регулярные творческие занятия для детей 5-13 лет и взрослых.

Не сеть</value>
          </Data>
          <Data name="Категория">
            <value>Курсы и образование</value>
          </Data>
          <Data name="Каталог">
            <value>https://srb.guide/map/beograd-o-studio-df3297f380a1</value>
          </Data>
          <Data name="Гугл ссылка">
            <value><![CDATA[https://www.google.com/maps/search/?api=1&amp;query=44.847109,20.397147&amp;query_place_id=ChIJg4PuegBlWkcRE1HGV-SLIFQ]]></value>
          </Data>
          <Data name="Рейтинг">
            <value/>
          </Data>
        </ExtendedData>
        <Point>
          <coordinates>
            20.397147,44.847109,0
          </coordinates>
        </Point>
      </Placemark>
      <Placemark>
        <name>beograd · Ruski centar za nauku i kulturu</name>
        <description><![CDATA[description: Не сеть<br>Категория: Курсы и образование<br>Каталог: https://srb.guide/map/beograd-ruski-centar-za-nauku-i-kulturu-8a18be800b8a<br>Гугл ссылка: https://www.google.com/maps/search/?api=1&amp;query=44.809597,20.460851&amp;query_place_id=ChIJ_zZX1a56WkcRzeT0PiPP-E8<br>Рейтинг: ]]></description>
        <styleUrl>#icon-1899-DB4436</styleUrl>
        <ExtendedData>
          <Data name="description">
            <value>Не сеть</value>
          </Data>
          <Data name="Категория">
            <value>Курсы и образование</value>
          </Data>
          <Data name="Каталог">
            <value>https://srb.guide/map/beograd-ruski-centar-za-nauku-i-kulturu-8a18be800b8a</value>
          </Data>
          <Data name="Гугл ссылка">
            <value><![CDATA[https://www.google.com/maps/search/?api=1&amp;query=44.809597,20.460851&amp;query_place_id=ChIJ_zZX1a56WkcRzeT0PiPP-E8]]></value>
          </Data>
          <Data name="Рейтинг">
            <value/>
          </Data>
        </ExtendedData>
        <Point>
          <coordinates>
            20.460851,44.809597,0
          </coordinates>
        </Point>
      </Placemark>
      <Placemark>
        <name><![CDATA[beograd · Solo - ballet & stretching]]></name>
        <description><![CDATA[description: Не сеть<br>Категория: Курсы и образование<br>Каталог: https://srb.guide/map/beograd-solo-ballet-stretching-9622d6c79c35<br>Гугл ссылка: https://www.google.com/maps/search/?api=1&amp;query=44.805106,20.47242&amp;query_place_id=ChIJg1OfBCN7WkcRfsLmEr3GuP8<br>Рейтинг: 4.6]]></description>
        <styleUrl>#icon-1899-DB4436</styleUrl>
        <ExtendedData>
          <Data name="description">
            <value>Не сеть</value>
          </Data>
          <Data name="Категория">
            <value>Курсы и образование</value>
          </Data>
          <Data name="Каталог">
            <value>https://srb.guide/map/beograd-solo-ballet-stretching-9622d6c79c35</value>
          </Data>
          <Data name="Гугл ссылка">
            <value><![CDATA[https://www.google.com/maps/search/?api=1&amp;query=44.805106,20.47242&amp;query_place_id=ChIJg1OfBCN7WkcRfsLmEr3GuP8]]></value>
          </Data>
          <Data name="Рейтинг">
            <value>4.6</value>
          </Data>
        </ExtendedData>
        <Point>
          <coordinates>
            20.47242,44.805106,0
          </coordinates>
        </Point>
      </Placemark>
      <Placemark>
        <name>beograd · Наше Место</name>
        <description><![CDATA[description: Предоставляют услуги для детей, подростков и взрослых в сфере дополнительного образования, а также проводят досуговые мероприятия от настольных игр до тематических вечеринок<br><br>Не сеть<br>Категория: Курсы и образование<br>Каталог: https://srb.guide/map/beograd-наше-место-1f4c878f58c2<br>Гугл ссылка: https://www.google.com/maps/search/?api=1&amp;query=44.823289,20.420773&amp;query_place_id=ChIJ3zhhqcplWkcROO8tytZOOmw<br>Рейтинг: 5.0]]></description>
        <styleUrl>#icon-1899-DB4436</styleUrl>
        <ExtendedData>
          <Data name="description">
            <value>Предоставляют услуги для детей, подростков и взрослых в сфере дополнительного образования, а также проводят досуговые мероприятия от настольных игр до тематических вечеринок

Не сеть</value>
          </Data>
          <Data name="Категория">
            <value>Курсы и образование</value>
          </Data>
          <Data name="Каталог">
            <value>https://srb.guide/map/beograd-наше-место-1f4c878f58c2</value>
          </Data>
          <Data name="Гугл ссылка">
            <value><![CDATA[https://www.google.com/maps/search/?api=1&amp;query=44.823289,20.420773&amp;query_place_id=ChIJ3zhhqcplWkcROO8tytZOOmw]]></value>
          </Data>
          <Data name="Рейтинг">
            <value>5.0</value>
          </Data>
        </ExtendedData>
        <Point>
          <coordinates>
            20.420773,44.823289,0
          </coordinates>
        </Point>
      </Placemark>
      <Placemark>
        <name>beograd · Путь художника Пут Уметника</name>
        <description><![CDATA[description: Не сеть<br>Категория: Курсы и образование<br>Каталог: https://srb.guide/map/beograd-путь-художника-пут-уметника-0328304f545c<br>Гугл ссылка: https://www.google.com/maps/search/?api=1&amp;query=44.816698,20.413411&amp;query_place_id=ChIJG2SNiA5lWkcRX5516IokWR4<br>Рейтинг: 5.0]]></description>
        <styleUrl>#icon-1899-DB4436</styleUrl>
        <ExtendedData>
          <Data name="description">
            <value>Не сеть</value>
          </Data>
          <Data name="Категория">
            <value>Курсы и образование</value>
          </Data>
          <Data name="Каталог">
            <value>https://srb.guide/map/beograd-путь-художника-пут-уметника-0328304f545c</value>
          </Data>
          <Data name="Гугл ссылка">
            <value><![CDATA[https://www.google.com/maps/search/?api=1&amp;query=44.816698,20.413411&amp;query_place_id=ChIJG2SNiA5lWkcRX5516IokWR4]]></value>
          </Data>
          <Data name="Рейтинг">
            <value>5.0</value>
          </Data>
        </ExtendedData>
        <Point>
          <coordinates>
            20.413411,44.816698,0
          </coordinates>
        </Point>
      </Placemark>
      <Placemark>
        <name>beograd · FELO alati</name>
        <description><![CDATA[description: магазин инструментов<br><br>Не сеть<br>Категория: Электроника<br>Каталог: https://srb.guide/map/beograd-felo-alati-06534cf9ca96<br>Гугл ссылка: https://www.google.com/maps/search/?api=1&amp;query=44.846287,20.391871&amp;query_place_id=ChIJt7x4BL9lWkcRHA-KrEFPFI0<br>Рейтинг: 5.0]]></description>
        <styleUrl>#icon-1899-DB4436</styleUrl>
        <ExtendedData>
          <Data name="description">
            <value>магазин инструментов

Не сеть</value>
          </Data>
          <Data name="Категория">
            <value>Электроника</value>
          </Data>
          <Data name="Каталог">
            <value>https://srb.guide/map/beograd-felo-alati-06534cf9ca96</value>
          </Data>
          <Data name="Гугл ссылка">
            <value><![CDATA[https://www.google.com/maps/search/?api=1&amp;query=44.846287,20.391871&amp;query_place_id=ChIJt7x4BL9lWkcRHA-KrEFPFI0]]></value>
          </Data>
          <Data name="Рейтинг">
            <value>5.0</value>
          </Data>
        </ExtendedData>
        <Point>
          <coordinates>
            20.391871,44.846287,0
          </coordinates>
        </Point>
      </Placemark>
      <Placemark>
        <name>beograd · FixLab</name>
        <description><![CDATA[description: компьютерный сервис<br><br>Не сеть<br>Категория: Электроника<br>Каталог: https://srb.guide/map/beograd-fixlab-9b60d14d654c<br>Гугл ссылка: https://www.google.com/maps/search/?api=1&amp;query=44.804125,20.484876&amp;query_place_id=ChIJEWvsSPd7WkcRlbC2RcQ3yrQ<br>Рейтинг: ]]></description>
        <styleUrl>#icon-1899-DB4436</styleUrl>
        <ExtendedData>
          <Data name="description">
            <value>компьютерный сервис

Не сеть</value>
          </Data>
          <Data name="Категория">
            <value>Электроника</value>
          </Data>
          <Data name="Каталог">
            <value>https://srb.guide/map/beograd-fixlab-9b60d14d654c</value>
          </Data>
          <Data name="Гугл ссылка">
            <value><![CDATA[https://www.google.com/maps/search/?api=1&amp;query=44.804125,20.484876&amp;query_place_id=ChIJEWvsSPd7WkcRlbC2RcQ3yrQ]]></value>
          </Data>
          <Data name="Рейтинг">
            <value/>
          </Data>
        </ExtendedData>
        <Point>
          <coordinates>
            20.484876,44.804125,0
          </coordinates>
        </Point>
      </Placemark>
      <Placemark>
        <name>beograd · ITmathics D.O.O (IT-shop)</name>
        <description><![CDATA[description: магазин электроники https://it-shop.rs/ru/  Не сеть<br>Категория: Электроника<br>Каталог: https://srb.guide/map/beograd-itmathics-d-o-o-it-shop-634b990bbf45<br>Гугл ссылка: https://www.google.com/maps/search/?api=1&amp;query=44.806653,20.482582&amp;query_place_id=ChIJ_76fwQR7WkcRrAt3Xop8ymY<br>Рейтинг: ]]></description>
        <styleUrl>#icon-1899-DB4436</styleUrl>
        <ExtendedData>
          <Data name="description">
            <value>магазин электроники https://it-shop.rs/ru/  Не сеть</value>
          </Data>
          <Data name="Категория">
            <value>Электроника</value>
          </Data>
          <Data name="Каталог">
            <value>https://srb.guide/map/beograd-itmathics-d-o-o-it-shop-634b990bbf45</value>
          </Data>
          <Data name="Гугл ссылка">
            <value><![CDATA[https://www.google.com/maps/search/?api=1&amp;query=44.806653,20.482582&amp;query_place_id=ChIJ_76fwQR7WkcRrAt3Xop8ymY]]></value>
          </Data>
          <Data name="Рейтинг">
            <value/>
          </Data>
        </ExtendedData>
        <Point>
          <coordinates>
            20.482582,44.806653,0
          </coordinates>
        </Point>
      </Placemark>
      <Placemark>
        <name>beograd · Black Cat Anticafe | Igraonica | Coworking</name>
        <description><![CDATA[description: Anticafe<br><br>Не сеть<br>Категория: Развлечения<br>Каталог: https://srb.guide/map/beograd-black-cat-anticafe-igraonica-coworking-3130c0c0fb75<br>Гугл ссылка: https://www.google.com/maps/search/?api=1&amp;query=44.825235,20.458056&amp;query_place_id=ChIJazmYBYhlWkcRz9BWV-EN1H4<br>Рейтинг: 4.8]]></description>
        <styleUrl>#icon-1899-DB4436</styleUrl>
        <ExtendedData>
          <Data name="description">
            <value>Anticafe

Не сеть</value>
          </Data>
          <Data name="Категория">
            <value>Развлечения</value>
          </Data>
          <Data name="Каталог">
            <value>https://srb.guide/map/beograd-black-cat-anticafe-igraonica-coworking-3130c0c0fb75</value>
          </Data>
          <Data name="Гугл ссылка">
            <value><![CDATA[https://www.google.com/maps/search/?api=1&amp;query=44.825235,20.458056&amp;query_place_id=ChIJazmYBYhlWkcRz9BWV-EN1H4]]></value>
          </Data>
          <Data name="Рейтинг">
            <value>4.8</value>
          </Data>
        </ExtendedData>
        <Point>
          <coordinates>
            20.458056,44.825235,0
          </coordinates>
        </Point>
      </Placemark>
      <Placemark>
        <name>beograd · Legion Games</name>
        <description><![CDATA[description: Компьютерный клуб<br><br>Не сеть<br>Категория: Развлечения<br>Каталог: https://srb.guide/map/beograd-legion-games-726ad37e14e0<br>Гугл ссылка: https://www.google.com/maps/search/?api=1&amp;query=44.801782,20.465502&amp;query_place_id=ChIJC45rqyVxWkcR9YOOHSbtFU4<br>Рейтинг: 4.9]]></description>
        <styleUrl>#icon-1899-DB4436</styleUrl>
        <ExtendedData>
          <Data name="description">
            <value>Компьютерный клуб

Не сеть</value>
          </Data>
          <Data name="Категория">
            <value>Развлечения</value>
          </Data>
          <Data name="Каталог">
            <value>https://srb.guide/map/beograd-legion-games-726ad37e14e0</value>
          </Data>
          <Data name="Гугл ссылка">
            <value><![CDATA[https://www.google.com/maps/search/?api=1&amp;query=44.801782,20.465502&amp;query_place_id=ChIJC45rqyVxWkcR9YOOHSbtFU4]]></value>
          </Data>
          <Data name="Рейтинг">
            <value>4.9</value>
          </Data>
        </ExtendedData>
        <Point>
          <coordinates>
            20.465502,44.801782,0
          </coordinates>
        </Point>
      </Placemark>
      <Placemark>
        <name>beograd · Reflection Photo Studio (za autoportret)</name>
        <description><![CDATA[description: Не сеть<br>Категория: Развлечения<br>Каталог: https://srb.guide/map/beograd-reflection-photo-studio-za-autoportret-d8b97184d77c<br>Гугл ссылка: https://www.google.com/maps/search/?api=1&amp;query=44.817391,20.470249&amp;query_place_id=ChIJXdhKjMA2ngURbAhT-UaEO_w<br>Рейтинг: 4.9]]></description>
        <styleUrl>#icon-1899-DB4436</styleUrl>
        <ExtendedData>
          <Data name="description">
            <value>Не сеть</value>
          </Data>
          <Data name="Категория">
            <value>Развлечения</value>
          </Data>
          <Data name="Каталог">
            <value>https://srb.guide/map/beograd-reflection-photo-studio-za-autoportret-d8b97184d77c</value>
          </Data>
          <Data name="Гугл ссылка">
            <value><![CDATA[https://www.google.com/maps/search/?api=1&amp;query=44.817391,20.470249&amp;query_place_id=ChIJXdhKjMA2ngURbAhT-UaEO_w]]></value>
          </Data>
          <Data name="Рейтинг">
            <value>4.9</value>
          </Data>
        </ExtendedData>
        <Point>
          <coordinates>
            20.470249,44.817391,0
          </coordinates>
        </Point>
      </Placemark>
      <Placemark>
        <name>beograd · VR-IN</name>
        <description><![CDATA[description: Арена виртуальной реальности<br><br>Не сеть<br>Категория: Развлечения<br>Каталог: https://srb.guide/map/beograd-vr-in-001f22b03894<br>Гугл ссылка: https://www.google.com/maps/search/?api=1&amp;query=44.810501,20.460033&amp;query_place_id=ChIJOTPpqfd7WkcRt0o_SQQSoZw<br>Рейтинг: 4.9]]></description>
        <styleUrl>#icon-1899-DB4436</styleUrl>
        <ExtendedData>
          <Data name="description">
            <value>Арена виртуальной реальности

Не сеть</value>
          </Data>
          <Data name="Категория">
            <value>Развлечения</value>
          </Data>
          <Data name="Каталог">
            <value>https://srb.guide/map/beograd-vr-in-001f22b03894</value>
          </Data>
          <Data name="Гугл ссылка">
            <value><![CDATA[https://www.google.com/maps/search/?api=1&amp;query=44.810501,20.460033&amp;query_place_id=ChIJOTPpqfd7WkcRt0o_SQQSoZw]]></value>
          </Data>
          <Data name="Рейтинг">
            <value>4.9</value>
          </Data>
        </ExtendedData>
        <Point>
          <coordinates>
            20.460033,44.810501,0
          </coordinates>
        </Point>
      </Placemark>
      <Placemark>
        <name>beograd · VapeMe - vape shop Elektronske Cigarete Papiroska</name>
        <description><![CDATA[description: Сеть: VapeMe<br>Категория: Развлечения<br>Каталог: https://srb.guide/map/beograd-vapeme-vape-shop-elektronske-cigarete-papiroska-00ac47285260<br>Гугл ссылка: https://www.google.com/maps/search/?api=1&amp;query=44.813752,20.460477&amp;query_place_id=ChIJ6w4dRGt7WkcRazGDxlZhw5Q<br>Рейтинг: 4.9]]></description>
        <styleUrl>#icon-1899-DB4436</styleUrl>
        <ExtendedData>
          <Data name="description">
            <value>Сеть: VapeMe</value>
          </Data>
          <Data name="Категория">
            <value>Развлечения</value>
          </Data>
          <Data name="Каталог">
            <value>https://srb.guide/map/beograd-vapeme-vape-shop-elektronske-cigarete-papiroska-00ac47285260</value>
          </Data>
          <Data name="Гугл ссылка">
            <value><![CDATA[https://www.google.com/maps/search/?api=1&amp;query=44.813752,20.460477&amp;query_place_id=ChIJ6w4dRGt7WkcRazGDxlZhw5Q]]></value>
          </Data>
          <Data name="Рейтинг">
            <value>4.9</value>
          </Data>
        </ExtendedData>
        <Point>
          <coordinates>
            20.460477,44.813752,0
          </coordinates>
        </Point>
      </Placemark>
      <Placemark>
        <name>beograd · VapeMe vape shop Elektronske Cigarete Papiroska Bilevar</name>
        <description><![CDATA[description: Сеть: VapeMe<br>Категория: Развлечения<br>Каталог: https://srb.guide/map/beograd-vapeme-vape-shop-elektronske-cigarete-papiroska-bilevar-17e8fe43b34d<br>Гугл ссылка: https://www.google.com/maps/search/?api=1&amp;query=44.79884,20.490699&amp;query_place_id=ChIJVaYnhkZxWkcRb-XDmk2R5oQ<br>Рейтинг: 4.8]]></description>
        <styleUrl>#icon-1899-DB4436</styleUrl>
        <ExtendedData>
          <Data name="description">
            <value>Сеть: VapeMe</value>
          </Data>
          <Data name="Категория">
            <value>Развлечения</value>
          </Data>
          <Data name="Каталог">
            <value>https://srb.guide/map/beograd-vapeme-vape-shop-elektronske-cigarete-papiroska-bilevar-17e8fe43b34d</value>
          </Data>
          <Data name="Гугл ссылка">
            <value><![CDATA[https://www.google.com/maps/search/?api=1&amp;query=44.79884,20.490699&amp;query_place_id=ChIJVaYnhkZxWkcRb-XDmk2R5oQ]]></value>
          </Data>
          <Data name="Рейтинг">
            <value>4.8</value>
          </Data>
        </ExtendedData>
        <Point>
          <coordinates>
            20.490699,44.79884,0
          </coordinates>
        </Point>
      </Placemark>
      <Placemark>
        <name>beograd · Vranin Tavan</name>
        <description><![CDATA[description: Не сеть<br>Категория: Развлечения<br>Каталог: https://srb.guide/map/vranin-tavan-beograd<br>Гугл ссылка: https://www.google.com/maps/search/?api=1&amp;query=44.8151404,20.4542521<br>Рейтинг: 4.7]]></description>
        <styleUrl>#icon-1899-DB4436</styleUrl>
        <ExtendedData>
          <Data name="description">
            <value>Не сеть</value>
          </Data>
          <Data name="Категория">
            <value>Развлечения</value>
          </Data>
          <Data name="Каталог">
            <value>https://srb.guide/map/vranin-tavan-beograd</value>
          </Data>
          <Data name="Гугл ссылка">
            <value><![CDATA[https://www.google.com/maps/search/?api=1&amp;query=44.8151404,20.4542521]]></value>
          </Data>
          <Data name="Рейтинг">
            <value>4.7</value>
          </Data>
        </ExtendedData>
        <Point>
          <coordinates>
            20.454252,44.81514,0
          </coordinates>
        </Point>
      </Placemark>
      <Placemark>
        <name>beograd · Alisa</name>
        <description><![CDATA[description: Кондитерская<br><br>Сеть: Alisa<br>Категория: Кафе и рестораны<br>Каталог: https://srb.guide/map/beograd-alisa-dc1614a56c81<br>Гугл ссылка: https://www.google.com/maps/search/?api=1&amp;query=44.803862,20.466229&amp;query_place_id=ChIJH7epfgB7WkcRaMxpsUZZKY0<br>Рейтинг: 4.6]]></description>
        <styleUrl>#icon-1899-DB4436</styleUrl>
        <ExtendedData>
          <Data name="description">
            <value>Кондитерская

Сеть: Alisa</value>
          </Data>
          <Data name="Категория">
            <value>Кафе и рестораны</value>
          </Data>
          <Data name="Каталог">
            <value>https://srb.guide/map/beograd-alisa-dc1614a56c81</value>
          </Data>
          <Data name="Гугл ссылка">
            <value><![CDATA[https://www.google.com/maps/search/?api=1&amp;query=44.803862,20.466229&amp;query_place_id=ChIJH7epfgB7WkcRaMxpsUZZKY0]]></value>
          </Data>
          <Data name="Рейтинг">
            <value>4.6</value>
          </Data>
        </ExtendedData>
        <Point>
          <coordinates>
            20.466229,44.803862,0
          </coordinates>
        </Point>
      </Placemark>
      <Placemark>
        <name>beograd · AsiaMix / Халяль Кафе</name>
        <description><![CDATA[description: Не сеть<br>Категория: Кафе и рестораны<br>Каталог: https://srb.guide/map/beograd-asiamix-халяль-кафе-343c0a4264c0<br>Гугл ссылка: https://www.google.com/maps/search/?api=1&amp;query=44.803193,20.488313&amp;query_place_id=ChIJ71-Cept7WkcR8yIGohqYO-Y<br>Рейтинг: ]]></description>
        <styleUrl>#icon-1899-DB4436</styleUrl>
        <ExtendedData>
          <Data name="description">
            <value>Не сеть</value>
          </Data>
          <Data name="Категория">
            <value>Кафе и рестораны</value>
          </Data>
          <Data name="Каталог">
            <value>https://srb.guide/map/beograd-asiamix-халяль-кафе-343c0a4264c0</value>
          </Data>
          <Data name="Гугл ссылка">
            <value><![CDATA[https://www.google.com/maps/search/?api=1&amp;query=44.803193,20.488313&amp;query_place_id=ChIJ71-Cept7WkcR8yIGohqYO-Y]]></value>
          </Data>
          <Data name="Рейтинг">
            <value/>
          </Data>
        </ExtendedData>
        <Point>
          <coordinates>
            20.488313,44.803193,0
          </coordinates>
        </Point>
      </Placemark>
      <Placemark>
        <name><![CDATA[beograd · At Magdalena's]]></name>
        <description><![CDATA[description: Не сеть<br>Категория: Кафе и рестораны<br>Каталог: https://srb.guide/map/beograd-at-magdalena-s-e7c122e6ac2b<br>Гугл ссылка: https://www.google.com/maps/search/?api=1&amp;query=44.838313,20.409993&amp;query_place_id=ChIJ9wyQhtRlWkcRU-ryisvk8js<br>Рейтинг: 4.9]]></description>
        <styleUrl>#icon-1899-DB4436</styleUrl>
        <ExtendedData>
          <Data name="description">
            <value>Не сеть</value>
          </Data>
          <Data name="Категория">
            <value>Кафе и рестораны</value>
          </Data>
          <Data name="Каталог">
            <value>https://srb.guide/map/beograd-at-magdalena-s-e7c122e6ac2b</value>
          </Data>
          <Data name="Гугл ссылка">
            <value><![CDATA[https://www.google.com/maps/search/?api=1&amp;query=44.838313,20.409993&amp;query_place_id=ChIJ9wyQhtRlWkcRU-ryisvk8js]]></value>
          </Data>
          <Data name="Рейтинг">
            <value>4.9</value>
          </Data>
        </ExtendedData>
        <Point>
          <coordinates>
            20.409993,44.838313,0
          </coordinates>
        </Point>
      </Placemark>
      <Placemark>
        <name><![CDATA[beograd · BASIC coffee & breakfast]]></name>
        <description><![CDATA[description: кофейня<br><br>Не сеть<br>Категория: Кафе и рестораны<br>Каталог: https://srb.guide/map/beograd-basic-coffee-breakfast-3c63db9e22e3<br>Гугл ссылка: https://www.google.com/maps/search/?api=1&amp;query=44.80796,20.460005&amp;query_place_id=ChIJvcW9aP57WkcRlcs29lr5-FM<br>Рейтинг: 4.5]]></description>
        <styleUrl>#icon-1899-DB4436</styleUrl>
        <ExtendedData>
          <Data name="description">
            <value>кофейня

Не сеть</value>
          </Data>
          <Data name="Категория">
            <value>Кафе и рестораны</value>
          </Data>
          <Data name="Каталог">
            <value>https://srb.guide/map/beograd-basic-coffee-breakfast-3c63db9e22e3</value>
          </Data>
          <Data name="Гугл ссылка">
            <value><![CDATA[https://www.google.com/maps/search/?api=1&amp;query=44.80796,20.460005&amp;query_place_id=ChIJvcW9aP57WkcRlcs29lr5-FM]]></value>
          </Data>
          <Data name="Рейтинг">
            <value>4.5</value>
          </Data>
        </ExtendedData>
        <Point>
          <coordinates>
            20.460005,44.80796,0
          </coordinates>
        </Point>
      </Placemark>
      <Placemark>
        <name>beograd · Birds</name>
        <description><![CDATA[description: Birds | Restoran<br><br>Не сеть<br>Категория: Кафе и рестораны<br>Каталог: https://srb.guide/map/beograd-birds-3b627876b3ff<br>Гугл ссылка: https://www.google.com/maps/search/?api=1&amp;query=44.818191,20.455254&amp;query_place_id=ChIJ6wxcpAhlWkcRH3DicwdAukU<br>Рейтинг: 4.5]]></description>
        <styleUrl>#icon-1899-DB4436</styleUrl>
        <ExtendedData>
          <Data name="description">
            <value>Birds | Restoran

Не сеть</value>
          </Data>
          <Data name="Категория">
            <value>Кафе и рестораны</value>
          </Data>
          <Data name="Каталог">
            <value>https://srb.guide/map/beograd-birds-3b627876b3ff</value>
          </Data>
          <Data name="Гугл ссылка">
            <value><![CDATA[https://www.google.com/maps/search/?api=1&amp;query=44.818191,20.455254&amp;query_place_id=ChIJ6wxcpAhlWkcRH3DicwdAukU]]></value>
          </Data>
          <Data name="Рейтинг">
            <value>4.5</value>
          </Data>
        </ExtendedData>
        <Point>
          <coordinates>
            20.455254,44.818191,0
          </coordinates>
        </Point>
      </Placemark>
      <Placemark>
        <name>beograd · Blanca (кофейна)</name>
        <description><![CDATA[description: спешлти кофейня<br><br>Не сеть<br>Категория: Кафе и рестораны<br>Каталог: https://srb.guide/map/beograd-blanca-кофейна-9b97a831ef02<br>Гугл ссылка: https://www.google.com/maps/search/?api=1&amp;query=44.791935,20.475866&amp;query_place_id=ChIJk3ifL1lxWkcRgs-pi7Ko8mU<br>Рейтинг: 4.8]]></description>
        <styleUrl>#icon-1899-DB4436</styleUrl>
        <ExtendedData>
          <Data name="description">
            <value>спешлти кофейня

Не сеть</value>
          </Data>
          <Data name="Категория">
            <value>Кафе и рестораны</value>
          </Data>
          <Data name="Каталог">
            <value>https://srb.guide/map/beograd-blanca-кофейна-9b97a831ef02</value>
          </Data>
          <Data name="Гугл ссылка">
            <value><![CDATA[https://www.google.com/maps/search/?api=1&amp;query=44.791935,20.475866&amp;query_place_id=ChIJk3ifL1lxWkcRgs-pi7Ko8mU]]></value>
          </Data>
          <Data name="Рейтинг">
            <value>4.8</value>
          </Data>
        </ExtendedData>
        <Point>
          <coordinates>
            20.475866,44.791935,0
          </coordinates>
        </Point>
      </Placemark>
      <Placemark>
        <name>beograd · Coffee pass</name>
        <description><![CDATA[description: Кофейня<br><br>Не сеть<br>Категория: Кафе и рестораны<br>Каталог: https://srb.guide/map/beograd-coffee-pass-e8a1bf546913<br>Гугл ссылка: https://www.google.com/maps/search/?api=1&amp;query=44.816797,20.466662&amp;query_place_id=ChIJtdRUFAB7WkcRW_Q2JfzPkOo<br>Рейтинг: 4.8]]></description>
        <styleUrl>#icon-1899-DB4436</styleUrl>
        <ExtendedData>
          <Data name="description">
            <value>Кофейня

Не сеть</value>
          </Data>
          <Data name="Категория">
            <value>Кафе и рестораны</value>
          </Data>
          <Data name="Каталог">
            <value>https://srb.guide/map/beograd-coffee-pass-e8a1bf546913</value>
          </Data>
          <Data name="Гугл ссылка">
            <value><![CDATA[https://www.google.com/maps/search/?api=1&amp;query=44.816797,20.466662&amp;query_place_id=ChIJtdRUFAB7WkcRW_Q2JfzPkOo]]></value>
          </Data>
          <Data name="Рейтинг">
            <value>4.8</value>
          </Data>
        </ExtendedData>
        <Point>
          <coordinates>
            20.466662,44.816797,0
          </coordinates>
        </Point>
      </Placemark>
      <Placemark>
        <name>beograd · DOT COFFEE | BAR</name>
        <description><![CDATA[description: Не сеть<br>Категория: Кафе и рестораны<br>Каталог: https://srb.guide/map/beograd-dot-coffee-bar-a8afc763e63e<br>Гугл ссылка: https://www.google.com/maps/search/?api=1&amp;query=44.814741,20.461634&amp;query_place_id=ChIJy-_eYw17WkcRK3_b5MZa2Ts<br>Рейтинг: ]]></description>
        <styleUrl>#icon-1899-DB4436</styleUrl>
        <ExtendedData>
          <Data name="description">
            <value>Не сеть</value>
          </Data>
          <Data name="Категория">
            <value>Кафе и рестораны</value>
          </Data>
          <Data name="Каталог">
            <value>https://srb.guide/map/beograd-dot-coffee-bar-a8afc763e63e</value>
          </Data>
          <Data name="Гугл ссылка">
            <value><![CDATA[https://www.google.com/maps/search/?api=1&amp;query=44.814741,20.461634&amp;query_place_id=ChIJy-_eYw17WkcRK3_b5MZa2Ts]]></value>
          </Data>
          <Data name="Рейтинг">
            <value/>
          </Data>
        </ExtendedData>
        <Point>
          <coordinates>
            20.461634,44.814741,0
          </coordinates>
        </Point>
      </Placemark>
      <Placemark>
        <name>beograd · Dodo pizza</name>
        <description><![CDATA[description: Сеть: Dodo Pizza<br>Категория: Кафе и рестораны<br>Каталог: https://srb.guide/map/beograd-dodo-pizza-c32a462ac2aa<br>Гугл ссылка: https://www.google.com/maps/search/?api=1&amp;query=44.84562,20.401266&amp;query_place_id=ChIJ63RBaQBlWkcRkQGj7oZFlLc<br>Рейтинг: 4.5]]></description>
        <styleUrl>#icon-1899-DB4436</styleUrl>
        <ExtendedData>
          <Data name="description">
            <value>Сеть: Dodo Pizza</value>
          </Data>
          <Data name="Категория">
            <value>Кафе и рестораны</value>
          </Data>
          <Data name="Каталог">
            <value>https://srb.guide/map/beograd-dodo-pizza-c32a462ac2aa</value>
          </Data>
          <Data name="Гугл ссылка">
            <value><![CDATA[https://www.google.com/maps/search/?api=1&amp;query=44.84562,20.401266&amp;query_place_id=ChIJ63RBaQBlWkcRkQGj7oZFlLc]]></value>
          </Data>
          <Data name="Рейтинг">
            <value>4.5</value>
          </Data>
        </ExtendedData>
        <Point>
          <coordinates>
            20.401266,44.84562,0
          </coordinates>
        </Point>
      </Placemark>
      <Placemark>
        <name>beograd · Doner kuća/Shawerma /Шаверма/Шаурма</name>
        <description><![CDATA[description: Шаверма<br><br>Не сеть<br>Категория: Кафе и рестораны<br>Каталог: https://srb.guide/map/beograd-doner-kuća-shawerma-шаверма-шаурма-13ba863dc8cf<br>Гугл ссылка: https://www.google.com/maps/search/?api=1&amp;query=44.812197,20.455988&amp;query_place_id=ChIJQ-ASmyV7WkcRKPOoYWFOXQs<br>Рейтинг: 4.7]]></description>
        <styleUrl>#icon-1899-DB4436</styleUrl>
        <ExtendedData>
          <Data name="description">
            <value>Шаверма

Не сеть</value>
          </Data>
          <Data name="Категория">
            <value>Кафе и рестораны</value>
          </Data>
          <Data name="Каталог">
            <value>https://srb.guide/map/beograd-doner-kuća-shawerma-шаверма-шаурма-13ba863dc8cf</value>
          </Data>
          <Data name="Гугл ссылка">
            <value><![CDATA[https://www.google.com/maps/search/?api=1&amp;query=44.812197,20.455988&amp;query_place_id=ChIJQ-ASmyV7WkcRKPOoYWFOXQs]]></value>
          </Data>
          <Data name="Рейтинг">
            <value>4.7</value>
          </Data>
        </ExtendedData>
        <Point>
          <coordinates>
            20.455988,44.812197,0
          </coordinates>
        </Point>
      </Placemark>
      <Placemark>
        <name>beograd · Easy Freezy Dorcol</name>
        <description><![CDATA[description: Сеть: Easy Freezy<br>Категория: Кафе и рестораны<br>Каталог: https://srb.guide/map/easy-freezy-dorcol-beograd<br>Гугл ссылка: https://www.google.com/maps/search/?api=1&amp;query=44.821554,20.46118<br>Рейтинг: 4.0]]></description>
        <styleUrl>#icon-1899-DB4436</styleUrl>
        <ExtendedData>
          <Data name="description">
            <value>Сеть: Easy Freezy</value>
          </Data>
          <Data name="Категория">
            <value>Кафе и рестораны</value>
          </Data>
          <Data name="Каталог">
            <value>https://srb.guide/map/easy-freezy-dorcol-beograd</value>
          </Data>
          <Data name="Гугл ссылка">
            <value><![CDATA[https://www.google.com/maps/search/?api=1&amp;query=44.821554,20.46118]]></value>
          </Data>
          <Data name="Рейтинг">
            <value>4.0</value>
          </Data>
        </ExtendedData>
        <Point>
          <coordinates>
            20.46118,44.821554,0
          </coordinates>
        </Point>
      </Placemark>
      <Placemark>
        <name>beograd · Easy Freezy NB</name>
        <description><![CDATA[description: Сеть: Easy Freezy<br>Категория: Кафе и рестораны<br>Каталог: https://srb.guide/map/easy-freezy-nb-beograd<br>Гугл ссылка: https://www.google.com/maps/search/?api=1&amp;query=44.8053405,20.4095052<br>Рейтинг: 5.0]]></description>
        <styleUrl>#icon-1899-DB4436</styleUrl>
        <ExtendedData>
          <Data name="description">
            <value>Сеть: Easy Freezy</value>
          </Data>
          <Data name="Категория">
            <value>Кафе и рестораны</value>
          </Data>
          <Data name="Каталог">
            <value>https://srb.guide/map/easy-freezy-nb-beograd</value>
          </Data>
          <Data name="Гугл ссылка">
            <value><![CDATA[https://www.google.com/maps/search/?api=1&amp;query=44.8053405,20.4095052]]></value>
          </Data>
          <Data name="Рейтинг">
            <value>5.0</value>
          </Data>
        </ExtendedData>
        <Point>
          <coordinates>
            20.409505,44.80534,0
          </coordinates>
        </Point>
      </Placemark>
      <Placemark>
        <name>beograd · Easy Freezy Vracar</name>
        <description><![CDATA[description: Сеть: Easy Freezy<br>Категория: Кафе и рестораны<br>Каталог: https://srb.guide/map/easy-freezy-vracar-beograd<br>Гугл ссылка: https://www.google.com/maps/search/?api=1&amp;query=44.8016474,20.486682<br>Рейтинг: 4.8]]></description>
        <styleUrl>#icon-1899-DB4436</styleUrl>
        <ExtendedData>
          <Data name="description">
            <value>Сеть: Easy Freezy</value>
          </Data>
          <Data name="Категория">
            <value>Кафе и рестораны</value>
          </Data>
          <Data name="Каталог">
            <value>https://srb.guide/map/easy-freezy-vracar-beograd</value>
          </Data>
          <Data name="Гугл ссылка">
            <value><![CDATA[https://www.google.com/maps/search/?api=1&amp;query=44.8016474,20.486682]]></value>
          </Data>
          <Data name="Рейтинг">
            <value>4.8</value>
          </Data>
        </ExtendedData>
        <Point>
          <coordinates>
            20.486682,44.801647,0
          </coordinates>
        </Point>
      </Placemark>
      <Placemark>
        <name>beograd · Embers</name>
        <description><![CDATA[description: Ресторан<br><br>Не сеть<br>Категория: Кафе и рестораны<br>Каталог: https://srb.guide/map/beograd-embers-79d71467a5aa<br>Гугл ссылка: https://www.google.com/maps/search/?api=1&amp;query=44.823293,20.455574&amp;query_place_id=ChIJp0WHTjRlWkcRmcPBb6wQLyQ<br>Рейтинг: ]]></description>
        <styleUrl>#icon-1899-DB4436</styleUrl>
        <ExtendedData>
          <Data name="description">
            <value>Ресторан

Не сеть</value>
          </Data>
          <Data name="Категория">
            <value>Кафе и рестораны</value>
          </Data>
          <Data name="Каталог">
            <value>https://srb.guide/map/beograd-embers-79d71467a5aa</value>
          </Data>
          <Data name="Гугл ссылка">
            <value><![CDATA[https://www.google.com/maps/search/?api=1&amp;query=44.823293,20.455574&amp;query_place_id=ChIJp0WHTjRlWkcRmcPBb6wQLyQ]]></value>
          </Data>
          <Data name="Рейтинг">
            <value/>
          </Data>
        </ExtendedData>
        <Point>
          <coordinates>
            20.455574,44.823293,0
          </coordinates>
        </Point>
      </Placemark>
      <Placemark>
        <name>beograd · GEUM bistro</name>
        <description><![CDATA[description: Не сеть<br>Категория: Кафе и рестораны<br>Каталог: https://srb.guide/map/beograd-geum-bistro-b547b45ce36c<br>Гугл ссылка: https://www.google.com/maps/search/?api=1&amp;query=44.815594,20.47537&amp;query_place_id=ChIJCYTusa97WkcRhPQkIGXoajs<br>Рейтинг: 4.7]]></description>
        <styleUrl>#icon-1899-DB4436</styleUrl>
        <ExtendedData>
          <Data name="description">
            <value>Не сеть</value>
          </Data>
          <Data name="Категория">
            <value>Кафе и рестораны</value>
          </Data>
          <Data name="Каталог">
            <value>https://srb.guide/map/beograd-geum-bistro-b547b45ce36c</value>
          </Data>
          <Data name="Гугл ссылка">
            <value><![CDATA[https://www.google.com/maps/search/?api=1&amp;query=44.815594,20.47537&amp;query_place_id=ChIJCYTusa97WkcRhPQkIGXoajs]]></value>
          </Data>
          <Data name="Рейтинг">
            <value>4.7</value>
          </Data>
        </ExtendedData>
        <Point>
          <coordinates>
            20.47537,44.815594,0
          </coordinates>
        </Point>
      </Placemark>
      <Placemark>
        <name>beograd · Gurme</name>
        <description><![CDATA[description: Куличи<br><br>Не сеть<br>Категория: Кафе и рестораны<br>Каталог: https://srb.guide/map/beograd-gurme-d54a1cbcc9f1<br>Гугл ссылка: https://www.google.com/maps/search/?api=1&amp;query=44.809553,20.476072&amp;query_place_id=ChIJZa7WK-h7WkcR--pg98FAyAo<br>Рейтинг: 4.4]]></description>
        <styleUrl>#icon-1899-DB4436</styleUrl>
        <ExtendedData>
          <Data name="description">
            <value>Куличи

Не сеть</value>
          </Data>
          <Data name="Категория">
            <value>Кафе и рестораны</value>
          </Data>
          <Data name="Каталог">
            <value>https://srb.guide/map/beograd-gurme-d54a1cbcc9f1</value>
          </Data>
          <Data name="Гугл ссылка">
            <value><![CDATA[https://www.google.com/maps/search/?api=1&amp;query=44.809553,20.476072&amp;query_place_id=ChIJZa7WK-h7WkcR--pg98FAyAo]]></value>
          </Data>
          <Data name="Рейтинг">
            <value>4.4</value>
          </Data>
        </ExtendedData>
        <Point>
          <coordinates>
            20.476072,44.809553,0
          </coordinates>
        </Point>
      </Placemark>
      <Placemark>
        <name>beograd · Hungry Ridiculous Bear | Shaurma and desserts</name>
        <description><![CDATA[description: Шаверма<br><br>Не сеть<br>Категория: Кафе и рестораны<br>Каталог: https://srb.guide/map/beograd-hungry-ridiculous-bear-shaurma-and-desserts-0bfead6ef110<br>Гугл ссылка: https://www.google.com/maps/search/?api=1&amp;query=44.812297,20.472124&amp;query_place_id=ChIJv2xX3Mt7WkcRDM6gBnvy0TQ<br>Рейтинг: 4.3]]></description>
        <styleUrl>#icon-1899-DB4436</styleUrl>
        <ExtendedData>
          <Data name="description">
            <value>Шаверма

Не сеть</value>
          </Data>
          <Data name="Категория">
            <value>Кафе и рестораны</value>
          </Data>
          <Data name="Каталог">
            <value>https://srb.guide/map/beograd-hungry-ridiculous-bear-shaurma-and-desserts-0bfead6ef110</value>
          </Data>
          <Data name="Гугл ссылка">
            <value><![CDATA[https://www.google.com/maps/search/?api=1&amp;query=44.812297,20.472124&amp;query_place_id=ChIJv2xX3Mt7WkcRDM6gBnvy0TQ]]></value>
          </Data>
          <Data name="Рейтинг">
            <value>4.3</value>
          </Data>
        </ExtendedData>
        <Point>
          <coordinates>
            20.472124,44.812297,0
          </coordinates>
        </Point>
      </Placemark>
      <Placemark>
        <name>beograd · June cafe</name>
        <description><![CDATA[description: breakfasts, dinners, wine and talks<br><br>Не сеть<br>Категория: Кафе и рестораны<br>Каталог: https://srb.guide/map/beograd-june-cafe-37ec2ae9d9ae<br>Гугл ссылка: https://www.google.com/maps/search/?api=1&amp;query=44.820874,20.459385&amp;query_place_id=ChIJGdU3YNh7WkcR4fgn8iBunqg<br>Рейтинг: 4.6]]></description>
        <styleUrl>#icon-1899-DB4436</styleUrl>
        <ExtendedData>
          <Data name="description">
            <value>breakfasts, dinners, wine and talks

Не сеть</value>
          </Data>
          <Data name="Категория">
            <value>Кафе и рестораны</value>
          </Data>
          <Data name="Каталог">
            <value>https://srb.guide/map/beograd-june-cafe-37ec2ae9d9ae</value>
          </Data>
          <Data name="Гугл ссылка">
            <value><![CDATA[https://www.google.com/maps/search/?api=1&amp;query=44.820874,20.459385&amp;query_place_id=ChIJGdU3YNh7WkcR4fgn8iBunqg]]></value>
          </Data>
          <Data name="Рейтинг">
            <value>4.6</value>
          </Data>
        </ExtendedData>
        <Point>
          <coordinates>
            20.459385,44.820874,0
          </coordinates>
        </Point>
      </Placemark>
      <Placemark>
        <name>beograd · KP BURGERS</name>
        <description><![CDATA[description: Не сеть<br>Категория: Кафе и рестораны<br>Каталог: https://srb.guide/map/beograd-kp-burgers-495905c6bd7c<br>Гугл ссылка: https://www.google.com/maps/search/?api=1&amp;query=44.807875,20.458052&amp;query_place_id=ChIJp9-NanJ7WkcRJZh3Bw7zgxk<br>Рейтинг: ]]></description>
        <styleUrl>#icon-1899-DB4436</styleUrl>
        <ExtendedData>
          <Data name="description">
            <value>Не сеть</value>
          </Data>
          <Data name="Категория">
            <value>Кафе и рестораны</value>
          </Data>
          <Data name="Каталог">
            <value>https://srb.guide/map/beograd-kp-burgers-495905c6bd7c</value>
          </Data>
          <Data name="Гугл ссылка">
            <value><![CDATA[https://www.google.com/maps/search/?api=1&amp;query=44.807875,20.458052&amp;query_place_id=ChIJp9-NanJ7WkcRJZh3Bw7zgxk]]></value>
          </Data>
          <Data name="Рейтинг">
            <value/>
          </Data>
        </ExtendedData>
        <Point>
          <coordinates>
            20.458052,44.807875,0
          </coordinates>
        </Point>
      </Placemark>
      <Placemark>
        <name>beograd · Kafeterija Kofilin</name>
        <description><![CDATA[description: Сеть: Kafeterija Kofilin<br>Категория: Кафе и рестораны<br>Каталог: https://srb.guide/map/beograd-kafeterija-kofilin-cf68cd9635e9<br>Гугл ссылка: https://www.google.com/maps/search/?api=1&amp;query=44.801408,20.470553&amp;query_place_id=ChIJlfgh3_dxWkcRGakEnR_537k<br>Рейтинг: 4.7]]></description>
        <styleUrl>#icon-1899-DB4436</styleUrl>
        <ExtendedData>
          <Data name="description">
            <value>Сеть: Kafeterija Kofilin</value>
          </Data>
          <Data name="Категория">
            <value>Кафе и рестораны</value>
          </Data>
          <Data name="Каталог">
            <value>https://srb.guide/map/beograd-kafeterija-kofilin-cf68cd9635e9</value>
          </Data>
          <Data name="Гугл ссылка">
            <value><![CDATA[https://www.google.com/maps/search/?api=1&amp;query=44.801408,20.470553&amp;query_place_id=ChIJlfgh3_dxWkcRGakEnR_537k]]></value>
          </Data>
          <Data name="Рейтинг">
            <value>4.7</value>
          </Data>
        </ExtendedData>
        <Point>
          <coordinates>
            20.470553,44.801408,0
          </coordinates>
        </Point>
      </Placemark>
      <Placemark>
        <name>beograd · Kafeterija Kofilin - Waterfront</name>
        <description><![CDATA[description: Сеть: Kafeterija Kofilin<br>Категория: Кафе и рестораны<br>Каталог: https://srb.guide/map/beograd-kafeterija-kofilin-waterfront-055926fc7006<br>Гугл ссылка: https://www.google.com/maps/search/?api=1&amp;query=44.802076,20.451461&amp;query_place_id=ChIJn2hWDMlxWkcRVPd3Bq55oBQ<br>Рейтинг: ]]></description>
        <styleUrl>#icon-1899-DB4436</styleUrl>
        <ExtendedData>
          <Data name="description">
            <value>Сеть: Kafeterija Kofilin</value>
          </Data>
          <Data name="Категория">
            <value>Кафе и рестораны</value>
          </Data>
          <Data name="Каталог">
            <value>https://srb.guide/map/beograd-kafeterija-kofilin-waterfront-055926fc7006</value>
          </Data>
          <Data name="Гугл ссылка">
            <value><![CDATA[https://www.google.com/maps/search/?api=1&amp;query=44.802076,20.451461&amp;query_place_id=ChIJn2hWDMlxWkcRVPd3Bq55oBQ]]></value>
          </Data>
          <Data name="Рейтинг">
            <value/>
          </Data>
        </ExtendedData>
        <Point>
          <coordinates>
            20.451461,44.802076,0
          </coordinates>
        </Point>
      </Placemark>
      <Placemark>
        <name>beograd · Kafić Četiri</name>
        <description><![CDATA[description: Coffee shop<br><br>Не сеть<br>Категория: Кафе и рестораны<br>Каталог: https://srb.guide/map/beograd-kafic-četiri-ecc82b930dbc<br>Гугл ссылка: https://www.google.com/maps/search/?api=1&amp;query=44.810552,20.462159&amp;query_place_id=ChIJr4F1V4t7WkcRpJdnl48jq4U<br>Рейтинг: ]]></description>
        <styleUrl>#icon-1899-DB4436</styleUrl>
        <ExtendedData>
          <Data name="description">
            <value>Coffee shop

Не сеть</value>
          </Data>
          <Data name="Категория">
            <value>Кафе и рестораны</value>
          </Data>
          <Data name="Каталог">
            <value>https://srb.guide/map/beograd-kafic-četiri-ecc82b930dbc</value>
          </Data>
          <Data name="Гугл ссылка">
            <value><![CDATA[https://www.google.com/maps/search/?api=1&amp;query=44.810552,20.462159&amp;query_place_id=ChIJr4F1V4t7WkcRpJdnl48jq4U]]></value>
          </Data>
          <Data name="Рейтинг">
            <value/>
          </Data>
        </ExtendedData>
        <Point>
          <coordinates>
            20.462159,44.810552,0
          </coordinates>
        </Point>
      </Placemark>
      <Placemark>
        <name>beograd · Kaži Važi</name>
        <description><![CDATA[description: Грузинская кухня<br><br>Не сеть<br>Категория: Кафе и рестораны<br>Каталог: https://srb.guide/map/beograd-kaži-važi-64fe890b2379<br>Гугл ссылка: https://www.google.com/maps/search/?api=1&amp;query=44.809582,20.45796&amp;query_place_id=ChIJGWHjROR7WkcRcFpQ6MJz1SA<br>Рейтинг: ]]></description>
        <styleUrl>#icon-1899-DB4436</styleUrl>
        <ExtendedData>
          <Data name="description">
            <value>Грузинская кухня

Не сеть</value>
          </Data>
          <Data name="Категория">
            <value>Кафе и рестораны</value>
          </Data>
          <Data name="Каталог">
            <value>https://srb.guide/map/beograd-kaži-važi-64fe890b2379</value>
          </Data>
          <Data name="Гугл ссылка">
            <value><![CDATA[https://www.google.com/maps/search/?api=1&amp;query=44.809582,20.45796&amp;query_place_id=ChIJGWHjROR7WkcRcFpQ6MJz1SA]]></value>
          </Data>
          <Data name="Рейтинг">
            <value/>
          </Data>
        </ExtendedData>
        <Point>
          <coordinates>
            20.45796,44.809582,0
          </coordinates>
        </Point>
      </Placemark>
      <Placemark>
        <name>beograd · Kofilin (Cara Dušana)</name>
        <description><![CDATA[description: кофейня<br><br>Сеть: Kafeterija Kofilin<br>Категория: Кафе и рестораны<br>Каталог: https://srb.guide/map/beograd-kofilin-cara-dušana-83da0c16e705<br>Гугл ссылка: https://www.google.com/maps/search/?api=1&amp;query=44.823363,20.460525&amp;query_place_id=ChIJc2euG3llWkcR0WGtM7-MQ4k<br>Рейтинг: 4.5]]></description>
        <styleUrl>#icon-1899-DB4436</styleUrl>
        <ExtendedData>
          <Data name="description">
            <value>кофейня

Сеть: Kafeterija Kofilin</value>
          </Data>
          <Data name="Категория">
            <value>Кафе и рестораны</value>
          </Data>
          <Data name="Каталог">
            <value>https://srb.guide/map/beograd-kofilin-cara-dušana-83da0c16e705</value>
          </Data>
          <Data name="Гугл ссылка">
            <value><![CDATA[https://www.google.com/maps/search/?api=1&amp;query=44.823363,20.460525&amp;query_place_id=ChIJc2euG3llWkcR0WGtM7-MQ4k]]></value>
          </Data>
          <Data name="Рейтинг">
            <value>4.5</value>
          </Data>
        </ExtendedData>
        <Point>
          <coordinates>
            20.460525,44.823363,0
          </coordinates>
        </Point>
      </Placemark>
      <Placemark>
        <name>beograd · Kofilin (Cara Nikolaja II)</name>
        <description><![CDATA[description: Сеть: Kafeterija Kofilin<br>Категория: Кафе и рестораны<br>Каталог: https://srb.guide/map/beograd-kofilin-cara-nikolaja-ii-f42f303768be<br>Гугл ссылка: https://www.google.com/maps/search/?api=1&amp;query=44.798224,20.48249&amp;query_place_id=ChIJi4Qkb5dxWkcRwkwGndnakn0<br>Рейтинг: 4.4]]></description>
        <styleUrl>#icon-1899-DB4436</styleUrl>
        <ExtendedData>
          <Data name="description">
            <value>Сеть: Kafeterija Kofilin</value>
          </Data>
          <Data name="Категория">
            <value>Кафе и рестораны</value>
          </Data>
          <Data name="Каталог">
            <value>https://srb.guide/map/beograd-kofilin-cara-nikolaja-ii-f42f303768be</value>
          </Data>
          <Data name="Гугл ссылка">
            <value><![CDATA[https://www.google.com/maps/search/?api=1&amp;query=44.798224,20.48249&amp;query_place_id=ChIJi4Qkb5dxWkcRwkwGndnakn0]]></value>
          </Data>
          <Data name="Рейтинг">
            <value>4.4</value>
          </Data>
        </ExtendedData>
        <Point>
          <coordinates>
            20.48249,44.798224,0
          </coordinates>
        </Point>
      </Placemark>
      <Placemark>
        <name>beograd · Kofilin (Carice Milice)</name>
        <description><![CDATA[description: Сеть: Kafeterija Kofilin<br>Категория: Кафе и рестораны<br>Каталог: https://srb.guide/map/beograd-kofilin-carice-milice-789a97bd4302<br>Гугл ссылка: https://www.google.com/maps/search/?api=1&amp;query=44.815402,20.455887&amp;query_place_id=ChIJkYu9n3J7WkcRwvizGNZW_ss<br>Рейтинг: 4.7]]></description>
        <styleUrl>#icon-1899-DB4436</styleUrl>
        <ExtendedData>
          <Data name="description">
            <value>Сеть: Kafeterija Kofilin</value>
          </Data>
          <Data name="Категория">
            <value>Кафе и рестораны</value>
          </Data>
          <Data name="Каталог">
            <value>https://srb.guide/map/beograd-kofilin-carice-milice-789a97bd4302</value>
          </Data>
          <Data name="Гугл ссылка">
            <value><![CDATA[https://www.google.com/maps/search/?api=1&amp;query=44.815402,20.455887&amp;query_place_id=ChIJkYu9n3J7WkcRwvizGNZW_ss]]></value>
          </Data>
          <Data name="Рейтинг">
            <value>4.7</value>
          </Data>
        </ExtendedData>
        <Point>
          <coordinates>
            20.455887,44.815402,0
          </coordinates>
        </Point>
      </Placemark>
      <Placemark>
        <name>beograd · Kofilin (Kneza Miloša)</name>
        <description><![CDATA[description: Сеть: Kafeterija Kofilin<br>Категория: Кафе и рестораны<br>Каталог: https://srb.guide/map/beograd-kofilin-kneza-miloša-331bfdd457d7<br>Гугл ссылка: https://www.google.com/maps/search/?api=1&amp;query=44.808804,20.464282&amp;query_place_id=ChIJwX54_6V6WkcR5356nZfLfPk<br>Рейтинг: ]]></description>
        <styleUrl>#icon-1899-DB4436</styleUrl>
        <ExtendedData>
          <Data name="description">
            <value>Сеть: Kafeterija Kofilin</value>
          </Data>
          <Data name="Категория">
            <value>Кафе и рестораны</value>
          </Data>
          <Data name="Каталог">
            <value>https://srb.guide/map/beograd-kofilin-kneza-miloša-331bfdd457d7</value>
          </Data>
          <Data name="Гугл ссылка">
            <value><![CDATA[https://www.google.com/maps/search/?api=1&amp;query=44.808804,20.464282&amp;query_place_id=ChIJwX54_6V6WkcR5356nZfLfPk]]></value>
          </Data>
          <Data name="Рейтинг">
            <value/>
          </Data>
        </ExtendedData>
        <Point>
          <coordinates>
            20.464282,44.808804,0
          </coordinates>
        </Point>
      </Placemark>
      <Placemark>
        <name>beograd · Kofilin (Trg Branka Radičevića)</name>
        <description><![CDATA[description: Кофейня<br><br>Сеть: Kafeterija Kofilin<br>Категория: Кафе и рестораны<br>Каталог: https://srb.guide/map/beograd-kofilin-trg-branka-radičevic-a-6869933cc669<br>Гугл ссылка: https://www.google.com/maps/search/?api=1&amp;query=44.846471,20.409141&amp;query_place_id=ChIJgR0zcxNlWkcRrS2xeJ2CHEc<br>Рейтинг: 4.7]]></description>
        <styleUrl>#icon-1899-DB4436</styleUrl>
        <ExtendedData>
          <Data name="description">
            <value>Кофейня

Сеть: Kafeterija Kofilin</value>
          </Data>
          <Data name="Категория">
            <value>Кафе и рестораны</value>
          </Data>
          <Data name="Каталог">
            <value>https://srb.guide/map/beograd-kofilin-trg-branka-radičevic-a-6869933cc669</value>
          </Data>
          <Data name="Гугл ссылка">
            <value><![CDATA[https://www.google.com/maps/search/?api=1&amp;query=44.846471,20.409141&amp;query_place_id=ChIJgR0zcxNlWkcRrS2xeJ2CHEc]]></value>
          </Data>
          <Data name="Рейтинг">
            <value>4.7</value>
          </Data>
        </ExtendedData>
        <Point>
          <coordinates>
            20.409141,44.846471,0
          </coordinates>
        </Point>
      </Placemark>
      <Placemark>
        <name>beograd · LavShawarma</name>
        <description><![CDATA[description: Шаверма<br><br>Не сеть<br>Категория: Кафе и рестораны<br>Каталог: https://srb.guide/map/beograd-lavshawarma-252dff1b2994<br>Гугл ссылка: https://www.google.com/maps/search/?api=1&amp;query=44.78408,20.418047&amp;query_place_id=ChIJ-XJfixVvWkcRbi3o-9HWuLA<br>Рейтинг: ]]></description>
        <styleUrl>#icon-1899-DB4436</styleUrl>
        <ExtendedData>
          <Data name="description">
            <value>Шаверма

Не сеть</value>
          </Data>
          <Data name="Категория">
            <value>Кафе и рестораны</value>
          </Data>
          <Data name="Каталог">
            <value>https://srb.guide/map/beograd-lavshawarma-252dff1b2994</value>
          </Data>
          <Data name="Гугл ссылка">
            <value><![CDATA[https://www.google.com/maps/search/?api=1&amp;query=44.78408,20.418047&amp;query_place_id=ChIJ-XJfixVvWkcRbi3o-9HWuLA]]></value>
          </Data>
          <Data name="Рейтинг">
            <value/>
          </Data>
        </ExtendedData>
        <Point>
          <coordinates>
            20.418047,44.78408,0
          </coordinates>
        </Point>
      </Placemark>
      <Placemark>
        <name>beograd · Mala Moskva</name>
        <description><![CDATA[description: Шашлык, шаурма<br><br>Не сеть<br>Категория: Кафе и рестораны<br>Каталог: https://srb.guide/map/beograd-mala-moskva-1c48aabd450b<br>Гугл ссылка: https://www.google.com/maps/search/?api=1&amp;query=44.807145,20.477859&amp;query_place_id=ChIJd3FOO5d7WkcRccOO6YGldUA<br>Рейтинг: 4.8]]></description>
        <styleUrl>#icon-1899-DB4436</styleUrl>
        <ExtendedData>
          <Data name="description">
            <value>Шашлык, шаурма

Не сеть</value>
          </Data>
          <Data name="Категория">
            <value>Кафе и рестораны</value>
          </Data>
          <Data name="Каталог">
            <value>https://srb.guide/map/beograd-mala-moskva-1c48aabd450b</value>
          </Data>
          <Data name="Гугл ссылка">
            <value><![CDATA[https://www.google.com/maps/search/?api=1&amp;query=44.807145,20.477859&amp;query_place_id=ChIJd3FOO5d7WkcRccOO6YGldUA]]></value>
          </Data>
          <Data name="Рейтинг">
            <value>4.8</value>
          </Data>
        </ExtendedData>
        <Point>
          <coordinates>
            20.477859,44.807145,0
          </coordinates>
        </Point>
      </Placemark>
      <Placemark>
        <name>beograd · Mono Coffee</name>
        <description><![CDATA[description: Не сеть<br>Категория: Кафе и рестораны<br>Каталог: https://srb.guide/map/beograd-mono-coffee-39f1b170000a<br>Гугл ссылка: https://www.google.com/maps/search/?api=1&amp;query=44.812156,20.456068&amp;query_place_id=ChIJUe0o8aR7WkcRnbBNZyzKRGk<br>Рейтинг: ]]></description>
        <styleUrl>#icon-1899-DB4436</styleUrl>
        <ExtendedData>
          <Data name="description">
            <value>Не сеть</value>
          </Data>
          <Data name="Категория">
            <value>Кафе и рестораны</value>
          </Data>
          <Data name="Каталог">
            <value>https://srb.guide/map/beograd-mono-coffee-39f1b170000a</value>
          </Data>
          <Data name="Гугл ссылка">
            <value><![CDATA[https://www.google.com/maps/search/?api=1&amp;query=44.812156,20.456068&amp;query_place_id=ChIJUe0o8aR7WkcRnbBNZyzKRGk]]></value>
          </Data>
          <Data name="Рейтинг">
            <value/>
          </Data>
        </ExtendedData>
        <Point>
          <coordinates>
            20.456068,44.812156,0
          </coordinates>
        </Point>
      </Placemark>
      <Placemark>
        <name>beograd · OSAM Stari Grad</name>
        <description><![CDATA[description: Кофейня<br><br>Не сеть<br>Категория: Кафе и рестораны<br>Каталог: https://srb.guide/map/beograd-osam-stari-grad-c6469403ece5<br>Гугл ссылка: https://www.google.com/maps/search/?api=1&amp;query=44.82056,20.457056&amp;query_place_id=ChIJFVWj75tlWkcRJinMU5O9e30<br>Рейтинг: 4.6]]></description>
        <styleUrl>#icon-1899-DB4436</styleUrl>
        <ExtendedData>
          <Data name="description">
            <value>Кофейня

Не сеть</value>
          </Data>
          <Data name="Категория">
            <value>Кафе и рестораны</value>
          </Data>
          <Data name="Каталог">
            <value>https://srb.guide/map/beograd-osam-stari-grad-c6469403ece5</value>
          </Data>
          <Data name="Гугл ссылка">
            <value><![CDATA[https://www.google.com/maps/search/?api=1&amp;query=44.82056,20.457056&amp;query_place_id=ChIJFVWj75tlWkcRJinMU5O9e30]]></value>
          </Data>
          <Data name="Рейтинг">
            <value>4.6</value>
          </Data>
        </ExtendedData>
        <Point>
          <coordinates>
            20.457056,44.82056,0
          </coordinates>
        </Point>
      </Placemark>
      <Placemark>
        <name>beograd · OSAM Vračar</name>
        <description><![CDATA[description: Кофейня<br><br>Не сеть<br>Категория: Кафе и рестораны<br>Каталог: https://srb.guide/map/beograd-osam-vračar-a783ea261b12<br>Гугл ссылка: https://www.google.com/maps/search/?api=1&amp;query=44.800602,20.480726&amp;query_place_id=ChIJK6irbeNxWkcRZkYOfZ7ukTg<br>Рейтинг: 4.5]]></description>
        <styleUrl>#icon-1899-DB4436</styleUrl>
        <ExtendedData>
          <Data name="description">
            <value>Кофейня

Не сеть</value>
          </Data>
          <Data name="Категория">
            <value>Кафе и рестораны</value>
          </Data>
          <Data name="Каталог">
            <value>https://srb.guide/map/beograd-osam-vračar-a783ea261b12</value>
          </Data>
          <Data name="Гугл ссылка">
            <value><![CDATA[https://www.google.com/maps/search/?api=1&amp;query=44.800602,20.480726&amp;query_place_id=ChIJK6irbeNxWkcRZkYOfZ7ukTg]]></value>
          </Data>
          <Data name="Рейтинг">
            <value>4.5</value>
          </Data>
        </ExtendedData>
        <Point>
          <coordinates>
            20.480726,44.800602,0
          </coordinates>
        </Point>
      </Placemark>
      <Placemark>
        <name>beograd · Oranža</name>
        <description><![CDATA[description: Кофейня<br><br>Не сеть<br>Категория: Кафе и рестораны<br>Каталог: https://srb.guide/map/beograd-oranža-a601b70d01db<br>Гугл ссылка: https://www.google.com/maps/search/?api=1&amp;query=44.815921,20.462457&amp;query_place_id=ChIJMcj3a7B7WkcRNI6LOP5F5i8<br>Рейтинг: 5.0]]></description>
        <styleUrl>#icon-1899-DB4436</styleUrl>
        <ExtendedData>
          <Data name="description">
            <value>Кофейня

Не сеть</value>
          </Data>
          <Data name="Категория">
            <value>Кафе и рестораны</value>
          </Data>
          <Data name="Каталог">
            <value>https://srb.guide/map/beograd-oranža-a601b70d01db</value>
          </Data>
          <Data name="Гугл ссылка">
            <value><![CDATA[https://www.google.com/maps/search/?api=1&amp;query=44.815921,20.462457&amp;query_place_id=ChIJMcj3a7B7WkcRNI6LOP5F5i8]]></value>
          </Data>
          <Data name="Рейтинг">
            <value>5.0</value>
          </Data>
        </ExtendedData>
        <Point>
          <coordinates>
            20.462457,44.815921,0
          </coordinates>
        </Point>
      </Placemark>
      <Placemark>
        <name>beograd · Osh Plov</name>
        <description><![CDATA[description: Кафе с пловом и другими блюдами из риса на вынос<br><br>Не сеть<br>Категория: Кафе и рестораны<br>Каталог: https://srb.guide/map/beograd-osh-plov-d3107d7d2058<br>Гугл ссылка: https://www.google.com/maps/search/?api=1&amp;query=44.824709,20.457154&amp;query_place_id=ChIJJc2tSjllWkcRc0k46g1nPQg<br>Рейтинг: 4.5]]></description>
        <styleUrl>#icon-1899-DB4436</styleUrl>
        <ExtendedData>
          <Data name="description">
            <value>Кафе с пловом и другими блюдами из риса на вынос

Не сеть</value>
          </Data>
          <Data name="Категория">
            <value>Кафе и рестораны</value>
          </Data>
          <Data name="Каталог">
            <value>https://srb.guide/map/beograd-osh-plov-d3107d7d2058</value>
          </Data>
          <Data name="Гугл ссылка">
            <value><![CDATA[https://www.google.com/maps/search/?api=1&amp;query=44.824709,20.457154&amp;query_place_id=ChIJJc2tSjllWkcRc0k46g1nPQg]]></value>
          </Data>
          <Data name="Рейтинг">
            <value>4.5</value>
          </Data>
        </ExtendedData>
        <Point>
          <coordinates>
            20.457154,44.824709,0
          </coordinates>
        </Point>
      </Placemark>
      <Placemark>
        <name>beograd · PATRIKI</name>
        <description><![CDATA[description: Ресторан<br><br>Не сеть<br>Категория: Кафе и рестораны<br>Каталог: https://srb.guide/map/beograd-patriki-2ee88bd8b5bb<br>Гугл ссылка: https://www.google.com/maps/search/?api=1&amp;query=44.80174,20.4723&amp;query_place_id=ChIJ0TJcev17WkcRbQyr8Xb7aXA<br>Рейтинг: 4.5]]></description>
        <styleUrl>#icon-1899-DB4436</styleUrl>
        <ExtendedData>
          <Data name="description">
            <value>Ресторан

Не сеть</value>
          </Data>
          <Data name="Категория">
            <value>Кафе и рестораны</value>
          </Data>
          <Data name="Каталог">
            <value>https://srb.guide/map/beograd-patriki-2ee88bd8b5bb</value>
          </Data>
          <Data name="Гугл ссылка">
            <value><![CDATA[https://www.google.com/maps/search/?api=1&amp;query=44.80174,20.4723&amp;query_place_id=ChIJ0TJcev17WkcRbQyr8Xb7aXA]]></value>
          </Data>
          <Data name="Рейтинг">
            <value>4.5</value>
          </Data>
        </ExtendedData>
        <Point>
          <coordinates>
            20.4723,44.80174,0
          </coordinates>
        </Point>
      </Placemark>
      <Placemark>
        <name>beograd · Pemelye</name>
        <description><![CDATA[description: Пельменная<br><br>Не сеть<br>Категория: Кафе и рестораны<br>Каталог: https://srb.guide/map/beograd-pemelye-d0c11be925b1<br>Гугл ссылка: https://www.google.com/maps/search/?api=1&amp;query=44.780103,20.524715&amp;query_place_id=ChIJJUIcqiV7WkcR0F4g0RgqrK0<br>Рейтинг: 4.9]]></description>
        <styleUrl>#icon-1899-DB4436</styleUrl>
        <ExtendedData>
          <Data name="description">
            <value>Пельменная

Не сеть</value>
          </Data>
          <Data name="Категория">
            <value>Кафе и рестораны</value>
          </Data>
          <Data name="Каталог">
            <value>https://srb.guide/map/beograd-pemelye-d0c11be925b1</value>
          </Data>
          <Data name="Гугл ссылка">
            <value><![CDATA[https://www.google.com/maps/search/?api=1&amp;query=44.780103,20.524715&amp;query_place_id=ChIJJUIcqiV7WkcR0F4g0RgqrK0]]></value>
          </Data>
          <Data name="Рейтинг">
            <value>4.9</value>
          </Data>
        </ExtendedData>
        <Point>
          <coordinates>
            20.524715,44.780103,0
          </coordinates>
        </Point>
      </Placemark>
      <Placemark>
        <name>beograd · Rocket Coffee, specialty coffee shop</name>
        <description><![CDATA[description: Сеть: Rocket Coffee<br>Категория: Кафе и рестораны<br>Каталог: https://srb.guide/map/beograd-rocket-coffee-specialty-coffee-shop-189c97b6e2da<br>Гугл ссылка: https://www.google.com/maps/search/?api=1&amp;query=44.814396,20.451505&amp;query_place_id=ChIJX6ZI4Z1lWkcR1rHD1SrR2F4<br>Рейтинг: 4.6]]></description>
        <styleUrl>#icon-1899-DB4436</styleUrl>
        <ExtendedData>
          <Data name="description">
            <value>Сеть: Rocket Coffee</value>
          </Data>
          <Data name="Категория">
            <value>Кафе и рестораны</value>
          </Data>
          <Data name="Каталог">
            <value>https://srb.guide/map/beograd-rocket-coffee-specialty-coffee-shop-189c97b6e2da</value>
          </Data>
          <Data name="Гугл ссылка">
            <value><![CDATA[https://www.google.com/maps/search/?api=1&amp;query=44.814396,20.451505&amp;query_place_id=ChIJX6ZI4Z1lWkcR1rHD1SrR2F4]]></value>
          </Data>
          <Data name="Рейтинг">
            <value>4.6</value>
          </Data>
        </ExtendedData>
        <Point>
          <coordinates>
            20.451505,44.814396,0
          </coordinates>
        </Point>
      </Placemark>
      <Placemark>
        <name>beograd · Rocket Coffee, specialty coffee shop</name>
        <description><![CDATA[description: Сеть: Rocket Coffee<br>Категория: Кафе и рестораны<br>Каталог: https://srb.guide/map/beograd-rocket-coffee-specialty-coffee-shop-b8df76c87161<br>Гугл ссылка: https://www.google.com/maps/search/?api=1&amp;query=44.805422,20.472943&amp;query_place_id=ChIJ07gnYIh7WkcRP8R1aOpuqVk<br>Рейтинг: 4.6]]></description>
        <styleUrl>#icon-1899-DB4436</styleUrl>
        <ExtendedData>
          <Data name="description">
            <value>Сеть: Rocket Coffee</value>
          </Data>
          <Data name="Категория">
            <value>Кафе и рестораны</value>
          </Data>
          <Data name="Каталог">
            <value>https://srb.guide/map/beograd-rocket-coffee-specialty-coffee-shop-b8df76c87161</value>
          </Data>
          <Data name="Гугл ссылка">
            <value><![CDATA[https://www.google.com/maps/search/?api=1&amp;query=44.805422,20.472943&amp;query_place_id=ChIJ07gnYIh7WkcRP8R1aOpuqVk]]></value>
          </Data>
          <Data name="Рейтинг">
            <value>4.6</value>
          </Data>
        </ExtendedData>
        <Point>
          <coordinates>
            20.472943,44.805422,0
          </coordinates>
        </Point>
      </Placemark>
      <Placemark>
        <name>beograd · Ruske Palacinke Savski Venac</name>
        <description><![CDATA[description: Блинная<br><br>Не сеть<br>Категория: Кафе и рестораны<br>Каталог: https://srb.guide/map/beograd-ruske-palacinke-savski-venac-a0344d305c5d<br>Гугл ссылка: https://www.google.com/maps/search/?api=1&amp;query=44.809287,20.457776&amp;query_place_id=ChIJzaoJCMl7WkcRwNdxqZvet3s<br>Рейтинг: ]]></description>
        <styleUrl>#icon-1899-DB4436</styleUrl>
        <ExtendedData>
          <Data name="description">
            <value>Блинная

Не сеть</value>
          </Data>
          <Data name="Категория">
            <value>Кафе и рестораны</value>
          </Data>
          <Data name="Каталог">
            <value>https://srb.guide/map/beograd-ruske-palacinke-savski-venac-a0344d305c5d</value>
          </Data>
          <Data name="Гугл ссылка">
            <value><![CDATA[https://www.google.com/maps/search/?api=1&amp;query=44.809287,20.457776&amp;query_place_id=ChIJzaoJCMl7WkcRwNdxqZvet3s]]></value>
          </Data>
          <Data name="Рейтинг">
            <value/>
          </Data>
        </ExtendedData>
        <Point>
          <coordinates>
            20.457776,44.809287,0
          </coordinates>
        </Point>
      </Placemark>
      <Placemark>
        <name>beograd · Ruske Palacinke Zemun</name>
        <description><![CDATA[description: Блинная<br><br>Не сеть<br>Категория: Кафе и рестораны<br>Каталог: https://srb.guide/map/beograd-ruske-palacinke-zemun-57fad97d5f23<br>Гугл ссылка: https://www.google.com/maps/search/?api=1&amp;query=44.844877,20.413934&amp;query_place_id=ChIJK7EnfRVlWkcRe_I65usNXO0<br>Рейтинг: 4.8]]></description>
        <styleUrl>#icon-1899-DB4436</styleUrl>
        <ExtendedData>
          <Data name="description">
            <value>Блинная

Не сеть</value>
          </Data>
          <Data name="Категория">
            <value>Кафе и рестораны</value>
          </Data>
          <Data name="Каталог">
            <value>https://srb.guide/map/beograd-ruske-palacinke-zemun-57fad97d5f23</value>
          </Data>
          <Data name="Гугл ссылка">
            <value><![CDATA[https://www.google.com/maps/search/?api=1&amp;query=44.844877,20.413934&amp;query_place_id=ChIJK7EnfRVlWkcRe_I65usNXO0]]></value>
          </Data>
          <Data name="Рейтинг">
            <value>4.8</value>
          </Data>
        </ExtendedData>
        <Point>
          <coordinates>
            20.413934,44.844877,0
          </coordinates>
        </Point>
      </Placemark>
      <Placemark>
        <name>beograd · SAMOVARRS BW</name>
        <description><![CDATA[description: русские блюда ресторанного качества<br><br>Не сеть<br>Категория: Кафе и рестораны<br>Каталог: https://srb.guide/map/beograd-samovarrs-bw-c61885c8f95b<br>Гугл ссылка: https://www.google.com/maps/search/?api=1&amp;query=44.810359,20.455517&amp;query_place_id=ChIJPdK58VZ7WkcRMWwa-4WsUU0<br>Рейтинг: ]]></description>
        <styleUrl>#icon-1899-DB4436</styleUrl>
        <ExtendedData>
          <Data name="description">
            <value>русские блюда ресторанного качества

Не сеть</value>
          </Data>
          <Data name="Категория">
            <value>Кафе и рестораны</value>
          </Data>
          <Data name="Каталог">
            <value>https://srb.guide/map/beograd-samovarrs-bw-c61885c8f95b</value>
          </Data>
          <Data name="Гугл ссылка">
            <value><![CDATA[https://www.google.com/maps/search/?api=1&amp;query=44.810359,20.455517&amp;query_place_id=ChIJPdK58VZ7WkcRMWwa-4WsUU0]]></value>
          </Data>
          <Data name="Рейтинг">
            <value/>
          </Data>
        </ExtendedData>
        <Point>
          <coordinates>
            20.455517,44.810359,0
          </coordinates>
        </Point>
      </Placemark>
      <Placemark>
        <name>beograd · SDOBA</name>
        <description><![CDATA[description: Пекарня<br><br>Не сеть<br>Категория: Кафе и рестораны<br>Каталог: https://srb.guide/map/beograd-sdoba-1a10a982adf6<br>Гугл ссылка: https://www.google.com/maps/search/?api=1&amp;query=44.813707,20.427629&amp;query_place_id=ChIJG0VWsf5lWkcRXnD5HqJQQAQ<br>Рейтинг: ]]></description>
        <styleUrl>#icon-1899-DB4436</styleUrl>
        <ExtendedData>
          <Data name="description">
            <value>Пекарня

Не сеть</value>
          </Data>
          <Data name="Категория">
            <value>Кафе и рестораны</value>
          </Data>
          <Data name="Каталог">
            <value>https://srb.guide/map/beograd-sdoba-1a10a982adf6</value>
          </Data>
          <Data name="Гугл ссылка">
            <value><![CDATA[https://www.google.com/maps/search/?api=1&amp;query=44.813707,20.427629&amp;query_place_id=ChIJG0VWsf5lWkcRXnD5HqJQQAQ]]></value>
          </Data>
          <Data name="Рейтинг">
            <value/>
          </Data>
        </ExtendedData>
        <Point>
          <coordinates>
            20.427629,44.813707,0
          </coordinates>
        </Point>
      </Placemark>
      <Placemark>
        <name>beograd · SLOJ bakery</name>
        <description><![CDATA[description: Пекарня<br><br>Не сеть<br>Категория: Кафе и рестораны<br>Каталог: https://srb.guide/map/beograd-sloj-bakery-93f1c5ccad63<br>Гугл ссылка: https://www.google.com/maps/search/?api=1&amp;query=44.798504,20.485145&amp;query_place_id=ChIJ46rVmsJxWkcRmJMjajGOOvw<br>Рейтинг: 4.3]]></description>
        <styleUrl>#icon-1899-DB4436</styleUrl>
        <ExtendedData>
          <Data name="description">
            <value>Пекарня

Не сеть</value>
          </Data>
          <Data name="Категория">
            <value>Кафе и рестораны</value>
          </Data>
          <Data name="Каталог">
            <value>https://srb.guide/map/beograd-sloj-bakery-93f1c5ccad63</value>
          </Data>
          <Data name="Гугл ссылка">
            <value><![CDATA[https://www.google.com/maps/search/?api=1&amp;query=44.798504,20.485145&amp;query_place_id=ChIJ46rVmsJxWkcRmJMjajGOOvw]]></value>
          </Data>
          <Data name="Рейтинг">
            <value>4.3</value>
          </Data>
        </ExtendedData>
        <Point>
          <coordinates>
            20.485145,44.798504,0
          </coordinates>
        </Point>
      </Placemark>
      <Placemark>
        <name><![CDATA[beograd · SLOJ bistro & bakery]]></name>
        <description><![CDATA[description: Cafe<br><br>Не сеть<br>Категория: Кафе и рестораны<br>Каталог: https://srb.guide/map/beograd-sloj-bistro-bakery-cba03ae04301<br>Гугл ссылка: https://www.google.com/maps/search/?api=1&amp;query=44.822288,20.45677&amp;query_place_id=ChIJ9f2JqQhlWkcRDwVlgEJNKOQ<br>Рейтинг: 4.4]]></description>
        <styleUrl>#icon-1899-DB4436</styleUrl>
        <ExtendedData>
          <Data name="description">
            <value>Cafe

Не сеть</value>
          </Data>
          <Data name="Категория">
            <value>Кафе и рестораны</value>
          </Data>
          <Data name="Каталог">
            <value>https://srb.guide/map/beograd-sloj-bistro-bakery-cba03ae04301</value>
          </Data>
          <Data name="Гугл ссылка">
            <value><![CDATA[https://www.google.com/maps/search/?api=1&amp;query=44.822288,20.45677&amp;query_place_id=ChIJ9f2JqQhlWkcRDwVlgEJNKOQ]]></value>
          </Data>
          <Data name="Рейтинг">
            <value>4.4</value>
          </Data>
        </ExtendedData>
        <Point>
          <coordinates>
            20.45677,44.822288,0
          </coordinates>
        </Point>
      </Placemark>
      <Placemark>
        <name><![CDATA[beograd · SLOJ bistro & bakery WATERFRONT]]></name>
        <description><![CDATA[description: Не сеть<br>Категория: Кафе и рестораны<br>Каталог: https://srb.guide/map/beograd-sloj-bistro-bakery-waterfront-cf26dee446a7<br>Гугл ссылка: https://www.google.com/maps/search/?api=1&amp;query=44.80564,20.450985&amp;query_place_id=ChIJK5le6PJxWkcRJr-m9UmPiDE<br>Рейтинг: 4.5]]></description>
        <styleUrl>#icon-1899-DB4436</styleUrl>
        <ExtendedData>
          <Data name="description">
            <value>Не сеть</value>
          </Data>
          <Data name="Категория">
            <value>Кафе и рестораны</value>
          </Data>
          <Data name="Каталог">
            <value>https://srb.guide/map/beograd-sloj-bistro-bakery-waterfront-cf26dee446a7</value>
          </Data>
          <Data name="Гугл ссылка">
            <value><![CDATA[https://www.google.com/maps/search/?api=1&amp;query=44.80564,20.450985&amp;query_place_id=ChIJK5le6PJxWkcRJr-m9UmPiDE]]></value>
          </Data>
          <Data name="Рейтинг">
            <value>4.5</value>
          </Data>
        </ExtendedData>
        <Point>
          <coordinates>
            20.450985,44.80564,0
          </coordinates>
        </Point>
      </Placemark>
      <Placemark>
        <name>beograd · STROGANOV FAMILY</name>
        <description><![CDATA[description: Сеть: Stroganov Family<br>Категория: Кафе и рестораны<br>Каталог: https://srb.guide/map/beograd-stroganov-family-7fa1d427fc9b<br>Гугл ссылка: https://www.google.com/maps/search/?api=1&amp;query=44.815696,20.474704&amp;query_place_id=ChIJIQba1d1xWkcR_U1izVJCOa0<br>Рейтинг: 4.2]]></description>
        <styleUrl>#icon-1899-DB4436</styleUrl>
        <ExtendedData>
          <Data name="description">
            <value>Сеть: Stroganov Family</value>
          </Data>
          <Data name="Категория">
            <value>Кафе и рестораны</value>
          </Data>
          <Data name="Каталог">
            <value>https://srb.guide/map/beograd-stroganov-family-7fa1d427fc9b</value>
          </Data>
          <Data name="Гугл ссылка">
            <value><![CDATA[https://www.google.com/maps/search/?api=1&amp;query=44.815696,20.474704&amp;query_place_id=ChIJIQba1d1xWkcR_U1izVJCOa0]]></value>
          </Data>
          <Data name="Рейтинг">
            <value>4.2</value>
          </Data>
        </ExtendedData>
        <Point>
          <coordinates>
            20.474704,44.815696,0
          </coordinates>
        </Point>
      </Placemark>
      <Placemark>
        <name>beograd · STROGANOV FAMILY Delta</name>
        <description><![CDATA[description: Сеть: Stroganov Family<br>Категория: Кафе и рестораны<br>Каталог: https://srb.guide/map/beograd-stroganov-family-delta-8c598e5e5e34<br>Гугл ссылка: https://www.google.com/maps/search/?api=1&amp;query=44.800805,20.401804&amp;query_place_id=ChIJxdN5bG1lWkcRNMzi3fcnuDY<br>Рейтинг: ]]></description>
        <styleUrl>#icon-1899-DB4436</styleUrl>
        <ExtendedData>
          <Data name="description">
            <value>Сеть: Stroganov Family</value>
          </Data>
          <Data name="Категория">
            <value>Кафе и рестораны</value>
          </Data>
          <Data name="Каталог">
            <value>https://srb.guide/map/beograd-stroganov-family-delta-8c598e5e5e34</value>
          </Data>
          <Data name="Гугл ссылка">
            <value><![CDATA[https://www.google.com/maps/search/?api=1&amp;query=44.800805,20.401804&amp;query_place_id=ChIJxdN5bG1lWkcRNMzi3fcnuDY]]></value>
          </Data>
          <Data name="Рейтинг">
            <value/>
          </Data>
        </ExtendedData>
        <Point>
          <coordinates>
            20.401804,44.800805,0
          </coordinates>
        </Point>
      </Placemark>
      <Placemark>
        <name>beograd · SUSHI WOK</name>
        <description><![CDATA[description: Не сеть<br>Категория: Кафе и рестораны<br>Каталог: https://srb.guide/map/beograd-sushi-wok-8d5dea474a67<br>Гугл ссылка: https://www.google.com/maps/search/?api=1&amp;query=44.812521,20.471128&amp;query_place_id=ChIJa4GOKQB7WkcRG4Vijv4FUtM<br>Рейтинг: 4.7]]></description>
        <styleUrl>#icon-1899-DB4436</styleUrl>
        <ExtendedData>
          <Data name="description">
            <value>Не сеть</value>
          </Data>
          <Data name="Категория">
            <value>Кафе и рестораны</value>
          </Data>
          <Data name="Каталог">
            <value>https://srb.guide/map/beograd-sushi-wok-8d5dea474a67</value>
          </Data>
          <Data name="Гугл ссылка">
            <value><![CDATA[https://www.google.com/maps/search/?api=1&amp;query=44.812521,20.471128&amp;query_place_id=ChIJa4GOKQB7WkcRG4Vijv4FUtM]]></value>
          </Data>
          <Data name="Рейтинг">
            <value>4.7</value>
          </Data>
        </ExtendedData>
        <Point>
          <coordinates>
            20.471128,44.812521,0
          </coordinates>
        </Point>
      </Placemark>
      <Placemark>
        <name>beograd · Seasons by Stories</name>
        <description><![CDATA[description: Не сеть<br>Категория: Кафе и рестораны<br>Каталог: https://srb.guide/map/beograd-seasons-by-stories-7adbe260437e<br>Гугл ссылка: https://www.google.com/maps/search/?api=1&amp;query=44.800084,20.474925&amp;query_place_id=ChIJHQrL7WdxWkcRUpcjZKJ0Oi8<br>Рейтинг: 4.6]]></description>
        <styleUrl>#icon-1899-DB4436</styleUrl>
        <ExtendedData>
          <Data name="description">
            <value>Не сеть</value>
          </Data>
          <Data name="Категория">
            <value>Кафе и рестораны</value>
          </Data>
          <Data name="Каталог">
            <value>https://srb.guide/map/beograd-seasons-by-stories-7adbe260437e</value>
          </Data>
          <Data name="Гугл ссылка">
            <value><![CDATA[https://www.google.com/maps/search/?api=1&amp;query=44.800084,20.474925&amp;query_place_id=ChIJHQrL7WdxWkcRUpcjZKJ0Oi8]]></value>
          </Data>
          <Data name="Рейтинг">
            <value>4.6</value>
          </Data>
        </ExtendedData>
        <Point>
          <coordinates>
            20.474925,44.800084,0
          </coordinates>
        </Point>
      </Placemark>
      <Placemark>
        <name>beograd · Shavarma patrol</name>
        <description><![CDATA[description: Шаверма от Хаванского<br><br>Не сеть<br>Категория: Кафе и рестораны<br>Каталог: https://srb.guide/map/beograd-shavarma-patrol-9aca2a0633d6<br>Гугл ссылка: https://www.google.com/maps/search/?api=1&amp;query=44.795306,20.478144&amp;query_place_id=ChIJOXo3CwlxWkcRzci04ncnQYA<br>Рейтинг: 4.3]]></description>
        <styleUrl>#icon-1899-DB4436</styleUrl>
        <ExtendedData>
          <Data name="description">
            <value>Шаверма от Хаванского

Не сеть</value>
          </Data>
          <Data name="Категория">
            <value>Кафе и рестораны</value>
          </Data>
          <Data name="Каталог">
            <value>https://srb.guide/map/beograd-shavarma-patrol-9aca2a0633d6</value>
          </Data>
          <Data name="Гугл ссылка">
            <value><![CDATA[https://www.google.com/maps/search/?api=1&amp;query=44.795306,20.478144&amp;query_place_id=ChIJOXo3CwlxWkcRzci04ncnQYA]]></value>
          </Data>
          <Data name="Рейтинг">
            <value>4.3</value>
          </Data>
        </ExtendedData>
        <Point>
          <coordinates>
            20.478144,44.795306,0
          </coordinates>
        </Point>
      </Placemark>
      <Placemark>
        <name>beograd · Sofia coffee shop</name>
        <description><![CDATA[description: кофейня<br><br>Не сеть<br>Категория: Кафе и рестораны<br>Каталог: https://srb.guide/map/beograd-sofia-coffee-shop-79e1ca847695<br>Гугл ссылка: https://www.google.com/maps/search/?api=1&amp;query=44.808573,20.458739&amp;query_place_id=ChIJd9BAqD17WkcRqyxzlTqeu3k<br>Рейтинг: 5.0]]></description>
        <styleUrl>#icon-1899-DB4436</styleUrl>
        <ExtendedData>
          <Data name="description">
            <value>кофейня

Не сеть</value>
          </Data>
          <Data name="Категория">
            <value>Кафе и рестораны</value>
          </Data>
          <Data name="Каталог">
            <value>https://srb.guide/map/beograd-sofia-coffee-shop-79e1ca847695</value>
          </Data>
          <Data name="Гугл ссылка">
            <value><![CDATA[https://www.google.com/maps/search/?api=1&amp;query=44.808573,20.458739&amp;query_place_id=ChIJd9BAqD17WkcRqyxzlTqeu3k]]></value>
          </Data>
          <Data name="Рейтинг">
            <value>5.0</value>
          </Data>
        </ExtendedData>
        <Point>
          <coordinates>
            20.458739,44.808573,0
          </coordinates>
        </Point>
      </Placemark>
      <Placemark>
        <name>beograd · Sonder Dorćol</name>
        <description><![CDATA[description: Не сеть<br>Категория: Кафе и рестораны<br>Каталог: https://srb.guide/map/beograd-sonder-dorćol-22aee6210582<br>Гугл ссылка: https://www.google.com/maps/search/?api=1&amp;query=44.818903,20.471663&amp;query_place_id=ChIJ24YC8CJ7WkcRJskPI_AH9tE<br>Рейтинг: 4.4]]></description>
        <styleUrl>#icon-1899-DB4436</styleUrl>
        <ExtendedData>
          <Data name="description">
            <value>Не сеть</value>
          </Data>
          <Data name="Категория">
            <value>Кафе и рестораны</value>
          </Data>
          <Data name="Каталог">
            <value>https://srb.guide/map/beograd-sonder-dorćol-22aee6210582</value>
          </Data>
          <Data name="Гугл ссылка">
            <value><![CDATA[https://www.google.com/maps/search/?api=1&amp;query=44.818903,20.471663&amp;query_place_id=ChIJ24YC8CJ7WkcRJskPI_AH9tE]]></value>
          </Data>
          <Data name="Рейтинг">
            <value>4.4</value>
          </Data>
        </ExtendedData>
        <Point>
          <coordinates>
            20.471663,44.818903,0
          </coordinates>
        </Point>
      </Placemark>
      <Placemark>
        <name>beograd · Sonder.Belgrade</name>
        <description><![CDATA[description: COFFEE ROASTERY & CAFE<br><br>Не сеть<br>Категория: Кафе и рестораны<br>Каталог: https://srb.guide/map/beograd-sonder-belgrade-65ae44f2b463<br>Гугл ссылка: https://www.google.com/maps/search/?api=1&amp;query=44.80173,20.473871&amp;query_place_id=ChIJv8KomMVxWkcRJGkA0CiwNFs<br>Рейтинг: 4.3]]></description>
        <styleUrl>#icon-1899-DB4436</styleUrl>
        <ExtendedData>
          <Data name="description">
            <value><![CDATA[COFFEE ROASTERY & CAFE

Не сеть]]></value>
          </Data>
          <Data name="Категория">
            <value>Кафе и рестораны</value>
          </Data>
          <Data name="Каталог">
            <value>https://srb.guide/map/beograd-sonder-belgrade-65ae44f2b463</value>
          </Data>
          <Data name="Гугл ссылка">
            <value><![CDATA[https://www.google.com/maps/search/?api=1&amp;query=44.80173,20.473871&amp;query_place_id=ChIJv8KomMVxWkcRJGkA0CiwNFs]]></value>
          </Data>
          <Data name="Рейтинг">
            <value>4.3</value>
          </Data>
        </ExtendedData>
        <Point>
          <coordinates>
            20.473871,44.80173,0
          </coordinates>
        </Point>
      </Placemark>
      <Placemark>
        <name>beograd · Stories</name>
        <description><![CDATA[description: Грузинская кухня<br><br>Не сеть<br>Категория: Кафе и рестораны<br>Каталог: https://srb.guide/map/beograd-stories-a7ff7f80c060<br>Гугл ссылка: https://www.google.com/maps/search/?api=1&amp;query=44.823206,20.455557&amp;query_place_id=ChIJM5ZnmBNlWkcRvQ-LstvzbfY<br>Рейтинг: 4.6]]></description>
        <styleUrl>#icon-1899-DB4436</styleUrl>
        <ExtendedData>
          <Data name="description">
            <value>Грузинская кухня

Не сеть</value>
          </Data>
          <Data name="Категория">
            <value>Кафе и рестораны</value>
          </Data>
          <Data name="Каталог">
            <value>https://srb.guide/map/beograd-stories-a7ff7f80c060</value>
          </Data>
          <Data name="Гугл ссылка">
            <value><![CDATA[https://www.google.com/maps/search/?api=1&amp;query=44.823206,20.455557&amp;query_place_id=ChIJM5ZnmBNlWkcRvQ-LstvzbfY]]></value>
          </Data>
          <Data name="Рейтинг">
            <value>4.6</value>
          </Data>
        </ExtendedData>
        <Point>
          <coordinates>
            20.455557,44.823206,0
          </coordinates>
        </Point>
      </Placemark>
      <Placemark>
        <name>beograd · Sushi Tempo</name>
        <description><![CDATA[description: Не сеть<br>Категория: Кафе и рестораны<br>Каталог: https://srb.guide/map/beograd-sushi-tempo-b39cd324fed8<br>Гугл ссылка: https://www.google.com/maps/search/?api=1&amp;query=44.828543,20.462933&amp;query_place_id=ChIJo1RQ93BlWkcRhTriTHCmSak<br>Рейтинг: 4.4]]></description>
        <styleUrl>#icon-1899-DB4436</styleUrl>
        <ExtendedData>
          <Data name="description">
            <value>Не сеть</value>
          </Data>
          <Data name="Категория">
            <value>Кафе и рестораны</value>
          </Data>
          <Data name="Каталог">
            <value>https://srb.guide/map/beograd-sushi-tempo-b39cd324fed8</value>
          </Data>
          <Data name="Гугл ссылка">
            <value><![CDATA[https://www.google.com/maps/search/?api=1&amp;query=44.828543,20.462933&amp;query_place_id=ChIJo1RQ93BlWkcRhTriTHCmSak]]></value>
          </Data>
          <Data name="Рейтинг">
            <value>4.4</value>
          </Data>
        </ExtendedData>
        <Point>
          <coordinates>
            20.462933,44.828543,0
          </coordinates>
        </Point>
      </Placemark>
      <Placemark>
        <name>beograd · Sushi Tempo Vozdovac</name>
        <description><![CDATA[description: Не сеть<br>Категория: Кафе и рестораны<br>Каталог: https://srb.guide/map/beograd-sushi-tempo-vozdovac-24960f789c9a<br>Гугл ссылка: https://www.google.com/maps/search/?api=1&amp;query=44.779914,20.472579&amp;query_place_id=ChIJXenRYF1xWkcRIumD0XHTiXA<br>Рейтинг: 4.3]]></description>
        <styleUrl>#icon-1899-DB4436</styleUrl>
        <ExtendedData>
          <Data name="description">
            <value>Не сеть</value>
          </Data>
          <Data name="Категория">
            <value>Кафе и рестораны</value>
          </Data>
          <Data name="Каталог">
            <value>https://srb.guide/map/beograd-sushi-tempo-vozdovac-24960f789c9a</value>
          </Data>
          <Data name="Гугл ссылка">
            <value><![CDATA[https://www.google.com/maps/search/?api=1&amp;query=44.779914,20.472579&amp;query_place_id=ChIJXenRYF1xWkcRIumD0XHTiXA]]></value>
          </Data>
          <Data name="Рейтинг">
            <value>4.3</value>
          </Data>
        </ExtendedData>
        <Point>
          <coordinates>
            20.472579,44.779914,0
          </coordinates>
        </Point>
      </Placemark>
      <Placemark>
        <name>beograd · Sushi XO</name>
        <description><![CDATA[description: Не сеть<br>Категория: Кафе и рестораны<br>Каталог: https://srb.guide/map/beograd-sushi-xo-13c253323823<br>Гугл ссылка: https://www.google.com/maps/search/?api=1&amp;query=44.805643,20.409793&amp;query_place_id=ChIJW8P_V-dvWkcRJCtcEkwZwTo<br>Рейтинг: 4.8]]></description>
        <styleUrl>#icon-1899-DB4436</styleUrl>
        <ExtendedData>
          <Data name="description">
            <value>Не сеть</value>
          </Data>
          <Data name="Категория">
            <value>Кафе и рестораны</value>
          </Data>
          <Data name="Каталог">
            <value>https://srb.guide/map/beograd-sushi-xo-13c253323823</value>
          </Data>
          <Data name="Гугл ссылка">
            <value><![CDATA[https://www.google.com/maps/search/?api=1&amp;query=44.805643,20.409793&amp;query_place_id=ChIJW8P_V-dvWkcRJCtcEkwZwTo]]></value>
          </Data>
          <Data name="Рейтинг">
            <value>4.8</value>
          </Data>
        </ExtendedData>
        <Point>
          <coordinates>
            20.409793,44.805643,0
          </coordinates>
        </Point>
      </Placemark>
      <Placemark>
        <name>beograd · Sushiboks ADA</name>
        <description><![CDATA[description: Суши<br><br>Не сеть<br>Категория: Кафе и рестораны<br>Каталог: https://srb.guide/map/beograd-sushiboks-ada-654e62e09751<br>Гугл ссылка: https://www.google.com/maps/search/?api=1&amp;query=44.786842,20.417767&amp;query_place_id=ChIJefDpxUNvWkcRreCj6CozTXY<br>Рейтинг: 4.8]]></description>
        <styleUrl>#icon-1899-DB4436</styleUrl>
        <ExtendedData>
          <Data name="description">
            <value>Суши

Не сеть</value>
          </Data>
          <Data name="Категория">
            <value>Кафе и рестораны</value>
          </Data>
          <Data name="Каталог">
            <value>https://srb.guide/map/beograd-sushiboks-ada-654e62e09751</value>
          </Data>
          <Data name="Гугл ссылка">
            <value><![CDATA[https://www.google.com/maps/search/?api=1&amp;query=44.786842,20.417767&amp;query_place_id=ChIJefDpxUNvWkcRreCj6CozTXY]]></value>
          </Data>
          <Data name="Рейтинг">
            <value>4.8</value>
          </Data>
        </ExtendedData>
        <Point>
          <coordinates>
            20.417767,44.786842,0
          </coordinates>
        </Point>
      </Placemark>
      <Placemark>
        <name>beograd · TT Asia</name>
        <description><![CDATA[description: Не сеть<br>Категория: Кафе и рестораны<br>Каталог: https://srb.guide/map/beograd-tt-asia-98f3ee7b9a71<br>Гугл ссылка: https://www.google.com/maps/search/?api=1&amp;query=44.82788,20.458834&amp;query_place_id=ChIJZ_Rij3tlWkcR1unoaK6WYm4<br>Рейтинг: 4.7]]></description>
        <styleUrl>#icon-1899-DB4436</styleUrl>
        <ExtendedData>
          <Data name="description">
            <value>Не сеть</value>
          </Data>
          <Data name="Категория">
            <value>Кафе и рестораны</value>
          </Data>
          <Data name="Каталог">
            <value>https://srb.guide/map/beograd-tt-asia-98f3ee7b9a71</value>
          </Data>
          <Data name="Гугл ссылка">
            <value><![CDATA[https://www.google.com/maps/search/?api=1&amp;query=44.82788,20.458834&amp;query_place_id=ChIJZ_Rij3tlWkcR1unoaK6WYm4]]></value>
          </Data>
          <Data name="Рейтинг">
            <value>4.7</value>
          </Data>
        </ExtendedData>
        <Point>
          <coordinates>
            20.458834,44.82788,0
          </coordinates>
        </Point>
      </Placemark>
      <Placemark>
        <name>beograd · TT Bistro</name>
        <description><![CDATA[description: Не сеть<br>Категория: Кафе и рестораны<br>Каталог: https://srb.guide/map/beograd-tt-bistro-8c12c4fc815e<br>Гугл ссылка: https://www.google.com/maps/search/?api=1&amp;query=44.822142,20.456593&amp;query_place_id=ChIJqSsS8WFlWkcRhdBukdSckQA<br>Рейтинг: 4.5]]></description>
        <styleUrl>#icon-1899-DB4436</styleUrl>
        <ExtendedData>
          <Data name="description">
            <value>Не сеть</value>
          </Data>
          <Data name="Категория">
            <value>Кафе и рестораны</value>
          </Data>
          <Data name="Каталог">
            <value>https://srb.guide/map/beograd-tt-bistro-8c12c4fc815e</value>
          </Data>
          <Data name="Гугл ссылка">
            <value><![CDATA[https://www.google.com/maps/search/?api=1&amp;query=44.822142,20.456593&amp;query_place_id=ChIJqSsS8WFlWkcRhdBukdSckQA]]></value>
          </Data>
          <Data name="Рейтинг">
            <value>4.5</value>
          </Data>
        </ExtendedData>
        <Point>
          <coordinates>
            20.456593,44.822142,0
          </coordinates>
        </Point>
      </Placemark>
      <Placemark>
        <name>beograd · TT Bistro BW</name>
        <description><![CDATA[description: Не сеть<br>Категория: Кафе и рестораны<br>Каталог: https://srb.guide/map/beograd-tt-bistro-bw-ab2d0b4000cd<br>Гугл ссылка: https://www.google.com/maps/search/?api=1&amp;query=44.801639,20.448084&amp;query_place_id=ChIJNep4jcJ_WkcR1WV7GEAhZK8<br>Рейтинг: 4.6]]></description>
        <styleUrl>#icon-1899-DB4436</styleUrl>
        <ExtendedData>
          <Data name="description">
            <value>Не сеть</value>
          </Data>
          <Data name="Категория">
            <value>Кафе и рестораны</value>
          </Data>
          <Data name="Каталог">
            <value>https://srb.guide/map/beograd-tt-bistro-bw-ab2d0b4000cd</value>
          </Data>
          <Data name="Гугл ссылка">
            <value><![CDATA[https://www.google.com/maps/search/?api=1&amp;query=44.801639,20.448084&amp;query_place_id=ChIJNep4jcJ_WkcR1WV7GEAhZK8]]></value>
          </Data>
          <Data name="Рейтинг">
            <value>4.6</value>
          </Data>
        </ExtendedData>
        <Point>
          <coordinates>
            20.448084,44.801639,0
          </coordinates>
        </Point>
      </Placemark>
      <Placemark>
        <name>beograd · Teel cafe</name>
        <description><![CDATA[description: Не сеть<br>Категория: Кафе и рестораны<br>Каталог: https://srb.guide/map/beograd-teel-cafe-fc19c698ed7f<br>Гугл ссылка: https://www.google.com/maps/search/?api=1&amp;query=44.79825,20.484618&amp;query_place_id=ChIJn2Xnf9txWkcRjwEJ8yQb45M<br>Рейтинг: ]]></description>
        <styleUrl>#icon-1899-DB4436</styleUrl>
        <ExtendedData>
          <Data name="description">
            <value>Не сеть</value>
          </Data>
          <Data name="Категория">
            <value>Кафе и рестораны</value>
          </Data>
          <Data name="Каталог">
            <value>https://srb.guide/map/beograd-teel-cafe-fc19c698ed7f</value>
          </Data>
          <Data name="Гугл ссылка">
            <value><![CDATA[https://www.google.com/maps/search/?api=1&amp;query=44.79825,20.484618&amp;query_place_id=ChIJn2Xnf9txWkcRjwEJ8yQb45M]]></value>
          </Data>
          <Data name="Рейтинг">
            <value/>
          </Data>
        </ExtendedData>
        <Point>
          <coordinates>
            20.484618,44.79825,0
          </coordinates>
        </Point>
      </Placemark>
      <Placemark>
        <name>beograd · TrueRamen</name>
        <description><![CDATA[description: Ramen<br><br>Не сеть<br>Категория: Кафе и рестораны<br>Каталог: https://srb.guide/map/beograd-trueramen-d940fc20fb52<br>Гугл ссылка: https://www.google.com/maps/search/?api=1&amp;query=44.814804,20.455892&amp;query_place_id=ChIJZ2vY1e57WkcRK2YW2HJ-698<br>Рейтинг: 4.7]]></description>
        <styleUrl>#icon-1899-DB4436</styleUrl>
        <ExtendedData>
          <Data name="description">
            <value>Ramen

Не сеть</value>
          </Data>
          <Data name="Категория">
            <value>Кафе и рестораны</value>
          </Data>
          <Data name="Каталог">
            <value>https://srb.guide/map/beograd-trueramen-d940fc20fb52</value>
          </Data>
          <Data name="Гугл ссылка">
            <value><![CDATA[https://www.google.com/maps/search/?api=1&amp;query=44.814804,20.455892&amp;query_place_id=ChIJZ2vY1e57WkcRK2YW2HJ-698]]></value>
          </Data>
          <Data name="Рейтинг">
            <value>4.7</value>
          </Data>
        </ExtendedData>
        <Point>
          <coordinates>
            20.455892,44.814804,0
          </coordinates>
        </Point>
      </Placemark>
      <Placemark>
        <name>beograd · URA! Russian dumplings</name>
        <description><![CDATA[description: Сеть: URA! Russian dumplings<br>Категория: Кафе и рестораны<br>Каталог: https://srb.guide/map/beograd-ura-russian-dumplings-08c37e23f22f<br>Гугл ссылка: https://www.google.com/maps/search/?api=1&amp;query=44.813669,20.453561&amp;query_place_id=ChIJvXqZOX5lWkcRcvLw9ME53E4<br>Рейтинг: 4.8]]></description>
        <styleUrl>#icon-1899-DB4436</styleUrl>
        <ExtendedData>
          <Data name="description">
            <value>Сеть: URA! Russian dumplings</value>
          </Data>
          <Data name="Категория">
            <value>Кафе и рестораны</value>
          </Data>
          <Data name="Каталог">
            <value>https://srb.guide/map/beograd-ura-russian-dumplings-08c37e23f22f</value>
          </Data>
          <Data name="Гугл ссылка">
            <value><![CDATA[https://www.google.com/maps/search/?api=1&amp;query=44.813669,20.453561&amp;query_place_id=ChIJvXqZOX5lWkcRcvLw9ME53E4]]></value>
          </Data>
          <Data name="Рейтинг">
            <value>4.8</value>
          </Data>
        </ExtendedData>
        <Point>
          <coordinates>
            20.453561,44.813669,0
          </coordinates>
        </Point>
      </Placemark>
      <Placemark>
        <name><![CDATA[beograd · Uzbechka Pekara & Restoran]]></name>
        <description><![CDATA[description: ресторан узбекской кухни<br><br>Не сеть<br>Категория: Кафе и рестораны<br>Каталог: https://srb.guide/map/beograd-uzbechka-pekara-restoran-749bb89c4ea9<br>Гугл ссылка: https://www.google.com/maps/search/?api=1&amp;query=44.75736,20.454319&amp;query_place_id=ChIJa7tph7VxWkcRzEYKERc_fA0<br>Рейтинг: 4.6]]></description>
        <styleUrl>#icon-1899-DB4436</styleUrl>
        <ExtendedData>
          <Data name="description">
            <value>ресторан узбекской кухни

Не сеть</value>
          </Data>
          <Data name="Категория">
            <value>Кафе и рестораны</value>
          </Data>
          <Data name="Каталог">
            <value>https://srb.guide/map/beograd-uzbechka-pekara-restoran-749bb89c4ea9</value>
          </Data>
          <Data name="Гугл ссылка">
            <value><![CDATA[https://www.google.com/maps/search/?api=1&amp;query=44.75736,20.454319&amp;query_place_id=ChIJa7tph7VxWkcRzEYKERc_fA0]]></value>
          </Data>
          <Data name="Рейтинг">
            <value>4.6</value>
          </Data>
        </ExtendedData>
        <Point>
          <coordinates>
            20.454319,44.75736,0
          </coordinates>
        </Point>
      </Placemark>
      <Placemark>
        <name>beograd · Vera Cafè — Specialty Coffee</name>
        <description><![CDATA[description: Не сеть<br>Категория: Кафе и рестораны<br>Каталог: https://srb.guide/map/beograd-vera-cafè-specialty-coffee-5c6957711ea6<br>Гугл ссылка: https://www.google.com/maps/search/?api=1&amp;query=44.818433,20.454482&amp;query_place_id=ChIJX9DG2uBlWkcR9Kj3kFicqxQ<br>Рейтинг: ]]></description>
        <styleUrl>#icon-1899-DB4436</styleUrl>
        <ExtendedData>
          <Data name="description">
            <value>Не сеть</value>
          </Data>
          <Data name="Категория">
            <value>Кафе и рестораны</value>
          </Data>
          <Data name="Каталог">
            <value>https://srb.guide/map/beograd-vera-cafè-specialty-coffee-5c6957711ea6</value>
          </Data>
          <Data name="Гугл ссылка">
            <value><![CDATA[https://www.google.com/maps/search/?api=1&amp;query=44.818433,20.454482&amp;query_place_id=ChIJX9DG2uBlWkcR9Kj3kFicqxQ]]></value>
          </Data>
          <Data name="Рейтинг">
            <value/>
          </Data>
        </ExtendedData>
        <Point>
          <coordinates>
            20.454482,44.818433,0
          </coordinates>
        </Point>
      </Placemark>
      <Placemark>
        <name>beograd · Vraperija Dorćol</name>
        <description><![CDATA[description: шаверма https://vraperija.rs/  Не сеть<br>Категория: Кафе и рестораны<br>Каталог: https://srb.guide/map/beograd-vraperija-dorćol-0e5732f70eed<br>Гугл ссылка: https://www.google.com/maps/search/?api=1&amp;query=44.824359,20.457518&amp;query_place_id=ChIJxXiTIF97WkcRhh4wAjgfKIc<br>Рейтинг: 4.4]]></description>
        <styleUrl>#icon-1899-DB4436</styleUrl>
        <ExtendedData>
          <Data name="description">
            <value>шаверма https://vraperija.rs/  Не сеть</value>
          </Data>
          <Data name="Категория">
            <value>Кафе и рестораны</value>
          </Data>
          <Data name="Каталог">
            <value>https://srb.guide/map/beograd-vraperija-dorćol-0e5732f70eed</value>
          </Data>
          <Data name="Гугл ссылка">
            <value><![CDATA[https://www.google.com/maps/search/?api=1&amp;query=44.824359,20.457518&amp;query_place_id=ChIJxXiTIF97WkcRhh4wAjgfKIc]]></value>
          </Data>
          <Data name="Рейтинг">
            <value>4.4</value>
          </Data>
        </ExtendedData>
        <Point>
          <coordinates>
            20.457518,44.824359,0
          </coordinates>
        </Point>
      </Placemark>
      <Placemark>
        <name>beograd · Waffle Heart</name>
        <description><![CDATA[description: кофейня<br><br>Не сеть<br>Категория: Кафе и рестораны<br>Каталог: https://srb.guide/map/beograd-waffle-heart-5046252b0bb2<br>Гугл ссылка: https://www.google.com/maps/search/?api=1&amp;query=44.80069,20.471008&amp;query_place_id=ChIJAaKYG59xWkcRGXqpgLbnk1I<br>Рейтинг: ]]></description>
        <styleUrl>#icon-1899-DB4436</styleUrl>
        <ExtendedData>
          <Data name="description">
            <value>кофейня

Не сеть</value>
          </Data>
          <Data name="Категория">
            <value>Кафе и рестораны</value>
          </Data>
          <Data name="Каталог">
            <value>https://srb.guide/map/beograd-waffle-heart-5046252b0bb2</value>
          </Data>
          <Data name="Гугл ссылка">
            <value><![CDATA[https://www.google.com/maps/search/?api=1&amp;query=44.80069,20.471008&amp;query_place_id=ChIJAaKYG59xWkcRGXqpgLbnk1I]]></value>
          </Data>
          <Data name="Рейтинг">
            <value/>
          </Data>
        </ExtendedData>
        <Point>
          <coordinates>
            20.471008,44.80069,0
          </coordinates>
        </Point>
      </Placemark>
      <Placemark>
        <name>beograd · Waffle Heart Zemun</name>
        <description><![CDATA[description: Не сеть<br>Категория: Кафе и рестораны<br>Каталог: https://srb.guide/map/beograd-waffle-heart-zemun-dce54c75de1c<br>Гугл ссылка: https://www.google.com/maps/search/?api=1&amp;query=44.845929,20.412378&amp;query_place_id=ChIJne8xpxt7WkcRRRKN1J3X5qI<br>Рейтинг: 4.9]]></description>
        <styleUrl>#icon-1899-DB4436</styleUrl>
        <ExtendedData>
          <Data name="description">
            <value>Не сеть</value>
          </Data>
          <Data name="Категория">
            <value>Кафе и рестораны</value>
          </Data>
          <Data name="Каталог">
            <value>https://srb.guide/map/beograd-waffle-heart-zemun-dce54c75de1c</value>
          </Data>
          <Data name="Гугл ссылка">
            <value><![CDATA[https://www.google.com/maps/search/?api=1&amp;query=44.845929,20.412378&amp;query_place_id=ChIJne8xpxt7WkcRRRKN1J3X5qI]]></value>
          </Data>
          <Data name="Рейтинг">
            <value>4.9</value>
          </Data>
        </ExtendedData>
        <Point>
          <coordinates>
            20.412378,44.845929,0
          </coordinates>
        </Point>
      </Placemark>
      <Placemark>
        <name>beograd · t element (tea bar/shop)</name>
        <description><![CDATA[description: Tea Bar & Shop in Belgrade<br><br>Не сеть<br>Категория: Кафе и рестораны<br>Каталог: https://srb.guide/map/beograd-t-element-tea-bar-shop-cd75d98c8365<br>Гугл ссылка: https://www.google.com/maps/search/?api=1&amp;query=44.808656,20.467135&amp;query_place_id=ChIJ_dkFC6B7WkcRlwSDDrjGkTY<br>Рейтинг: 4.8]]></description>
        <styleUrl>#icon-1899-DB4436</styleUrl>
        <ExtendedData>
          <Data name="description">
            <value><![CDATA[Tea Bar & Shop in Belgrade

Не сеть]]></value>
          </Data>
          <Data name="Категория">
            <value>Кафе и рестораны</value>
          </Data>
          <Data name="Каталог">
            <value>https://srb.guide/map/beograd-t-element-tea-bar-shop-cd75d98c8365</value>
          </Data>
          <Data name="Гугл ссылка">
            <value><![CDATA[https://www.google.com/maps/search/?api=1&amp;query=44.808656,20.467135&amp;query_place_id=ChIJ_dkFC6B7WkcRlwSDDrjGkTY]]></value>
          </Data>
          <Data name="Рейтинг">
            <value>4.8</value>
          </Data>
        </ExtendedData>
        <Point>
          <coordinates>
            20.467135,44.808656,0
          </coordinates>
        </Point>
      </Placemark>
      <Placemark>
        <name>beograd · ДЕСЕРТЫ • ТОРТЫ | torte •kolaci Beograd</name>
        <description><![CDATA[description: Не сеть<br>Категория: Кафе и рестораны<br>Каталог: https://srb.guide/map/beograd-десерты-торты-torte-kolaci-beograd-c33a529f529e<br>Гугл ссылка: https://www.google.com/maps/search/?api=1&amp;query=44.800064,20.466792&amp;query_place_id=ChIJmSLivgtwWkcR6NCj_9FAWqE<br>Рейтинг: 4.4]]></description>
        <styleUrl>#icon-1899-DB4436</styleUrl>
        <ExtendedData>
          <Data name="description">
            <value>Не сеть</value>
          </Data>
          <Data name="Категория">
            <value>Кафе и рестораны</value>
          </Data>
          <Data name="Каталог">
            <value>https://srb.guide/map/beograd-десерты-торты-torte-kolaci-beograd-c33a529f529e</value>
          </Data>
          <Data name="Гугл ссылка">
            <value><![CDATA[https://www.google.com/maps/search/?api=1&amp;query=44.800064,20.466792&amp;query_place_id=ChIJmSLivgtwWkcR6NCj_9FAWqE]]></value>
          </Data>
          <Data name="Рейтинг">
            <value>4.4</value>
          </Data>
        </ExtendedData>
        <Point>
          <coordinates>
            20.466792,44.800064,0
          </coordinates>
        </Point>
      </Placemark>
      <Placemark>
        <name>beograd · ПИТЕР шаверма славия</name>
        <description><![CDATA[description: https://piter.rs/  Не сеть<br>Категория: Кафе и рестораны<br>Каталог: https://srb.guide/map/beograd-питер-шаверма-славия-5797a3eb8829<br>Гугл ссылка: https://www.google.com/maps/search/?api=1&amp;query=44.806528,20.467683&amp;query_place_id=ChIJH2WLr05xWkcRDNYJTxZg8LQ<br>Рейтинг: 4.2]]></description>
        <styleUrl>#icon-1899-DB4436</styleUrl>
        <ExtendedData>
          <Data name="description">
            <value>https://piter.rs/  Не сеть</value>
          </Data>
          <Data name="Категория">
            <value>Кафе и рестораны</value>
          </Data>
          <Data name="Каталог">
            <value>https://srb.guide/map/beograd-питер-шаверма-славия-5797a3eb8829</value>
          </Data>
          <Data name="Гугл ссылка">
            <value><![CDATA[https://www.google.com/maps/search/?api=1&amp;query=44.806528,20.467683&amp;query_place_id=ChIJH2WLr05xWkcRDNYJTxZg8LQ]]></value>
          </Data>
          <Data name="Рейтинг">
            <value>4.2</value>
          </Data>
        </ExtendedData>
        <Point>
          <coordinates>
            20.467683,44.806528,0
          </coordinates>
        </Point>
      </Placemark>
      <Placemark>
        <name>beograd · НИТЬ: пространство для психологов</name>
        <description><![CDATA[description: Не сеть<br>Категория: Разное<br>Каталог: https://srb.guide/map/beograd-нить-пространство-для-психологов-ec46229efe91<br>Гугл ссылка: https://www.google.com/maps/search/?api=1&amp;query=44.81376,20.471461&amp;query_place_id=ChIJFx4_LgB7WkcRW3jXsTwHhQM<br>Рейтинг: 5.0]]></description>
        <styleUrl>#icon-1899-DB4436</styleUrl>
        <ExtendedData>
          <Data name="description">
            <value>Не сеть</value>
          </Data>
          <Data name="Категория">
            <value>Разное</value>
          </Data>
          <Data name="Каталог">
            <value>https://srb.guide/map/beograd-нить-пространство-для-психологов-ec46229efe91</value>
          </Data>
          <Data name="Гугл ссылка">
            <value><![CDATA[https://www.google.com/maps/search/?api=1&amp;query=44.81376,20.471461&amp;query_place_id=ChIJFx4_LgB7WkcRW3jXsTwHhQM]]></value>
          </Data>
          <Data name="Рейтинг">
            <value>5.0</value>
          </Data>
        </ExtendedData>
        <Point>
          <coordinates>
            20.471461,44.81376,0
          </coordinates>
        </Point>
      </Placemark>
      <Placemark>
        <name>beograd · Adaptacija Space</name>
        <description><![CDATA[description: Площадка для проведения мероприятий, мастер-классов, лекции или праздников  https://adaptacija.tilda.ws/#rec591876555  Не сеть<br>Категория: Услуги и офисы<br>Каталог: https://srb.guide/map/beograd-adaptacija-space-71b4b301ff9b<br>Гугл ссылка: https://www.google.com/maps/search/?api=1&amp;query=44.817571,20.470242&amp;query_place_id=ChIJq32UU7d6WkcRlf5q6NGAw28<br>Рейтинг: 4.8]]></description>
        <styleUrl>#icon-1899-DB4436</styleUrl>
        <ExtendedData>
          <Data name="description">
            <value>Площадка для проведения мероприятий, мастер-классов, лекции или праздников  https://adaptacija.tilda.ws/#rec591876555  Не сеть</value>
          </Data>
          <Data name="Категория">
            <value>Услуги и офисы</value>
          </Data>
          <Data name="Каталог">
            <value>https://srb.guide/map/beograd-adaptacija-space-71b4b301ff9b</value>
          </Data>
          <Data name="Гугл ссылка">
            <value><![CDATA[https://www.google.com/maps/search/?api=1&amp;query=44.817571,20.470242&amp;query_place_id=ChIJq32UU7d6WkcRlf5q6NGAw28]]></value>
          </Data>
          <Data name="Рейтинг">
            <value>4.8</value>
          </Data>
        </ExtendedData>
        <Point>
          <coordinates>
            20.470242,44.817571,0
          </coordinates>
        </Point>
      </Placemark>
      <Placemark>
        <name>beograd · AlfaMedStar</name>
        <description><![CDATA[description: Частная клиника https://alfamedstar.rs/  Не сеть<br>Категория: Услуги и офисы<br>Каталог: https://srb.guide/map/beograd-alfamedstar-39f2f5239446<br>Гугл ссылка: https://www.google.com/maps/search/?api=1&amp;query=44.811027,20.434283&amp;query_place_id=ChIJI7a9mm17WkcRQ-hPWsbAXRU<br>Рейтинг: ]]></description>
        <styleUrl>#icon-1899-DB4436</styleUrl>
        <ExtendedData>
          <Data name="description">
            <value>Частная клиника https://alfamedstar.rs/  Не сеть</value>
          </Data>
          <Data name="Категория">
            <value>Услуги и офисы</value>
          </Data>
          <Data name="Каталог">
            <value>https://srb.guide/map/beograd-alfamedstar-39f2f5239446</value>
          </Data>
          <Data name="Гугл ссылка">
            <value><![CDATA[https://www.google.com/maps/search/?api=1&amp;query=44.811027,20.434283&amp;query_place_id=ChIJI7a9mm17WkcRQ-hPWsbAXRU]]></value>
          </Data>
          <Data name="Рейтинг">
            <value/>
          </Data>
        </ExtendedData>
        <Point>
          <coordinates>
            20.434283,44.811027,0
          </coordinates>
        </Point>
      </Placemark>
      <Placemark>
        <name>beograd · CITILAB</name>
        <description><![CDATA[description: Русскоязычная лаборатория и поликлиника<br><br>Не сеть<br>Категория: Услуги и офисы<br>Каталог: https://srb.guide/map/beograd-citilab-af1acc19db95<br>Гугл ссылка: https://www.google.com/maps/search/?api=1&amp;query=44.795878,20.473359&amp;query_place_id=ChIJbfMovKpxWkcR21VUhklN75Y<br>Рейтинг: ]]></description>
        <styleUrl>#icon-1899-DB4436</styleUrl>
        <ExtendedData>
          <Data name="description">
            <value>Русскоязычная лаборатория и поликлиника

Не сеть</value>
          </Data>
          <Data name="Категория">
            <value>Услуги и офисы</value>
          </Data>
          <Data name="Каталог">
            <value>https://srb.guide/map/beograd-citilab-af1acc19db95</value>
          </Data>
          <Data name="Гугл ссылка">
            <value><![CDATA[https://www.google.com/maps/search/?api=1&amp;query=44.795878,20.473359&amp;query_place_id=ChIJbfMovKpxWkcR21VUhklN75Y]]></value>
          </Data>
          <Data name="Рейтинг">
            <value/>
          </Data>
        </ExtendedData>
        <Point>
          <coordinates>
            20.473359,44.795878,0
          </coordinates>
        </Point>
      </Placemark>
      <Placemark>
        <name>beograd · EXPRESS LAUNDRY Perionica Vesa May - Pranje i Peglanje</name>
        <description><![CDATA[description: Прачечная<br><br>Не сеть<br>Категория: Услуги и офисы<br>Каталог: https://srb.guide/map/beograd-express-laundry-perionica-vesa-may-pranje-i-peglanje-9e09cbc7d0c2<br>Гугл ссылка: https://www.google.com/maps/search/?api=1&amp;query=44.802586,20.453105&amp;query_place_id=ChIJQU6govlxWkcRzjO1ejFSW_0<br>Рейтинг: 4.7]]></description>
        <styleUrl>#icon-1899-DB4436</styleUrl>
        <ExtendedData>
          <Data name="description">
            <value>Прачечная

Не сеть</value>
          </Data>
          <Data name="Категория">
            <value>Услуги и офисы</value>
          </Data>
          <Data name="Каталог">
            <value>https://srb.guide/map/beograd-express-laundry-perionica-vesa-may-pranje-i-peglanje-9e09cbc7d0c2</value>
          </Data>
          <Data name="Гугл ссылка">
            <value><![CDATA[https://www.google.com/maps/search/?api=1&amp;query=44.802586,20.453105&amp;query_place_id=ChIJQU6govlxWkcRzjO1ejFSW_0]]></value>
          </Data>
          <Data name="Рейтинг">
            <value>4.7</value>
          </Data>
        </ExtendedData>
        <Point>
          <coordinates>
            20.453105,44.802586,0
          </coordinates>
        </Point>
      </Placemark>
      <Placemark>
        <name>beograd · OnWheels</name>
        <description><![CDATA[description: Прокат самокатов/велосипедов/машин<br><br>Не сеть<br>Категория: Услуги и офисы<br>Каталог: https://srb.guide/map/beograd-onwheels-c7dde26f21e4<br>Гугл ссылка: https://www.google.com/maps/search/?api=1&amp;query=44.784555,20.484181&amp;query_place_id=ChIJ3zu6_SBxWkcRQLppq1A5QI8<br>Рейтинг: ]]></description>
        <styleUrl>#icon-1899-DB4436</styleUrl>
        <ExtendedData>
          <Data name="description">
            <value>Прокат самокатов/велосипедов/машин

Не сеть</value>
          </Data>
          <Data name="Категория">
            <value>Услуги и офисы</value>
          </Data>
          <Data name="Каталог">
            <value>https://srb.guide/map/beograd-onwheels-c7dde26f21e4</value>
          </Data>
          <Data name="Гугл ссылка">
            <value><![CDATA[https://www.google.com/maps/search/?api=1&amp;query=44.784555,20.484181&amp;query_place_id=ChIJ3zu6_SBxWkcRQLppq1A5QI8]]></value>
          </Data>
          <Data name="Рейтинг">
            <value/>
          </Data>
        </ExtendedData>
        <Point>
          <coordinates>
            20.484181,44.784555,0
          </coordinates>
        </Point>
      </Placemark>
      <Placemark>
        <name>beograd · Palkin Dental Center</name>
        <description><![CDATA[description: русско-сербская стоматология<br><br>Не сеть<br>Категория: Услуги и офисы<br>Каталог: https://srb.guide/map/beograd-palkin-dental-center-aab22294ec16<br>Гугл ссылка: https://www.google.com/maps/search/?api=1&amp;query=44.802035,20.465226&amp;query_place_id=ChIJgaivT9k64y8RPEY_nErcnUE<br>Рейтинг: 4.6]]></description>
        <styleUrl>#icon-1899-DB4436</styleUrl>
        <ExtendedData>
          <Data name="description">
            <value>русско-сербская стоматология

Не сеть</value>
          </Data>
          <Data name="Категория">
            <value>Услуги и офисы</value>
          </Data>
          <Data name="Каталог">
            <value>https://srb.guide/map/beograd-palkin-dental-center-aab22294ec16</value>
          </Data>
          <Data name="Гугл ссылка">
            <value><![CDATA[https://www.google.com/maps/search/?api=1&amp;query=44.802035,20.465226&amp;query_place_id=ChIJgaivT9k64y8RPEY_nErcnUE]]></value>
          </Data>
          <Data name="Рейтинг">
            <value>4.6</value>
          </Data>
        </ExtendedData>
        <Point>
          <coordinates>
            20.465226,44.802035,0
          </coordinates>
        </Point>
      </Placemark>
      <Placemark>
        <name>beograd · Stark Travel</name>
        <description><![CDATA[description: турагентство<br><br>Не сеть<br>Категория: Услуги и офисы<br>Каталог: https://srb.guide/map/beograd-stark-travel-0eeb61407bdb<br>Гугл ссылка: https://www.google.com/maps/search/?api=1&amp;query=44.815567,20.458009&amp;query_place_id=ChIJc_M-y6l7WkcRSwO6OyPUGB0<br>Рейтинг: 5.0]]></description>
        <styleUrl>#icon-1899-DB4436</styleUrl>
        <ExtendedData>
          <Data name="description">
            <value>турагентство

Не сеть</value>
          </Data>
          <Data name="Категория">
            <value>Услуги и офисы</value>
          </Data>
          <Data name="Каталог">
            <value>https://srb.guide/map/beograd-stark-travel-0eeb61407bdb</value>
          </Data>
          <Data name="Гугл ссылка">
            <value><![CDATA[https://www.google.com/maps/search/?api=1&amp;query=44.815567,20.458009&amp;query_place_id=ChIJc_M-y6l7WkcRSwO6OyPUGB0]]></value>
          </Data>
          <Data name="Рейтинг">
            <value>5.0</value>
          </Data>
        </ExtendedData>
        <Point>
          <coordinates>
            20.458009,44.815567,0
          </coordinates>
        </Point>
      </Placemark>
      <Placemark>
        <name>beograd · SvetloSpace</name>
        <description><![CDATA[description: Кооворкинг<br><br>Не сеть<br>Категория: Услуги и офисы<br>Каталог: https://srb.guide/map/beograd-svetlospace-4c11184bb3ba<br>Гугл ссылка: https://www.google.com/maps/search/?api=1&amp;query=44.818722,20.460337&amp;query_place_id=ChIJb425U3l7WkcRzyCQ3rriu-A<br>Рейтинг: ]]></description>
        <styleUrl>#icon-1899-DB4436</styleUrl>
        <ExtendedData>
          <Data name="description">
            <value>Кооворкинг

Не сеть</value>
          </Data>
          <Data name="Категория">
            <value>Услуги и офисы</value>
          </Data>
          <Data name="Каталог">
            <value>https://srb.guide/map/beograd-svetlospace-4c11184bb3ba</value>
          </Data>
          <Data name="Гугл ссылка">
            <value><![CDATA[https://www.google.com/maps/search/?api=1&amp;query=44.818722,20.460337&amp;query_place_id=ChIJb425U3l7WkcRzyCQ3rriu-A]]></value>
          </Data>
          <Data name="Рейтинг">
            <value/>
          </Data>
        </ExtendedData>
        <Point>
          <coordinates>
            20.460337,44.818722,0
          </coordinates>
        </Point>
      </Placemark>
      <Placemark>
        <name>beograd · Tres Amigos</name>
        <description><![CDATA[description: Аренда авто<br><br>Не сеть<br>Категория: Услуги и офисы<br>Каталог: https://srb.guide/map/beograd-tres-amigos-a3cc1dd1037f<br>Гугл ссылка: https://www.google.com/maps/search/?api=1&amp;query=44.81107,20.440898&amp;query_place_id=ChIJddgOHKVxWkcRFp6KsIIQwBQ<br>Рейтинг: 4.9]]></description>
        <styleUrl>#icon-1899-DB4436</styleUrl>
        <ExtendedData>
          <Data name="description">
            <value>Аренда авто

Не сеть</value>
          </Data>
          <Data name="Категория">
            <value>Услуги и офисы</value>
          </Data>
          <Data name="Каталог">
            <value>https://srb.guide/map/beograd-tres-amigos-a3cc1dd1037f</value>
          </Data>
          <Data name="Гугл ссылка">
            <value><![CDATA[https://www.google.com/maps/search/?api=1&amp;query=44.81107,20.440898&amp;query_place_id=ChIJddgOHKVxWkcRFp6KsIIQwBQ]]></value>
          </Data>
          <Data name="Рейтинг">
            <value>4.9</value>
          </Data>
        </ExtendedData>
        <Point>
          <coordinates>
            20.440898,44.81107,0
          </coordinates>
        </Point>
      </Placemark>
      <Placemark>
        <name><![CDATA[beograd · Volga Carwash & Detailing]]></name>
        <description><![CDATA[description: сервис для тех, кто ценит качественную мойку, профессиональный уход за автомобилем и высокий уровень обслуживания. Помимо автомойки, мы оказываем полный спектр профессиональных детейлинг-услуг - от химчистки и полировки до долговременной защиты кузова и салона<br><br>Не сеть<br>Категория: Услуги и офисы<br>Каталог: https://srb.guide/map/volga-carwash-detailing-beograd<br>Гугл ссылка: https://www.google.com/maps/search/?api=1&amp;query=44.7784638,20.47591<br>Рейтинг: ]]></description>
        <styleUrl>#icon-1899-DB4436</styleUrl>
        <ExtendedData>
          <Data name="description">
            <value>сервис для тех, кто ценит качественную мойку, профессиональный уход за автомобилем и высокий уровень обслуживания. Помимо автомойки, мы оказываем полный спектр профессиональных детейлинг-услуг - от химчистки и полировки до долговременной защиты кузова и салона

Не сеть</value>
          </Data>
          <Data name="Категория">
            <value>Услуги и офисы</value>
          </Data>
          <Data name="Каталог">
            <value>https://srb.guide/map/volga-carwash-detailing-beograd</value>
          </Data>
          <Data name="Гугл ссылка">
            <value><![CDATA[https://www.google.com/maps/search/?api=1&amp;query=44.7784638,20.47591]]></value>
          </Data>
          <Data name="Рейтинг">
            <value/>
          </Data>
        </ExtendedData>
        <Point>
          <coordinates>
            20.47591,44.778464,0
          </coordinates>
        </Point>
      </Placemark>
      <Placemark>
        <name>beograd · Vroom Rent</name>
        <description><![CDATA[description: автосервис + аренда<br><br>Не сеть<br>Категория: Услуги и офисы<br>Каталог: https://srb.guide/map/beograd-vroom-rent-6df1456ba490<br>Гугл ссылка: https://www.google.com/maps/search/?api=1&amp;query=44.794556,20.459425&amp;query_place_id=ChIJQxHs1617WkcRZgk0k3kBsYE<br>Рейтинг: 4.7]]></description>
        <styleUrl>#icon-1899-DB4436</styleUrl>
        <ExtendedData>
          <Data name="description">
            <value>автосервис + аренда

Не сеть</value>
          </Data>
          <Data name="Категория">
            <value>Услуги и офисы</value>
          </Data>
          <Data name="Каталог">
            <value>https://srb.guide/map/beograd-vroom-rent-6df1456ba490</value>
          </Data>
          <Data name="Гугл ссылка">
            <value><![CDATA[https://www.google.com/maps/search/?api=1&amp;query=44.794556,20.459425&amp;query_place_id=ChIJQxHs1617WkcRZgk0k3kBsYE]]></value>
          </Data>
          <Data name="Рейтинг">
            <value>4.7</value>
          </Data>
        </ExtendedData>
        <Point>
          <coordinates>
            20.459425,44.794556,0
          </coordinates>
        </Point>
      </Placemark>
      <Placemark>
        <name>beograd · Аудитория</name>
        <description><![CDATA[description: Культурный центр<br><br>Не сеть<br>Категория: Услуги и офисы<br>Каталог: https://srb.guide/map/beograd-аудитория-8d533839ee01<br>Гугл ссылка: https://www.google.com/maps/search/?api=1&amp;query=44.818898,20.474835&amp;query_place_id=ChIJQ67rVwB7WkcRvaSwyTmN0q4<br>Рейтинг: 4.8]]></description>
        <styleUrl>#icon-1899-DB4436</styleUrl>
        <ExtendedData>
          <Data name="description">
            <value>Культурный центр

Не сеть</value>
          </Data>
          <Data name="Категория">
            <value>Услуги и офисы</value>
          </Data>
          <Data name="Каталог">
            <value>https://srb.guide/map/beograd-аудитория-8d533839ee01</value>
          </Data>
          <Data name="Гугл ссылка">
            <value><![CDATA[https://www.google.com/maps/search/?api=1&amp;query=44.818898,20.474835&amp;query_place_id=ChIJQ67rVwB7WkcRvaSwyTmN0q4]]></value>
          </Data>
          <Data name="Рейтинг">
            <value>4.8</value>
          </Data>
        </ExtendedData>
        <Point>
          <coordinates>
            20.474835,44.818898,0
          </coordinates>
        </Point>
      </Placemark>
      <Placemark>
        <name>beograd · Русскоговорящий стоматолог</name>
        <description><![CDATA[description: https://stomatologtut.com/  Не сеть<br>Категория: Услуги и офисы<br>Каталог: https://srb.guide/map/beograd-русскоговорящий-стоматолог-4d96940fca48<br>Гугл ссылка: https://www.google.com/maps/search/?api=1&amp;query=44.819987,20.459466&amp;query_place_id=ChIJpxqojtp7WkcReVUmd3PTLxo<br>Рейтинг: 5.0]]></description>
        <styleUrl>#icon-1899-DB4436</styleUrl>
        <ExtendedData>
          <Data name="description">
            <value>https://stomatologtut.com/  Не сеть</value>
          </Data>
          <Data name="Категория">
            <value>Услуги и офисы</value>
          </Data>
          <Data name="Каталог">
            <value>https://srb.guide/map/beograd-русскоговорящий-стоматолог-4d96940fca48</value>
          </Data>
          <Data name="Гугл ссылка">
            <value><![CDATA[https://www.google.com/maps/search/?api=1&amp;query=44.819987,20.459466&amp;query_place_id=ChIJpxqojtp7WkcReVUmd3PTLxo]]></value>
          </Data>
          <Data name="Рейтинг">
            <value>5.0</value>
          </Data>
        </ExtendedData>
        <Point>
          <coordinates>
            20.459466,44.819987,0
          </coordinates>
        </Point>
      </Placemark>
      <Placemark>
        <name>beograd · Среда обитания</name>
        <description><![CDATA[description: Тайм-кафе в Белграде. Много настолок, чай, кофе, печенье, встречи, кинопоказы, лекции, концерты, разговорные клубы.<br><br>Не сеть<br>Категория: Услуги и офисы<br>Каталог: https://srb.guide/map/beograd-среда-обитания-e0bb61231c23<br>Гугл ссылка: https://www.google.com/maps/search/?api=1&amp;query=44.815989,20.467126&amp;query_place_id=ChIJ1WdsagB7WkcRHPlqv0WJEw8<br>Рейтинг: 5.0]]></description>
        <styleUrl>#icon-1899-DB4436</styleUrl>
        <ExtendedData>
          <Data name="description">
            <value>Тайм-кафе в Белграде. Много настолок, чай, кофе, печенье, встречи, кинопоказы, лекции, концерты, разговорные клубы.

Не сеть</value>
          </Data>
          <Data name="Категория">
            <value>Услуги и офисы</value>
          </Data>
          <Data name="Каталог">
            <value>https://srb.guide/map/beograd-среда-обитания-e0bb61231c23</value>
          </Data>
          <Data name="Гугл ссылка">
            <value><![CDATA[https://www.google.com/maps/search/?api=1&amp;query=44.815989,20.467126&amp;query_place_id=ChIJ1WdsagB7WkcRHPlqv0WJEw8]]></value>
          </Data>
          <Data name="Рейтинг">
            <value>5.0</value>
          </Data>
        </ExtendedData>
        <Point>
          <coordinates>
            20.467126,44.815989,0
          </coordinates>
        </Point>
      </Placemark>
      <Placemark>
        <name><![CDATA[beograd · Cvećara / Flower Shop "BOTANIKA.RS"]]></name>
        <description><![CDATA[description: цветочный магазин<br><br>Не сеть<br>Категория: Магазины<br>Каталог: https://srb.guide/map/beograd-cvećara-flower-shop-botanika-rs-0b69b064d192<br>Гугл ссылка: https://www.google.com/maps/search/?api=1&amp;query=44.816261,20.453565&amp;query_place_id=ChIJLcyVaE1lWkcRUBkfw9FKsdA<br>Рейтинг: 4.8]]></description>
        <styleUrl>#icon-1899-DB4436</styleUrl>
        <ExtendedData>
          <Data name="description">
            <value>цветочный магазин

Не сеть</value>
          </Data>
          <Data name="Категория">
            <value>Магазины</value>
          </Data>
          <Data name="Каталог">
            <value>https://srb.guide/map/beograd-cvećara-flower-shop-botanika-rs-0b69b064d192</value>
          </Data>
          <Data name="Гугл ссылка">
            <value><![CDATA[https://www.google.com/maps/search/?api=1&amp;query=44.816261,20.453565&amp;query_place_id=ChIJLcyVaE1lWkcRUBkfw9FKsdA]]></value>
          </Data>
          <Data name="Рейтинг">
            <value>4.8</value>
          </Data>
        </ExtendedData>
        <Point>
          <coordinates>
            20.453565,44.816261,0
          </coordinates>
        </Point>
      </Placemark>
      <Placemark>
        <name>beograd · Cvećara She</name>
        <description><![CDATA[description: Цветочный магазин<br><br>Не сеть<br>Категория: Магазины<br>Каталог: https://srb.guide/map/beograd-cvećara-she-1436a96b1830<br>Гугл ссылка: https://www.google.com/maps/search/?api=1&amp;query=44.805395,20.479399&amp;query_place_id=ChIJR5NY0u57WkcRvEQ2YoC7Fx0<br>Рейтинг: ]]></description>
        <styleUrl>#icon-1899-DB4436</styleUrl>
        <ExtendedData>
          <Data name="description">
            <value>Цветочный магазин

Не сеть</value>
          </Data>
          <Data name="Категория">
            <value>Магазины</value>
          </Data>
          <Data name="Каталог">
            <value>https://srb.guide/map/beograd-cvećara-she-1436a96b1830</value>
          </Data>
          <Data name="Гугл ссылка">
            <value><![CDATA[https://www.google.com/maps/search/?api=1&amp;query=44.805395,20.479399&amp;query_place_id=ChIJR5NY0u57WkcRvEQ2YoC7Fx0]]></value>
          </Data>
          <Data name="Рейтинг">
            <value/>
          </Data>
        </ExtendedData>
        <Point>
          <coordinates>
            20.479399,44.805395,0
          </coordinates>
        </Point>
      </Placemark>
      <Placemark>
        <name>beograd · Marfa Flowershop</name>
        <description><![CDATA[description: цветочный магазин<br><br>Не сеть<br>Категория: Магазины<br>Каталог: https://srb.guide/map/beograd-marfa-flowershop-49be06cabd6f<br>Гугл ссылка: https://www.google.com/maps/search/?api=1&amp;query=44.822201,20.470545&amp;query_place_id=ChIJ9ZDw8bR7WkcRLb6b0x2IaGs<br>Рейтинг: 4.6]]></description>
        <styleUrl>#icon-1899-DB4436</styleUrl>
        <ExtendedData>
          <Data name="description">
            <value>цветочный магазин

Не сеть</value>
          </Data>
          <Data name="Категория">
            <value>Магазины</value>
          </Data>
          <Data name="Каталог">
            <value>https://srb.guide/map/beograd-marfa-flowershop-49be06cabd6f</value>
          </Data>
          <Data name="Гугл ссылка">
            <value><![CDATA[https://www.google.com/maps/search/?api=1&amp;query=44.822201,20.470545&amp;query_place_id=ChIJ9ZDw8bR7WkcRLb6b0x2IaGs]]></value>
          </Data>
          <Data name="Рейтинг">
            <value>4.6</value>
          </Data>
        </ExtendedData>
        <Point>
          <coordinates>
            20.470545,44.822201,0
          </coordinates>
        </Point>
      </Placemark>
      <Placemark>
        <name>beograd · Mix Market</name>
        <description><![CDATA[description: Не сеть<br>Категория: Магазины<br>Каталог: https://srb.guide/map/beograd-mix-market-e5d100da1f04<br>Гугл ссылка: https://www.google.com/maps/search/?api=1&amp;query=44.80744,20.464399&amp;query_place_id=ChIJzbzcWrx7WkcRT7zirdX1w3M<br>Рейтинг: 3.7]]></description>
        <styleUrl>#icon-1899-DB4436</styleUrl>
        <ExtendedData>
          <Data name="description">
            <value>Не сеть</value>
          </Data>
          <Data name="Категория">
            <value>Магазины</value>
          </Data>
          <Data name="Каталог">
            <value>https://srb.guide/map/beograd-mix-market-e5d100da1f04</value>
          </Data>
          <Data name="Гугл ссылка">
            <value><![CDATA[https://www.google.com/maps/search/?api=1&amp;query=44.80744,20.464399&amp;query_place_id=ChIJzbzcWrx7WkcRT7zirdX1w3M]]></value>
          </Data>
          <Data name="Рейтинг">
            <value>3.7</value>
          </Data>
        </ExtendedData>
        <Point>
          <coordinates>
            20.464399,44.80744,0
          </coordinates>
        </Point>
      </Placemark>
      <Placemark>
        <name>beograd · Mix Markt</name>
        <description><![CDATA[description: Сеть: Mix Markt<br>Категория: Магазины<br>Каталог: https://srb.guide/map/beograd-mix-markt-7191eebdbc18<br>Гугл ссылка: https://www.google.com/maps/search/?api=1&amp;query=44.815005,20.462817&amp;query_place_id=ChIJzUGVji17WkcRSt_-PW8YaMM<br>Рейтинг: 4.6]]></description>
        <styleUrl>#icon-1899-DB4436</styleUrl>
        <ExtendedData>
          <Data name="description">
            <value>Сеть: Mix Markt</value>
          </Data>
          <Data name="Категория">
            <value>Магазины</value>
          </Data>
          <Data name="Каталог">
            <value>https://srb.guide/map/beograd-mix-markt-7191eebdbc18</value>
          </Data>
          <Data name="Гугл ссылка">
            <value><![CDATA[https://www.google.com/maps/search/?api=1&amp;query=44.815005,20.462817&amp;query_place_id=ChIJzUGVji17WkcRSt_-PW8YaMM]]></value>
          </Data>
          <Data name="Рейтинг">
            <value>4.6</value>
          </Data>
        </ExtendedData>
        <Point>
          <coordinates>
            20.462817,44.815005,0
          </coordinates>
        </Point>
      </Placemark>
      <Placemark>
        <name>beograd · Mix Markt</name>
        <description><![CDATA[description: русские продукты<br><br>Сеть: Mix Markt<br>Категория: Магазины<br>Каталог: https://srb.guide/map/beograd-mix-markt-af75f34082ce<br>Гугл ссылка: https://www.google.com/maps/search/?api=1&amp;query=44.800885,20.451626&amp;query_place_id=ChIJr9WObABxWkcRW4MVBoIv1qQ<br>Рейтинг: 4.1]]></description>
        <styleUrl>#icon-1899-DB4436</styleUrl>
        <ExtendedData>
          <Data name="description">
            <value>русские продукты

Сеть: Mix Markt</value>
          </Data>
          <Data name="Категория">
            <value>Магазины</value>
          </Data>
          <Data name="Каталог">
            <value>https://srb.guide/map/beograd-mix-markt-af75f34082ce</value>
          </Data>
          <Data name="Гугл ссылка">
            <value><![CDATA[https://www.google.com/maps/search/?api=1&amp;query=44.800885,20.451626&amp;query_place_id=ChIJr9WObABxWkcRW4MVBoIv1qQ]]></value>
          </Data>
          <Data name="Рейтинг">
            <value>4.1</value>
          </Data>
        </ExtendedData>
        <Point>
          <coordinates>
            20.451626,44.800885,0
          </coordinates>
        </Point>
      </Placemark>
      <Placemark>
        <name>beograd · Mix Markt</name>
        <description><![CDATA[description: Сеть: Mix Markt<br>Категория: Магазины<br>Каталог: https://srb.guide/map/beograd-mix-markt-c2ddeb958c34<br>Гугл ссылка: https://www.google.com/maps/search/?api=1&amp;query=44.803729,20.479008&amp;query_place_id=ChIJzVJ9mEp7WkcRXD7Iizt-Wr8<br>Рейтинг: 4.6]]></description>
        <styleUrl>#icon-1899-DB4436</styleUrl>
        <ExtendedData>
          <Data name="description">
            <value>Сеть: Mix Markt</value>
          </Data>
          <Data name="Категория">
            <value>Магазины</value>
          </Data>
          <Data name="Каталог">
            <value>https://srb.guide/map/beograd-mix-markt-c2ddeb958c34</value>
          </Data>
          <Data name="Гугл ссылка">
            <value><![CDATA[https://www.google.com/maps/search/?api=1&amp;query=44.803729,20.479008&amp;query_place_id=ChIJzVJ9mEp7WkcRXD7Iizt-Wr8]]></value>
          </Data>
          <Data name="Рейтинг">
            <value>4.6</value>
          </Data>
        </ExtendedData>
        <Point>
          <coordinates>
            20.479008,44.803729,0
          </coordinates>
        </Point>
      </Placemark>
      <Placemark>
        <name>beograd · Mix Markt</name>
        <description><![CDATA[description: русские продукты<br><br>Сеть: Mix Markt<br>Категория: Магазины<br>Каталог: https://srb.guide/map/beograd-mix-markt-8db12faea150<br>Гугл ссылка: https://www.google.com/maps/search/?api=1&amp;query=44.813003,20.472777&amp;query_place_id=ChIJSYjlSwB7WkcRiOH5hEXsIhg<br>Рейтинг: 3.7]]></description>
        <styleUrl>#icon-1899-DB4436</styleUrl>
        <ExtendedData>
          <Data name="description">
            <value>русские продукты

Сеть: Mix Markt</value>
          </Data>
          <Data name="Категория">
            <value>Магазины</value>
          </Data>
          <Data name="Каталог">
            <value>https://srb.guide/map/beograd-mix-markt-8db12faea150</value>
          </Data>
          <Data name="Гугл ссылка">
            <value><![CDATA[https://www.google.com/maps/search/?api=1&amp;query=44.813003,20.472777&amp;query_place_id=ChIJSYjlSwB7WkcRiOH5hEXsIhg]]></value>
          </Data>
          <Data name="Рейтинг">
            <value>3.7</value>
          </Data>
        </ExtendedData>
        <Point>
          <coordinates>
            20.472777,44.813003,0
          </coordinates>
        </Point>
      </Placemark>
      <Placemark>
        <name>beograd · Novoprint</name>
        <description><![CDATA[description: Копирница<br><br>Не сеть<br>Категория: Магазины<br>Каталог: https://srb.guide/map/beograd-novoprint-2261950ff706<br>Гугл ссылка: https://www.google.com/maps/search/?api=1&amp;query=44.811035,20.478317&amp;query_place_id=ChIJURUaFnR7WkcR7POotRyrkXQ<br>Рейтинг: 4.9]]></description>
        <styleUrl>#icon-1899-DB4436</styleUrl>
        <ExtendedData>
          <Data name="description">
            <value>Копирница

Не сеть</value>
          </Data>
          <Data name="Категория">
            <value>Магазины</value>
          </Data>
          <Data name="Каталог">
            <value>https://srb.guide/map/beograd-novoprint-2261950ff706</value>
          </Data>
          <Data name="Гугл ссылка">
            <value><![CDATA[https://www.google.com/maps/search/?api=1&amp;query=44.811035,20.478317&amp;query_place_id=ChIJURUaFnR7WkcR7POotRyrkXQ]]></value>
          </Data>
          <Data name="Рейтинг">
            <value>4.9</value>
          </Data>
        </ExtendedData>
        <Point>
          <coordinates>
            20.478317,44.811035,0
          </coordinates>
        </Point>
      </Placemark>
      <Placemark>
        <name>beograd · Ogledalo Second Hand</name>
        <description><![CDATA[description: Second Hand<br><br>Не сеть<br>Категория: Магазины<br>Каталог: https://srb.guide/map/beograd-ogledalo-second-hand-35781bc1a76a<br>Гугл ссылка: https://www.google.com/maps/search/?api=1&amp;query=44.880353,20.452891&amp;query_place_id=ChIJIRR4H61lWkcRAGTMM71Hf7w<br>Рейтинг: ]]></description>
        <styleUrl>#icon-1899-DB4436</styleUrl>
        <ExtendedData>
          <Data name="description">
            <value>Second Hand

Не сеть</value>
          </Data>
          <Data name="Категория">
            <value>Магазины</value>
          </Data>
          <Data name="Каталог">
            <value>https://srb.guide/map/beograd-ogledalo-second-hand-35781bc1a76a</value>
          </Data>
          <Data name="Гугл ссылка">
            <value><![CDATA[https://www.google.com/maps/search/?api=1&amp;query=44.880353,20.452891&amp;query_place_id=ChIJIRR4H61lWkcRAGTMM71Hf7w]]></value>
          </Data>
          <Data name="Рейтинг">
            <value/>
          </Data>
        </ExtendedData>
        <Point>
          <coordinates>
            20.452891,44.880353,0
          </coordinates>
        </Point>
      </Placemark>
      <Placemark>
        <name>beograd · PROSTO</name>
        <description><![CDATA[description: Ювелирный<br><br>Не сеть<br>Категория: Магазины<br>Каталог: https://srb.guide/map/beograd-prosto-601b4432adcc<br>Гугл ссылка: https://www.google.com/maps/search/?api=1&amp;query=44.822403,20.463715&amp;query_place_id=ChIJteTckt97WkcRLMu918WhjRs<br>Рейтинг: 4.9]]></description>
        <styleUrl>#icon-1899-DB4436</styleUrl>
        <ExtendedData>
          <Data name="description">
            <value>Ювелирный

Не сеть</value>
          </Data>
          <Data name="Категория">
            <value>Магазины</value>
          </Data>
          <Data name="Каталог">
            <value>https://srb.guide/map/beograd-prosto-601b4432adcc</value>
          </Data>
          <Data name="Гугл ссылка">
            <value><![CDATA[https://www.google.com/maps/search/?api=1&amp;query=44.822403,20.463715&amp;query_place_id=ChIJteTckt97WkcRLMu918WhjRs]]></value>
          </Data>
          <Data name="Рейтинг">
            <value>4.9</value>
          </Data>
        </ExtendedData>
        <Point>
          <coordinates>
            20.463715,44.822403,0
          </coordinates>
        </Point>
      </Placemark>
      <Placemark>
        <name>beograd · RusMarket</name>
        <description><![CDATA[description: Магазин русских продуктов<br><br>Сеть: RusMarket<br>Категория: Магазины<br>Каталог: https://srb.guide/map/beograd-rusmarket-52150ffb2e87<br>Гугл ссылка: https://www.google.com/maps/search/?api=1&amp;query=44.818219,20.476499&amp;query_place_id=ChIJBT9uagB7WkcRSJBJ1ZZEMqM<br>Рейтинг: 3.7]]></description>
        <styleUrl>#icon-1899-DB4436</styleUrl>
        <ExtendedData>
          <Data name="description">
            <value>Магазин русских продуктов

Сеть: RusMarket</value>
          </Data>
          <Data name="Категория">
            <value>Магазины</value>
          </Data>
          <Data name="Каталог">
            <value>https://srb.guide/map/beograd-rusmarket-52150ffb2e87</value>
          </Data>
          <Data name="Гугл ссылка">
            <value><![CDATA[https://www.google.com/maps/search/?api=1&amp;query=44.818219,20.476499&amp;query_place_id=ChIJBT9uagB7WkcRSJBJ1ZZEMqM]]></value>
          </Data>
          <Data name="Рейтинг">
            <value>3.7</value>
          </Data>
        </ExtendedData>
        <Point>
          <coordinates>
            20.476499,44.818219,0
          </coordinates>
        </Point>
      </Placemark>
      <Placemark>
        <name>beograd · Ruska knjižara Bela Vrana (Белая Ворона)</name>
        <description><![CDATA[description: Книжный магазин с русскими книгами<br><br>Не сеть<br>Категория: Магазины<br>Каталог: https://srb.guide/map/beograd-ruska-knjižara-bela-vrana-белая-ворона-161eaa661fa9<br>Гугл ссылка: https://www.google.com/maps/search/?api=1&amp;query=44.812467,20.455735&amp;query_place_id=ChIJGSGQ-6x6WkcRcWFLN190RVM<br>Рейтинг: 4.9]]></description>
        <styleUrl>#icon-1899-DB4436</styleUrl>
        <ExtendedData>
          <Data name="description">
            <value>Книжный магазин с русскими книгами

Не сеть</value>
          </Data>
          <Data name="Категория">
            <value>Магазины</value>
          </Data>
          <Data name="Каталог">
            <value>https://srb.guide/map/beograd-ruska-knjižara-bela-vrana-белая-ворона-161eaa661fa9</value>
          </Data>
          <Data name="Гугл ссылка">
            <value><![CDATA[https://www.google.com/maps/search/?api=1&amp;query=44.812467,20.455735&amp;query_place_id=ChIJGSGQ-6x6WkcRcWFLN190RVM]]></value>
          </Data>
          <Data name="Рейтинг">
            <value>4.9</value>
          </Data>
        </ExtendedData>
        <Point>
          <coordinates>
            20.455735,44.812467,0
          </coordinates>
        </Point>
      </Placemark>
      <Placemark>
        <name>beograd · Svetofor</name>
        <description><![CDATA[description: Сеть: Svetofor<br>Категория: Магазины<br>Каталог: https://srb.guide/map/beograd-svetofor-82a307226bbb<br>Гугл ссылка: https://www.google.com/maps/search/?api=1&amp;query=44.819805,20.486448&amp;query_place_id=ChIJ2554EQB7WkcRpt-nPxCvMgw<br>Рейтинг: 4.2]]></description>
        <styleUrl>#icon-1899-DB4436</styleUrl>
        <ExtendedData>
          <Data name="description">
            <value>Сеть: Svetofor</value>
          </Data>
          <Data name="Категория">
            <value>Магазины</value>
          </Data>
          <Data name="Каталог">
            <value>https://srb.guide/map/beograd-svetofor-82a307226bbb</value>
          </Data>
          <Data name="Гугл ссылка">
            <value><![CDATA[https://www.google.com/maps/search/?api=1&amp;query=44.819805,20.486448&amp;query_place_id=ChIJ2554EQB7WkcRpt-nPxCvMgw]]></value>
          </Data>
          <Data name="Рейтинг">
            <value>4.2</value>
          </Data>
        </ExtendedData>
        <Point>
          <coordinates>
            20.486448,44.819805,0
          </coordinates>
        </Point>
      </Placemark>
      <Placemark>
        <name>beograd · Svetofor</name>
        <description><![CDATA[description: Сеть: Svetofor<br>Категория: Магазины<br>Каталог: https://srb.guide/map/beograd-svetofor-cb4a808c4bc4<br>Гугл ссылка: https://www.google.com/maps/search/?api=1&amp;query=44.733226,20.590064&amp;query_place_id=ChIJUzxAdgB3WkcRl5ppJFqzDnI<br>Рейтинг: 4.3]]></description>
        <styleUrl>#icon-1899-DB4436</styleUrl>
        <ExtendedData>
          <Data name="description">
            <value>Сеть: Svetofor</value>
          </Data>
          <Data name="Категория">
            <value>Магазины</value>
          </Data>
          <Data name="Каталог">
            <value>https://srb.guide/map/beograd-svetofor-cb4a808c4bc4</value>
          </Data>
          <Data name="Гугл ссылка">
            <value><![CDATA[https://www.google.com/maps/search/?api=1&amp;query=44.733226,20.590064&amp;query_place_id=ChIJUzxAdgB3WkcRl5ppJFqzDnI]]></value>
          </Data>
          <Data name="Рейтинг">
            <value>4.3</value>
          </Data>
        </ExtendedData>
        <Point>
          <coordinates>
            20.590064,44.733226,0
          </coordinates>
        </Point>
      </Placemark>
      <Placemark>
        <name>beograd · Svetofor - Voždovac</name>
        <description><![CDATA[description: Магазин<br><br>Сеть: Svetofor<br>Категория: Магазины<br>Каталог: https://srb.guide/map/beograd-svetofor-voždovac-1011a400be90<br>Гугл ссылка: https://www.google.com/maps/search/?api=1&amp;query=44.766015,20.485658&amp;query_place_id=ChIJi3QBJh9xWkcRSDRMjIooTaM<br>Рейтинг: 3.8]]></description>
        <styleUrl>#icon-1899-DB4436</styleUrl>
        <ExtendedData>
          <Data name="description">
            <value>Магазин

Сеть: Svetofor</value>
          </Data>
          <Data name="Категория">
            <value>Магазины</value>
          </Data>
          <Data name="Каталог">
            <value>https://srb.guide/map/beograd-svetofor-voždovac-1011a400be90</value>
          </Data>
          <Data name="Гугл ссылка">
            <value><![CDATA[https://www.google.com/maps/search/?api=1&amp;query=44.766015,20.485658&amp;query_place_id=ChIJi3QBJh9xWkcRSDRMjIooTaM]]></value>
          </Data>
          <Data name="Рейтинг">
            <value>3.8</value>
          </Data>
        </ExtendedData>
        <Point>
          <coordinates>
            20.485658,44.766015,0
          </coordinates>
        </Point>
      </Placemark>
      <Placemark>
        <name>beograd · Svetofor Konjarnik</name>
        <description><![CDATA[description: Сеть: Svetofor<br>Категория: Магазины<br>Каталог: https://srb.guide/map/beograd-svetofor-konjarnik-6e7b327576d2<br>Гугл ссылка: https://www.google.com/maps/search/?api=1&amp;query=44.776968,20.510516&amp;query_place_id=ChIJ0wRoNgBxWkcRSlh145oHKT0<br>Рейтинг: 4.4]]></description>
        <styleUrl>#icon-1899-DB4436</styleUrl>
        <ExtendedData>
          <Data name="description">
            <value>Сеть: Svetofor</value>
          </Data>
          <Data name="Категория">
            <value>Магазины</value>
          </Data>
          <Data name="Каталог">
            <value>https://srb.guide/map/beograd-svetofor-konjarnik-6e7b327576d2</value>
          </Data>
          <Data name="Гугл ссылка">
            <value><![CDATA[https://www.google.com/maps/search/?api=1&amp;query=44.776968,20.510516&amp;query_place_id=ChIJ0wRoNgBxWkcRSlh145oHKT0]]></value>
          </Data>
          <Data name="Рейтинг">
            <value>4.4</value>
          </Data>
        </ExtendedData>
        <Point>
          <coordinates>
            20.510516,44.776968,0
          </coordinates>
        </Point>
      </Placemark>
      <Placemark>
        <name>beograd · Svetofor market</name>
        <description><![CDATA[description: Сеть: Svetofor<br>Категория: Магазины<br>Каталог: https://srb.guide/map/beograd-svetofor-market-4c87430598d9<br>Гугл ссылка: https://www.google.com/maps/search/?api=1&amp;query=44.773789,20.551901&amp;query_place_id=ChIJ7xs2WQB3WkcR99kd7Wra3FU<br>Рейтинг: 4.3]]></description>
        <styleUrl>#icon-1899-DB4436</styleUrl>
        <ExtendedData>
          <Data name="description">
            <value>Сеть: Svetofor</value>
          </Data>
          <Data name="Категория">
            <value>Магазины</value>
          </Data>
          <Data name="Каталог">
            <value>https://srb.guide/map/beograd-svetofor-market-4c87430598d9</value>
          </Data>
          <Data name="Гугл ссылка">
            <value><![CDATA[https://www.google.com/maps/search/?api=1&amp;query=44.773789,20.551901&amp;query_place_id=ChIJ7xs2WQB3WkcR99kd7Wra3FU]]></value>
          </Data>
          <Data name="Рейтинг">
            <value>4.3</value>
          </Data>
        </ExtendedData>
        <Point>
          <coordinates>
            20.551901,44.773789,0
          </coordinates>
        </Point>
      </Placemark>
      <Placemark>
        <name>beograd · TR Konfeta - Russian candy store</name>
        <description><![CDATA[description: Русские продукты<br><br>Не сеть<br>Категория: Магазины<br>Каталог: https://srb.guide/map/beograd-tr-konfeta-russian-candy-store-c65e600eac82<br>Гугл ссылка: https://www.google.com/maps/search/?api=1&amp;query=44.80397,20.477235&amp;query_place_id=ChIJ7ecYWS97WkcRP_9bIOLs2CA<br>Рейтинг: 4.5]]></description>
        <styleUrl>#icon-1899-DB4436</styleUrl>
        <ExtendedData>
          <Data name="description">
            <value>Русские продукты

Не сеть</value>
          </Data>
          <Data name="Категория">
            <value>Магазины</value>
          </Data>
          <Data name="Каталог">
            <value>https://srb.guide/map/beograd-tr-konfeta-russian-candy-store-c65e600eac82</value>
          </Data>
          <Data name="Гугл ссылка">
            <value><![CDATA[https://www.google.com/maps/search/?api=1&amp;query=44.80397,20.477235&amp;query_place_id=ChIJ7ecYWS97WkcRP_9bIOLs2CA]]></value>
          </Data>
          <Data name="Рейтинг">
            <value>4.5</value>
          </Data>
        </ExtendedData>
        <Point>
          <coordinates>
            20.477235,44.80397,0
          </coordinates>
        </Point>
      </Placemark>
      <Placemark>
        <name><![CDATA[beograd · БЕРЁЗКА храна, пекара & кувана jела]]></name>
        <description><![CDATA[description: Не сеть<br>Категория: Магазины<br>Каталог: https://srb.guide/map/beograd-берёзка-храна-пекара-кувана-jела-272f56d95380<br>Гугл ссылка: https://www.google.com/maps/search/?api=1&amp;query=44.827298,20.454092&amp;query_place_id=ChIJFTb3KwBlWkcRongdkLW1jzU<br>Рейтинг: 4.0]]></description>
        <styleUrl>#icon-1899-DB4436</styleUrl>
        <ExtendedData>
          <Data name="description">
            <value>Не сеть</value>
          </Data>
          <Data name="Категория">
            <value>Магазины</value>
          </Data>
          <Data name="Каталог">
            <value>https://srb.guide/map/beograd-берёзка-храна-пекара-кувана-jела-272f56d95380</value>
          </Data>
          <Data name="Гугл ссылка">
            <value><![CDATA[https://www.google.com/maps/search/?api=1&amp;query=44.827298,20.454092&amp;query_place_id=ChIJFTb3KwBlWkcRongdkLW1jzU]]></value>
          </Data>
          <Data name="Рейтинг">
            <value>4.0</value>
          </Data>
        </ExtendedData>
        <Point>
          <coordinates>
            20.454092,44.827298,0
          </coordinates>
        </Point>
      </Placemark>
      <Placemark>
        <name>beograd · Лав и Жабац</name>
        <description><![CDATA[description: Детские книги<br><br>Не сеть<br>Категория: Магазины<br>Каталог: https://srb.guide/map/beograd-лав-и-жабац-c13e2cd3e6fc<br>Гугл ссылка: https://www.google.com/maps/search/?api=1&amp;query=44.821189,20.455816&amp;query_place_id=ChIJTyesWABlWkcREitKO6W2elM<br>Рейтинг: 5.0]]></description>
        <styleUrl>#icon-1899-DB4436</styleUrl>
        <ExtendedData>
          <Data name="description">
            <value>Детские книги

Не сеть</value>
          </Data>
          <Data name="Категория">
            <value>Магазины</value>
          </Data>
          <Data name="Каталог">
            <value>https://srb.guide/map/beograd-лав-и-жабац-c13e2cd3e6fc</value>
          </Data>
          <Data name="Гугл ссылка">
            <value><![CDATA[https://www.google.com/maps/search/?api=1&amp;query=44.821189,20.455816&amp;query_place_id=ChIJTyesWABlWkcREitKO6W2elM]]></value>
          </Data>
          <Data name="Рейтинг">
            <value>5.0</value>
          </Data>
        </ExtendedData>
        <Point>
          <coordinates>
            20.455816,44.821189,0
          </coordinates>
        </Point>
      </Placemark>
      <Placemark>
        <name>beograd · Руска радња</name>
        <description><![CDATA[description: Русские продукты<br><br>Сеть: RusMarket<br>Категория: Магазины<br>Каталог: https://srb.guide/map/beograd-руска-радња-770dab1e939a<br>Гугл ссылка: https://www.google.com/maps/search/?api=1&amp;query=44.818687,20.468266&amp;query_place_id=ChIJ4xqEcUN7WkcRTGA_jxZGPqk<br>Рейтинг: 3.8]]></description>
        <styleUrl>#icon-1899-DB4436</styleUrl>
        <ExtendedData>
          <Data name="description">
            <value>Русские продукты

Сеть: RusMarket</value>
          </Data>
          <Data name="Категория">
            <value>Магазины</value>
          </Data>
          <Data name="Каталог">
            <value>https://srb.guide/map/beograd-руска-радња-770dab1e939a</value>
          </Data>
          <Data name="Гугл ссылка">
            <value><![CDATA[https://www.google.com/maps/search/?api=1&amp;query=44.818687,20.468266&amp;query_place_id=ChIJ4xqEcUN7WkcRTGA_jxZGPqk]]></value>
          </Data>
          <Data name="Рейтинг">
            <value>3.8</value>
          </Data>
        </ExtendedData>
        <Point>
          <coordinates>
            20.468266,44.818687,0
          </coordinates>
        </Point>
      </Placemark>
      <Placemark>
        <name>beograd · Светофор</name>
        <description><![CDATA[description: Сеть: Svetofor<br>Категория: Магазины<br>Каталог: https://srb.guide/map/beograd-светофор-e3f7ca2234d0<br>Гугл ссылка: https://www.google.com/maps/search/?api=1&amp;query=44.823032,20.380409&amp;query_place_id=ChIJ3c0psnJlWkcRFaLLTTwINkA<br>Рейтинг: 4.1]]></description>
        <styleUrl>#icon-1899-DB4436</styleUrl>
        <ExtendedData>
          <Data name="description">
            <value>Сеть: Svetofor</value>
          </Data>
          <Data name="Категория">
            <value>Магазины</value>
          </Data>
          <Data name="Каталог">
            <value>https://srb.guide/map/beograd-светофор-e3f7ca2234d0</value>
          </Data>
          <Data name="Гугл ссылка">
            <value><![CDATA[https://www.google.com/maps/search/?api=1&amp;query=44.823032,20.380409&amp;query_place_id=ChIJ3c0psnJlWkcRFaLLTTwINkA]]></value>
          </Data>
          <Data name="Рейтинг">
            <value>4.1</value>
          </Data>
        </ExtendedData>
        <Point>
          <coordinates>
            20.380409,44.823032,0
          </coordinates>
        </Point>
      </Placemark>
      <Placemark>
        <name>beograd · Act Sport Studio</name>
        <description><![CDATA[description: Фитнес студия<br><br>Не сеть<br>Категория: Спорт<br>Каталог: https://srb.guide/map/beograd-act-sport-studio-4612ccba3ba2<br>Гугл ссылка: https://www.google.com/maps/search/?api=1&amp;query=44.792892,20.473555&amp;query_place_id=ChIJqwyII6xxWkcRnLNr6zQIwWo<br>Рейтинг: ]]></description>
        <styleUrl>#icon-1899-DB4436</styleUrl>
        <ExtendedData>
          <Data name="description">
            <value>Фитнес студия

Не сеть</value>
          </Data>
          <Data name="Категория">
            <value>Спорт</value>
          </Data>
          <Data name="Каталог">
            <value>https://srb.guide/map/beograd-act-sport-studio-4612ccba3ba2</value>
          </Data>
          <Data name="Гугл ссылка">
            <value><![CDATA[https://www.google.com/maps/search/?api=1&amp;query=44.792892,20.473555&amp;query_place_id=ChIJqwyII6xxWkcRnLNr6zQIwWo]]></value>
          </Data>
          <Data name="Рейтинг">
            <value/>
          </Data>
        </ExtendedData>
        <Point>
          <coordinates>
            20.473555,44.792892,0
          </coordinates>
        </Point>
      </Placemark>
      <Placemark>
        <name>loznica · SVETOFOR</name>
        <description><![CDATA[description: Сеть: Svetofor<br>Категория: Магазины<br>Каталог: https://srb.guide/map/loznica-svetofor-44629917faed<br>Гугл ссылка: https://www.google.com/maps/search/?api=1&amp;query=44.53995,19.227468&amp;query_place_id=ChIJA2wFBwBhWUcRrNtv2vNQ5aY<br>Рейтинг: ]]></description>
        <styleUrl>#icon-1899-DB4436</styleUrl>
        <ExtendedData>
          <Data name="description">
            <value>Сеть: Svetofor</value>
          </Data>
          <Data name="Категория">
            <value>Магазины</value>
          </Data>
          <Data name="Каталог">
            <value>https://srb.guide/map/loznica-svetofor-44629917faed</value>
          </Data>
          <Data name="Гугл ссылка">
            <value><![CDATA[https://www.google.com/maps/search/?api=1&amp;query=44.53995,19.227468&amp;query_place_id=ChIJA2wFBwBhWUcRrNtv2vNQ5aY]]></value>
          </Data>
          <Data name="Рейтинг">
            <value/>
          </Data>
        </ExtendedData>
        <Point>
          <coordinates>
            19.227468,44.53995,0
          </coordinates>
        </Point>
      </Placemark>
      <Placemark>
        <name>nis · Челе-Кула</name>
        <description><![CDATA[description: Башня из черепов — памятник восстанию 1809 года.<br><br>Не сеть<br>Категория: Развлечения<br>Каталог: https://srb.guide/map/cele-kula<br>Гугл ссылка: https://www.google.com/maps/search/?api=1&amp;query=43.31222,21.92389<br>Рейтинг: ]]></description>
        <styleUrl>#icon-1899-DB4436</styleUrl>
        <ExtendedData>
          <Data name="description">
            <value>Башня из черепов — памятник восстанию 1809 года.

Не сеть</value>
          </Data>
          <Data name="Категория">
            <value>Развлечения</value>
          </Data>
          <Data name="Каталог">
            <value>https://srb.guide/map/cele-kula</value>
          </Data>
          <Data name="Гугл ссылка">
            <value><![CDATA[https://www.google.com/maps/search/?api=1&amp;query=43.31222,21.92389]]></value>
          </Data>
          <Data name="Рейтинг">
            <value/>
          </Data>
        </ExtendedData>
        <Point>
          <coordinates>
            21.92389,43.31222,0
          </coordinates>
        </Point>
      </Placemark>
      <Placemark>
        <name>novi-sad · Arena Pub</name>
        <description><![CDATA[description: Не сеть<br>Категория: Бары<br>Каталог: https://srb.guide/map/novi-sad-arena-pub-f57a8d132677<br>Гугл ссылка: https://www.google.com/maps/search/?api=1&amp;query=45.250822,19.842201&amp;query_place_id=ChIJv1O6PgIRW0cRBlWt_cLxwx0<br>Рейтинг: 4.9]]></description>
        <styleUrl>#icon-1899-DB4436</styleUrl>
        <ExtendedData>
          <Data name="description">
            <value>Не сеть</value>
          </Data>
          <Data name="Категория">
            <value>Бары</value>
          </Data>
          <Data name="Каталог">
            <value>https://srb.guide/map/novi-sad-arena-pub-f57a8d132677</value>
          </Data>
          <Data name="Гугл ссылка">
            <value><![CDATA[https://www.google.com/maps/search/?api=1&amp;query=45.250822,19.842201&amp;query_place_id=ChIJv1O6PgIRW0cRBlWt_cLxwx0]]></value>
          </Data>
          <Data name="Рейтинг">
            <value>4.9</value>
          </Data>
        </ExtendedData>
        <Point>
          <coordinates>
            19.842201,45.250822,0
          </coordinates>
        </Point>
      </Placemark>
      <Placemark>
        <name>novi-sad · BUNKER KARAOKE</name>
        <description><![CDATA[description: Не сеть<br>Категория: Бары<br>Каталог: https://srb.guide/map/novi-sad-bunker-karaoke-1d428002c89b<br>Гугл ссылка: https://www.google.com/maps/search/?api=1&amp;query=45.255624,19.848095&amp;query_place_id=ChIJVytYgEwRW0cRH4Kmv8R78aw<br>Рейтинг: 4.8]]></description>
        <styleUrl>#icon-1899-DB4436</styleUrl>
        <ExtendedData>
          <Data name="description">
            <value>Не сеть</value>
          </Data>
          <Data name="Категория">
            <value>Бары</value>
          </Data>
          <Data name="Каталог">
            <value>https://srb.guide/map/novi-sad-bunker-karaoke-1d428002c89b</value>
          </Data>
          <Data name="Гугл ссылка">
            <value><![CDATA[https://www.google.com/maps/search/?api=1&amp;query=45.255624,19.848095&amp;query_place_id=ChIJVytYgEwRW0cRH4Kmv8R78aw]]></value>
          </Data>
          <Data name="Рейтинг">
            <value>4.8</value>
          </Data>
        </ExtendedData>
        <Point>
          <coordinates>
            19.848095,45.255624,0
          </coordinates>
        </Point>
      </Placemark>
      <Placemark>
        <name>novi-sad · Bruno bar</name>
        <description><![CDATA[description: Сеть: Bruno bar<br>Категория: Бары<br>Каталог: https://srb.guide/map/novi-sad-bruno-bar-237ea1cc913f<br>Гугл ссылка: https://www.google.com/maps/search/?api=1&amp;query=45.24225,19.825285&amp;query_place_id=ChIJbzBmMPQRW0cR3I0xtPriDmY<br>Рейтинг: 4.9]]></description>
        <styleUrl>#icon-1899-DB4436</styleUrl>
        <ExtendedData>
          <Data name="description">
            <value>Сеть: Bruno bar</value>
          </Data>
          <Data name="Категория">
            <value>Бары</value>
          </Data>
          <Data name="Каталог">
            <value>https://srb.guide/map/novi-sad-bruno-bar-237ea1cc913f</value>
          </Data>
          <Data name="Гугл ссылка">
            <value><![CDATA[https://www.google.com/maps/search/?api=1&amp;query=45.24225,19.825285&amp;query_place_id=ChIJbzBmMPQRW0cR3I0xtPriDmY]]></value>
          </Data>
          <Data name="Рейтинг">
            <value>4.9</value>
          </Data>
        </ExtendedData>
        <Point>
          <coordinates>
            19.825285,45.24225,0
          </coordinates>
        </Point>
      </Placemark>
      <Placemark>
        <name>novi-sad · Chester Smoke Bar</name>
        <description><![CDATA[description: Не сеть<br>Категория: Бары<br>Каталог: https://srb.guide/map/novi-sad-chester-smoke-bar-14fe0bb8e7be<br>Гугл ссылка: https://www.google.com/maps/search/?api=1&amp;query=45.257751,19.851246&amp;query_place_id=ChIJz-Qi3VkRW0cR-hnYjv6lXzY<br>Рейтинг: 5.0]]></description>
        <styleUrl>#icon-1899-DB4436</styleUrl>
        <ExtendedData>
          <Data name="description">
            <value>Не сеть</value>
          </Data>
          <Data name="Категория">
            <value>Бары</value>
          </Data>
          <Data name="Каталог">
            <value>https://srb.guide/map/novi-sad-chester-smoke-bar-14fe0bb8e7be</value>
          </Data>
          <Data name="Гугл ссылка">
            <value><![CDATA[https://www.google.com/maps/search/?api=1&amp;query=45.257751,19.851246&amp;query_place_id=ChIJz-Qi3VkRW0cR-hnYjv6lXzY]]></value>
          </Data>
          <Data name="Рейтинг">
            <value>5.0</value>
          </Data>
        </ExtendedData>
        <Point>
          <coordinates>
            19.851246,45.257751,0
          </coordinates>
        </Point>
      </Placemark>
      <Placemark>
        <name>novi-sad · KIK PUB (Kugla i Krigla)</name>
        <description><![CDATA[description: KIK PUB (Kugla i Krigla). Арт-паб, с русским бильярдом. Спортивные трансляции, концерты, караоке.<br><br>Не сеть<br>Категория: Бары<br>Каталог: https://srb.guide/map/novi-sad-kik-pub-kugla-i-krigla-183f98882a38<br>Гугл ссылка: https://www.google.com/maps/search/?api=1&amp;query=45.243237,19.842496&amp;query_place_id=ChIJ8f13MuYRW0cR0VEdPRujKNM<br>Рейтинг: 4.9]]></description>
        <styleUrl>#icon-1899-DB4436</styleUrl>
        <ExtendedData>
          <Data name="description">
            <value>KIK PUB (Kugla i Krigla). Арт-паб, с русским бильярдом. Спортивные трансляции, концерты, караоке.

Не сеть</value>
          </Data>
          <Data name="Категория">
            <value>Бары</value>
          </Data>
          <Data name="Каталог">
            <value>https://srb.guide/map/novi-sad-kik-pub-kugla-i-krigla-183f98882a38</value>
          </Data>
          <Data name="Гугл ссылка">
            <value><![CDATA[https://www.google.com/maps/search/?api=1&amp;query=45.243237,19.842496&amp;query_place_id=ChIJ8f13MuYRW0cR0VEdPRujKNM]]></value>
          </Data>
          <Data name="Рейтинг">
            <value>4.9</value>
          </Data>
        </ExtendedData>
        <Point>
          <coordinates>
            19.842496,45.243237,0
          </coordinates>
        </Point>
      </Placemark>
      <Placemark>
        <name><![CDATA[novi-sad · Muar Lounge Nargila&Bar]]></name>
        <description><![CDATA[description: Не сеть<br>Категория: Бары<br>Каталог: https://srb.guide/map/novi-sad-muar-lounge-nargila-bar-3b189b999113<br>Гугл ссылка: https://www.google.com/maps/search/?api=1&amp;query=45.259203,19.842313&amp;query_place_id=ChIJxzHFWgARW0cRjDF6LE2q6LA<br>Рейтинг: 4.4]]></description>
        <styleUrl>#icon-1899-DB4436</styleUrl>
        <ExtendedData>
          <Data name="description">
            <value>Не сеть</value>
          </Data>
          <Data name="Категория">
            <value>Бары</value>
          </Data>
          <Data name="Каталог">
            <value>https://srb.guide/map/novi-sad-muar-lounge-nargila-bar-3b189b999113</value>
          </Data>
          <Data name="Гугл ссылка">
            <value><![CDATA[https://www.google.com/maps/search/?api=1&amp;query=45.259203,19.842313&amp;query_place_id=ChIJxzHFWgARW0cRjDF6LE2q6LA]]></value>
          </Data>
          <Data name="Рейтинг">
            <value>4.4</value>
          </Data>
        </ExtendedData>
        <Point>
          <coordinates>
            19.842313,45.259203,0
          </coordinates>
        </Point>
      </Placemark>
      <Placemark>
        <name>novi-sad · Nomad Bar</name>
        <description><![CDATA[description: Не сеть<br>Категория: Бары<br>Каталог: https://srb.guide/map/novi-sad-nomad-bar-5e46c1a90f08<br>Гугл ссылка: https://www.google.com/maps/search/?api=1&amp;query=45.256237,19.849965&amp;query_place_id=ChIJsTsu9DYRW0cRWuDWv2QtmhE<br>Рейтинг: ]]></description>
        <styleUrl>#icon-1899-DB4436</styleUrl>
        <ExtendedData>
          <Data name="description">
            <value>Не сеть</value>
          </Data>
          <Data name="Категория">
            <value>Бары</value>
          </Data>
          <Data name="Каталог">
            <value>https://srb.guide/map/novi-sad-nomad-bar-5e46c1a90f08</value>
          </Data>
          <Data name="Гугл ссылка">
            <value><![CDATA[https://www.google.com/maps/search/?api=1&amp;query=45.256237,19.849965&amp;query_place_id=ChIJsTsu9DYRW0cRWuDWv2QtmhE]]></value>
          </Data>
          <Data name="Рейтинг">
            <value/>
          </Data>
        </ExtendedData>
        <Point>
          <coordinates>
            19.849965,45.256237,0
          </coordinates>
        </Point>
      </Placemark>
      <Placemark>
        <name>novi-sad · Ray bar</name>
        <description><![CDATA[description: Не сеть<br>Категория: Бары<br>Каталог: https://srb.guide/map/novi-sad-ray-bar-f2f6dd1fa536<br>Гугл ссылка: https://www.google.com/maps/search/?api=1&amp;query=45.256554,19.845964&amp;query_place_id=ChIJuUEsoTYRW0cRun9Vtfuq0Co<br>Рейтинг: 4.9]]></description>
        <styleUrl>#icon-1899-DB4436</styleUrl>
        <ExtendedData>
          <Data name="description">
            <value>Не сеть</value>
          </Data>
          <Data name="Категория">
            <value>Бары</value>
          </Data>
          <Data name="Каталог">
            <value>https://srb.guide/map/novi-sad-ray-bar-f2f6dd1fa536</value>
          </Data>
          <Data name="Гугл ссылка">
            <value><![CDATA[https://www.google.com/maps/search/?api=1&amp;query=45.256554,19.845964&amp;query_place_id=ChIJuUEsoTYRW0cRun9Vtfuq0Co]]></value>
          </Data>
          <Data name="Рейтинг">
            <value>4.9</value>
          </Data>
        </ExtendedData>
        <Point>
          <coordinates>
            19.845964,45.256554,0
          </coordinates>
        </Point>
      </Placemark>
      <Placemark>
        <name>novi-sad · Sobaka s rukoj</name>
        <description><![CDATA[description: Коктель бар<br><br>Не сеть<br>Категория: Бары<br>Каталог: https://srb.guide/map/novi-sad-sobaka-s-rukoj-0069e7678211<br>Гугл ссылка: https://www.google.com/maps/search/?api=1&amp;query=45.255815,19.845932&amp;query_place_id=ChIJaW--r-cRW0cRWrHGlFqTK68<br>Рейтинг: 4.5]]></description>
        <styleUrl>#icon-1899-DB4436</styleUrl>
        <ExtendedData>
          <Data name="description">
            <value>Коктель бар

Не сеть</value>
          </Data>
          <Data name="Категория">
            <value>Бары</value>
          </Data>
          <Data name="Каталог">
            <value>https://srb.guide/map/novi-sad-sobaka-s-rukoj-0069e7678211</value>
          </Data>
          <Data name="Гугл ссылка">
            <value><![CDATA[https://www.google.com/maps/search/?api=1&amp;query=45.255815,19.845932&amp;query_place_id=ChIJaW--r-cRW0cRWrHGlFqTK68]]></value>
          </Data>
          <Data name="Рейтинг">
            <value>4.5</value>
          </Data>
        </ExtendedData>
        <Point>
          <coordinates>
            19.845932,45.255815,0
          </coordinates>
        </Point>
      </Placemark>
      <Placemark>
        <name>novi-sad · TEPLICA</name>
        <description><![CDATA[description: Винный бар Teplica<br><br>Не сеть<br>Категория: Бары<br>Каталог: https://srb.guide/map/novi-sad-teplica-727dcb62c3df<br>Гугл ссылка: https://www.google.com/maps/search/?api=1&amp;query=45.252057,19.841006&amp;query_place_id=ChIJ4ehWl28RW0cRtraP9w7wWXk<br>Рейтинг: ]]></description>
        <styleUrl>#icon-1899-DB4436</styleUrl>
        <ExtendedData>
          <Data name="description">
            <value>Винный бар Teplica

Не сеть</value>
          </Data>
          <Data name="Категория">
            <value>Бары</value>
          </Data>
          <Data name="Каталог">
            <value>https://srb.guide/map/novi-sad-teplica-727dcb62c3df</value>
          </Data>
          <Data name="Гугл ссылка">
            <value><![CDATA[https://www.google.com/maps/search/?api=1&amp;query=45.252057,19.841006&amp;query_place_id=ChIJ4ehWl28RW0cRtraP9w7wWXk]]></value>
          </Data>
          <Data name="Рейтинг">
            <value/>
          </Data>
        </ExtendedData>
        <Point>
          <coordinates>
            19.841006,45.252057,0
          </coordinates>
        </Point>
      </Placemark>
      <Placemark>
        <name><![CDATA[novi-sad · Barber Men & Women]]></name>
        <description><![CDATA[description: Не сеть<br>Категория: Красота<br>Каталог: https://srb.guide/map/novi-sad-barber-men-women-9a31841e760e<br>Гугл ссылка: https://www.google.com/maps/search/?api=1&amp;query=45.244607,19.824903&amp;query_place_id=ChIJg-Vf9wPl7WERsImsdfj0Eis<br>Рейтинг: 4.8]]></description>
        <styleUrl>#icon-1899-DB4436</styleUrl>
        <ExtendedData>
          <Data name="description">
            <value>Не сеть</value>
          </Data>
          <Data name="Категория">
            <value>Красота</value>
          </Data>
          <Data name="Каталог">
            <value>https://srb.guide/map/novi-sad-barber-men-women-9a31841e760e</value>
          </Data>
          <Data name="Гугл ссылка">
            <value><![CDATA[https://www.google.com/maps/search/?api=1&amp;query=45.244607,19.824903&amp;query_place_id=ChIJg-Vf9wPl7WERsImsdfj0Eis]]></value>
          </Data>
          <Data name="Рейтинг">
            <value>4.8</value>
          </Data>
        </ExtendedData>
        <Point>
          <coordinates>
            19.824903,45.244607,0
          </coordinates>
        </Point>
      </Placemark>
      <Placemark>
        <name>novi-sad · DN Nail Studio by Natalija Dunaeva</name>
        <description><![CDATA[description: Не сеть<br>Категория: Красота<br>Каталог: https://srb.guide/map/novi-sad-dn-nail-studio-by-natalija-dunaeva-c2b0d11587ce<br>Гугл ссылка: https://www.google.com/maps/search/?api=1&amp;query=45.259633,19.84251&amp;query_place_id=ChIJF2p3FJcbW0cRZY_D4ACFiXQ<br>Рейтинг: 4.8]]></description>
        <styleUrl>#icon-1899-DB4436</styleUrl>
        <ExtendedData>
          <Data name="description">
            <value>Не сеть</value>
          </Data>
          <Data name="Категория">
            <value>Красота</value>
          </Data>
          <Data name="Каталог">
            <value>https://srb.guide/map/novi-sad-dn-nail-studio-by-natalija-dunaeva-c2b0d11587ce</value>
          </Data>
          <Data name="Гугл ссылка">
            <value><![CDATA[https://www.google.com/maps/search/?api=1&amp;query=45.259633,19.84251&amp;query_place_id=ChIJF2p3FJcbW0cRZY_D4ACFiXQ]]></value>
          </Data>
          <Data name="Рейтинг">
            <value>4.8</value>
          </Data>
        </ExtendedData>
        <Point>
          <coordinates>
            19.84251,45.259633,0
          </coordinates>
        </Point>
      </Placemark>
      <Placemark>
        <name>novi-sad · Happy Time</name>
        <description><![CDATA[description: салон красоты<br><br>Не сеть<br>Категория: Красота<br>Каталог: https://srb.guide/map/novi-sad-happy-time-1c9a36e8c888<br>Гугл ссылка: https://www.google.com/maps/search/?api=1&amp;query=45.251135,19.840639&amp;query_place_id=ChIJDS3szrMRW0cRL7x_QzBp4Sw<br>Рейтинг: ]]></description>
        <styleUrl>#icon-1899-DB4436</styleUrl>
        <ExtendedData>
          <Data name="description">
            <value>салон красоты

Не сеть</value>
          </Data>
          <Data name="Категория">
            <value>Красота</value>
          </Data>
          <Data name="Каталог">
            <value>https://srb.guide/map/novi-sad-happy-time-1c9a36e8c888</value>
          </Data>
          <Data name="Гугл ссылка">
            <value><![CDATA[https://www.google.com/maps/search/?api=1&amp;query=45.251135,19.840639&amp;query_place_id=ChIJDS3szrMRW0cRL7x_QzBp4Sw]]></value>
          </Data>
          <Data name="Рейтинг">
            <value/>
          </Data>
        </ExtendedData>
        <Point>
          <coordinates>
            19.840639,45.251135,0
          </coordinates>
        </Point>
      </Placemark>
      <Placemark>
        <name>novi-sad · LUNALIA</name>
        <description><![CDATA[description: Не сеть<br>Категория: Красота<br>Каталог: https://srb.guide/map/novi-sad-lunalia-aeffb5203e7c<br>Гугл ссылка: https://www.google.com/maps/search/?api=1&amp;query=45.258457,19.837295&amp;query_place_id=ChIJpzrWLcgRW0cRl8_Dh7q5o8s<br>Рейтинг: 4.8]]></description>
        <styleUrl>#icon-1899-DB4436</styleUrl>
        <ExtendedData>
          <Data name="description">
            <value>Не сеть</value>
          </Data>
          <Data name="Категория">
            <value>Красота</value>
          </Data>
          <Data name="Каталог">
            <value>https://srb.guide/map/novi-sad-lunalia-aeffb5203e7c</value>
          </Data>
          <Data name="Гугл ссылка">
            <value><![CDATA[https://www.google.com/maps/search/?api=1&amp;query=45.258457,19.837295&amp;query_place_id=ChIJpzrWLcgRW0cRl8_Dh7q5o8s]]></value>
          </Data>
          <Data name="Рейтинг">
            <value>4.8</value>
          </Data>
        </ExtendedData>
        <Point>
          <coordinates>
            19.837295,45.258457,0
          </coordinates>
        </Point>
      </Placemark>
      <Placemark>
        <name>novi-sad · La Zorro kozmetički salon</name>
        <description><![CDATA[description: Не сеть<br>Категория: Красота<br>Каталог: https://srb.guide/map/novi-sad-la-zorro-kozmetički-salon-ae98fb58e51f<br>Гугл ссылка: https://www.google.com/maps/search/?api=1&amp;query=45.261444,19.853608&amp;query_place_id=ChIJNTQWBgARW0cRuZEjv0YTCKQ<br>Рейтинг: 5.0]]></description>
        <styleUrl>#icon-1899-DB4436</styleUrl>
        <ExtendedData>
          <Data name="description">
            <value>Не сеть</value>
          </Data>
          <Data name="Категория">
            <value>Красота</value>
          </Data>
          <Data name="Каталог">
            <value>https://srb.guide/map/novi-sad-la-zorro-kozmetički-salon-ae98fb58e51f</value>
          </Data>
          <Data name="Гугл ссылка">
            <value><![CDATA[https://www.google.com/maps/search/?api=1&amp;query=45.261444,19.853608&amp;query_place_id=ChIJNTQWBgARW0cRuZEjv0YTCKQ]]></value>
          </Data>
          <Data name="Рейтинг">
            <value>5.0</value>
          </Data>
        </ExtendedData>
        <Point>
          <coordinates>
            19.853608,45.261444,0
          </coordinates>
        </Point>
      </Placemark>
      <Placemark>
        <name>novi-sad · Lenore Beauty</name>
        <description><![CDATA[description: Не сеть<br>Категория: Красота<br>Каталог: https://srb.guide/map/novi-sad-lenore-beauty-c1c53400859b<br>Гугл ссылка: https://www.google.com/maps/search/?api=1&amp;query=45.259552,19.84213&amp;query_place_id=ChIJSQ9-91MRW0cR01aK_v6wbP0<br>Рейтинг: ]]></description>
        <styleUrl>#icon-1899-DB4436</styleUrl>
        <ExtendedData>
          <Data name="description">
            <value>Не сеть</value>
          </Data>
          <Data name="Категория">
            <value>Красота</value>
          </Data>
          <Data name="Каталог">
            <value>https://srb.guide/map/novi-sad-lenore-beauty-c1c53400859b</value>
          </Data>
          <Data name="Гугл ссылка">
            <value><![CDATA[https://www.google.com/maps/search/?api=1&amp;query=45.259552,19.84213&amp;query_place_id=ChIJSQ9-91MRW0cR01aK_v6wbP0]]></value>
          </Data>
          <Data name="Рейтинг">
            <value/>
          </Data>
        </ExtendedData>
        <Point>
          <coordinates>
            19.84213,45.259552,0
          </coordinates>
        </Point>
      </Placemark>
      <Placemark>
        <name>novi-sad · Pastel Frizerski salon</name>
        <description><![CDATA[description: Студия колористики<br>Специализирующаяся на окрашивании волос.<br><br>Не сеть<br>Категория: Красота<br>Каталог: https://srb.guide/map/novi-sad-pastel-frizerski-salon-95d539014580<br>Гугл ссылка: https://www.google.com/maps/search/?api=1&amp;query=45.260312,19.835865&amp;query_place_id=ChIJoZrX8NERW0cR9PUKBrrBDpU<br>Рейтинг: 5.0]]></description>
        <styleUrl>#icon-1899-DB4436</styleUrl>
        <ExtendedData>
          <Data name="description">
            <value>Студия колористики
Специализирующаяся на окрашивании волос.

Не сеть</value>
          </Data>
          <Data name="Категория">
            <value>Красота</value>
          </Data>
          <Data name="Каталог">
            <value>https://srb.guide/map/novi-sad-pastel-frizerski-salon-95d539014580</value>
          </Data>
          <Data name="Гугл ссылка">
            <value><![CDATA[https://www.google.com/maps/search/?api=1&amp;query=45.260312,19.835865&amp;query_place_id=ChIJoZrX8NERW0cR9PUKBrrBDpU]]></value>
          </Data>
          <Data name="Рейтинг">
            <value>5.0</value>
          </Data>
        </ExtendedData>
        <Point>
          <coordinates>
            19.835865,45.260312,0
          </coordinates>
        </Point>
      </Placemark>
      <Placemark>
        <name>novi-sad · ProBalance Massage</name>
        <description><![CDATA[description: Не сеть<br>Категория: Красота<br>Каталог: https://srb.guide/map/novi-sad-probalance-massage-47a76f6a7e8b<br>Гугл ссылка: https://www.google.com/maps/search/?api=1&amp;query=45.246012,19.830893&amp;query_place_id=ChIJh0ss8-ZIHSIRUA015i1daw8<br>Рейтинг: 5.0]]></description>
        <styleUrl>#icon-1899-DB4436</styleUrl>
        <ExtendedData>
          <Data name="description">
            <value>Не сеть</value>
          </Data>
          <Data name="Категория">
            <value>Красота</value>
          </Data>
          <Data name="Каталог">
            <value>https://srb.guide/map/novi-sad-probalance-massage-47a76f6a7e8b</value>
          </Data>
          <Data name="Гугл ссылка">
            <value><![CDATA[https://www.google.com/maps/search/?api=1&amp;query=45.246012,19.830893&amp;query_place_id=ChIJh0ss8-ZIHSIRUA015i1daw8]]></value>
          </Data>
          <Data name="Рейтинг">
            <value>5.0</value>
          </Data>
        </ExtendedData>
        <Point>
          <coordinates>
            19.830893,45.246012,0
          </coordinates>
        </Point>
      </Placemark>
      <Placemark>
        <name>novi-sad · ProBalance Studio - Yoga studio</name>
        <description><![CDATA[description: Yoga studio<br><br>Не сеть<br>Категория: Красота<br>Каталог: https://srb.guide/map/novi-sad-probalance-studio-yoga-studio-e3cdf40e1ae6<br>Гугл ссылка: https://www.google.com/maps/search/?api=1&amp;query=45.246277,19.834893&amp;query_place_id=ChIJH1qxIp8RW0cRkDNwTAcN7xg<br>Рейтинг: 5.0]]></description>
        <styleUrl>#icon-1899-DB4436</styleUrl>
        <ExtendedData>
          <Data name="description">
            <value>Yoga studio

Не сеть</value>
          </Data>
          <Data name="Категория">
            <value>Красота</value>
          </Data>
          <Data name="Каталог">
            <value>https://srb.guide/map/novi-sad-probalance-studio-yoga-studio-e3cdf40e1ae6</value>
          </Data>
          <Data name="Гугл ссылка">
            <value><![CDATA[https://www.google.com/maps/search/?api=1&amp;query=45.246277,19.834893&amp;query_place_id=ChIJH1qxIp8RW0cRkDNwTAcN7xg]]></value>
          </Data>
          <Data name="Рейтинг">
            <value>5.0</value>
          </Data>
        </ExtendedData>
        <Point>
          <coordinates>
            19.834893,45.246277,0
          </coordinates>
        </Point>
      </Placemark>
      <Placemark>
        <name>novi-sad · Russian Yoga Studio Novi Sad</name>
        <description><![CDATA[description: студия йоги, массажа и ушу<br><br>Не сеть<br>Категория: Красота<br>Каталог: https://srb.guide/map/novi-sad-russian-yoga-studio-novi-sad-3a2cb0baa5ba<br>Гугл ссылка: https://www.google.com/maps/search/?api=1&amp;query=45.251433,19.844443&amp;query_place_id=ChIJIRpZ4rIRW0cRQqWp8tmrpw0<br>Рейтинг: 5.0]]></description>
        <styleUrl>#icon-1899-DB4436</styleUrl>
        <ExtendedData>
          <Data name="description">
            <value>студия йоги, массажа и ушу

Не сеть</value>
          </Data>
          <Data name="Категория">
            <value>Красота</value>
          </Data>
          <Data name="Каталог">
            <value>https://srb.guide/map/novi-sad-russian-yoga-studio-novi-sad-3a2cb0baa5ba</value>
          </Data>
          <Data name="Гугл ссылка">
            <value><![CDATA[https://www.google.com/maps/search/?api=1&amp;query=45.251433,19.844443&amp;query_place_id=ChIJIRpZ4rIRW0cRQqWp8tmrpw0]]></value>
          </Data>
          <Data name="Рейтинг">
            <value>5.0</value>
          </Data>
        </ExtendedData>
        <Point>
          <coordinates>
            19.844443,45.251433,0
          </coordinates>
        </Point>
      </Placemark>
      <Placemark>
        <name>novi-sad · Salon lepote IRA</name>
        <description><![CDATA[description: Не сеть<br>Категория: Красота<br>Каталог: https://srb.guide/map/novi-sad-salon-lepote-ira-32709f7635d7<br>Гугл ссылка: https://www.google.com/maps/search/?api=1&amp;query=45.260092,19.842708&amp;query_place_id=ChIJ1ThvUQARW0cRfPob-WQEucw<br>Рейтинг: 4.9]]></description>
        <styleUrl>#icon-1899-DB4436</styleUrl>
        <ExtendedData>
          <Data name="description">
            <value>Не сеть</value>
          </Data>
          <Data name="Категория">
            <value>Красота</value>
          </Data>
          <Data name="Каталог">
            <value>https://srb.guide/map/novi-sad-salon-lepote-ira-32709f7635d7</value>
          </Data>
          <Data name="Гугл ссылка">
            <value><![CDATA[https://www.google.com/maps/search/?api=1&amp;query=45.260092,19.842708&amp;query_place_id=ChIJ1ThvUQARW0cRfPob-WQEucw]]></value>
          </Data>
          <Data name="Рейтинг">
            <value>4.9</value>
          </Data>
        </ExtendedData>
        <Point>
          <coordinates>
            19.842708,45.260092,0
          </coordinates>
        </Point>
      </Placemark>
      <Placemark>
        <name>novi-sad · TakeCare</name>
        <description><![CDATA[description: студия восстановления (реабилитации)<br><br>Не сеть<br>Категория: Красота<br>Каталог: https://srb.guide/map/novi-sad-takecare-1a0555f339c3<br>Гугл ссылка: https://www.google.com/maps/search/?api=1&amp;query=45.246129,19.830984&amp;query_place_id=ChIJi8RKTpARW0cRNyYbPsHRa2M<br>Рейтинг: 5.0]]></description>
        <styleUrl>#icon-1899-DB4436</styleUrl>
        <ExtendedData>
          <Data name="description">
            <value>студия восстановления (реабилитации)

Не сеть</value>
          </Data>
          <Data name="Категория">
            <value>Красота</value>
          </Data>
          <Data name="Каталог">
            <value>https://srb.guide/map/novi-sad-takecare-1a0555f339c3</value>
          </Data>
          <Data name="Гугл ссылка">
            <value><![CDATA[https://www.google.com/maps/search/?api=1&amp;query=45.246129,19.830984&amp;query_place_id=ChIJi8RKTpARW0cRNyYbPsHRa2M]]></value>
          </Data>
          <Data name="Рейтинг">
            <value>5.0</value>
          </Data>
        </ExtendedData>
        <Point>
          <coordinates>
            19.830984,45.246129,0
          </coordinates>
        </Point>
      </Placemark>
      <Placemark>
        <name>novi-sad · Timeless beauty</name>
        <description><![CDATA[description: Не сеть<br>Категория: Красота<br>Каталог: https://srb.guide/map/novi-sad-timeless-beauty-3681a3d84df6<br>Гугл ссылка: https://www.google.com/maps/search/?api=1&amp;query=45.258565,19.816032&amp;query_place_id=ChIJzwvhT7Cv-aYRmIopwDgt8ck<br>Рейтинг: 4.8]]></description>
        <styleUrl>#icon-1899-DB4436</styleUrl>
        <ExtendedData>
          <Data name="description">
            <value>Не сеть</value>
          </Data>
          <Data name="Категория">
            <value>Красота</value>
          </Data>
          <Data name="Каталог">
            <value>https://srb.guide/map/novi-sad-timeless-beauty-3681a3d84df6</value>
          </Data>
          <Data name="Гугл ссылка">
            <value><![CDATA[https://www.google.com/maps/search/?api=1&amp;query=45.258565,19.816032&amp;query_place_id=ChIJzwvhT7Cv-aYRmIopwDgt8ck]]></value>
          </Data>
          <Data name="Рейтинг">
            <value>4.8</value>
          </Data>
        </ExtendedData>
        <Point>
          <coordinates>
            19.816032,45.258565,0
          </coordinates>
        </Point>
      </Placemark>
      <Placemark>
        <name>novi-sad · Bananalama</name>
        <description><![CDATA[description: Клуб для детей https://www.bananalama.ru/  Не сеть<br>Категория: Дети<br>Каталог: https://srb.guide/map/novi-sad-bananalama-2ebda68b0785<br>Гугл ссылка: https://www.google.com/maps/search/?api=1&amp;query=45.249242,19.836859&amp;query_place_id=ChIJf8LeLRURW0cRBXo9Hybp9UY<br>Рейтинг: ]]></description>
        <styleUrl>#icon-1899-DB4436</styleUrl>
        <ExtendedData>
          <Data name="description">
            <value>Клуб для детей https://www.bananalama.ru/  Не сеть</value>
          </Data>
          <Data name="Категория">
            <value>Дети</value>
          </Data>
          <Data name="Каталог">
            <value>https://srb.guide/map/novi-sad-bananalama-2ebda68b0785</value>
          </Data>
          <Data name="Гугл ссылка">
            <value><![CDATA[https://www.google.com/maps/search/?api=1&amp;query=45.249242,19.836859&amp;query_place_id=ChIJf8LeLRURW0cRBXo9Hybp9UY]]></value>
          </Data>
          <Data name="Рейтинг">
            <value/>
          </Data>
        </ExtendedData>
        <Point>
          <coordinates>
            19.836859,45.249242,0
          </coordinates>
        </Point>
      </Placemark>
      <Placemark>
        <name>novi-sad · Dolphin School</name>
        <description><![CDATA[description: It-школа Dolphin<br><br>Не сеть<br>Категория: Дети<br>Каталог: https://srb.guide/map/novi-sad-dolphin-school-073ac6b822d8<br>Гугл ссылка: https://www.google.com/maps/search/?api=1&amp;query=45.251411,19.836696&amp;query_place_id=ChIJ2fRZ00ERW0cRttf7MCHZwbU<br>Рейтинг: 5.0]]></description>
        <styleUrl>#icon-1899-DB4436</styleUrl>
        <ExtendedData>
          <Data name="description">
            <value>It-школа Dolphin

Не сеть</value>
          </Data>
          <Data name="Категория">
            <value>Дети</value>
          </Data>
          <Data name="Каталог">
            <value>https://srb.guide/map/novi-sad-dolphin-school-073ac6b822d8</value>
          </Data>
          <Data name="Гугл ссылка">
            <value><![CDATA[https://www.google.com/maps/search/?api=1&amp;query=45.251411,19.836696&amp;query_place_id=ChIJ2fRZ00ERW0cRttf7MCHZwbU]]></value>
          </Data>
          <Data name="Рейтинг">
            <value>5.0</value>
          </Data>
        </ExtendedData>
        <Point>
          <coordinates>
            19.836696,45.251411,0
          </coordinates>
        </Point>
      </Placemark>
      <Placemark>
        <name>novi-sad · Art Most</name>
        <description><![CDATA[description: Художественная школа<br><br>Не сеть<br>Категория: Курсы и образование<br>Каталог: https://srb.guide/map/novi-sad-art-most-41f1b3069c92<br>Гугл ссылка: https://www.google.com/maps/search/?api=1&amp;query=45.256682,19.849088&amp;query_place_id=ChIJpeKZKroRW0cRmDKAaVTTtQc<br>Рейтинг: 5.0]]></description>
        <styleUrl>#icon-1899-DB4436</styleUrl>
        <ExtendedData>
          <Data name="description">
            <value>Художественная школа

Не сеть</value>
          </Data>
          <Data name="Категория">
            <value>Курсы и образование</value>
          </Data>
          <Data name="Каталог">
            <value>https://srb.guide/map/novi-sad-art-most-41f1b3069c92</value>
          </Data>
          <Data name="Гугл ссылка">
            <value><![CDATA[https://www.google.com/maps/search/?api=1&amp;query=45.256682,19.849088&amp;query_place_id=ChIJpeKZKroRW0cRmDKAaVTTtQc]]></value>
          </Data>
          <Data name="Рейтинг">
            <value>5.0</value>
          </Data>
        </ExtendedData>
        <Point>
          <coordinates>
            19.849088,45.256682,0
          </coordinates>
        </Point>
      </Placemark>
      <Placemark>
        <name>novi-sad · Clever International School</name>
        <description><![CDATA[description: Частная школа https://novi-sad.cleveris.org/  Не сеть<br>Категория: Курсы и образование<br>Каталог: https://srb.guide/map/novi-sad-clever-international-school-e8f19936b4e5<br>Гугл ссылка: https://www.google.com/maps/search/?api=1&amp;query=45.248647,19.825201&amp;query_place_id=ChIJe0lBoNUPW0cROEloIVL9gPA<br>Рейтинг: 4.9]]></description>
        <styleUrl>#icon-1899-DB4436</styleUrl>
        <ExtendedData>
          <Data name="description">
            <value>Частная школа https://novi-sad.cleveris.org/  Не сеть</value>
          </Data>
          <Data name="Категория">
            <value>Курсы и образование</value>
          </Data>
          <Data name="Каталог">
            <value>https://srb.guide/map/novi-sad-clever-international-school-e8f19936b4e5</value>
          </Data>
          <Data name="Гугл ссылка">
            <value><![CDATA[https://www.google.com/maps/search/?api=1&amp;query=45.248647,19.825201&amp;query_place_id=ChIJe0lBoNUPW0cROEloIVL9gPA]]></value>
          </Data>
          <Data name="Рейтинг">
            <value>4.9</value>
          </Data>
        </ExtendedData>
        <Point>
          <coordinates>
            19.825201,45.248647,0
          </coordinates>
        </Point>
      </Placemark>
      <Placemark>
        <name>novi-sad · Karakulya</name>
        <description><![CDATA[description: Студия творчества<br><br>Не сеть<br>Категория: Курсы и образование<br>Каталог: https://srb.guide/map/novi-sad-karakulya-a4378e493943<br>Гугл ссылка: https://www.google.com/maps/search/?api=1&amp;query=45.258721,19.835195&amp;query_place_id=ChIJdVryZfkRW0cR1kYWaQ5pfog<br>Рейтинг: 5.0]]></description>
        <styleUrl>#icon-1899-DB4436</styleUrl>
        <ExtendedData>
          <Data name="description">
            <value>Студия творчества

Не сеть</value>
          </Data>
          <Data name="Категория">
            <value>Курсы и образование</value>
          </Data>
          <Data name="Каталог">
            <value>https://srb.guide/map/novi-sad-karakulya-a4378e493943</value>
          </Data>
          <Data name="Гугл ссылка">
            <value><![CDATA[https://www.google.com/maps/search/?api=1&amp;query=45.258721,19.835195&amp;query_place_id=ChIJdVryZfkRW0cR1kYWaQ5pfog]]></value>
          </Data>
          <Data name="Рейтинг">
            <value>5.0</value>
          </Data>
        </ExtendedData>
        <Point>
          <coordinates>
            19.835195,45.258721,0
          </coordinates>
        </Point>
      </Placemark>
      <Placemark>
        <name><![CDATA[novi-sad · Nova Kuča — Русская начальная школа "Новый дом"]]></name>
        <description><![CDATA[description: Не сеть<br>Категория: Курсы и образование<br>Каталог: https://srb.guide/map/novi-sad-nova-kuča-русская-начальная-школа-новый-дом-2adb228e72a4<br>Гугл ссылка: https://www.google.com/maps/search/?api=1&amp;query=45.270932,19.834356&amp;query_place_id=ChIJgckaxmERW0cRTR64aBC16ZU<br>Рейтинг: 5.0]]></description>
        <styleUrl>#icon-1899-DB4436</styleUrl>
        <ExtendedData>
          <Data name="description">
            <value>Не сеть</value>
          </Data>
          <Data name="Категория">
            <value>Курсы и образование</value>
          </Data>
          <Data name="Каталог">
            <value>https://srb.guide/map/novi-sad-nova-kuča-русская-начальная-школа-новый-дом-2adb228e72a4</value>
          </Data>
          <Data name="Гугл ссылка">
            <value><![CDATA[https://www.google.com/maps/search/?api=1&amp;query=45.270932,19.834356&amp;query_place_id=ChIJgckaxmERW0cRTR64aBC16ZU]]></value>
          </Data>
          <Data name="Рейтинг">
            <value>5.0</value>
          </Data>
        </ExtendedData>
        <Point>
          <coordinates>
            19.834356,45.270932,0
          </coordinates>
        </Point>
      </Placemark>
      <Placemark>
        <name>novi-sad · Serbian language school SmartLab</name>
        <description><![CDATA[description: Не сеть<br>Категория: Курсы и образование<br>Каталог: https://srb.guide/map/novi-sad-serbian-language-school-smartlab-939797d59bbe<br>Гугл ссылка: https://www.google.com/maps/search/?api=1&amp;query=45.251936,19.842322&amp;query_place_id=ChIJV5Xd4MURW0cRy_gst2YQe-4<br>Рейтинг: ]]></description>
        <styleUrl>#icon-1899-DB4436</styleUrl>
        <ExtendedData>
          <Data name="description">
            <value>Не сеть</value>
          </Data>
          <Data name="Категория">
            <value>Курсы и образование</value>
          </Data>
          <Data name="Каталог">
            <value>https://srb.guide/map/novi-sad-serbian-language-school-smartlab-939797d59bbe</value>
          </Data>
          <Data name="Гугл ссылка">
            <value><![CDATA[https://www.google.com/maps/search/?api=1&amp;query=45.251936,19.842322&amp;query_place_id=ChIJV5Xd4MURW0cRy_gst2YQe-4]]></value>
          </Data>
          <Data name="Рейтинг">
            <value/>
          </Data>
        </ExtendedData>
        <Point>
          <coordinates>
            19.842322,45.251936,0
          </coordinates>
        </Point>
      </Placemark>
      <Placemark>
        <name>novi-sad · SmartFuture</name>
        <description><![CDATA[description: Образовательный кластер для русскоязычных детей в Нови Саде  https://telegra.ph/SmartFuture--Obrazovatelnyj-klaster-dlya-russkoyazychnyh-detej-v-Novi-Sade-10-25  Не сеть<br>Категория: Курсы и образование<br>Каталог: https://srb.guide/map/novi-sad-smartfuture-6977517e4801<br>Гугл ссылка: https://www.google.com/maps/search/?api=1&amp;query=45.258365,19.847179&amp;query_place_id=ChIJoYHpcj0RW0cRQUT-TSIUrEk<br>Рейтинг: 5.0]]></description>
        <styleUrl>#icon-1899-DB4436</styleUrl>
        <ExtendedData>
          <Data name="description">
            <value>Образовательный кластер для русскоязычных детей в Нови Саде  https://telegra.ph/SmartFuture--Obrazovatelnyj-klaster-dlya-russkoyazychnyh-detej-v-Novi-Sade-10-25  Не сеть</value>
          </Data>
          <Data name="Категория">
            <value>Курсы и образование</value>
          </Data>
          <Data name="Каталог">
            <value>https://srb.guide/map/novi-sad-smartfuture-6977517e4801</value>
          </Data>
          <Data name="Гугл ссылка">
            <value><![CDATA[https://www.google.com/maps/search/?api=1&amp;query=45.258365,19.847179&amp;query_place_id=ChIJoYHpcj0RW0cRQUT-TSIUrEk]]></value>
          </Data>
          <Data name="Рейтинг">
            <value>5.0</value>
          </Data>
        </ExtendedData>
        <Point>
          <coordinates>
            19.847179,45.258365,0
          </coordinates>
        </Point>
      </Placemark>
      <Placemark>
        <name>novi-sad · iSchool</name>
        <description><![CDATA[description: Детская школа ISchool<br><br>Не сеть<br>Категория: Курсы и образование<br>Каталог: https://srb.guide/map/novi-sad-ischool-0219b81bd127<br>Гугл ссылка: https://www.google.com/maps/search/?api=1&amp;query=45.25405,19.835172&amp;query_place_id=ChIJZ5Rjbq4RW0cRdvOAYNCOf5U<br>Рейтинг: 5.0]]></description>
        <styleUrl>#icon-1899-DB4436</styleUrl>
        <ExtendedData>
          <Data name="description">
            <value>Детская школа ISchool

Не сеть</value>
          </Data>
          <Data name="Категория">
            <value>Курсы и образование</value>
          </Data>
          <Data name="Каталог">
            <value>https://srb.guide/map/novi-sad-ischool-0219b81bd127</value>
          </Data>
          <Data name="Гугл ссылка">
            <value><![CDATA[https://www.google.com/maps/search/?api=1&amp;query=45.25405,19.835172&amp;query_place_id=ChIJZ5Rjbq4RW0cRdvOAYNCOf5U]]></value>
          </Data>
          <Data name="Рейтинг">
            <value>5.0</value>
          </Data>
        </ExtendedData>
        <Point>
          <coordinates>
            19.835172,45.25405,0
          </coordinates>
        </Point>
      </Placemark>
      <Placemark>
        <name>novi-sad · Часть Речи — культурно-образовательный центр</name>
        <description><![CDATA[description: Не сеть<br>Категория: Курсы и образование<br>Каталог: https://srb.guide/map/novi-sad-часть-речи-культурно-образовательный-центр-7717706f92bb<br>Гугл ссылка: https://www.google.com/maps/search/?api=1&amp;query=45.256574,19.845918&amp;query_place_id=ChIJg0aNZgARW0cRckSbmGPmYTs<br>Рейтинг: 5.0]]></description>
        <styleUrl>#icon-1899-DB4436</styleUrl>
        <ExtendedData>
          <Data name="description">
            <value>Не сеть</value>
          </Data>
          <Data name="Категория">
            <value>Курсы и образование</value>
          </Data>
          <Data name="Каталог">
            <value>https://srb.guide/map/novi-sad-часть-речи-культурно-образовательный-центр-7717706f92bb</value>
          </Data>
          <Data name="Гугл ссылка">
            <value><![CDATA[https://www.google.com/maps/search/?api=1&amp;query=45.256574,19.845918&amp;query_place_id=ChIJg0aNZgARW0cRckSbmGPmYTs]]></value>
          </Data>
          <Data name="Рейтинг">
            <value>5.0</value>
          </Data>
        </ExtendedData>
        <Point>
          <coordinates>
            19.845918,45.256574,0
          </coordinates>
        </Point>
      </Placemark>
      <Placemark>
        <name>novi-sad · NS TECH</name>
        <description><![CDATA[description: Не сеть<br>Категория: Электроника<br>Каталог: https://srb.guide/map/ns-tech-novi-sad<br>Гугл ссылка: https://www.google.com/maps/search/?api=1&amp;query=45.2507128,19.8381705<br>Рейтинг: ]]></description>
        <styleUrl>#icon-1899-DB4436</styleUrl>
        <ExtendedData>
          <Data name="description">
            <value>Не сеть</value>
          </Data>
          <Data name="Категория">
            <value>Электроника</value>
          </Data>
          <Data name="Каталог">
            <value>https://srb.guide/map/ns-tech-novi-sad</value>
          </Data>
          <Data name="Гугл ссылка">
            <value><![CDATA[https://www.google.com/maps/search/?api=1&amp;query=45.2507128,19.8381705]]></value>
          </Data>
          <Data name="Рейтинг">
            <value/>
          </Data>
        </ExtendedData>
        <Point>
          <coordinates>
            19.838171,45.250713,0
          </coordinates>
        </Point>
      </Placemark>
      <Placemark>
        <name>novi-sad · Reparo</name>
        <description><![CDATA[description: Мастерская по ремонту смартфонов, планшетов, ноутбуков, компьютеров и многой другой электроники   Соц сети:  https://www.instagram.com/reparo.rs/ https://reparo.rs  Наши контакты: +381614382387 https://t.me/Reparo_rs radionicaserbia@gmail.com  Не сеть<br>Категория: Электроника<br>Каталог: https://srb.guide/map/novi-sad-reparo-fa3b6585f9ed<br>Гугл ссылка: https://www.google.com/maps/search/?api=1&amp;query=45.258368,19.848863&amp;query_place_id=ChIJLUzTLC4RW0cRkz_qoHzAWKA<br>Рейтинг: ]]></description>
        <styleUrl>#icon-1899-DB4436</styleUrl>
        <ExtendedData>
          <Data name="description">
            <value>Мастерская по ремонту смартфонов, планшетов, ноутбуков, компьютеров и многой другой электроники   Соц сети:  https://www.instagram.com/reparo.rs/ https://reparo.rs  Наши контакты: +381614382387 https://t.me/Reparo_rs radionicaserbia@gmail.com  Не сеть</value>
          </Data>
          <Data name="Категория">
            <value>Электроника</value>
          </Data>
          <Data name="Каталог">
            <value>https://srb.guide/map/novi-sad-reparo-fa3b6585f9ed</value>
          </Data>
          <Data name="Гугл ссылка">
            <value><![CDATA[https://www.google.com/maps/search/?api=1&amp;query=45.258368,19.848863&amp;query_place_id=ChIJLUzTLC4RW0cRkz_qoHzAWKA]]></value>
          </Data>
          <Data name="Рейтинг">
            <value/>
          </Data>
        </ExtendedData>
        <Point>
          <coordinates>
            19.848863,45.258368,0
          </coordinates>
        </Point>
      </Placemark>
      <Placemark>
        <name>novi-sad · Ruski servis Fastrestore</name>
        <description><![CDATA[description: Сервис по ремонту компьютерной и мобильной техники<br><br>Не сеть<br>Категория: Электроника<br>Каталог: https://srb.guide/map/novi-sad-ruski-servis-fastrestore-e8676fa06bda<br>Гугл ссылка: https://www.google.com/maps/search/?api=1&amp;query=45.262536,19.831589&amp;query_place_id=ChIJ-WAVuGYRW0cRou02jxW_ZWU<br>Рейтинг: ]]></description>
        <styleUrl>#icon-1899-DB4436</styleUrl>
        <ExtendedData>
          <Data name="description">
            <value>Сервис по ремонту компьютерной и мобильной техники

Не сеть</value>
          </Data>
          <Data name="Категория">
            <value>Электроника</value>
          </Data>
          <Data name="Каталог">
            <value>https://srb.guide/map/novi-sad-ruski-servis-fastrestore-e8676fa06bda</value>
          </Data>
          <Data name="Гугл ссылка">
            <value><![CDATA[https://www.google.com/maps/search/?api=1&amp;query=45.262536,19.831589&amp;query_place_id=ChIJ-WAVuGYRW0cRou02jxW_ZWU]]></value>
          </Data>
          <Data name="Рейтинг">
            <value/>
          </Data>
        </ExtendedData>
        <Point>
          <coordinates>
            19.831589,45.262536,0
          </coordinates>
        </Point>
      </Placemark>
      <Placemark>
        <name>novi-sad · Boardcats</name>
        <description><![CDATA[description: антикафе<br><br>Не сеть<br>Категория: Развлечения<br>Каталог: https://srb.guide/map/novi-sad-boardcats-86c9bb6a88f7<br>Гугл ссылка: https://www.google.com/maps/search/?api=1&amp;query=45.252286,19.841301&amp;query_place_id=ChIJ_9hSkzERW0cRekqluSE55Ds<br>Рейтинг: ]]></description>
        <styleUrl>#icon-1899-DB4436</styleUrl>
        <ExtendedData>
          <Data name="description">
            <value>антикафе

Не сеть</value>
          </Data>
          <Data name="Категория">
            <value>Развлечения</value>
          </Data>
          <Data name="Каталог">
            <value>https://srb.guide/map/novi-sad-boardcats-86c9bb6a88f7</value>
          </Data>
          <Data name="Гугл ссылка">
            <value><![CDATA[https://www.google.com/maps/search/?api=1&amp;query=45.252286,19.841301&amp;query_place_id=ChIJ_9hSkzERW0cRekqluSE55Ds]]></value>
          </Data>
          <Data name="Рейтинг">
            <value/>
          </Data>
        </ExtendedData>
        <Point>
          <coordinates>
            19.841301,45.252286,0
          </coordinates>
        </Point>
      </Placemark>
      <Placemark>
        <name>novi-sad · Colizeum</name>
        <description><![CDATA[description: Computer club<br><br>Не сеть<br>Категория: Развлечения<br>Каталог: https://srb.guide/map/novi-sad-colizeum-ea72efb83e54<br>Гугл ссылка: https://www.google.com/maps/search/?api=1&amp;query=45.250228,19.847173&amp;query_place_id=ChIJMR-DF7gRW0cRB4thW4QiTaU<br>Рейтинг: 4.5]]></description>
        <styleUrl>#icon-1899-DB4436</styleUrl>
        <ExtendedData>
          <Data name="description">
            <value>Computer club

Не сеть</value>
          </Data>
          <Data name="Категория">
            <value>Развлечения</value>
          </Data>
          <Data name="Каталог">
            <value>https://srb.guide/map/novi-sad-colizeum-ea72efb83e54</value>
          </Data>
          <Data name="Гугл ссылка">
            <value><![CDATA[https://www.google.com/maps/search/?api=1&amp;query=45.250228,19.847173&amp;query_place_id=ChIJMR-DF7gRW0cRB4thW4QiTaU]]></value>
          </Data>
          <Data name="Рейтинг">
            <value>4.5</value>
          </Data>
        </ExtendedData>
        <Point>
          <coordinates>
            19.847173,45.250228,0
          </coordinates>
        </Point>
      </Placemark>
      <Placemark>
        <name>novi-sad · DayDream photostudio</name>
        <description><![CDATA[description: фотостудия<br><br>Не сеть<br>Категория: Развлечения<br>Каталог: https://srb.guide/map/novi-sad-daydream-photostudio-40d24ddb8e78<br>Гугл ссылка: https://www.google.com/maps/search/?api=1&amp;query=45.248325,19.84973&amp;query_place_id=ChIJhy4fbKURW0cRuqhIlHt5FZo<br>Рейтинг: ]]></description>
        <styleUrl>#icon-1899-DB4436</styleUrl>
        <ExtendedData>
          <Data name="description">
            <value>фотостудия

Не сеть</value>
          </Data>
          <Data name="Категория">
            <value>Развлечения</value>
          </Data>
          <Data name="Каталог">
            <value>https://srb.guide/map/novi-sad-daydream-photostudio-40d24ddb8e78</value>
          </Data>
          <Data name="Гугл ссылка">
            <value><![CDATA[https://www.google.com/maps/search/?api=1&amp;query=45.248325,19.84973&amp;query_place_id=ChIJhy4fbKURW0cRuqhIlHt5FZo]]></value>
          </Data>
          <Data name="Рейтинг">
            <value/>
          </Data>
        </ExtendedData>
        <Point>
          <coordinates>
            19.84973,45.248325,0
          </coordinates>
        </Point>
      </Placemark>
      <Placemark>
        <name>novi-sad · VapeMe - vape shop Elektronske Cigarete Papiroska Novi Sad</name>
        <description><![CDATA[description: Сеть: VapeMe<br>Категория: Развлечения<br>Каталог: https://srb.guide/map/beograd-vapeme-vape-shop-elektronske-cigarete-papiroska-novi-sad-aec01cc172bf<br>Гугл ссылка: https://www.google.com/maps/search/?api=1&amp;query=45.254627,19.835189&amp;query_place_id=ChIJt5LWESQRW0cRwX_h37hnHxY<br>Рейтинг: 4.3]]></description>
        <styleUrl>#icon-1899-DB4436</styleUrl>
        <ExtendedData>
          <Data name="description">
            <value>Сеть: VapeMe</value>
          </Data>
          <Data name="Категория">
            <value>Развлечения</value>
          </Data>
          <Data name="Каталог">
            <value>https://srb.guide/map/beograd-vapeme-vape-shop-elektronske-cigarete-papiroska-novi-sad-aec01cc172bf</value>
          </Data>
          <Data name="Гугл ссылка">
            <value><![CDATA[https://www.google.com/maps/search/?api=1&amp;query=45.254627,19.835189&amp;query_place_id=ChIJt5LWESQRW0cRwX_h37hnHxY]]></value>
          </Data>
          <Data name="Рейтинг">
            <value>4.3</value>
          </Data>
        </ExtendedData>
        <Point>
          <coordinates>
            19.835189,45.254627,0
          </coordinates>
        </Point>
      </Placemark>
      <Placemark>
        <name>novi-sad · Приди в Себя</name>
        <description><![CDATA[description: антикафе/игротека<br><br>Не сеть<br>Категория: Развлечения<br>Каталог: https://srb.guide/map/novi-sad-приди-в-себя-caf9857a00d9<br>Гугл ссылка: https://www.google.com/maps/search/?api=1&amp;query=45.256586,19.849777&amp;query_place_id=ChIJBSYJO7YRW0cRD1RJNrZUB5I<br>Рейтинг: 4.8]]></description>
        <styleUrl>#icon-1899-DB4436</styleUrl>
        <ExtendedData>
          <Data name="description">
            <value>антикафе/игротека

Не сеть</value>
          </Data>
          <Data name="Категория">
            <value>Развлечения</value>
          </Data>
          <Data name="Каталог">
            <value>https://srb.guide/map/novi-sad-приди-в-себя-caf9857a00d9</value>
          </Data>
          <Data name="Гугл ссылка">
            <value><![CDATA[https://www.google.com/maps/search/?api=1&amp;query=45.256586,19.849777&amp;query_place_id=ChIJBSYJO7YRW0cRD1RJNrZUB5I]]></value>
          </Data>
          <Data name="Рейтинг">
            <value>4.8</value>
          </Data>
        </ExtendedData>
        <Point>
          <coordinates>
            19.849777,45.256586,0
          </coordinates>
        </Point>
      </Placemark>
      <Placemark>
        <name>novi-sad · Alisa</name>
        <description><![CDATA[description: Кондитерская<br><br>Сеть: Alisa<br>Категория: Кафе и рестораны<br>Каталог: https://srb.guide/map/novi-sad-alisa-48b5645741d7<br>Гугл ссылка: https://www.google.com/maps/search/?api=1&amp;query=45.248169,19.840472&amp;query_place_id=ChIJPUIiK8ERW0cRJ7LfQsFbMk0<br>Рейтинг: 4.7]]></description>
        <styleUrl>#icon-1899-DB4436</styleUrl>
        <ExtendedData>
          <Data name="description">
            <value>Кондитерская

Сеть: Alisa</value>
          </Data>
          <Data name="Категория">
            <value>Кафе и рестораны</value>
          </Data>
          <Data name="Каталог">
            <value>https://srb.guide/map/novi-sad-alisa-48b5645741d7</value>
          </Data>
          <Data name="Гугл ссылка">
            <value><![CDATA[https://www.google.com/maps/search/?api=1&amp;query=45.248169,19.840472&amp;query_place_id=ChIJPUIiK8ERW0cRJ7LfQsFbMk0]]></value>
          </Data>
          <Data name="Рейтинг">
            <value>4.7</value>
          </Data>
        </ExtendedData>
        <Point>
          <coordinates>
            19.840472,45.248169,0
          </coordinates>
        </Point>
      </Placemark>
      <Placemark>
        <name>novi-sad · Babushka European Deli</name>
        <description><![CDATA[description: Пекарня<br><br>Не сеть<br>Категория: Кафе и рестораны<br>Каталог: https://srb.guide/map/novi-sad-babushka-european-deli-412e9607ca9c<br>Гугл ссылка: https://www.google.com/maps/search/?api=1&amp;query=45.243467,19.824986&amp;query_place_id=ChIJad2A1RQRW0cRlTW4eqPUMu8<br>Рейтинг: 4.8]]></description>
        <styleUrl>#icon-1899-DB4436</styleUrl>
        <ExtendedData>
          <Data name="description">
            <value>Пекарня

Не сеть</value>
          </Data>
          <Data name="Категория">
            <value>Кафе и рестораны</value>
          </Data>
          <Data name="Каталог">
            <value>https://srb.guide/map/novi-sad-babushka-european-deli-412e9607ca9c</value>
          </Data>
          <Data name="Гугл ссылка">
            <value><![CDATA[https://www.google.com/maps/search/?api=1&amp;query=45.243467,19.824986&amp;query_place_id=ChIJad2A1RQRW0cRlTW4eqPUMu8]]></value>
          </Data>
          <Data name="Рейтинг">
            <value>4.8</value>
          </Data>
        </ExtendedData>
        <Point>
          <coordinates>
            19.824986,45.243467,0
          </coordinates>
        </Point>
      </Placemark>
      <Placemark>
        <name>novi-sad · Blinok</name>
        <description><![CDATA[description: Сеть: Blinok<br>Категория: Кафе и рестораны<br>Каталог: https://srb.guide/map/novi-sad-blinok-0d12589b138b<br>Гугл ссылка: https://www.google.com/maps/search/?api=1&amp;query=45.250948,19.841722&amp;query_place_id=ChIJV0VXUwARW0cRO19a_ltwPVM<br>Рейтинг: 4.1]]></description>
        <styleUrl>#icon-1899-DB4436</styleUrl>
        <ExtendedData>
          <Data name="description">
            <value>Сеть: Blinok</value>
          </Data>
          <Data name="Категория">
            <value>Кафе и рестораны</value>
          </Data>
          <Data name="Каталог">
            <value>https://srb.guide/map/novi-sad-blinok-0d12589b138b</value>
          </Data>
          <Data name="Гугл ссылка">
            <value><![CDATA[https://www.google.com/maps/search/?api=1&amp;query=45.250948,19.841722&amp;query_place_id=ChIJV0VXUwARW0cRO19a_ltwPVM]]></value>
          </Data>
          <Data name="Рейтинг">
            <value>4.1</value>
          </Data>
        </ExtendedData>
        <Point>
          <coordinates>
            19.841722,45.250948,0
          </coordinates>
        </Point>
      </Placemark>
      <Placemark>
        <name>novi-sad · CHEWS</name>
        <description><![CDATA[description: Фастфуд<br><br>Не сеть<br>Категория: Кафе и рестораны<br>Каталог: https://srb.guide/map/novi-sad-chews-a7afb0ff8f6d<br>Гугл ссылка: https://www.google.com/maps/search/?api=1&amp;query=45.261675,19.831165&amp;query_place_id=ChIJS6T_ONYRW0cRMkozxqudzhk<br>Рейтинг: 4.7]]></description>
        <styleUrl>#icon-1899-DB4436</styleUrl>
        <ExtendedData>
          <Data name="description">
            <value>Фастфуд

Не сеть</value>
          </Data>
          <Data name="Категория">
            <value>Кафе и рестораны</value>
          </Data>
          <Data name="Каталог">
            <value>https://srb.guide/map/novi-sad-chews-a7afb0ff8f6d</value>
          </Data>
          <Data name="Гугл ссылка">
            <value><![CDATA[https://www.google.com/maps/search/?api=1&amp;query=45.261675,19.831165&amp;query_place_id=ChIJS6T_ONYRW0cRMkozxqudzhk]]></value>
          </Data>
          <Data name="Рейтинг">
            <value>4.7</value>
          </Data>
        </ExtendedData>
        <Point>
          <coordinates>
            19.831165,45.261675,0
          </coordinates>
        </Point>
      </Placemark>
      <Placemark>
        <name>novi-sad · Coffee Corner</name>
        <description><![CDATA[description: Кофе и десерты<br><br>Не сеть<br>Категория: Кафе и рестораны<br>Каталог: https://srb.guide/map/novi-sad-coffee-corner-a1beb659497d<br>Гугл ссылка: https://www.google.com/maps/search/?api=1&amp;query=45.260004,19.843122&amp;query_place_id=ChIJzaaTCV0QW0cR3cHmW88cH-o<br>Рейтинг: 4.6]]></description>
        <styleUrl>#icon-1899-DB4436</styleUrl>
        <ExtendedData>
          <Data name="description">
            <value>Кофе и десерты

Не сеть</value>
          </Data>
          <Data name="Категория">
            <value>Кафе и рестораны</value>
          </Data>
          <Data name="Каталог">
            <value>https://srb.guide/map/novi-sad-coffee-corner-a1beb659497d</value>
          </Data>
          <Data name="Гугл ссылка">
            <value><![CDATA[https://www.google.com/maps/search/?api=1&amp;query=45.260004,19.843122&amp;query_place_id=ChIJzaaTCV0QW0cR3cHmW88cH-o]]></value>
          </Data>
          <Data name="Рейтинг">
            <value>4.6</value>
          </Data>
        </ExtendedData>
        <Point>
          <coordinates>
            19.843122,45.260004,0
          </coordinates>
        </Point>
      </Placemark>
      <Placemark>
        <name>novi-sad · CoffeeRide</name>
        <description><![CDATA[description: Не сеть<br>Категория: Кафе и рестораны<br>Каталог: https://srb.guide/map/novi-sad-coffeeride-71c3ead7752f<br>Гугл ссылка: https://www.google.com/maps/search/?api=1&amp;query=45.250641,19.834065&amp;query_place_id=ChIJF_FAi-sRW0cRPnrSy5xIHEw<br>Рейтинг: 4.7]]></description>
        <styleUrl>#icon-1899-DB4436</styleUrl>
        <ExtendedData>
          <Data name="description">
            <value>Не сеть</value>
          </Data>
          <Data name="Категория">
            <value>Кафе и рестораны</value>
          </Data>
          <Data name="Каталог">
            <value>https://srb.guide/map/novi-sad-coffeeride-71c3ead7752f</value>
          </Data>
          <Data name="Гугл ссылка">
            <value><![CDATA[https://www.google.com/maps/search/?api=1&amp;query=45.250641,19.834065&amp;query_place_id=ChIJF_FAi-sRW0cRPnrSy5xIHEw]]></value>
          </Data>
          <Data name="Рейтинг">
            <value>4.7</value>
          </Data>
        </ExtendedData>
        <Point>
          <coordinates>
            19.834065,45.250641,0
          </coordinates>
        </Point>
      </Placemark>
      <Placemark>
        <name>novi-sad · Dodo pizza</name>
        <description><![CDATA[description: Сеть: Dodo Pizza<br>Категория: Кафе и рестораны<br>Каталог: https://srb.guide/map/novi-sad-dodo-pizza-854d9b6bff5d<br>Гугл ссылка: https://www.google.com/maps/search/?api=1&amp;query=45.249797,19.83867&amp;query_place_id=ChIJP9YtcQARW0cRN_beDihI9uc<br>Рейтинг: 4.6]]></description>
        <styleUrl>#icon-1899-DB4436</styleUrl>
        <ExtendedData>
          <Data name="description">
            <value>Сеть: Dodo Pizza</value>
          </Data>
          <Data name="Категория">
            <value>Кафе и рестораны</value>
          </Data>
          <Data name="Каталог">
            <value>https://srb.guide/map/novi-sad-dodo-pizza-854d9b6bff5d</value>
          </Data>
          <Data name="Гугл ссылка">
            <value><![CDATA[https://www.google.com/maps/search/?api=1&amp;query=45.249797,19.83867&amp;query_place_id=ChIJP9YtcQARW0cRN_beDihI9uc]]></value>
          </Data>
          <Data name="Рейтинг">
            <value>4.6</value>
          </Data>
        </ExtendedData>
        <Point>
          <coordinates>
            19.83867,45.249797,0
          </coordinates>
        </Point>
      </Placemark>
      <Placemark>
        <name>novi-sad · Drago mi je</name>
        <description><![CDATA[description: кофейня<br><br>Не сеть<br>Категория: Кафе и рестораны<br>Каталог: https://srb.guide/map/novi-sad-drago-mi-je-dd628a3644ed<br>Гугл ссылка: https://www.google.com/maps/search/?api=1&amp;query=45.253544,19.840445&amp;query_place_id=ChIJZ4IMeQARW0cR6ptYRVMQ7sI<br>Рейтинг: 4.7]]></description>
        <styleUrl>#icon-1899-DB4436</styleUrl>
        <ExtendedData>
          <Data name="description">
            <value>кофейня

Не сеть</value>
          </Data>
          <Data name="Категория">
            <value>Кафе и рестораны</value>
          </Data>
          <Data name="Каталог">
            <value>https://srb.guide/map/novi-sad-drago-mi-je-dd628a3644ed</value>
          </Data>
          <Data name="Гугл ссылка">
            <value><![CDATA[https://www.google.com/maps/search/?api=1&amp;query=45.253544,19.840445&amp;query_place_id=ChIJZ4IMeQARW0cR6ptYRVMQ7sI]]></value>
          </Data>
          <Data name="Рейтинг">
            <value>4.7</value>
          </Data>
        </ExtendedData>
        <Point>
          <coordinates>
            19.840445,45.253544,0
          </coordinates>
        </Point>
      </Placemark>
      <Placemark>
        <name>novi-sad · Filipenko Coffee Bar</name>
        <description><![CDATA[description: Не сеть<br>Категория: Кафе и рестораны<br>Каталог: https://srb.guide/map/novi-sad-filipenko-coffee-bar-bd2ced700492<br>Гугл ссылка: https://www.google.com/maps/search/?api=1&amp;query=45.256886,19.843429&amp;query_place_id=ChIJ63RAPXMRW0cRlKK56FT0oig<br>Рейтинг: 4.7]]></description>
        <styleUrl>#icon-1899-DB4436</styleUrl>
        <ExtendedData>
          <Data name="description">
            <value>Не сеть</value>
          </Data>
          <Data name="Категория">
            <value>Кафе и рестораны</value>
          </Data>
          <Data name="Каталог">
            <value>https://srb.guide/map/novi-sad-filipenko-coffee-bar-bd2ced700492</value>
          </Data>
          <Data name="Гугл ссылка">
            <value><![CDATA[https://www.google.com/maps/search/?api=1&amp;query=45.256886,19.843429&amp;query_place_id=ChIJ63RAPXMRW0cRlKK56FT0oig]]></value>
          </Data>
          <Data name="Рейтинг">
            <value>4.7</value>
          </Data>
        </ExtendedData>
        <Point>
          <coordinates>
            19.843429,45.256886,0
          </coordinates>
        </Point>
      </Placemark>
      <Placemark>
        <name>novi-sad · Geo Grill</name>
        <description><![CDATA[description: Не сеть<br>Категория: Кафе и рестораны<br>Каталог: https://srb.guide/map/novi-sad-geo-grill-b39f7f914026<br>Гугл ссылка: https://www.google.com/maps/search/?api=1&amp;query=45.256164,19.849958&amp;query_place_id=ChIJPTyrdwARW0cR9qRb_yksClM<br>Рейтинг: ]]></description>
        <styleUrl>#icon-1899-DB4436</styleUrl>
        <ExtendedData>
          <Data name="description">
            <value>Не сеть</value>
          </Data>
          <Data name="Категория">
            <value>Кафе и рестораны</value>
          </Data>
          <Data name="Каталог">
            <value>https://srb.guide/map/novi-sad-geo-grill-b39f7f914026</value>
          </Data>
          <Data name="Гугл ссылка">
            <value><![CDATA[https://www.google.com/maps/search/?api=1&amp;query=45.256164,19.849958&amp;query_place_id=ChIJPTyrdwARW0cR9qRb_yksClM]]></value>
          </Data>
          <Data name="Рейтинг">
            <value/>
          </Data>
        </ExtendedData>
        <Point>
          <coordinates>
            19.849958,45.256164,0
          </coordinates>
        </Point>
      </Placemark>
      <Placemark>
        <name>novi-sad · Ginger</name>
        <description><![CDATA[description: Не сеть<br>Категория: Кафе и рестораны<br>Каталог: https://srb.guide/map/novi-sad-ginger-14b86b62861d<br>Гугл ссылка: https://www.google.com/maps/search/?api=1&amp;query=45.256188,19.849871&amp;query_place_id=ChIJTdvk59URW0cRuafBx-9h_vQ<br>Рейтинг: 4.5]]></description>
        <styleUrl>#icon-1899-DB4436</styleUrl>
        <ExtendedData>
          <Data name="description">
            <value>Не сеть</value>
          </Data>
          <Data name="Категория">
            <value>Кафе и рестораны</value>
          </Data>
          <Data name="Каталог">
            <value>https://srb.guide/map/novi-sad-ginger-14b86b62861d</value>
          </Data>
          <Data name="Гугл ссылка">
            <value><![CDATA[https://www.google.com/maps/search/?api=1&amp;query=45.256188,19.849871&amp;query_place_id=ChIJTdvk59URW0cRuafBx-9h_vQ]]></value>
          </Data>
          <Data name="Рейтинг">
            <value>4.5</value>
          </Data>
        </ExtendedData>
        <Point>
          <coordinates>
            19.849871,45.256188,0
          </coordinates>
        </Point>
      </Placemark>
      <Placemark>
        <name>novi-sad · Green House Coffee</name>
        <description><![CDATA[description: Не сеть<br>Категория: Кафе и рестораны<br>Каталог: https://srb.guide/map/novi-sad-green-house-coffee-1d38b050dec0<br>Гугл ссылка: https://www.google.com/maps/search/?api=1&amp;query=45.262717,19.850193&amp;query_place_id=ChIJFUj82-0RW0cRTYoe5lH2XZk<br>Рейтинг: 4.5]]></description>
        <styleUrl>#icon-1899-DB4436</styleUrl>
        <ExtendedData>
          <Data name="description">
            <value>Не сеть</value>
          </Data>
          <Data name="Категория">
            <value>Кафе и рестораны</value>
          </Data>
          <Data name="Каталог">
            <value>https://srb.guide/map/novi-sad-green-house-coffee-1d38b050dec0</value>
          </Data>
          <Data name="Гугл ссылка">
            <value><![CDATA[https://www.google.com/maps/search/?api=1&amp;query=45.262717,19.850193&amp;query_place_id=ChIJFUj82-0RW0cRTYoe5lH2XZk]]></value>
          </Data>
          <Data name="Рейтинг">
            <value>4.5</value>
          </Data>
        </ExtendedData>
        <Point>
          <coordinates>
            19.850193,45.262717,0
          </coordinates>
        </Point>
      </Placemark>
      <Placemark>
        <name>novi-sad · Kafeterija Kofilin - Кофейня Кофилин</name>
        <description><![CDATA[description: Сеть: Kafeterija Kofilin<br>Категория: Кафе и рестораны<br>Каталог: https://srb.guide/map/novi-sad-kafeterija-kofilin-кофейня-кофилин-150e9d619011<br>Гугл ссылка: https://www.google.com/maps/search/?api=1&amp;query=45.248687,19.832968&amp;query_place_id=ChIJu01GcJ8RW0cRKX-i4Me523s<br>Рейтинг: 4.6]]></description>
        <styleUrl>#icon-1899-DB4436</styleUrl>
        <ExtendedData>
          <Data name="description">
            <value>Сеть: Kafeterija Kofilin</value>
          </Data>
          <Data name="Категория">
            <value>Кафе и рестораны</value>
          </Data>
          <Data name="Каталог">
            <value>https://srb.guide/map/novi-sad-kafeterija-kofilin-кофейня-кофилин-150e9d619011</value>
          </Data>
          <Data name="Гугл ссылка">
            <value><![CDATA[https://www.google.com/maps/search/?api=1&amp;query=45.248687,19.832968&amp;query_place_id=ChIJu01GcJ8RW0cRKX-i4Me523s]]></value>
          </Data>
          <Data name="Рейтинг">
            <value>4.6</value>
          </Data>
        </ExtendedData>
        <Point>
          <coordinates>
            19.832968,45.248687,0
          </coordinates>
        </Point>
      </Placemark>
      <Placemark>
        <name>novi-sad · Kjoto Restoran</name>
        <description><![CDATA[description: Суши<br><br>Не сеть<br>Категория: Кафе и рестораны<br>Каталог: https://srb.guide/map/novi-sad-kjoto-restoran-3894be9bf160<br>Гугл ссылка: https://www.google.com/maps/search/?api=1&amp;query=45.263556,19.850482&amp;query_place_id=ChIJQyRNXgARW0cR8xD32Ls0PoI<br>Рейтинг: 4.6]]></description>
        <styleUrl>#icon-1899-DB4436</styleUrl>
        <ExtendedData>
          <Data name="description">
            <value>Суши

Не сеть</value>
          </Data>
          <Data name="Категория">
            <value>Кафе и рестораны</value>
          </Data>
          <Data name="Каталог">
            <value>https://srb.guide/map/novi-sad-kjoto-restoran-3894be9bf160</value>
          </Data>
          <Data name="Гугл ссылка">
            <value><![CDATA[https://www.google.com/maps/search/?api=1&amp;query=45.263556,19.850482&amp;query_place_id=ChIJQyRNXgARW0cR8xD32Ls0PoI]]></value>
          </Data>
          <Data name="Рейтинг">
            <value>4.6</value>
          </Data>
        </ExtendedData>
        <Point>
          <coordinates>
            19.850482,45.263556,0
          </coordinates>
        </Point>
      </Placemark>
      <Placemark>
        <name>novi-sad · Kofilin (Максима Горког)</name>
        <description><![CDATA[description: Сеть: Kafeterija Kofilin<br>Категория: Кафе и рестораны<br>Каталог: https://srb.guide/map/novi-sad-kofilin-максима-горког-044cc5928e53<br>Гугл ссылка: https://www.google.com/maps/search/?api=1&amp;query=45.248274,19.841022&amp;query_place_id=ChIJcX-MdCMRW0cRwS0pghcl35Q<br>Рейтинг: 4.6]]></description>
        <styleUrl>#icon-1899-DB4436</styleUrl>
        <ExtendedData>
          <Data name="description">
            <value>Сеть: Kafeterija Kofilin</value>
          </Data>
          <Data name="Категория">
            <value>Кафе и рестораны</value>
          </Data>
          <Data name="Каталог">
            <value>https://srb.guide/map/novi-sad-kofilin-максима-горког-044cc5928e53</value>
          </Data>
          <Data name="Гугл ссылка">
            <value><![CDATA[https://www.google.com/maps/search/?api=1&amp;query=45.248274,19.841022&amp;query_place_id=ChIJcX-MdCMRW0cRwS0pghcl35Q]]></value>
          </Data>
          <Data name="Рейтинг">
            <value>4.6</value>
          </Data>
        </ExtendedData>
        <Point>
          <coordinates>
            19.841022,45.248274,0
          </coordinates>
        </Point>
      </Placemark>
      <Placemark>
        <name>novi-sad · Larks Cafe</name>
        <description><![CDATA[description: Сэндвичи, десерты, выпечка, кофе<br><br>Не сеть<br>Категория: Кафе и рестораны<br>Каталог: https://srb.guide/map/novi-sad-larks-cafe-7e7bf42a40cc<br>Гугл ссылка: https://www.google.com/maps/search/?api=1&amp;query=45.260772,19.843145&amp;query_place_id=ChIJ22TiOAARW0cRnbdx0G09VRQ<br>Рейтинг: 4.6]]></description>
        <styleUrl>#icon-1899-DB4436</styleUrl>
        <ExtendedData>
          <Data name="description">
            <value>Сэндвичи, десерты, выпечка, кофе

Не сеть</value>
          </Data>
          <Data name="Категория">
            <value>Кафе и рестораны</value>
          </Data>
          <Data name="Каталог">
            <value>https://srb.guide/map/novi-sad-larks-cafe-7e7bf42a40cc</value>
          </Data>
          <Data name="Гугл ссылка">
            <value><![CDATA[https://www.google.com/maps/search/?api=1&amp;query=45.260772,19.843145&amp;query_place_id=ChIJ22TiOAARW0cRnbdx0G09VRQ]]></value>
          </Data>
          <Data name="Рейтинг">
            <value>4.6</value>
          </Data>
        </ExtendedData>
        <Point>
          <coordinates>
            19.843145,45.260772,0
          </coordinates>
        </Point>
      </Placemark>
      <Placemark>
        <name>novi-sad · Le Bol</name>
        <description><![CDATA[description: Кафе Le Bol<br><br>Не сеть<br>Категория: Кафе и рестораны<br>Каталог: https://srb.guide/map/novi-sad-le-bol-cd2591bec5dd<br>Гугл ссылка: https://www.google.com/maps/search/?api=1&amp;query=45.255819,19.849164&amp;query_place_id=ChIJRyzqGRURW0cRL3g9AmZ8IXE<br>Рейтинг: 4.2]]></description>
        <styleUrl>#icon-1899-DB4436</styleUrl>
        <ExtendedData>
          <Data name="description">
            <value>Кафе Le Bol

Не сеть</value>
          </Data>
          <Data name="Категория">
            <value>Кафе и рестораны</value>
          </Data>
          <Data name="Каталог">
            <value>https://srb.guide/map/novi-sad-le-bol-cd2591bec5dd</value>
          </Data>
          <Data name="Гугл ссылка">
            <value><![CDATA[https://www.google.com/maps/search/?api=1&amp;query=45.255819,19.849164&amp;query_place_id=ChIJRyzqGRURW0cRL3g9AmZ8IXE]]></value>
          </Data>
          <Data name="Рейтинг">
            <value>4.2</value>
          </Data>
        </ExtendedData>
        <Point>
          <coordinates>
            19.849164,45.255819,0
          </coordinates>
        </Point>
      </Placemark>
      <Placemark>
        <name>novi-sad · Lepo Lepim</name>
        <description><![CDATA[description: Пельменная Лепо лепим<br><br>Не сеть<br>Категория: Кафе и рестораны<br>Каталог: https://srb.guide/map/novi-sad-lepo-lepim-a75bd2a1f3bb<br>Гугл ссылка: https://www.google.com/maps/search/?api=1&amp;query=45.256675,19.845409&amp;query_place_id=ChIJLaZwoaQRW0cRjXk77RMLSgw<br>Рейтинг: 5.0]]></description>
        <styleUrl>#icon-1899-DB4436</styleUrl>
        <ExtendedData>
          <Data name="description">
            <value>Пельменная Лепо лепим

Не сеть</value>
          </Data>
          <Data name="Категория">
            <value>Кафе и рестораны</value>
          </Data>
          <Data name="Каталог">
            <value>https://srb.guide/map/novi-sad-lepo-lepim-a75bd2a1f3bb</value>
          </Data>
          <Data name="Гугл ссылка">
            <value><![CDATA[https://www.google.com/maps/search/?api=1&amp;query=45.256675,19.845409&amp;query_place_id=ChIJLaZwoaQRW0cRjXk77RMLSgw]]></value>
          </Data>
          <Data name="Рейтинг">
            <value>5.0</value>
          </Data>
        </ExtendedData>
        <Point>
          <coordinates>
            19.845409,45.256675,0
          </coordinates>
        </Point>
      </Placemark>
      <Placemark>
        <name>novi-sad · MAYBE COFFEE?</name>
        <description><![CDATA[description: Кофе и десерты<br><br>Не сеть<br>Категория: Кафе и рестораны<br>Каталог: https://srb.guide/map/novi-sad-maybe-coffee-785b74bcbb5c<br>Гугл ссылка: https://www.google.com/maps/search/?api=1&amp;query=45.254751,19.840044&amp;query_place_id=ChIJRZDBK-4RW0cRlZ_kSc9lG2M<br>Рейтинг: 5.0]]></description>
        <styleUrl>#icon-1899-DB4436</styleUrl>
        <ExtendedData>
          <Data name="description">
            <value>Кофе и десерты

Не сеть</value>
          </Data>
          <Data name="Категория">
            <value>Кафе и рестораны</value>
          </Data>
          <Data name="Каталог">
            <value>https://srb.guide/map/novi-sad-maybe-coffee-785b74bcbb5c</value>
          </Data>
          <Data name="Гугл ссылка">
            <value><![CDATA[https://www.google.com/maps/search/?api=1&amp;query=45.254751,19.840044&amp;query_place_id=ChIJRZDBK-4RW0cRlZ_kSc9lG2M]]></value>
          </Data>
          <Data name="Рейтинг">
            <value>5.0</value>
          </Data>
        </ExtendedData>
        <Point>
          <coordinates>
            19.840044,45.254751,0
          </coordinates>
        </Point>
      </Placemark>
      <Placemark>
        <name>novi-sad · Mandarin</name>
        <description><![CDATA[description: Кафе, десерты и выпечка<br><br>Не сеть<br>Категория: Кафе и рестораны<br>Каталог: https://srb.guide/map/novi-sad-mandarin-7068f7e8ff7c<br>Гугл ссылка: https://www.google.com/maps/search/?api=1&amp;query=45.248878,19.833781&amp;query_place_id=ChIJzUsuV2wRW0cRxZ_hbJW2mEY<br>Рейтинг: ]]></description>
        <styleUrl>#icon-1899-DB4436</styleUrl>
        <ExtendedData>
          <Data name="description">
            <value>Кафе, десерты и выпечка

Не сеть</value>
          </Data>
          <Data name="Категория">
            <value>Кафе и рестораны</value>
          </Data>
          <Data name="Каталог">
            <value>https://srb.guide/map/novi-sad-mandarin-7068f7e8ff7c</value>
          </Data>
          <Data name="Гугл ссылка">
            <value><![CDATA[https://www.google.com/maps/search/?api=1&amp;query=45.248878,19.833781&amp;query_place_id=ChIJzUsuV2wRW0cRxZ_hbJW2mEY]]></value>
          </Data>
          <Data name="Рейтинг">
            <value/>
          </Data>
        </ExtendedData>
        <Point>
          <coordinates>
            19.833781,45.248878,0
          </coordinates>
        </Point>
      </Placemark>
      <Placemark>
        <name>novi-sad · Marosejka</name>
        <description><![CDATA[description: Гастробар Marosejka<br><br>Не сеть<br>Категория: Кафе и рестораны<br>Каталог: https://srb.guide/map/novi-sad-marosejka-baa1e46e57ed<br>Гугл ссылка: https://www.google.com/maps/search/?api=1&amp;query=45.242338,19.825347&amp;query_place_id=ChIJDRqJfzQRW0cRsqTpswDDEZA<br>Рейтинг: 4.3]]></description>
        <styleUrl>#icon-1899-DB4436</styleUrl>
        <ExtendedData>
          <Data name="description">
            <value>Гастробар Marosejka

Не сеть</value>
          </Data>
          <Data name="Категория">
            <value>Кафе и рестораны</value>
          </Data>
          <Data name="Каталог">
            <value>https://srb.guide/map/novi-sad-marosejka-baa1e46e57ed</value>
          </Data>
          <Data name="Гугл ссылка">
            <value><![CDATA[https://www.google.com/maps/search/?api=1&amp;query=45.242338,19.825347&amp;query_place_id=ChIJDRqJfzQRW0cRsqTpswDDEZA]]></value>
          </Data>
          <Data name="Рейтинг">
            <value>4.3</value>
          </Data>
        </ExtendedData>
        <Point>
          <coordinates>
            19.825347,45.242338,0
          </coordinates>
        </Point>
      </Placemark>
      <Placemark>
        <name>novi-sad · Martin Kafa</name>
        <description><![CDATA[description: Кофе и десерты<br><br>Не сеть<br>Категория: Кафе и рестораны<br>Каталог: https://srb.guide/map/novi-sad-martin-kafa-2e019a2ed58e<br>Гугл ссылка: https://www.google.com/maps/search/?api=1&amp;query=45.251757,19.842051&amp;query_place_id=ChIJ971g2xIRW0cR61P4NMl5tDU<br>Рейтинг: 4.8]]></description>
        <styleUrl>#icon-1899-DB4436</styleUrl>
        <ExtendedData>
          <Data name="description">
            <value>Кофе и десерты

Не сеть</value>
          </Data>
          <Data name="Категория">
            <value>Кафе и рестораны</value>
          </Data>
          <Data name="Каталог">
            <value>https://srb.guide/map/novi-sad-martin-kafa-2e019a2ed58e</value>
          </Data>
          <Data name="Гугл ссылка">
            <value><![CDATA[https://www.google.com/maps/search/?api=1&amp;query=45.251757,19.842051&amp;query_place_id=ChIJ971g2xIRW0cR61P4NMl5tDU]]></value>
          </Data>
          <Data name="Рейтинг">
            <value>4.8</value>
          </Data>
        </ExtendedData>
        <Point>
          <coordinates>
            19.842051,45.251757,0
          </coordinates>
        </Point>
      </Placemark>
      <Placemark>
        <name><![CDATA[novi-sad · O'nigiri]]></name>
        <description><![CDATA[description: Есть классические роллы, так и онигири, суши-сендвичи и много еще<br><br>Не сеть<br>Категория: Кафе и рестораны<br>Каталог: https://srb.guide/map/novi-sad-o-nigiri-252eb76e10c1<br>Гугл ссылка: https://www.google.com/maps/search/?api=1&amp;query=45.256789,19.844962&amp;query_place_id=ChIJaxzpCMwRW0cRmy87K82Ctd0<br>Рейтинг: 4.3]]></description>
        <styleUrl>#icon-1899-DB4436</styleUrl>
        <ExtendedData>
          <Data name="description">
            <value>Есть классические роллы, так и онигири, суши-сендвичи и много еще

Не сеть</value>
          </Data>
          <Data name="Категория">
            <value>Кафе и рестораны</value>
          </Data>
          <Data name="Каталог">
            <value>https://srb.guide/map/novi-sad-o-nigiri-252eb76e10c1</value>
          </Data>
          <Data name="Гугл ссылка">
            <value><![CDATA[https://www.google.com/maps/search/?api=1&amp;query=45.256789,19.844962&amp;query_place_id=ChIJaxzpCMwRW0cRmy87K82Ctd0]]></value>
          </Data>
          <Data name="Рейтинг">
            <value>4.3</value>
          </Data>
        </ExtendedData>
        <Point>
          <coordinates>
            19.844962,45.256789,0
          </coordinates>
        </Point>
      </Placemark>
      <Placemark>
        <name>novi-sad · Poseti Osetiju</name>
        <description><![CDATA[description: осетинские пироги<br><br>Не сеть<br>Категория: Кафе и рестораны<br>Каталог: https://srb.guide/map/novi-sad-poseti-osetiju-d735b61add40<br>Гугл ссылка: https://www.google.com/maps/search/?api=1&amp;query=45.256698,19.841428&amp;query_place_id=ChIJN_-gxL4RW0cRi-80g_NUdDw<br>Рейтинг: 4.7]]></description>
        <styleUrl>#icon-1899-DB4436</styleUrl>
        <ExtendedData>
          <Data name="description">
            <value>осетинские пироги

Не сеть</value>
          </Data>
          <Data name="Категория">
            <value>Кафе и рестораны</value>
          </Data>
          <Data name="Каталог">
            <value>https://srb.guide/map/novi-sad-poseti-osetiju-d735b61add40</value>
          </Data>
          <Data name="Гугл ссылка">
            <value><![CDATA[https://www.google.com/maps/search/?api=1&amp;query=45.256698,19.841428&amp;query_place_id=ChIJN_-gxL4RW0cRi-80g_NUdDw]]></value>
          </Data>
          <Data name="Рейтинг">
            <value>4.7</value>
          </Data>
        </ExtendedData>
        <Point>
          <coordinates>
            19.841428,45.256698,0
          </coordinates>
        </Point>
      </Placemark>
      <Placemark>
        <name>novi-sad · Quick Duck palačinkarnica</name>
        <description><![CDATA[description: Не сеть<br>Категория: Кафе и рестораны<br>Каталог: https://srb.guide/map/novi-sad-quick-duck-palačinkarnica-4efa5494c607<br>Гугл ссылка: https://www.google.com/maps/search/?api=1&amp;query=45.256517,19.845473&amp;query_place_id=ChIJD4cSIQARW0cRrthHip9JDFM<br>Рейтинг: 4.8]]></description>
        <styleUrl>#icon-1899-DB4436</styleUrl>
        <ExtendedData>
          <Data name="description">
            <value>Не сеть</value>
          </Data>
          <Data name="Категория">
            <value>Кафе и рестораны</value>
          </Data>
          <Data name="Каталог">
            <value>https://srb.guide/map/novi-sad-quick-duck-palačinkarnica-4efa5494c607</value>
          </Data>
          <Data name="Гугл ссылка">
            <value><![CDATA[https://www.google.com/maps/search/?api=1&amp;query=45.256517,19.845473&amp;query_place_id=ChIJD4cSIQARW0cRrthHip9JDFM]]></value>
          </Data>
          <Data name="Рейтинг">
            <value>4.8</value>
          </Data>
        </ExtendedData>
        <Point>
          <coordinates>
            19.845473,45.256517,0
          </coordinates>
        </Point>
      </Placemark>
      <Placemark>
        <name>novi-sad · Raf Cafe</name>
        <description><![CDATA[description: https://www.instagram.com/raf_cafe Завтраки, обеды, кофе, чай  Не сеть<br>Категория: Кафе и рестораны<br>Каталог: https://srb.guide/map/novi-sad-raf-cafe-5eedace770df<br>Гугл ссылка: https://www.google.com/maps/search/?api=1&amp;query=45.260985,19.8103&amp;query_place_id=ChIJfZEgXdkRW0cRtiuF0kI-Wk8<br>Рейтинг: 4.7]]></description>
        <styleUrl>#icon-1899-DB4436</styleUrl>
        <ExtendedData>
          <Data name="description">
            <value>https://www.instagram.com/raf_cafe Завтраки, обеды, кофе, чай  Не сеть</value>
          </Data>
          <Data name="Категория">
            <value>Кафе и рестораны</value>
          </Data>
          <Data name="Каталог">
            <value>https://srb.guide/map/novi-sad-raf-cafe-5eedace770df</value>
          </Data>
          <Data name="Гугл ссылка">
            <value><![CDATA[https://www.google.com/maps/search/?api=1&amp;query=45.260985,19.8103&amp;query_place_id=ChIJfZEgXdkRW0cRtiuF0kI-Wk8]]></value>
          </Data>
          <Data name="Рейтинг">
            <value>4.7</value>
          </Data>
        </ExtendedData>
        <Point>
          <coordinates>
            19.8103,45.260985,0
          </coordinates>
        </Point>
      </Placemark>
      <Placemark>
        <name>novi-sad · STROGANOV FAMILY</name>
        <description><![CDATA[description: Сеть: Stroganov Family<br>Категория: Кафе и рестораны<br>Каталог: https://srb.guide/map/novi-sad-stroganov-family-0e0b9aaa7bed<br>Гугл ссылка: https://www.google.com/maps/search/?api=1&amp;query=45.265998,19.844042&amp;query_place_id=ChIJvTq99AURW0cRBSLqduW9Y6Y<br>Рейтинг: 4.1]]></description>
        <styleUrl>#icon-1899-DB4436</styleUrl>
        <ExtendedData>
          <Data name="description">
            <value>Сеть: Stroganov Family</value>
          </Data>
          <Data name="Категория">
            <value>Кафе и рестораны</value>
          </Data>
          <Data name="Каталог">
            <value>https://srb.guide/map/novi-sad-stroganov-family-0e0b9aaa7bed</value>
          </Data>
          <Data name="Гугл ссылка">
            <value><![CDATA[https://www.google.com/maps/search/?api=1&amp;query=45.265998,19.844042&amp;query_place_id=ChIJvTq99AURW0cRBSLqduW9Y6Y]]></value>
          </Data>
          <Data name="Рейтинг">
            <value>4.1</value>
          </Data>
        </ExtendedData>
        <Point>
          <coordinates>
            19.844042,45.265998,0
          </coordinates>
        </Point>
      </Placemark>
      <Placemark>
        <name><![CDATA[novi-sad · Seal&Tea]]></name>
        <description><![CDATA[description: Чайхана Seal&Tea<br><br>Не сеть<br>Категория: Кафе и рестораны<br>Каталог: https://srb.guide/map/novi-sad-seal-tea-6b7437c4d704<br>Гугл ссылка: https://www.google.com/maps/search/?api=1&amp;query=45.257971,19.838267&amp;query_place_id=ChIJNXsVu_QRW0cRPYDKqK3dN7s<br>Рейтинг: 4.9]]></description>
        <styleUrl>#icon-1899-DB4436</styleUrl>
        <ExtendedData>
          <Data name="description">
            <value><![CDATA[Чайхана Seal&Tea

Не сеть]]></value>
          </Data>
          <Data name="Категория">
            <value>Кафе и рестораны</value>
          </Data>
          <Data name="Каталог">
            <value>https://srb.guide/map/novi-sad-seal-tea-6b7437c4d704</value>
          </Data>
          <Data name="Гугл ссылка">
            <value><![CDATA[https://www.google.com/maps/search/?api=1&amp;query=45.257971,19.838267&amp;query_place_id=ChIJNXsVu_QRW0cRPYDKqK3dN7s]]></value>
          </Data>
          <Data name="Рейтинг">
            <value>4.9</value>
          </Data>
        </ExtendedData>
        <Point>
          <coordinates>
            19.838267,45.257971,0
          </coordinates>
        </Point>
      </Placemark>
      <Placemark>
        <name>novi-sad · Sushi.Me</name>
        <description><![CDATA[description: Не сеть<br>Категория: Кафе и рестораны<br>Каталог: https://srb.guide/map/sushi-me-novi-sad<br>Гугл ссылка: https://www.google.com/maps/search/?api=1&amp;query=45.2577426,19.8112577<br>Рейтинг: 4.6]]></description>
        <styleUrl>#icon-1899-DB4436</styleUrl>
        <ExtendedData>
          <Data name="description">
            <value>Не сеть</value>
          </Data>
          <Data name="Категория">
            <value>Кафе и рестораны</value>
          </Data>
          <Data name="Каталог">
            <value>https://srb.guide/map/sushi-me-novi-sad</value>
          </Data>
          <Data name="Гугл ссылка">
            <value><![CDATA[https://www.google.com/maps/search/?api=1&amp;query=45.2577426,19.8112577]]></value>
          </Data>
          <Data name="Рейтинг">
            <value>4.6</value>
          </Data>
        </ExtendedData>
        <Point>
          <coordinates>
            19.811258,45.257743,0
          </coordinates>
        </Point>
      </Placemark>
      <Placemark>
        <name>novi-sad · The Kuhinja</name>
        <description><![CDATA[description: Кухиня - чайхана, плов, шашлыки<br><br>Не сеть<br>Категория: Кафе и рестораны<br>Каталог: https://srb.guide/map/novi-sad-the-kuhinja-64dde98c10af<br>Гугл ссылка: https://www.google.com/maps/search/?api=1&amp;query=45.249896,19.840357&amp;query_place_id=ChIJT4lEX9QRW0cRMu4xTeI_-Jc<br>Рейтинг: ]]></description>
        <styleUrl>#icon-1899-DB4436</styleUrl>
        <ExtendedData>
          <Data name="description">
            <value>Кухиня - чайхана, плов, шашлыки

Не сеть</value>
          </Data>
          <Data name="Категория">
            <value>Кафе и рестораны</value>
          </Data>
          <Data name="Каталог">
            <value>https://srb.guide/map/novi-sad-the-kuhinja-64dde98c10af</value>
          </Data>
          <Data name="Гугл ссылка">
            <value><![CDATA[https://www.google.com/maps/search/?api=1&amp;query=45.249896,19.840357&amp;query_place_id=ChIJT4lEX9QRW0cRMu4xTeI_-Jc]]></value>
          </Data>
          <Data name="Рейтинг">
            <value/>
          </Data>
        </ExtendedData>
        <Point>
          <coordinates>
            19.840357,45.249896,0
          </coordinates>
        </Point>
      </Placemark>
      <Placemark>
        <name><![CDATA[novi-sad · Tischler tobacco & coffee]]></name>
        <description><![CDATA[description: Не сеть<br>Категория: Кафе и рестораны<br>Каталог: https://srb.guide/map/novi-sad-tischler-tobacco-coffee-4ab57f705d1f<br>Гугл ссылка: https://www.google.com/maps/search/?api=1&amp;query=45.247097,19.833311&amp;query_place_id=ChIJLSWM6g4RW0cRNZCRk1EkvZ8<br>Рейтинг: ]]></description>
        <styleUrl>#icon-1899-DB4436</styleUrl>
        <ExtendedData>
          <Data name="description">
            <value>Не сеть</value>
          </Data>
          <Data name="Категория">
            <value>Кафе и рестораны</value>
          </Data>
          <Data name="Каталог">
            <value>https://srb.guide/map/novi-sad-tischler-tobacco-coffee-4ab57f705d1f</value>
          </Data>
          <Data name="Гугл ссылка">
            <value><![CDATA[https://www.google.com/maps/search/?api=1&amp;query=45.247097,19.833311&amp;query_place_id=ChIJLSWM6g4RW0cRNZCRk1EkvZ8]]></value>
          </Data>
          <Data name="Рейтинг">
            <value/>
          </Data>
        </ExtendedData>
        <Point>
          <coordinates>
            19.833311,45.247097,0
          </coordinates>
        </Point>
      </Placemark>
      <Placemark>
        <name>novi-sad · Tokio Sushi</name>
        <description><![CDATA[description: Не сеть<br>Категория: Кафе и рестораны<br>Каталог: https://srb.guide/map/novi-sad-tokio-sushi-36bea5e8c410<br>Гугл ссылка: https://www.google.com/maps/search/?api=1&amp;query=45.2574,19.84755&amp;query_place_id=ChIJ34LiQS0RW0cRnq1BO4vB05c<br>Рейтинг: 4.7]]></description>
        <styleUrl>#icon-1899-DB4436</styleUrl>
        <ExtendedData>
          <Data name="description">
            <value>Не сеть</value>
          </Data>
          <Data name="Категория">
            <value>Кафе и рестораны</value>
          </Data>
          <Data name="Каталог">
            <value>https://srb.guide/map/novi-sad-tokio-sushi-36bea5e8c410</value>
          </Data>
          <Data name="Гугл ссылка">
            <value><![CDATA[https://www.google.com/maps/search/?api=1&amp;query=45.2574,19.84755&amp;query_place_id=ChIJ34LiQS0RW0cRnq1BO4vB05c]]></value>
          </Data>
          <Data name="Рейтинг">
            <value>4.7</value>
          </Data>
        </ExtendedData>
        <Point>
          <coordinates>
            19.84755,45.2574,0
          </coordinates>
        </Point>
      </Placemark>
      <Placemark>
        <name>novi-sad · TurboWok</name>
        <description><![CDATA[description: Не сеть<br>Категория: Кафе и рестораны<br>Каталог: https://srb.guide/map/turbowok-novi-sad<br>Гугл ссылка: https://www.google.com/maps/search/?api=1&amp;query=45.2458277,19.8353328<br>Рейтинг: ]]></description>
        <styleUrl>#icon-1899-DB4436</styleUrl>
        <ExtendedData>
          <Data name="description">
            <value>Не сеть</value>
          </Data>
          <Data name="Категория">
            <value>Кафе и рестораны</value>
          </Data>
          <Data name="Каталог">
            <value>https://srb.guide/map/turbowok-novi-sad</value>
          </Data>
          <Data name="Гугл ссылка">
            <value><![CDATA[https://www.google.com/maps/search/?api=1&amp;query=45.2458277,19.8353328]]></value>
          </Data>
          <Data name="Рейтинг">
            <value/>
          </Data>
        </ExtendedData>
        <Point>
          <coordinates>
            19.835333,45.245828,0
          </coordinates>
        </Point>
      </Placemark>
      <Placemark>
        <name>novi-sad · Yume Sushi</name>
        <description><![CDATA[description: Не сеть<br>Категория: Кафе и рестораны<br>Каталог: https://srb.guide/map/novi-sad-yume-sushi-c0ee116a47a0<br>Гугл ссылка: https://www.google.com/maps/search/?api=1&amp;query=45.257752,19.837918&amp;query_place_id=ChIJTQFuKl4RW0cRo8SXLVQ5cqM<br>Рейтинг: 4.6]]></description>
        <styleUrl>#icon-1899-DB4436</styleUrl>
        <ExtendedData>
          <Data name="description">
            <value>Не сеть</value>
          </Data>
          <Data name="Категория">
            <value>Кафе и рестораны</value>
          </Data>
          <Data name="Каталог">
            <value>https://srb.guide/map/novi-sad-yume-sushi-c0ee116a47a0</value>
          </Data>
          <Data name="Гугл ссылка">
            <value><![CDATA[https://www.google.com/maps/search/?api=1&amp;query=45.257752,19.837918&amp;query_place_id=ChIJTQFuKl4RW0cRo8SXLVQ5cqM]]></value>
          </Data>
          <Data name="Рейтинг">
            <value>4.6</value>
          </Data>
        </ExtendedData>
        <Point>
          <coordinates>
            19.837918,45.257752,0
          </coordinates>
        </Point>
      </Placemark>
      <Placemark>
        <name>novi-sad · Тихо и тепло</name>
        <description><![CDATA[description: Кофейня<br><br>Не сеть<br>Категория: Кафе и рестораны<br>Каталог: https://srb.guide/map/novi-sad-тихо-и-тепло-985745c92e59<br>Гугл ссылка: https://www.google.com/maps/search/?api=1&amp;query=45.25693,19.837124&amp;query_place_id=ChIJ5XVpcEMQW0cR01jUgLUbFgg<br>Рейтинг: 4.8]]></description>
        <styleUrl>#icon-1899-DB4436</styleUrl>
        <ExtendedData>
          <Data name="description">
            <value>Кофейня

Не сеть</value>
          </Data>
          <Data name="Категория">
            <value>Кафе и рестораны</value>
          </Data>
          <Data name="Каталог">
            <value>https://srb.guide/map/novi-sad-тихо-и-тепло-985745c92e59</value>
          </Data>
          <Data name="Гугл ссылка">
            <value><![CDATA[https://www.google.com/maps/search/?api=1&amp;query=45.25693,19.837124&amp;query_place_id=ChIJ5XVpcEMQW0cR01jUgLUbFgg]]></value>
          </Data>
          <Data name="Рейтинг">
            <value>4.8</value>
          </Data>
        </ExtendedData>
        <Point>
          <coordinates>
            19.837124,45.25693,0
          </coordinates>
        </Point>
      </Placemark>
      <Placemark>
        <name>novi-sad · Шехерезада</name>
        <description><![CDATA[description: Мороженое Шехерезада<br><br>Не сеть<br>Категория: Кафе и рестораны<br>Каталог: https://srb.guide/map/novi-sad-шехерезада-d46d091f330f<br>Гугл ссылка: https://www.google.com/maps/search/?api=1&amp;query=45.256666,19.847536&amp;query_place_id=ChIJ4dHIjWgQW0cRoxc5w3yZDCw<br>Рейтинг: 4.3]]></description>
        <styleUrl>#icon-1899-DB4436</styleUrl>
        <ExtendedData>
          <Data name="description">
            <value>Мороженое Шехерезада

Не сеть</value>
          </Data>
          <Data name="Категория">
            <value>Кафе и рестораны</value>
          </Data>
          <Data name="Каталог">
            <value>https://srb.guide/map/novi-sad-шехерезада-d46d091f330f</value>
          </Data>
          <Data name="Гугл ссылка">
            <value><![CDATA[https://www.google.com/maps/search/?api=1&amp;query=45.256666,19.847536&amp;query_place_id=ChIJ4dHIjWgQW0cRoxc5w3yZDCw]]></value>
          </Data>
          <Data name="Рейтинг">
            <value>4.3</value>
          </Data>
        </ExtendedData>
        <Point>
          <coordinates>
            19.847536,45.256666,0
          </coordinates>
        </Point>
      </Placemark>
      <Placemark>
        <name>novi-sad · Auto Servis RUSVA - remont trapa, motora i menjaca, autoelektricar</name>
        <description><![CDATA[description: Автосервис<br><br>Не сеть<br>Категория: Услуги и офисы<br>Каталог: https://srb.guide/map/novi-sad-auto-servis-rusva-remont-trapa-motora-i-menjaca-autoelektricar-9c91f4d52403<br>Гугл ссылка: https://www.google.com/maps/search/?api=1&amp;query=45.251557,19.772711&amp;query_place_id=ChIJJe3aiyYbW0cR0YTJWJYpqaU<br>Рейтинг: ]]></description>
        <styleUrl>#icon-1899-DB4436</styleUrl>
        <ExtendedData>
          <Data name="description">
            <value>Автосервис

Не сеть</value>
          </Data>
          <Data name="Категория">
            <value>Услуги и офисы</value>
          </Data>
          <Data name="Каталог">
            <value>https://srb.guide/map/novi-sad-auto-servis-rusva-remont-trapa-motora-i-menjaca-autoelektricar-9c91f4d52403</value>
          </Data>
          <Data name="Гугл ссылка">
            <value><![CDATA[https://www.google.com/maps/search/?api=1&amp;query=45.251557,19.772711&amp;query_place_id=ChIJJe3aiyYbW0cR0YTJWJYpqaU]]></value>
          </Data>
          <Data name="Рейтинг">
            <value/>
          </Data>
        </ExtendedData>
        <Point>
          <coordinates>
            19.772711,45.251557,0
          </coordinates>
        </Point>
      </Placemark>
      <Placemark>
        <name>novi-sad · Caravan-Auto</name>
        <description><![CDATA[description: Автосервис.<br><br>Прямо напротив магазина IDEA . Белые откатные ворота<br><br>Не сеть<br>Категория: Услуги и офисы<br>Каталог: https://srb.guide/map/novi-sad-caravan-auto-5f64e8df47c6<br>Гугл ссылка: https://www.google.com/maps/search/?api=1&amp;query=45.264026,19.849067&amp;query_place_id=ChIJ_USO8I8RW0cRWkoU16Ws0Fo<br>Рейтинг: 4.8]]></description>
        <styleUrl>#icon-1899-DB4436</styleUrl>
        <ExtendedData>
          <Data name="description">
            <value>Автосервис.

Прямо напротив магазина IDEA . Белые откатные ворота

Не сеть</value>
          </Data>
          <Data name="Категория">
            <value>Услуги и офисы</value>
          </Data>
          <Data name="Каталог">
            <value>https://srb.guide/map/novi-sad-caravan-auto-5f64e8df47c6</value>
          </Data>
          <Data name="Гугл ссылка">
            <value><![CDATA[https://www.google.com/maps/search/?api=1&amp;query=45.264026,19.849067&amp;query_place_id=ChIJ_USO8I8RW0cRWkoU16Ws0Fo]]></value>
          </Data>
          <Data name="Рейтинг">
            <value>4.8</value>
          </Data>
        </ExtendedData>
        <Point>
          <coordinates>
            19.849067,45.264026,0
          </coordinates>
        </Point>
      </Placemark>
      <Placemark>
        <name>novi-sad · Limun Coworking</name>
        <description><![CDATA[description: Коворкинг<br><br>Есть помещения для работы (1200 динар разово, есть пакеты по 5/10/безлимит посещений и резерв столов) и виртуальный адрес (3200 в месяц, двенадцатый месяц бесплатно)<br><br>Не сеть<br>Категория: Услуги и офисы<br>Каталог: https://srb.guide/map/novi-sad-limun-coworking-1928bae06f9f<br>Гугл ссылка: https://www.google.com/maps/search/?api=1&amp;query=45.243842,19.847615&amp;query_place_id=ChIJk2yCPAARW0cRRBakS6wcDrs<br>Рейтинг: ]]></description>
        <styleUrl>#icon-1899-DB4436</styleUrl>
        <ExtendedData>
          <Data name="description">
            <value>Коворкинг

Есть помещения для работы (1200 динар разово, есть пакеты по 5/10/безлимит посещений и резерв столов) и виртуальный адрес (3200 в месяц, двенадцатый месяц бесплатно)

Не сеть</value>
          </Data>
          <Data name="Категория">
            <value>Услуги и офисы</value>
          </Data>
          <Data name="Каталог">
            <value>https://srb.guide/map/novi-sad-limun-coworking-1928bae06f9f</value>
          </Data>
          <Data name="Гугл ссылка">
            <value><![CDATA[https://www.google.com/maps/search/?api=1&amp;query=45.243842,19.847615&amp;query_place_id=ChIJk2yCPAARW0cRRBakS6wcDrs]]></value>
          </Data>
          <Data name="Рейтинг">
            <value/>
          </Data>
        </ExtendedData>
        <Point>
          <coordinates>
            19.847615,45.243842,0
          </coordinates>
        </Point>
      </Placemark>
      <Placemark>
        <name>novi-sad · Music studio “Tsoy center”</name>
        <description><![CDATA[description: Не сеть<br>Категория: Услуги и офисы<br>Каталог: https://srb.guide/map/novi-sad-music-studio-tsoy-center-f06683d04e21<br>Гугл ссылка: https://www.google.com/maps/search/?api=1&amp;query=45.252554,19.837847&amp;query_place_id=ChIJu2m8d0URW0cR_ftLopZu6IY<br>Рейтинг: 4.9]]></description>
        <styleUrl>#icon-1899-DB4436</styleUrl>
        <ExtendedData>
          <Data name="description">
            <value>Не сеть</value>
          </Data>
          <Data name="Категория">
            <value>Услуги и офисы</value>
          </Data>
          <Data name="Каталог">
            <value>https://srb.guide/map/novi-sad-music-studio-tsoy-center-f06683d04e21</value>
          </Data>
          <Data name="Гугл ссылка">
            <value><![CDATA[https://www.google.com/maps/search/?api=1&amp;query=45.252554,19.837847&amp;query_place_id=ChIJu2m8d0URW0cR_ftLopZu6IY]]></value>
          </Data>
          <Data name="Рейтинг">
            <value>4.9</value>
          </Data>
        </ExtendedData>
        <Point>
          <coordinates>
            19.837847,45.252554,0
          </coordinates>
        </Point>
      </Placemark>
      <Placemark>
        <name>novi-sad · NEXT AUTO</name>
        <description><![CDATA[description: Телефон: 062 167 9845<br>BMW VAG CITROEN PEUGEOT MERCEDES OPEL<br><br>Не сеть<br>Категория: Услуги и офисы<br>Каталог: https://srb.guide/map/novi-sad-next-auto-b12defa4b808<br>Гугл ссылка: https://www.google.com/maps/search/?api=1&amp;query=45.241427,19.81595&amp;query_place_id=ChIJ6SSG2NARW0cRDJvVjid3XpY<br>Рейтинг: 4.9]]></description>
        <styleUrl>#icon-1899-DB4436</styleUrl>
        <ExtendedData>
          <Data name="description">
            <value>Телефон: 062 167 9845
BMW VAG CITROEN PEUGEOT MERCEDES OPEL

Не сеть</value>
          </Data>
          <Data name="Категория">
            <value>Услуги и офисы</value>
          </Data>
          <Data name="Каталог">
            <value>https://srb.guide/map/novi-sad-next-auto-b12defa4b808</value>
          </Data>
          <Data name="Гугл ссылка">
            <value><![CDATA[https://www.google.com/maps/search/?api=1&amp;query=45.241427,19.81595&amp;query_place_id=ChIJ6SSG2NARW0cRDJvVjid3XpY]]></value>
          </Data>
          <Data name="Рейтинг">
            <value>4.9</value>
          </Data>
        </ExtendedData>
        <Point>
          <coordinates>
            19.81595,45.241427,0
          </coordinates>
        </Point>
      </Placemark>
      <Placemark>
        <name>novi-sad · Paulin detailing</name>
        <description><![CDATA[description: детейлинг центр  https://paulin.rs/  https://www.instagram.com/paulin_detailing?igsh=MTM0OTRqZ2lhcHFrcQ==  Не сеть<br>Категория: Услуги и офисы<br>Каталог: https://srb.guide/map/novi-sad-paulin-detailing-109e81825642<br>Гугл ссылка: https://www.google.com/maps/search/?api=1&amp;query=45.235622,19.788475&amp;query_place_id=ChIJP5maJHIPW0cRGx2meDjeqvo<br>Рейтинг: 5.0]]></description>
        <styleUrl>#icon-1899-DB4436</styleUrl>
        <ExtendedData>
          <Data name="description">
            <value>детейлинг центр  https://paulin.rs/  https://www.instagram.com/paulin_detailing?igsh=MTM0OTRqZ2lhcHFrcQ==  Не сеть</value>
          </Data>
          <Data name="Категория">
            <value>Услуги и офисы</value>
          </Data>
          <Data name="Каталог">
            <value>https://srb.guide/map/novi-sad-paulin-detailing-109e81825642</value>
          </Data>
          <Data name="Гугл ссылка">
            <value><![CDATA[https://www.google.com/maps/search/?api=1&amp;query=45.235622,19.788475&amp;query_place_id=ChIJP5maJHIPW0cRGx2meDjeqvo]]></value>
          </Data>
          <Data name="Рейтинг">
            <value>5.0</value>
          </Data>
        </ExtendedData>
        <Point>
          <coordinates>
            19.788475,45.235622,0
          </coordinates>
        </Point>
      </Placemark>
      <Placemark>
        <name>novi-sad · Желтая лампа, клуб по интересам</name>
        <description><![CDATA[description: Не сеть<br>Категория: Услуги и офисы<br>Каталог: https://srb.guide/map/novi-sad-желтая-лампа-клуб-по-интересам-62e391d7b4f8<br>Гугл ссылка: https://www.google.com/maps/search/?api=1&amp;query=45.250277,19.832328&amp;query_place_id=ChIJkRz4pkAQW0cRiv2qfd4g3nk<br>Рейтинг: 4.6]]></description>
        <styleUrl>#icon-1899-DB4436</styleUrl>
        <ExtendedData>
          <Data name="description">
            <value>Не сеть</value>
          </Data>
          <Data name="Категория">
            <value>Услуги и офисы</value>
          </Data>
          <Data name="Каталог">
            <value>https://srb.guide/map/novi-sad-желтая-лампа-клуб-по-интересам-62e391d7b4f8</value>
          </Data>
          <Data name="Гугл ссылка">
            <value><![CDATA[https://www.google.com/maps/search/?api=1&amp;query=45.250277,19.832328&amp;query_place_id=ChIJkRz4pkAQW0cRiv2qfd4g3nk]]></value>
          </Data>
          <Data name="Рейтинг">
            <value>4.6</value>
          </Data>
        </ExtendedData>
        <Point>
          <coordinates>
            19.832328,45.250277,0
          </coordinates>
        </Point>
      </Placemark>
      <Placemark>
        <name>novi-sad · Armaly Bubble Tea</name>
        <description><![CDATA[description: Не сеть<br>Категория: Магазины<br>Каталог: https://srb.guide/map/novi-sad-armaly-bubble-tea-259ac2a511e7<br>Гугл ссылка: https://www.google.com/maps/search/?api=1&amp;query=45.242481,19.825344&amp;query_place_id=ChIJqUEmnRoRW0cRtBi8tAxHYjo<br>Рейтинг: 5.0]]></description>
        <styleUrl>#icon-1899-DB4436</styleUrl>
        <ExtendedData>
          <Data name="description">
            <value>Не сеть</value>
          </Data>
          <Data name="Категория">
            <value>Магазины</value>
          </Data>
          <Data name="Каталог">
            <value>https://srb.guide/map/novi-sad-armaly-bubble-tea-259ac2a511e7</value>
          </Data>
          <Data name="Гугл ссылка">
            <value><![CDATA[https://www.google.com/maps/search/?api=1&amp;query=45.242481,19.825344&amp;query_place_id=ChIJqUEmnRoRW0cRtBi8tAxHYjo]]></value>
          </Data>
          <Data name="Рейтинг">
            <value>5.0</value>
          </Data>
        </ExtendedData>
        <Point>
          <coordinates>
            19.825344,45.242481,0
          </coordinates>
        </Point>
      </Placemark>
      <Placemark>
        <name>novi-sad · Miracle store</name>
        <description><![CDATA[description: Магазин подарков и сувениров<br><br>Не сеть<br>Категория: Магазины<br>Каталог: https://srb.guide/map/novi-sad-miracle-store-a6e80e091ecc<br>Гугл ссылка: https://www.google.com/maps/search/?api=1&amp;query=45.242646,19.82533&amp;query_place_id=ChIJSx9nO1ARW0cRWx4pKKma1A8<br>Рейтинг: 5.0]]></description>
        <styleUrl>#icon-1899-DB4436</styleUrl>
        <ExtendedData>
          <Data name="description">
            <value>Магазин подарков и сувениров

Не сеть</value>
          </Data>
          <Data name="Категория">
            <value>Магазины</value>
          </Data>
          <Data name="Каталог">
            <value>https://srb.guide/map/novi-sad-miracle-store-a6e80e091ecc</value>
          </Data>
          <Data name="Гугл ссылка">
            <value><![CDATA[https://www.google.com/maps/search/?api=1&amp;query=45.242646,19.82533&amp;query_place_id=ChIJSx9nO1ARW0cRWx4pKKma1A8]]></value>
          </Data>
          <Data name="Рейтинг">
            <value>5.0</value>
          </Data>
        </ExtendedData>
        <Point>
          <coordinates>
            19.82533,45.242646,0
          </coordinates>
        </Point>
      </Placemark>
      <Placemark>
        <name>novi-sad · Mix Markt</name>
        <description><![CDATA[description: Сеть: Mix Markt<br>Категория: Магазины<br>Каталог: https://srb.guide/map/novi-sad-mix-markt-efd9d8a7d2b3<br>Гугл ссылка: https://www.google.com/maps/search/?api=1&amp;query=45.240497,19.815282&amp;query_place_id=ChIJZatVJHy1XEcRXqKFaAcMKLM<br>Рейтинг: 4.2]]></description>
        <styleUrl>#icon-1899-DB4436</styleUrl>
        <ExtendedData>
          <Data name="description">
            <value>Сеть: Mix Markt</value>
          </Data>
          <Data name="Категория">
            <value>Магазины</value>
          </Data>
          <Data name="Каталог">
            <value>https://srb.guide/map/novi-sad-mix-markt-efd9d8a7d2b3</value>
          </Data>
          <Data name="Гугл ссылка">
            <value><![CDATA[https://www.google.com/maps/search/?api=1&amp;query=45.240497,19.815282&amp;query_place_id=ChIJZatVJHy1XEcRXqKFaAcMKLM]]></value>
          </Data>
          <Data name="Рейтинг">
            <value>4.2</value>
          </Data>
        </ExtendedData>
        <Point>
          <coordinates>
            19.815282,45.240497,0
          </coordinates>
        </Point>
      </Placemark>
      <Placemark>
        <name>novi-sad · Mix Markt</name>
        <description><![CDATA[description: Сеть: Mix Markt<br>Категория: Магазины<br>Каталог: https://srb.guide/map/novi-sad-mix-markt-b995262c7739<br>Гугл ссылка: https://www.google.com/maps/search/?api=1&amp;query=45.251256,19.836722&amp;query_place_id=ChIJj2h3SwARW0cRUIhzTW0E1a4<br>Рейтинг: 4.2]]></description>
        <styleUrl>#icon-1899-DB4436</styleUrl>
        <ExtendedData>
          <Data name="description">
            <value>Сеть: Mix Markt</value>
          </Data>
          <Data name="Категория">
            <value>Магазины</value>
          </Data>
          <Data name="Каталог">
            <value>https://srb.guide/map/novi-sad-mix-markt-b995262c7739</value>
          </Data>
          <Data name="Гугл ссылка">
            <value><![CDATA[https://www.google.com/maps/search/?api=1&amp;query=45.251256,19.836722&amp;query_place_id=ChIJj2h3SwARW0cRUIhzTW0E1a4]]></value>
          </Data>
          <Data name="Рейтинг">
            <value>4.2</value>
          </Data>
        </ExtendedData>
        <Point>
          <coordinates>
            19.836722,45.251256,0
          </coordinates>
        </Point>
      </Placemark>
      <Placemark>
        <name>novi-sad · Prva ruska kuhinja</name>
        <description><![CDATA[description: Русские продукты<br><br>Не сеть<br>Категория: Магазины<br>Каталог: https://srb.guide/map/novi-sad-prva-ruska-kuhinja-2b290a228622<br>Гугл ссылка: https://www.google.com/maps/search/?api=1&amp;query=45.244983,19.825305&amp;query_place_id=ChIJaR8R5IIRW0cRAAwbWizzKtA<br>Рейтинг: 4.4]]></description>
        <styleUrl>#icon-1899-DB4436</styleUrl>
        <ExtendedData>
          <Data name="description">
            <value>Русские продукты

Не сеть</value>
          </Data>
          <Data name="Категория">
            <value>Магазины</value>
          </Data>
          <Data name="Каталог">
            <value>https://srb.guide/map/novi-sad-prva-ruska-kuhinja-2b290a228622</value>
          </Data>
          <Data name="Гугл ссылка">
            <value><![CDATA[https://www.google.com/maps/search/?api=1&amp;query=45.244983,19.825305&amp;query_place_id=ChIJaR8R5IIRW0cRAAwbWizzKtA]]></value>
          </Data>
          <Data name="Рейтинг">
            <value>4.4</value>
          </Data>
        </ExtendedData>
        <Point>
          <coordinates>
            19.825305,45.244983,0
          </coordinates>
        </Point>
      </Placemark>
      <Placemark>
        <name>novi-sad · SalutSava</name>
        <description><![CDATA[description: Магазин керамики SalutSava<br><br>Не сеть<br>Категория: Магазины<br>Каталог: https://srb.guide/map/novi-sad-salutsava-11ea94ccd18d<br>Гугл ссылка: https://www.google.com/maps/search/?api=1&amp;query=45.255849,19.848684&amp;query_place_id=ChIJUzKOTZQv-gQRxHzYf4Ua0_Y<br>Рейтинг: 5.0]]></description>
        <styleUrl>#icon-1899-DB4436</styleUrl>
        <ExtendedData>
          <Data name="description">
            <value>Магазин керамики SalutSava

Не сеть</value>
          </Data>
          <Data name="Категория">
            <value>Магазины</value>
          </Data>
          <Data name="Каталог">
            <value>https://srb.guide/map/novi-sad-salutsava-11ea94ccd18d</value>
          </Data>
          <Data name="Гугл ссылка">
            <value><![CDATA[https://www.google.com/maps/search/?api=1&amp;query=45.255849,19.848684&amp;query_place_id=ChIJUzKOTZQv-gQRxHzYf4Ua0_Y]]></value>
          </Data>
          <Data name="Рейтинг">
            <value>5.0</value>
          </Data>
        </ExtendedData>
        <Point>
          <coordinates>
            19.848684,45.255849,0
          </coordinates>
        </Point>
      </Placemark>
      <Placemark>
        <name>novi-sad · Svetofor</name>
        <description><![CDATA[description: Сеть: Svetofor<br>Категория: Магазины<br>Каталог: https://srb.guide/map/novi-sad-svetofor-6ab0f3988de1<br>Гугл ссылка: https://www.google.com/maps/search/?api=1&amp;query=45.305416,19.833899&amp;query_place_id=ChIJLypjvpIRW0cRcrPKIenjYaw<br>Рейтинг: 3.9]]></description>
        <styleUrl>#icon-1899-DB4436</styleUrl>
        <ExtendedData>
          <Data name="description">
            <value>Сеть: Svetofor</value>
          </Data>
          <Data name="Категория">
            <value>Магазины</value>
          </Data>
          <Data name="Каталог">
            <value>https://srb.guide/map/novi-sad-svetofor-6ab0f3988de1</value>
          </Data>
          <Data name="Гугл ссылка">
            <value><![CDATA[https://www.google.com/maps/search/?api=1&amp;query=45.305416,19.833899&amp;query_place_id=ChIJLypjvpIRW0cRcrPKIenjYaw]]></value>
          </Data>
          <Data name="Рейтинг">
            <value>3.9</value>
          </Data>
        </ExtendedData>
        <Point>
          <coordinates>
            19.833899,45.305416,0
          </coordinates>
        </Point>
      </Placemark>
      <Placemark>
        <name>novi-sad · Svetofor Futog</name>
        <description><![CDATA[description: продуктовый<br><br>Сеть: Svetofor<br>Категория: Магазины<br>Каталог: https://srb.guide/map/novi-sad-svetofor-futog-eb8753df0215<br>Гугл ссылка: https://www.google.com/maps/search/?api=1&amp;query=45.237265,19.726816&amp;query_place_id=ChIJ6T5QEfINW0cRMigGrl3EBAY<br>Рейтинг: 4.0]]></description>
        <styleUrl>#icon-1899-DB4436</styleUrl>
        <ExtendedData>
          <Data name="description">
            <value>продуктовый

Сеть: Svetofor</value>
          </Data>
          <Data name="Категория">
            <value>Магазины</value>
          </Data>
          <Data name="Каталог">
            <value>https://srb.guide/map/novi-sad-svetofor-futog-eb8753df0215</value>
          </Data>
          <Data name="Гугл ссылка">
            <value><![CDATA[https://www.google.com/maps/search/?api=1&amp;query=45.237265,19.726816&amp;query_place_id=ChIJ6T5QEfINW0cRMigGrl3EBAY]]></value>
          </Data>
          <Data name="Рейтинг">
            <value>4.0</value>
          </Data>
        </ExtendedData>
        <Point>
          <coordinates>
            19.726816,45.237265,0
          </coordinates>
        </Point>
      </Placemark>
      <Placemark>
        <name>novi-sad · TRAVA</name>
        <description><![CDATA[description: Цветочный + кофейня<br><br>Не сеть<br>Категория: Магазины<br>Каталог: https://srb.guide/map/novi-sad-trava-2c5357191503<br>Гугл ссылка: https://www.google.com/maps/search/?api=1&amp;query=45.247813,19.834825&amp;query_place_id=ChIJtx53NrARW0cRDFedX_uMXOc<br>Рейтинг: 4.6]]></description>
        <styleUrl>#icon-1899-DB4436</styleUrl>
        <ExtendedData>
          <Data name="description">
            <value>Цветочный + кофейня

Не сеть</value>
          </Data>
          <Data name="Категория">
            <value>Магазины</value>
          </Data>
          <Data name="Каталог">
            <value>https://srb.guide/map/novi-sad-trava-2c5357191503</value>
          </Data>
          <Data name="Гугл ссылка">
            <value><![CDATA[https://www.google.com/maps/search/?api=1&amp;query=45.247813,19.834825&amp;query_place_id=ChIJtx53NrARW0cRDFedX_uMXOc]]></value>
          </Data>
          <Data name="Рейтинг">
            <value>4.6</value>
          </Data>
        </ExtendedData>
        <Point>
          <coordinates>
            19.834825,45.247813,0
          </coordinates>
        </Point>
      </Placemark>
      <Placemark>
        <name>novi-sad · Белая ворона</name>
        <description><![CDATA[description: книги на русском языке<br><br>Не сеть<br>Категория: Магазины<br>Каталог: https://srb.guide/map/novi-sad-белая-ворона-163d35cafc30<br>Гугл ссылка: https://www.google.com/maps/search/?api=1&amp;query=45.253478,19.840261&amp;query_place_id=ChIJ9WsZAkIQW0cRAplK4YC73i8<br>Рейтинг: ]]></description>
        <styleUrl>#icon-1899-DB4436</styleUrl>
        <ExtendedData>
          <Data name="description">
            <value>книги на русском языке

Не сеть</value>
          </Data>
          <Data name="Категория">
            <value>Магазины</value>
          </Data>
          <Data name="Каталог">
            <value>https://srb.guide/map/novi-sad-белая-ворона-163d35cafc30</value>
          </Data>
          <Data name="Гугл ссылка">
            <value><![CDATA[https://www.google.com/maps/search/?api=1&amp;query=45.253478,19.840261&amp;query_place_id=ChIJ9WsZAkIQW0cRAplK4YC73i8]]></value>
          </Data>
          <Data name="Рейтинг">
            <value/>
          </Data>
        </ExtendedData>
        <Point>
          <coordinates>
            19.840261,45.253478,0
          </coordinates>
        </Point>
      </Placemark>
      <Placemark>
        <name>pancevo · Svetofor Pančevo</name>
        <description><![CDATA[description: Сеть: Svetofor<br>Категория: Магазины<br>Каталог: https://srb.guide/map/beograd-svetofor-pančevo-1f6bc78819bf<br>Гугл ссылка: https://www.google.com/maps/search/?api=1&amp;query=44.869949,20.671767&amp;query_place_id=ChIJuQReaQB_WkcReJ9E_aWpGwg<br>Рейтинг: 4.2]]></description>
        <styleUrl>#icon-1899-DB4436</styleUrl>
        <ExtendedData>
          <Data name="description">
            <value>Сеть: Svetofor</value>
          </Data>
          <Data name="Категория">
            <value>Магазины</value>
          </Data>
          <Data name="Каталог">
            <value>https://srb.guide/map/beograd-svetofor-pančevo-1f6bc78819bf</value>
          </Data>
          <Data name="Гугл ссылка">
            <value><![CDATA[https://www.google.com/maps/search/?api=1&amp;query=44.869949,20.671767&amp;query_place_id=ChIJuQReaQB_WkcReJ9E_aWpGwg]]></value>
          </Data>
          <Data name="Рейтинг">
            <value>4.2</value>
          </Data>
        </ExtendedData>
        <Point>
          <coordinates>
            20.671767,44.869949,0
          </coordinates>
        </Point>
      </Placemark>
      <Placemark>
        <name>ruma · Светофор</name>
        <description><![CDATA[description: Сеть: Svetofor<br>Категория: Магазины<br>Каталог: https://srb.guide/map/šabac-светофор-4e84bd536cbe<br>Гугл ссылка: https://www.google.com/maps/search/?api=1&amp;query=44.747624,19.713455&amp;query_place_id=ChIJx7u0zePLW0cREMPQz0PN48s<br>Рейтинг: 4.2]]></description>
        <styleUrl>#icon-1899-DB4436</styleUrl>
        <ExtendedData>
          <Data name="description">
            <value>Сеть: Svetofor</value>
          </Data>
          <Data name="Категория">
            <value>Магазины</value>
          </Data>
          <Data name="Каталог">
            <value>https://srb.guide/map/šabac-светофор-4e84bd536cbe</value>
          </Data>
          <Data name="Гугл ссылка">
            <value><![CDATA[https://www.google.com/maps/search/?api=1&amp;query=44.747624,19.713455&amp;query_place_id=ChIJx7u0zePLW0cREMPQz0PN48s]]></value>
          </Data>
          <Data name="Рейтинг">
            <value>4.2</value>
          </Data>
        </ExtendedData>
        <Point>
          <coordinates>
            19.713455,44.747624,0
          </coordinates>
        </Point>
      </Placemark>
      <Placemark>
        <name>sid · Svetofor</name>
        <description><![CDATA[description: Сеть: Svetofor<br>Категория: Магазины<br>Каталог: https://srb.guide/map/šid-svetofor-aafda49751fa<br>Гугл ссылка: https://www.google.com/maps/search/?api=1&amp;query=45.124583,19.232343&amp;query_place_id=ChIJAdk6YACDW0cRnA5seTc6mwI<br>Рейтинг: 4.4]]></description>
        <styleUrl>#icon-1899-DB4436</styleUrl>
        <ExtendedData>
          <Data name="description">
            <value>Сеть: Svetofor</value>
          </Data>
          <Data name="Категория">
            <value>Магазины</value>
          </Data>
          <Data name="Каталог">
            <value>https://srb.guide/map/šid-svetofor-aafda49751fa</value>
          </Data>
          <Data name="Гугл ссылка">
            <value><![CDATA[https://www.google.com/maps/search/?api=1&amp;query=45.124583,19.232343&amp;query_place_id=ChIJAdk6YACDW0cRnA5seTc6mwI]]></value>
          </Data>
          <Data name="Рейтинг">
            <value>4.4</value>
          </Data>
        </ExtendedData>
        <Point>
          <coordinates>
            19.232343,45.124583,0
          </coordinates>
        </Point>
      </Placemark>
      <Placemark>
        <name>sombor · Food Station</name>
        <description><![CDATA[description: шаурма, кафе<br><br>Не сеть<br>Категория: Кафе и рестораны<br>Каталог: https://srb.guide/map/sombor-food-station-19e53f41fd8e<br>Гугл ссылка: https://www.google.com/maps/search/?api=1&amp;query=45.762665,19.124027&amp;query_place_id=ChIJjVOYIQC1XEcRa9M6OaYyvL0<br>Рейтинг: ]]></description>
        <styleUrl>#icon-1899-DB4436</styleUrl>
        <ExtendedData>
          <Data name="description">
            <value>шаурма, кафе

Не сеть</value>
          </Data>
          <Data name="Категория">
            <value>Кафе и рестораны</value>
          </Data>
          <Data name="Каталог">
            <value>https://srb.guide/map/sombor-food-station-19e53f41fd8e</value>
          </Data>
          <Data name="Гугл ссылка">
            <value><![CDATA[https://www.google.com/maps/search/?api=1&amp;query=45.762665,19.124027&amp;query_place_id=ChIJjVOYIQC1XEcRa9M6OaYyvL0]]></value>
          </Data>
          <Data name="Рейтинг">
            <value/>
          </Data>
        </ExtendedData>
        <Point>
          <coordinates>
            19.124027,45.762665,0
          </coordinates>
        </Point>
      </Placemark>
      <Placemark>
        <name>sombor · Pine Cafe</name>
        <description><![CDATA[description: кондитерская, кафе<br><br>Не сеть<br>Категория: Кафе и рестораны<br>Каталог: https://srb.guide/map/sombor-pine-cafe-d48d420a8905<br>Гугл ссылка: https://www.google.com/maps/search/?api=1&amp;query=45.771158,19.11202&amp;query_place_id=ChIJmVfOtnu1XEcRf6Cy_uEUX9Y<br>Рейтинг: 5.0]]></description>
        <styleUrl>#icon-1899-DB4436</styleUrl>
        <ExtendedData>
          <Data name="description">
            <value>кондитерская, кафе

Не сеть</value>
          </Data>
          <Data name="Категория">
            <value>Кафе и рестораны</value>
          </Data>
          <Data name="Каталог">
            <value>https://srb.guide/map/sombor-pine-cafe-d48d420a8905</value>
          </Data>
          <Data name="Гугл ссылка">
            <value><![CDATA[https://www.google.com/maps/search/?api=1&amp;query=45.771158,19.11202&amp;query_place_id=ChIJmVfOtnu1XEcRf6Cy_uEUX9Y]]></value>
          </Data>
          <Data name="Рейтинг">
            <value>5.0</value>
          </Data>
        </ExtendedData>
        <Point>
          <coordinates>
            19.11202,45.771158,0
          </coordinates>
        </Point>
      </Placemark>
      <Placemark>
        <name>sombor · RUSKA BILJNA APOTEKA</name>
        <description><![CDATA[description: аптека, лекарственные травы<br><br>Не сеть<br>Категория: Магазины<br>Каталог: https://srb.guide/map/sombor-ruska-biljna-apoteka-f447f21defef<br>Гугл ссылка: https://www.google.com/maps/search/?api=1&amp;query=45.774145,19.114592&amp;query_place_id=ChIJV5WNHxm1XEcR_9ThmJfUPBQ<br>Рейтинг: 4.9]]></description>
        <styleUrl>#icon-1899-DB4436</styleUrl>
        <ExtendedData>
          <Data name="description">
            <value>аптека, лекарственные травы

Не сеть</value>
          </Data>
          <Data name="Категория">
            <value>Магазины</value>
          </Data>
          <Data name="Каталог">
            <value>https://srb.guide/map/sombor-ruska-biljna-apoteka-f447f21defef</value>
          </Data>
          <Data name="Гугл ссылка">
            <value><![CDATA[https://www.google.com/maps/search/?api=1&amp;query=45.774145,19.114592&amp;query_place_id=ChIJV5WNHxm1XEcR_9ThmJfUPBQ]]></value>
          </Data>
          <Data name="Рейтинг">
            <value>4.9</value>
          </Data>
        </ExtendedData>
        <Point>
          <coordinates>
            19.114592,45.774145,0
          </coordinates>
        </Point>
      </Placemark>
      <Placemark>
        <name>sombor · Ruski Eliksir</name>
        <description><![CDATA[description: магазин чая, фитотерапия<br><br>Не сеть<br>Категория: Магазины<br>Каталог: https://srb.guide/map/sombor-ruski-eliksir-352cae385a65<br>Гугл ссылка: https://www.google.com/maps/search/?api=1&amp;query=45.763862,19.11184&amp;query_place_id=ChIJ0a2Kb2S1XEcR4H0q9JH8Z6Y<br>Рейтинг: 5.0]]></description>
        <styleUrl>#icon-1899-DB4436</styleUrl>
        <ExtendedData>
          <Data name="description">
            <value>магазин чая, фитотерапия

Не сеть</value>
          </Data>
          <Data name="Категория">
            <value>Магазины</value>
          </Data>
          <Data name="Каталог">
            <value>https://srb.guide/map/sombor-ruski-eliksir-352cae385a65</value>
          </Data>
          <Data name="Гугл ссылка">
            <value><![CDATA[https://www.google.com/maps/search/?api=1&amp;query=45.763862,19.11184&amp;query_place_id=ChIJ0a2Kb2S1XEcR4H0q9JH8Z6Y]]></value>
          </Data>
          <Data name="Рейтинг">
            <value>5.0</value>
          </Data>
        </ExtendedData>
        <Point>
          <coordinates>
            19.11184,45.763862,0
          </coordinates>
        </Point>
      </Placemark>
      <Placemark>
        <name>sombor · SVETOFOR</name>
        <description><![CDATA[description: магазин продуктов<br><br>Сеть: Svetofor<br>Категория: Магазины<br>Каталог: https://srb.guide/map/sombor-svetofor-6ca65b1e9c49<br>Гугл ссылка: https://www.google.com/maps/search/?api=1&amp;query=45.754224,19.128903&amp;query_place_id=ChIJOXI1a6W1XEcR-tgG0hG4X5w<br>Рейтинг: ]]></description>
        <styleUrl>#icon-1899-DB4436</styleUrl>
        <ExtendedData>
          <Data name="description">
            <value>магазин продуктов

Сеть: Svetofor</value>
          </Data>
          <Data name="Категория">
            <value>Магазины</value>
          </Data>
          <Data name="Каталог">
            <value>https://srb.guide/map/sombor-svetofor-6ca65b1e9c49</value>
          </Data>
          <Data name="Гугл ссылка">
            <value><![CDATA[https://www.google.com/maps/search/?api=1&amp;query=45.754224,19.128903&amp;query_place_id=ChIJOXI1a6W1XEcR-tgG0hG4X5w]]></value>
          </Data>
          <Data name="Рейтинг">
            <value/>
          </Data>
        </ExtendedData>
        <Point>
          <coordinates>
            19.128903,45.754224,0
          </coordinates>
        </Point>
      </Placemark>
      <Placemark>
        <name>sombor · Svetofor 2</name>
        <description><![CDATA[description: магазин продуктов<br><br>Сеть: Svetofor<br>Категория: Магазины<br>Каталог: https://srb.guide/map/sombor-svetofor-2-bced74c3f134<br>Гугл ссылка: https://www.google.com/maps/search/?api=1&amp;query=45.767999,19.140704&amp;query_place_id=ChIJmYYvLgC1XEcR3PkLcPftvUQ<br>Рейтинг: 4.5]]></description>
        <styleUrl>#icon-1899-DB4436</styleUrl>
        <ExtendedData>
          <Data name="description">
            <value>магазин продуктов

Сеть: Svetofor</value>
          </Data>
          <Data name="Категория">
            <value>Магазины</value>
          </Data>
          <Data name="Каталог">
            <value>https://srb.guide/map/sombor-svetofor-2-bced74c3f134</value>
          </Data>
          <Data name="Гугл ссылка">
            <value><![CDATA[https://www.google.com/maps/search/?api=1&amp;query=45.767999,19.140704&amp;query_place_id=ChIJmYYvLgC1XEcR3PkLcPftvUQ]]></value>
          </Data>
          <Data name="Рейтинг">
            <value>4.5</value>
          </Data>
        </ExtendedData>
        <Point>
          <coordinates>
            19.140704,45.767999,0
          </coordinates>
        </Point>
      </Placemark>
      <Placemark>
        <name>sremska-mitrovica · СВЕТОФОР</name>
        <description><![CDATA[description: Сеть: Svetofor<br>Категория: Магазины<br>Каталог: https://srb.guide/map/laćarak-светофор-33a915b50c7f<br>Гугл ссылка: https://www.google.com/maps/search/?api=1&amp;query=45.007219,19.549787&amp;query_place_id=ChIJh6S3eXajW0cRaR5x9XoGHkg<br>Рейтинг: 4.2]]></description>
        <styleUrl>#icon-1899-DB4436</styleUrl>
        <ExtendedData>
          <Data name="description">
            <value>Сеть: Svetofor</value>
          </Data>
          <Data name="Категория">
            <value>Магазины</value>
          </Data>
          <Data name="Каталог">
            <value>https://srb.guide/map/laćarak-светофор-33a915b50c7f</value>
          </Data>
          <Data name="Гугл ссылка">
            <value><![CDATA[https://www.google.com/maps/search/?api=1&amp;query=45.007219,19.549787&amp;query_place_id=ChIJh6S3eXajW0cRaR5x9XoGHkg]]></value>
          </Data>
          <Data name="Рейтинг">
            <value>4.2</value>
          </Data>
        </ExtendedData>
        <Point>
          <coordinates>
            19.549787,45.007219,0
          </coordinates>
        </Point>
      </Placemark>
      <Placemark>
        <name>subotica · ZONA 6/9</name>
        <description><![CDATA[description: Не сеть<br>Категория: Бары<br>Каталог: https://srb.guide/map/zona-6-9-subotica<br>Гугл ссылка: https://www.google.com/maps/search/?api=1&amp;query=46.1018184,19.6661673<br>Рейтинг: ]]></description>
        <styleUrl>#icon-1899-DB4436</styleUrl>
        <ExtendedData>
          <Data name="description">
            <value>Не сеть</value>
          </Data>
          <Data name="Категория">
            <value>Бары</value>
          </Data>
          <Data name="Каталог">
            <value>https://srb.guide/map/zona-6-9-subotica</value>
          </Data>
          <Data name="Гугл ссылка">
            <value><![CDATA[https://www.google.com/maps/search/?api=1&amp;query=46.1018184,19.6661673]]></value>
          </Data>
          <Data name="Рейтинг">
            <value/>
          </Data>
        </ExtendedData>
        <Point>
          <coordinates>
            19.666167,46.101818,0
          </coordinates>
        </Point>
      </Placemark>
      <Placemark>
        <name>subotica · SU Bar</name>
        <description><![CDATA[description: Суши<br><br>Не сеть<br>Категория: Кафе и рестораны<br>Каталог: https://srb.guide/map/novi-sad-su-bar-0d7ae25bb131<br>Гугл ссылка: https://www.google.com/maps/search/?api=1&amp;query=46.100871,19.667368&amp;query_place_id=ChIJ8ynmKwBnQ0cR8bovPFhwarc<br>Рейтинг: ]]></description>
        <styleUrl>#icon-1899-DB4436</styleUrl>
        <ExtendedData>
          <Data name="description">
            <value>Суши

Не сеть</value>
          </Data>
          <Data name="Категория">
            <value>Кафе и рестораны</value>
          </Data>
          <Data name="Каталог">
            <value>https://srb.guide/map/novi-sad-su-bar-0d7ae25bb131</value>
          </Data>
          <Data name="Гугл ссылка">
            <value><![CDATA[https://www.google.com/maps/search/?api=1&amp;query=46.100871,19.667368&amp;query_place_id=ChIJ8ynmKwBnQ0cR8bovPFhwarc]]></value>
          </Data>
          <Data name="Рейтинг">
            <value/>
          </Data>
        </ExtendedData>
        <Point>
          <coordinates>
            19.667368,46.100871,0
          </coordinates>
        </Point>
      </Placemark>
      <Placemark>
        <name>subotica · CAR Rental</name>
        <description><![CDATA[description: Не сеть<br>Категория: Услуги и офисы<br>Каталог: https://srb.guide/map/subotica-car-rental-9e52774b6443<br>Гугл ссылка: https://www.google.com/maps/search/?api=1&amp;query=46.100606,19.687681&amp;query_place_id=ChIJU1pgqXVhQ0cRFUkbYIM_bco<br>Рейтинг: ]]></description>
        <styleUrl>#icon-1899-DB4436</styleUrl>
        <ExtendedData>
          <Data name="description">
            <value>Не сеть</value>
          </Data>
          <Data name="Категория">
            <value>Услуги и офисы</value>
          </Data>
          <Data name="Каталог">
            <value>https://srb.guide/map/subotica-car-rental-9e52774b6443</value>
          </Data>
          <Data name="Гугл ссылка">
            <value><![CDATA[https://www.google.com/maps/search/?api=1&amp;query=46.100606,19.687681&amp;query_place_id=ChIJU1pgqXVhQ0cRFUkbYIM_bco]]></value>
          </Data>
          <Data name="Рейтинг">
            <value/>
          </Data>
        </ExtendedData>
        <Point>
          <coordinates>
            19.687681,46.100606,0
          </coordinates>
        </Point>
      </Placemark>
      <Placemark>
        <name>subotica · Mix Markt</name>
        <description><![CDATA[description: Сеть: Mix Markt<br>Категория: Магазины<br>Каталог: https://srb.guide/map/sombor-mix-markt-4d80228442fc<br>Гугл ссылка: https://www.google.com/maps/search/?api=1&amp;query=46.101514,19.662566&amp;query_place_id=ChIJWf9MS91nQ0cRZu_LsZ7qudY<br>Рейтинг: 4.2]]></description>
        <styleUrl>#icon-1899-DB4436</styleUrl>
        <ExtendedData>
          <Data name="description">
            <value>Сеть: Mix Markt</value>
          </Data>
          <Data name="Категория">
            <value>Магазины</value>
          </Data>
          <Data name="Каталог">
            <value>https://srb.guide/map/sombor-mix-markt-4d80228442fc</value>
          </Data>
          <Data name="Гугл ссылка">
            <value><![CDATA[https://www.google.com/maps/search/?api=1&amp;query=46.101514,19.662566&amp;query_place_id=ChIJWf9MS91nQ0cRZu_LsZ7qudY]]></value>
          </Data>
          <Data name="Рейтинг">
            <value>4.2</value>
          </Data>
        </ExtendedData>
        <Point>
          <coordinates>
            19.662566,46.101514,0
          </coordinates>
        </Point>
      </Placemark>
      <Placemark>
        <name>valjevo · Svetofor</name>
        <description><![CDATA[description: Сеть: Svetofor<br>Категория: Магазины<br>Каталог: https://srb.guide/map/valjevo-svetofor-c1878ebc859a<br>Гугл ссылка: https://www.google.com/maps/search/?api=1&amp;query=44.282986,19.938115&amp;query_place_id=ChIJFXZ5FADtWUcRirCDnGnconQ<br>Рейтинг: 4.3]]></description>
        <styleUrl>#icon-1899-DB4436</styleUrl>
        <ExtendedData>
          <Data name="description">
            <value>Сеть: Svetofor</value>
          </Data>
          <Data name="Категория">
            <value>Магазины</value>
          </Data>
          <Data name="Каталог">
            <value>https://srb.guide/map/valjevo-svetofor-c1878ebc859a</value>
          </Data>
          <Data name="Гугл ссылка">
            <value><![CDATA[https://www.google.com/maps/search/?api=1&amp;query=44.282986,19.938115&amp;query_place_id=ChIJFXZ5FADtWUcRirCDnGnconQ]]></value>
          </Data>
          <Data name="Рейтинг">
            <value>4.3</value>
          </Data>
        </ExtendedData>
        <Point>
          <coordinates>
            19.938115,44.282986,0
          </coordinates>
        </Point>
      </Placemark>
      <Placemark>
        <name>zrenjanin · The Baza Bar</name>
        <description><![CDATA[description: Не сеть<br>Категория: Бары<br>Каталог: https://srb.guide/map/zrenjanin-the-baza-bar-ebf51307b849<br>Гугл ссылка: https://www.google.com/maps/search/?api=1&amp;query=45.379654,20.394962&amp;query_place_id=ChIJMSE1UDPbWkcRRnh9MZHKw-0<br>Рейтинг: ]]></description>
        <styleUrl>#icon-1899-DB4436</styleUrl>
        <ExtendedData>
          <Data name="description">
            <value>Не сеть</value>
          </Data>
          <Data name="Категория">
            <value>Бары</value>
          </Data>
          <Data name="Каталог">
            <value>https://srb.guide/map/zrenjanin-the-baza-bar-ebf51307b849</value>
          </Data>
          <Data name="Гугл ссылка">
            <value><![CDATA[https://www.google.com/maps/search/?api=1&amp;query=45.379654,20.394962&amp;query_place_id=ChIJMSE1UDPbWkcRRnh9MZHKw-0]]></value>
          </Data>
          <Data name="Рейтинг">
            <value/>
          </Data>
        </ExtendedData>
        <Point>
          <coordinates>
            20.394962,45.379654,0
          </coordinates>
        </Point>
      </Placemark>
    </Folder>
  </Document>
</kml>
