{"type":"FeatureCollection","properties":{"sourceKind":"google-mymaps","sourceId":"google-mymaps:12l4BVYg_FV0d9CMeEWEtnJDQioL9804","upstreamUrl":"https://www.google.com/maps/d/viewer?mid=12l4BVYg_FV0d9CMeEWEtnJDQioL9804","acquisition":"google-direct-kml","snapshotAt":"2026-08-23T07:46:02.450Z","sourceFeatureCount":314,"bounds":[20.18,44.68,20.68,44.97]},"features":[{"type":"Feature","geometry":{"type":"Point","coordinates":[18.984087,45.670209]},"properties":{"name":"apatin · Salon lepote Roziroz","description":"description: педикюр, маникюр, врач подолог Не сеть Категория: Красота Каталог: https://srb.guide/map/apatin-salon-lepote-roziroz-4187853c9f50 Гугл ссылка: https://www.google.com/maps/search/?api=1&query=45.670209,18.984087&query_place_id=ChIJVfiVo4jHXEcRGzFwnMsosm4 Рейтинг:"}},{"type":"Feature","geometry":{"type":"Point","coordinates":[18.974617,45.673662]},"properties":{"name":"apatin · Svetofor","description":"description: магазин продуктов Сеть: Svetofor Категория: Магазины Каталог: https://srb.guide/map/apatin-svetofor-713b63716b59 Гугл ссылка: https://www.google.com/maps/search/?api=1&query=45.673662,18.974617&query_place_id=ChIJRx1RZwDHXEcRDJbr86aYPlg Рейтинг: 4.7"}},{"type":"Feature","geometry":{"type":"Point","coordinates":[19.427503,45.249046]},"properties":{"name":"backa-palanka · Svetofor","description":"description: Сеть: Svetofor Категория: Магазины Каталог: https://srb.guide/map/bačka-palanka-svetofor-acf19a8eb03e Гугл ссылка: https://www.google.com/maps/search/?api=1&query=45.249046,19.427503&query_place_id=ChIJ88rD0EZxW0cRvOx4m9NjteM Рейтинг: 4.2"}},{"type":"Feature","geometry":{"type":"Point","coordinates":[20.458784,44.82053]},"properties":{"name":"beograd · Axiom","description":"description: Сидрная + Пиво Не сеть Категория: Бары Каталог: https://srb.guide/map/beograd-axiom-caf2aa16e19c Гугл ссылка: https://www.google.com/maps/search/?api=1&query=44.82053,20.458784&query_place_id=ChIJkycVPwBlWkcRcTOefdXwcv4 Рейтинг: 4.7"}},{"type":"Feature","geometry":{"type":"Point","coordinates":[20.468791,44.813768]},"properties":{"name":"beograd · BEER HOUSE","description":"description: Не сеть Категория: Бары Каталог: https://srb.guide/map/beograd-beer-house-59b7238cfa7d Гугл ссылка: https://www.google.com/maps/search/?api=1&query=44.813768,20.468791&query_place_id=ChIJmaGydwR7WkcRNa_zWOsA7pE Рейтинг: 4.8"}},{"type":"Feature","geometry":{"type":"Point","coordinates":[20.423167,44.797589]},"properties":{"name":"beograd · Barza","description":"description: Бар на воде «Баржа» Тг: @bar_barza_belgrade Инст: @barza__bar__belgrade Не сеть Категория: Бары Каталог: https://srb.guide/map/beograd-barza-03b23da3e9e0 Гугл ссылка: https://www.google.com/maps/search/?api=1&query=44.797589,20.423167&query_place_id=ChIJ7QbinBhvWkcRwYkEmXtvua0 Рейтинг: 4.7"}},{"type":"Feature","geometry":{"type":"Point","coordinates":[20.45927,44.814643]},"properties":{"name":"beograd · Bife bar","description":"description: Не сеть Категория: Бары Каталог: https://srb.guide/map/beograd-bife-bar-729aa4b9561f Гугл ссылка: https://www.google.com/maps/search/?api=1&query=44.814643,20.45927&query_place_id=ChIJ_f8Q5RR7WkcRG6bwVkYWgio Рейтинг: 4.8"}},{"type":"Feature","geometry":{"type":"Point","coordinates":[20.464415,44.802305]},"properties":{"name":"beograd · Bruno bar","description":"description: Сеть: Bruno bar Категория: Бары Каталог: https://srb.guide/map/beograd-bruno-bar-85bfc4771ef1 Гугл ссылка: https://www.google.com/maps/search/?api=1&query=44.802305,20.464415&query_place_id=ChIJce7mVgRxWkcRHjnNk8TtOno Рейтинг: 4.9"}},{"type":"Feature","geometry":{"type":"Point","coordinates":[20.472831,44.805518]},"properties":{"name":"beograd · Craft spot","description":"description: Не сеть Категория: Бары Каталог: https://srb.guide/map/beograd-craft-spot-b7688ea99e03 Гугл ссылка: https://www.google.com/maps/search/?api=1&query=44.805518,20.472831&query_place_id=ChIJQ40gCtR7WkcR-gWZQ83jVMY Рейтинг: 4.9"}},{"type":"Feature","geometry":{"type":"Point","coordinates":[20.46515,44.817125]},"properties":{"name":"beograd · Demokratija cocktails&coffee bar","description":"description: Бар Не сеть Категория: Бары Каталог: https://srb.guide/map/beograd-demokratija-cocktails-coffee-bar-39641141e1df Гугл ссылка: https://www.google.com/maps/search/?api=1&query=44.817125,20.46515&query_place_id=ChIJm1VOOdJ7WkcRs9CtUbSg8Pc Рейтинг: 5.0"}},{"type":"Feature","geometry":{"type":"Point","coordinates":[20.487118,44.799445]},"properties":{"name":"beograd · Eloe Lounge Hookah bar","description":"description: Eloe lounge — новое место для вашего отдыха. Во Врачаре, на Гајева 8 вас ждут лучше кальяны и более 100 видов табака — Must Have, DarkSide, Black Burn. А еще авторские чаи и лимонады. Лимонады занимают особое место в Eloe lounge. Они не только утолят жажду, но и откроют мир новых вкусовых сочетаний, дополняя собой ароматы кальяна. Например лимонад из ананаса, лайма и мяты отлично сочетается с папая и кактусом. У нас комфортно провести деловой звонок в Zoom, пригласить партнёров н…"}},{"type":"Feature","geometry":{"type":"Point","coordinates":[20.454555,44.813988]},"properties":{"name":"beograd · Fazenda","description":"description: Не сеть Категория: Бары Каталог: https://srb.guide/map/beograd-fazenda-bcb9817b6ac6 Гугл ссылка: https://www.google.com/maps/search/?api=1&query=44.813988,20.454555&query_place_id=ChIJ3zQapgB7WkcRv1yXp6npdJ8 Рейтинг: 4.7"}},{"type":"Feature","geometry":{"type":"Point","coordinates":[20.479309,44.802625]},"properties":{"name":"beograd · Fomin Bar","description":"description: Не сеть Категория: Бары Каталог: https://srb.guide/map/beograd-fomin-bar-488918c038b6 Гугл ссылка: https://www.google.com/maps/search/?api=1&query=44.802625,20.479309&query_place_id=ChIJxdLSolZ7WkcRdd9hWEjpBmw Рейтинг: 4.7"}},{"type":"Feature","geometry":{"type":"Point","coordinates":[20.454326,44.819014]},"properties":{"name":"beograd · Harats Pub","description":"description: Не сеть Категория: Бары Каталог: https://srb.guide/map/beograd-harats-pub-897f6d64a750 Гугл ссылка: https://www.google.com/maps/search/?api=1&query=44.819014,20.454326&query_place_id=ChIJ0Q9lujllWkcRuaX_O-50glg Рейтинг: 4.4"}},{"type":"Feature","geometry":{"type":"Point","coordinates":[20.458875,44.776385]},"properties":{"name":"beograd · Hookah House | Lounge Bar","description":"description: кальянная Не сеть Категория: Бары Каталог: https://srb.guide/map/beograd-hookah-house-lounge-bar-92799ea73c63 Гугл ссылка: https://www.google.com/maps/search/?api=1&query=44.776385,20.458875&query_place_id=ChIJnyFV7XhxWkcRQS0hXQaxiyU Рейтинг: 4.7"}},{"type":"Feature","geometry":{"type":"Point","coordinates":[20.468049,44.813738]},"properties":{"name":"beograd · Hookah by friends","description":"description: кальянная Не сеть Категория: Бары Каталог: https://srb.guide/map/beograd-hookah-by-friends-b00f0e53df49 Гугл ссылка: https://www.google.com/maps/search/?api=1&query=44.813738,20.468049&query_place_id=ChIJy2beYv97WkcRdHm97Q2crSs Рейтинг: 4.7"}},{"type":"Feature","geometry":{"type":"Point","coordinates":[20.463301,44.820714]},"properties":{"name":"beograd · IDOL - tiki bar & chinese restaurant","description":"description: Китайская кухня Не сеть Категория: Бары Каталог: https://srb.guide/map/beograd-idol-tiki-bar-chinese-restaurant-681ec563a687 Гугл ссылка: https://www.google.com/maps/search/?api=1&query=44.820714,20.463301&query_place_id=ChIJEwXp2CZ7WkcRwnd9G1ebjuU Рейтинг: 4.7"}},{"type":"Feature","geometry":{"type":"Point","coordinates":[20.452279,44.810232]},"properties":{"name":"beograd · KIK - coffee, bar & billiard","description":"description: Не сеть Категория: Бары Каталог: https://srb.guide/map/kik-coffee-bar-billiard-beograd Гугл ссылка: https://www.google.com/maps/search/?api=1&query=44.8102325,20.4522786 Рейтинг:"}},{"type":"Feature","geometry":{"type":"Point","coordinates":[20.488278,44.803159]},"properties":{"name":"beograd · KO-KO Hookah Bar| Nargila bar","description":"description: 💨 Дымные кальяны и широкий выбор табаков, включая топовые бренды и новинки. 🎮 Xbox-зона для любителей гейминга. 🍹 Напитки и коктейли от классики до авторских миксов. 🃏 Настольные игры для весёлых вечеров с друзьями. 🎤 Регулярные ивенты: концерты, кинопоказы, мафия, стендап и многое другое. Не сеть Категория: Бары Каталог: https://srb.guide/map/beograd-ko-ko-hookah-bar-nargila-bar-a411bd588331 Гугл ссылка: https://www.google.com/maps/search/?api=1&query=44.803159,20.488278&qu…"}},{"type":"Feature","geometry":{"type":"Point","coordinates":[20.474623,44.817857]},"properties":{"name":"beograd · Kafe-bar Avangarda","description":"description: Не сеть Категория: Бары Каталог: https://srb.guide/map/beograd-kafe-bar-avangarda-6169b55445bb Гугл ссылка: https://www.google.com/maps/search/?api=1&query=44.817857,20.474623&query_place_id=ChIJrZqkALN7WkcRZHdYBI-C6uI Рейтинг: 4.7"}},{"type":"Feature","geometry":{"type":"Point","coordinates":[20.473737,44.804054]},"properties":{"name":"beograd · Kunst wine bar","description":"description: Не сеть Категория: Бары Каталог: https://srb.guide/map/beograd-kunst-wine-bar-938d552dd87c Гугл ссылка: https://www.google.com/maps/search/?api=1&query=44.804054,20.473737&query_place_id=ChIJGTT7Uwl7WkcRKMKmh8AKY7U Рейтинг: 4.8"}},{"type":"Feature","geometry":{"type":"Point","coordinates":[20.457092,44.816668]},"properties":{"name":"beograd · M10 Bar","description":"description: Не сеть Категория: Бары Каталог: https://srb.guide/map/beograd-m10-bar-e70d6e5007e3 Гугл ссылка: https://www.google.com/maps/search/?api=1&query=44.816668,20.457092&query_place_id=ChIJbdCXYQN7WkcRpIcqf6-jQ-s Рейтинг: 4.7"}},{"type":"Feature","geometry":{"type":"Point","coordinates":[20.412009,44.848819]},"properties":{"name":"beograd · Mr. Keh Zemun","description":"description: Bar & Grill Не сеть Категория: Бары Каталог: https://srb.guide/map/beograd-mr-keh-zemun-7d257cb793a7 Гугл ссылка: https://www.google.com/maps/search/?api=1&query=44.848819,20.412009&query_place_id=ChIJaYT9uT9lWkcRGFyZiHCvzos Рейтинг: 4.8"}},{"type":"Feature","geometry":{"type":"Point","coordinates":[20.473544,44.805353]},"properties":{"name":"beograd · Nekrasova The Bar","description":"description: Не сеть Категория: Бары Каталог: https://srb.guide/map/beograd-nekrasova-the-bar-3f149b529da6 Гугл ссылка: https://www.google.com/maps/search/?api=1&query=44.805353,20.473544&query_place_id=ChIJUfTXDbJ7WkcRP9T7-Rvj6r8 Рейтинг: 4.7"}},{"type":"Feature","geometry":{"type":"Point","coordinates":[20.462022,44.816554]},"properties":{"name":"beograd · Polako smoke","description":"description: кальянная Не сеть Категория: Бары Каталог: https://srb.guide/map/beograd-polako-smoke-f16dd9980f5a Гугл ссылка: https://www.google.com/maps/search/?api=1&query=44.816554,20.462022&query_place_id=ChIJPQkkSpl7WkcR8kQSlTQCykE Рейтинг: 4.7"}},{"type":"Feature","geometry":{"type":"Point","coordinates":[20.465206,44.817437]},"properties":{"name":"beograd · Polet","description":"description: Не сеть Категория: Бары Каталог: https://srb.guide/map/beograd-polet-66e62ccabde5 Гугл ссылка: https://www.google.com/maps/search/?api=1&query=44.817437,20.465206&query_place_id=ChIJZdPAOLF6WkcR6crKuNxPrAo Рейтинг: 4.4"}},{"type":"Feature","geometry":{"type":"Point","coordinates":[20.469029,44.814448]},"properties":{"name":"beograd · Proces Wine Bar","description":"description: Не сеть Категория: Бары Каталог: https://srb.guide/map/beograd-proces-wine-bar-edee47d350f3 Гугл ссылка: https://www.google.com/maps/search/?api=1&query=44.814448,20.469029&query_place_id=ChIJaSumKkB7WkcRr-yxqq1jh0o Рейтинг: 4.8"}},{"type":"Feature","geometry":{"type":"Point","coordinates":[20.454194,44.828028]},"properties":{"name":"beograd · Rodina bar","description":"description: https://rodina.bar/ Не сеть Категория: Бары Каталог: https://srb.guide/map/beograd-rodina-bar-639d802c6078 Гугл ссылка: https://www.google.com/maps/search/?api=1&query=44.828028,20.454194&query_place_id=ChIJ1XKmRCRlWkcR94fDdBK6YWA Рейтинг: 4.6"}},{"type":"Feature","geometry":{"type":"Point","coordinates":[20.463184,44.81821]},"properties":{"name":"beograd · Shako Lounge Bar","description":"description: Не сеть Категория: Бары Каталог: https://srb.guide/map/beograd-shako-lounge-bar-acc08efe87f7 Гугл ссылка: https://www.google.com/maps/search/?api=1&query=44.81821,20.463184&query_place_id=ChIJWcPSZwp7WkcRdaplGVdHSv8 Рейтинг: 4.4"}},{"type":"Feature","geometry":{"type":"Point","coordinates":[20.458619,44.814236]},"properties":{"name":"beograd · Sköl Bar","description":"description: Не сеть Категория: Бары Каталог: https://srb.guide/map/beograd-sköl-bar-e1c0a4411b39 Гугл ссылка: https://www.google.com/maps/search/?api=1&query=44.814236,20.458619&query_place_id=ChIJm1OjXAB7WkcR6yiBHzg5kBE Рейтинг: 4.4"}},{"type":"Feature","geometry":{"type":"Point","coordinates":[20.476269,44.802951]},"properties":{"name":"beograd · Snap - billiard & bar","description":"description: Не сеть Категория: Бары Каталог: https://srb.guide/map/snap-billiard-bar-beograd Гугл ссылка: https://www.google.com/maps/search/?api=1&query=44.8029507,20.4762693 Рейтинг:"}},{"type":"Feature","geometry":{"type":"Point","coordinates":[20.458458,44.814851]},"properties":{"name":"beograd · Supertramp Bar","description":"description: Не сеть Категория: Бары Каталог: https://srb.guide/map/beograd-supertramp-bar-908112fc4af0 Гугл ссылка: https://www.google.com/maps/search/?api=1&query=44.814851,20.458458&query_place_id=ChIJg5FzCAB7WkcRoHtaC94vTmE Рейтинг: 4.3"}},{"type":"Feature","geometry":{"type":"Point","coordinates":[20.47765,44.794639]},"properties":{"name":"beograd · Vinoteka Tipsy","description":"description: винный магазин Не сеть Категория: Бары Каталог: https://srb.guide/map/beograd-vinoteka-tipsy-4358a3462dfe Гугл ссылка: https://www.google.com/maps/search/?api=1&query=44.794639,20.47765&query_place_id=ChIJRQZpddRxWkcR52WC_bqnTzk Рейтинг: 5.0"}},{"type":"Feature","geometry":{"type":"Point","coordinates":[20.463637,44.811621]},"properties":{"name":"beograd · Vol°na","description":"description: Филиал культовой казанской рюмочной Vol°na Не сеть Категория: Бары Каталог: https://srb.guide/map/beograd-vol-na-a156cdf78ee5 Гугл ссылка: https://www.google.com/maps/search/?api=1&query=44.811621,20.463637&query_place_id=ChIJ_6hVXQB7WkcR-avyX_Q_gis Рейтинг: 4.6"}},{"type":"Feature","geometry":{"type":"Point","coordinates":[20.46013,44.8125]},"properties":{"name":"beograd · null Social Lab","description":"description: коктельная Не сеть Категория: Бары Каталог: https://srb.guide/map/beograd-null-social-lab-2623686df4d8 Гугл ссылка: https://www.google.com/maps/search/?api=1&query=44.8125,20.46013&query_place_id=ChIJUdbz_st7WkcR_rErdARRwhk Рейтинг: 4.9"}},{"type":"Feature","geometry":{"type":"Point","coordinates":[20.459758,44.820255]},"properties":{"name":"beograd · Ćilim bar","description":"description: Не сеть Категория: Бары Каталог: https://srb.guide/map/beograd-ćilim-bar-5d4e54825993 Гугл ссылка: https://www.google.com/maps/search/?api=1&query=44.820255,20.459758&query_place_id=ChIJqy3OEEV7WkcRs8AqDRlUbow Рейтинг: 4.9"}},{"type":"Feature","geometry":{"type":"Point","coordinates":[20.461478,44.822392]},"properties":{"name":"beograd · Карусел","description":"description: Рюмочная Не сеть Категория: Бары Каталог: https://srb.guide/map/beograd-карусел-4faa94d3cd1d Гугл ссылка: https://www.google.com/maps/search/?api=1&query=44.822392,20.461478&query_place_id=ChIJCTrtESx7WkcRO3INLc8VN0k Рейтинг: 4.6"}},{"type":"Feature","geometry":{"type":"Point","coordinates":[20.480421,44.793478]},"properties":{"name":"beograd · Barbershop BarbarossA","description":"description: Не сеть Категория: Красота Каталог: https://srb.guide/map/beograd-barbershop-barbarossa-b8585f7fbad9 Гугл ссылка: https://www.google.com/maps/search/?api=1&query=44.793478,20.480421&query_place_id=ChIJPxotZhA5GKURq6voyZpKLts Рейтинг: 4.9"}},{"type":"Feature","geometry":{"type":"Point","coordinates":[20.471045,44.806776]},"properties":{"name":"beograd · Barbershop CHOP X CHOP","description":"description: Barbershop Не сеть Категория: Красота Каталог: https://srb.guide/map/beograd-barbershop-chop-x-chop-94f6b240242f Гугл ссылка: https://www.google.com/maps/search/?api=1&query=44.806776,20.471045&query_place_id=ChIJO3vhg6l7WkcRtH7Inz8al08 Рейтинг: 4.9"}},{"type":"Feature","geometry":{"type":"Point","coordinates":[20.472143,44.813045]},"properties":{"name":"beograd · Basileus Massage","description":"description: Не сеть Категория: Красота Каталог: https://srb.guide/map/beograd-basileus-massage-e2abc918dc4f Гугл ссылка: https://www.google.com/maps/search/?api=1&query=44.813045,20.472143&query_place_id=ChIJyTwJPn78xIcROhGtBLMRKWM Рейтинг: 4.9"}},{"type":"Feature","geometry":{"type":"Point","coordinates":[20.48284,44.798242]},"properties":{"name":"beograd · Best tattoos in Belgrade. Pavel Zubkov","description":"description: Студия татуировки Не сеть Категория: Красота Каталог: https://srb.guide/map/beograd-best-tattoos-in-belgrade-pavel-zubkov-387e253106bc Гугл ссылка: https://www.google.com/maps/search/?api=1&query=44.798242,20.48284&query_place_id=ChIJO5mD9sNxWkcR0okmfS_ssKQ Рейтинг:"}},{"type":"Feature","geometry":{"type":"Point","coordinates":[20.459947,44.807924]},"properties":{"name":"beograd · Big Greg Cut Spot","description":"description: Barber shop Не сеть Категория: Красота Каталог: https://srb.guide/map/beograd-big-greg-cut-spot-51dbd7903778 Гугл ссылка: https://www.google.com/maps/search/?api=1&query=44.807924,20.459947&query_place_id=ChIJ45zQVnh7WkcRj2GIwopWm-Y Рейтинг:"}},{"type":"Feature","geometry":{"type":"Point","coordinates":[20.459266,44.803871]},"properties":{"name":"beograd · Buck&Bart","description":"description: Барбершоп Не сеть Категория: Красота Каталог: https://srb.guide/map/beograd-buck-bart-927acbcb6ecb Гугл ссылка: https://www.google.com/maps/search/?api=1&query=44.803871,20.459266&query_place_id=ChIJFYZcm-dxWkcRPWjICrJBeIQ Рейтинг:"}},{"type":"Feature","geometry":{"type":"Point","coordinates":[20.459718,44.811639]},"properties":{"name":"beograd · Clever Barbershop","description":"description: Барбершоп https://n1379593.alteg.io/ Не сеть Категория: Красота Каталог: https://srb.guide/map/beograd-clever-barbershop-355519baa45e Гугл ссылка: https://www.google.com/maps/search/?api=1&query=44.811639,20.459718&query_place_id=ChIJyWaqznIikEwR_4t8fpdDXoc Рейтинг:"}},{"type":"Feature","geometry":{"type":"Point","coordinates":[20.469986,44.818662]},"properties":{"name":"beograd · Dan/Barber","description":"description: Барбершоп есть телега — @bearhasl запись через сайт — https://n977451.alteg.io Не сеть Категория: Красота Каталог: https://srb.guide/map/beograd-dan-barber-5fa1a5e6cf88 Гугл ссылка: https://www.google.com/maps/search/?api=1&query=44.818662,20.469986&query_place_id=ChIJD2m9ard6WkcRQcjErc5KiDE Рейтинг:"}},{"type":"Feature","geometry":{"type":"Point","coordinates":[20.471181,44.796596]},"properties":{"name":"beograd · EASY Laserska epilacija","description":"description: салон лазерной эпиляции Не сеть Категория: Красота Каталог: https://srb.guide/map/beograd-easy-laserska-epilacija-c77f14810b67 Гугл ссылка: https://www.google.com/maps/search/?api=1&query=44.796596,20.471181&query_place_id=ChIJN49cqk1xWkcR0VL2VDPI_rQ Рейтинг: 4.9"}},{"type":"Feature","geometry":{"type":"Point","coordinates":[20.471995,44.796734]},"properties":{"name":"beograd · Flow Hair Salon","description":"description: Не сеть Категория: Красота Каталог: https://srb.guide/map/beograd-flow-hair-salon-7a3df310c097 Гугл ссылка: https://www.google.com/maps/search/?api=1&query=44.796734,20.471995&query_place_id=ChIJk6A_3IpxWkcR_xjHN93hCSg Рейтинг: 4.7"}},{"type":"Feature","geometry":{"type":"Point","coordinates":[20.47455,44.812931]},"properties":{"name":"beograd · For You massage","description":"description: Массажный салон Не сеть Категория: Красота Каталог: https://srb.guide/map/beograd-for-you-massage-72b503b583cd Гугл ссылка: https://www.google.com/maps/search/?api=1&query=44.812931,20.47455&query_place_id=ChIJtx1pLQd7WkcRA0AgsNbDf4Q Рейтинг: 4.6"}},{"type":"Feature","geometry":{"type":"Point","coordinates":[20.479235,44.807609]},"properties":{"name":"beograd · Frid Lab","description":"description: OBRVE БРОВИ РЕСНИЦЫ БЕЛГРАД •ЗАПИСЬ ОНЛАЙН•BOOK•⤵️ dikidi.net/947072 Не сеть Категория: Красота Каталог: https://srb.guide/map/beograd-frid-lab-bfc3e7f463d6 Гугл ссылка: https://www.google.com/maps/search/?api=1&query=44.807609,20.479235&query_place_id=ChIJO7RyYHh7WkcRq6j4QPfZ8uc Рейтинг: 4.8"}},{"type":"Feature","geometry":{"type":"Point","coordinates":[20.45987,44.822598]},"properties":{"name":"beograd · K3 hair Spot","description":"description: Салон красоты Не сеть Категория: Красота Каталог: https://srb.guide/map/beograd-k3-hair-spot-566f834aee16 Гугл ссылка: https://www.google.com/maps/search/?api=1&query=44.822598,20.45987&query_place_id=ChIJJbw9WQBlWkcRP_VYS9zbISk Рейтинг:"}},{"type":"Feature","geometry":{"type":"Point","coordinates":[20.459929,44.818415]},"properties":{"name":"beograd · KITCUT barbershop","description":"description: Не сеть Категория: Красота Каталог: https://srb.guide/map/beograd-kitcut-barbershop-ab37cdb4b66c Гугл ссылка: https://www.google.com/maps/search/?api=1&query=44.818415,20.459929&query_place_id=ChIJK0gHtppwXGERiK-ZQrRrDio Рейтинг: 4.9"}},{"type":"Feature","geometry":{"type":"Point","coordinates":[20.411343,44.80462]},"properties":{"name":"beograd · LAZURIT STUDIO","description":"description: Студия лазерной эпиляции https://dikidi.net/1552726 Не сеть Категория: Красота Каталог: https://srb.guide/map/beograd-lazurit-studio-0d5793dc96d4 Гугл ссылка: https://www.google.com/maps/search/?api=1&query=44.80462,20.411343&query_place_id=ChIJ5WiO_DhvWkcRxoagLC1xLjg Рейтинг: 5.0"}},{"type":"Feature","geometry":{"type":"Point","coordinates":[20.409651,44.805674]},"properties":{"name":"beograd · Lem Beautybar","description":"description: Не сеть Категория: Красота Каталог: https://srb.guide/map/beograd-lem-beautybar-25b0c8a03555 Гугл ссылка: https://www.google.com/maps/search/?api=1&query=44.805674,20.409651&query_place_id=ChIJj-wmQuZvWkcRxwCD85HjOT0 Рейтинг: 4.8"}},{"type":"Feature","geometry":{"type":"Point","coordinates":[20.470351,44.817542]},"properties":{"name":"beograd · Levina Tattoo","description":"description: тел +381616326977 instagram.com/levina_tattoo телеграм @levinatattoo Не сеть Категория: Красота Каталог: https://srb.guide/map/beograd-levina-tattoo-811e44790538 Гугл ссылка: https://www.google.com/maps/search/?api=1&query=44.817542,20.470351&query_place_id=ChIJ2YS0-sJxWkcR-KLEppvrUhI Рейтинг: 4.9"}},{"type":"Feature","geometry":{"type":"Point","coordinates":[20.453189,44.828423]},"properties":{"name":"beograd · Loft5 Beograd","description":"description: парикмахерская Не сеть Категория: Красота Каталог: https://srb.guide/map/beograd-loft5-beograd-3e793bab2833 Гугл ссылка: https://www.google.com/maps/search/?api=1&query=44.828423,20.453189&query_place_id=ChIJZQmlM3xlWkcRr68VM7hoZq4 Рейтинг: 4.8"}},{"type":"Feature","geometry":{"type":"Point","coordinates":[20.477488,44.796422]},"properties":{"name":"beograd · MESTO Barbershop","description":"description: Не сеть Категория: Красота Каталог: https://srb.guide/map/beograd-mesto-barbershop-bcc0f95ef996 Гугл ссылка: https://www.google.com/maps/search/?api=1&query=44.796422,20.477488&query_place_id=ChIJpcsVGR1xWkcRSEhrJ1_yrAE Рейтинг:"}},{"type":"Feature","geometry":{"type":"Point","coordinates":[20.41867,44.822604]},"properties":{"name":"beograd · Mimi Club","description":"description: Не сеть Категория: Красота Каталог: https://srb.guide/map/beograd-mimi-club-b60056d37ff5 Гугл ссылка: https://www.google.com/maps/search/?api=1&query=44.822604,20.41867&query_place_id=ChIJlZ0g-f5lWkcRsgeTgCdfEhc Рейтинг: 4.9"}},{"type":"Feature","geometry":{"type":"Point","coordinates":[20.477034,44.818965]},"properties":{"name":"beograd · OldBoy Barbershop","description":"description: Сеть: OldBoy Barbershop Категория: Красота Каталог: https://srb.guide/map/beograd-oldboy-barbershop-7172d437cc32 Гугл ссылка: https://www.google.com/maps/search/?api=1&query=44.818965,20.477034&query_place_id=ChIJwUJyfP17WkcR_iViZSip_6w Рейтинг: 4.9"}},{"type":"Feature","geometry":{"type":"Point","coordinates":[20.45651,44.822077]},"properties":{"name":"beograd · OldBoy Barbershop","description":"description: Сеть: OldBoy Barbershop Категория: Красота Каталог: https://srb.guide/map/beograd-oldboy-barbershop-7119cc262781 Гугл ссылка: https://www.google.com/maps/search/?api=1&query=44.822077,20.45651&query_place_id=ChIJIWvTAEtlWkcRfobN1HZY6Xk Рейтинг: 4.7"}},{"type":"Feature","geometry":{"type":"Point","coordinates":[20.472502,44.817762]},"properties":{"name":"beograd · Petra beauty","description":"description: Не сеть Категория: Красота Каталог: https://srb.guide/map/beograd-petra-beauty-80506a7834fa Гугл ссылка: https://www.google.com/maps/search/?api=1&query=44.817762,20.472502&query_place_id=ChIJk4t3Tf57WkcRxr3YXci6bRE Рейтинг: 4.9"}},{"type":"Feature","geometry":{"type":"Point","coordinates":[20.487774,44.799707]},"properties":{"name":"beograd · PurPur - yoga studio","description":"description: Йога студия Не сеть Категория: Красота Каталог: https://srb.guide/map/beograd-purpur-yoga-studio-350d205beed8 Гугл ссылка: https://www.google.com/maps/search/?api=1&query=44.799707,20.487774&query_place_id=ChIJEdMqX017WkcRr8hbg-w9xwM Рейтинг: 5.0"}},{"type":"Feature","geometry":{"type":"Point","coordinates":[20.457893,44.823736]},"properties":{"name":"beograd · Raskolnikov Beauty Studio","description":"description: Салон красоты Не сеть Категория: Красота Каталог: https://srb.guide/map/beograd-raskolnikov-beauty-studio-96c10846d90e Гугл ссылка: https://www.google.com/maps/search/?api=1&query=44.823736,20.457893&query_place_id=ChIJGQJ72rplWkcRAZFMgLectj4 Рейтинг: 4.9"}},{"type":"Feature","geometry":{"type":"Point","coordinates":[20.478494,44.803323]},"properties":{"name":"beograd · Salon Story 6","description":"description: Маникюрный салон Не сеть Категория: Красота Каталог: https://srb.guide/map/beograd-salon-story-6-7176c9757f45 Гугл ссылка: https://www.google.com/maps/search/?api=1&query=44.803323,20.478494&query_place_id=ChIJSX882LZ7WkcRoyxrmzs4dn4 Рейтинг: 5.0"}},{"type":"Feature","geometry":{"type":"Point","coordinates":[20.50991,44.644225]},"properties":{"name":"beograd · Smart Wellness Banya","description":"description: Баня Не сеть Категория: Красота Каталог: https://srb.guide/map/beograd-smart-wellness-banya-d70869bb5bee Гугл ссылка: https://www.google.com/maps/search/?api=1&query=44.644225,20.50991&query_place_id=ChIJFQ2oJ951WkcRJb2YF0zUNjg Рейтинг:"}},{"type":"Feature","geometry":{"type":"Point","coordinates":[20.490643,44.796047]},"properties":{"name":"beograd · THE GOD OF BEAUTY","description":"description: (салон красоты) Не сеть Категория: Красота Каталог: https://srb.guide/map/beograd-the-god-of-beauty-fa7fc32ac8d6 Гугл ссылка: https://www.google.com/maps/search/?api=1&query=44.796047,20.490643&query_place_id=ChIJO8SK0X5wWkcRCTlttwnjjEE Рейтинг:"}},{"type":"Feature","geometry":{"type":"Point","coordinates":[20.459428,44.817126]},"properties":{"name":"beograd · TT Cuts","description":"description: Не сеть Категория: Красота Каталог: https://srb.guide/map/beograd-tt-cuts-5c21f6e39609 Гугл ссылка: https://www.google.com/maps/search/?api=1&query=44.817126,20.459428&query_place_id=ChIJRdFkskR7WkcRJmNDfsNrFKU Рейтинг: 4.8"}},{"type":"Feature","geometry":{"type":"Point","coordinates":[20.480061,44.782578]},"properties":{"name":"beograd · AM Service - Душановац","description":"description: Автосервис ТЕЛ. +381611660187 Василий (What's app, Viber, Telegram @amservice_bg ) Не сеть Категория: Авто Каталог: https://srb.guide/map/beograd-am-service-душановац-e4900d6f84f0 Гугл ссылка: https://www.google.com/maps/search/?api=1&query=44.782578,20.480061&query_place_id=ChIJs7ToU71xWkcRUaOR_o8xS2I Рейтинг:"}},{"type":"Feature","geometry":{"type":"Point","coordinates":[20.481559,44.856939]},"properties":{"name":"beograd · LOUD.SHOP - Auto Muzika by Loud.Serbia","description":"description: магазин с автозвуком http://loudshop.rs/ Не сеть Категория: Авто Каталог: https://srb.guide/map/beograd-loud-shop-auto-muzika-by-loud-serbia-047297c769c2 Гугл ссылка: https://www.google.com/maps/search/?api=1&query=44.856939,20.481559&query_place_id=ChIJ31sGCu1lWkcRRhq9jLAYvhQ Рейтинг: 5.0"}},{"type":"Feature","geometry":{"type":"Point","coordinates":[20.463532,44.815522]},"properties":{"name":"beograd · Axioma","description":"description: Магазин одежды Не сеть Категория: Одежда Каталог: https://srb.guide/map/beograd-axioma-753fc51e709c Гугл ссылка: https://www.google.com/maps/search/?api=1&query=44.815522,20.463532&query_place_id=ChIJHeTyd217WkcRBjDu0jQygxo Рейтинг: 5.0"}},{"type":"Feature","geometry":{"type":"Point","coordinates":[20.454534,44.817875]},"properties":{"name":"beograd · HUMTTO obuća","description":"description: магазин трекинговой обуви Не сеть Категория: Одежда Каталог: https://srb.guide/map/beograd-humtto-obuća-46d4882ec074 Гугл ссылка: https://www.google.com/maps/search/?api=1&query=44.817875,20.454534&query_place_id=ChIJ_2-ag41lWkcRU44pAa3eprE Рейтинг: 4.9"}},{"type":"Feature","geometry":{"type":"Point","coordinates":[20.479614,44.809199]},"properties":{"name":"beograd · Krojački atelje MALCEVA","description":"description: ателье по пошиву одежды Не сеть Категория: Одежда Каталог: https://srb.guide/map/beograd-krojački-atelje-malceva-31c4edf8dca0 Гугл ссылка: https://www.google.com/maps/search/?api=1&query=44.809199,20.479614&query_place_id=ChIJ72ZWWbtxWkcR-26pMKzLgE4 Рейтинг: 5.0"}},{"type":"Feature","geometry":{"type":"Point","coordinates":[20.474099,44.801827]},"properties":{"name":"beograd · POLJA I VETAR","description":"description: Магазин винтажной одежды Не сеть Категория: Одежда Каталог: https://srb.guide/map/beograd-polja-i-vetar-05d8a3b1b853 Гугл ссылка: https://www.google.com/maps/search/?api=1&query=44.801827,20.474099&query_place_id=ChIJo7byvOpxWkcRdz-fBybdhro Рейтинг:"}},{"type":"Feature","geometry":{"type":"Point","coordinates":[20.451457,44.802069]},"properties":{"name":"beograd · ReBoots Clean & Care","description":"description: чистка обуви Не сеть Категория: Одежда Каталог: https://srb.guide/map/beograd-reboots-clean-care-2bf1ddfac4ae Гугл ссылка: https://www.google.com/maps/search/?api=1&query=44.802069,20.451457&query_place_id=ChIJexKiGZtxWkcRLAOO43W5F-A Рейтинг:"}},{"type":"Feature","geometry":{"type":"Point","coordinates":[20.470066,44.7941]},"properties":{"name":"beograd · Bhoga Yoga","description":"description: Yoga Не сеть Категория: Курсы и образование Каталог: https://srb.guide/map/beograd-bhoga-yoga-7f1f28b7ec9a Гугл ссылка: https://www.google.com/maps/search/?api=1&query=44.7941,20.470066&query_place_id=ChIJ2bfm-OBxWkcRkL372QWtUDg Рейтинг: 4.8"}},{"type":"Feature","geometry":{"type":"Point","coordinates":[20.46356,44.808748]},"properties":{"name":"beograd · Che Design School Belgrade","description":"description: Школа Дизайна и Архитектуры Не сеть Категория: Курсы и образование Каталог: https://srb.guide/map/beograd-che-design-school-belgrade-27ae45e16738 Гугл ссылка: https://www.google.com/maps/search/?api=1&query=44.808748,20.46356&query_place_id=ChIJqxzEQ8F7WkcRAe9LDgMxFP8 Рейтинг:"}},{"type":"Feature","geometry":{"type":"Point","coordinates":[20.397147,44.847109]},"properties":{"name":"beograd · O.Studio","description":"description: Творческое пространство для детей и взрослых: организация и проведение детских и взрослых дней рождений, корпоративные мастер классы, регулярные творческие занятия для детей 5-13 лет и взрослых. Не сеть Категория: Курсы и образование Каталог: https://srb.guide/map/beograd-o-studio-df3297f380a1 Гугл ссылка: https://www.google.com/maps/search/?api=1&query=44.847109,20.397147&query_place_id=ChIJg4PuegBlWkcRE1HGV-SLIFQ Рейтинг:"}},{"type":"Feature","geometry":{"type":"Point","coordinates":[20.460851,44.809597]},"properties":{"name":"beograd · Ruski centar za nauku i kulturu","description":"description: Не сеть Категория: Курсы и образование Каталог: https://srb.guide/map/beograd-ruski-centar-za-nauku-i-kulturu-8a18be800b8a Гугл ссылка: https://www.google.com/maps/search/?api=1&query=44.809597,20.460851&query_place_id=ChIJ_zZX1a56WkcRzeT0PiPP-E8 Рейтинг:"}},{"type":"Feature","geometry":{"type":"Point","coordinates":[20.47242,44.805106]},"properties":{"name":"beograd · Solo - ballet & stretching","description":"description: Не сеть Категория: Курсы и образование Каталог: https://srb.guide/map/beograd-solo-ballet-stretching-9622d6c79c35 Гугл ссылка: https://www.google.com/maps/search/?api=1&query=44.805106,20.47242&query_place_id=ChIJg1OfBCN7WkcRfsLmEr3GuP8 Рейтинг: 4.6"}},{"type":"Feature","geometry":{"type":"Point","coordinates":[20.420773,44.823289]},"properties":{"name":"beograd · Наше Место","description":"description: Предоставляют услуги для детей, подростков и взрослых в сфере дополнительного образования, а также проводят досуговые мероприятия от настольных игр до тематических вечеринок Не сеть Категория: Курсы и образование Каталог: https://srb.guide/map/beograd-наше-место-1f4c878f58c2 Гугл ссылка: https://www.google.com/maps/search/?api=1&query=44.823289,20.420773&query_place_id=ChIJ3zhhqcplWkcROO8tytZOOmw Рейтинг: 5.0"}},{"type":"Feature","geometry":{"type":"Point","coordinates":[20.413411,44.816698]},"properties":{"name":"beograd · Путь художника Пут Уметника","description":"description: Не сеть Категория: Курсы и образование Каталог: https://srb.guide/map/beograd-путь-художника-пут-уметника-0328304f545c Гугл ссылка: https://www.google.com/maps/search/?api=1&query=44.816698,20.413411&query_place_id=ChIJG2SNiA5lWkcRX5516IokWR4 Рейтинг: 5.0"}},{"type":"Feature","geometry":{"type":"Point","coordinates":[20.391871,44.846287]},"properties":{"name":"beograd · FELO alati","description":"description: магазин инструментов Не сеть Категория: Электроника Каталог: https://srb.guide/map/beograd-felo-alati-06534cf9ca96 Гугл ссылка: https://www.google.com/maps/search/?api=1&query=44.846287,20.391871&query_place_id=ChIJt7x4BL9lWkcRHA-KrEFPFI0 Рейтинг: 5.0"}},{"type":"Feature","geometry":{"type":"Point","coordinates":[20.484876,44.804125]},"properties":{"name":"beograd · FixLab","description":"description: компьютерный сервис Не сеть Категория: Электроника Каталог: https://srb.guide/map/beograd-fixlab-9b60d14d654c Гугл ссылка: https://www.google.com/maps/search/?api=1&query=44.804125,20.484876&query_place_id=ChIJEWvsSPd7WkcRlbC2RcQ3yrQ Рейтинг:"}},{"type":"Feature","geometry":{"type":"Point","coordinates":[20.482582,44.806653]},"properties":{"name":"beograd · ITmathics D.O.O (IT-shop)","description":"description: магазин электроники https://it-shop.rs/ru/ Не сеть Категория: Электроника Каталог: https://srb.guide/map/beograd-itmathics-d-o-o-it-shop-634b990bbf45 Гугл ссылка: https://www.google.com/maps/search/?api=1&query=44.806653,20.482582&query_place_id=ChIJ_76fwQR7WkcRrAt3Xop8ymY Рейтинг:"}},{"type":"Feature","geometry":{"type":"Point","coordinates":[20.458056,44.825235]},"properties":{"name":"beograd · Black Cat Anticafe | Igraonica | Coworking","description":"description: Anticafe Не сеть Категория: Развлечения Каталог: https://srb.guide/map/beograd-black-cat-anticafe-igraonica-coworking-3130c0c0fb75 Гугл ссылка: https://www.google.com/maps/search/?api=1&query=44.825235,20.458056&query_place_id=ChIJazmYBYhlWkcRz9BWV-EN1H4 Рейтинг: 4.8"}},{"type":"Feature","geometry":{"type":"Point","coordinates":[20.465502,44.801782]},"properties":{"name":"beograd · Legion Games","description":"description: Компьютерный клуб Не сеть Категория: Развлечения Каталог: https://srb.guide/map/beograd-legion-games-726ad37e14e0 Гугл ссылка: https://www.google.com/maps/search/?api=1&query=44.801782,20.465502&query_place_id=ChIJC45rqyVxWkcR9YOOHSbtFU4 Рейтинг: 4.9"}},{"type":"Feature","geometry":{"type":"Point","coordinates":[20.470249,44.817391]},"properties":{"name":"beograd · Reflection Photo Studio (za autoportret)","description":"description: Не сеть Категория: Развлечения Каталог: https://srb.guide/map/beograd-reflection-photo-studio-za-autoportret-d8b97184d77c Гугл ссылка: https://www.google.com/maps/search/?api=1&query=44.817391,20.470249&query_place_id=ChIJXdhKjMA2ngURbAhT-UaEO_w Рейтинг: 4.9"}},{"type":"Feature","geometry":{"type":"Point","coordinates":[20.460033,44.810501]},"properties":{"name":"beograd · VR-IN","description":"description: Арена виртуальной реальности Не сеть Категория: Развлечения Каталог: https://srb.guide/map/beograd-vr-in-001f22b03894 Гугл ссылка: https://www.google.com/maps/search/?api=1&query=44.810501,20.460033&query_place_id=ChIJOTPpqfd7WkcRt0o_SQQSoZw Рейтинг: 4.9"}},{"type":"Feature","geometry":{"type":"Point","coordinates":[20.460477,44.813752]},"properties":{"name":"beograd · VapeMe - vape shop Elektronske Cigarete Papiroska","description":"description: Сеть: VapeMe Категория: Развлечения Каталог: https://srb.guide/map/beograd-vapeme-vape-shop-elektronske-cigarete-papiroska-00ac47285260 Гугл ссылка: https://www.google.com/maps/search/?api=1&query=44.813752,20.460477&query_place_id=ChIJ6w4dRGt7WkcRazGDxlZhw5Q Рейтинг: 4.9"}},{"type":"Feature","geometry":{"type":"Point","coordinates":[20.490699,44.79884]},"properties":{"name":"beograd · VapeMe vape shop Elektronske Cigarete Papiroska Bilevar","description":"description: Сеть: VapeMe Категория: Развлечения Каталог: https://srb.guide/map/beograd-vapeme-vape-shop-elektronske-cigarete-papiroska-bilevar-17e8fe43b34d Гугл ссылка: https://www.google.com/maps/search/?api=1&query=44.79884,20.490699&query_place_id=ChIJVaYnhkZxWkcRb-XDmk2R5oQ Рейтинг: 4.8"}},{"type":"Feature","geometry":{"type":"Point","coordinates":[20.454252,44.81514]},"properties":{"name":"beograd · Vranin Tavan","description":"description: Не сеть Категория: Развлечения Каталог: https://srb.guide/map/vranin-tavan-beograd Гугл ссылка: https://www.google.com/maps/search/?api=1&query=44.8151404,20.4542521 Рейтинг: 4.7"}},{"type":"Feature","geometry":{"type":"Point","coordinates":[20.466229,44.803862]},"properties":{"name":"beograd · Alisa","description":"description: Кондитерская Сеть: Alisa Категория: Кафе и рестораны Каталог: https://srb.guide/map/beograd-alisa-dc1614a56c81 Гугл ссылка: https://www.google.com/maps/search/?api=1&query=44.803862,20.466229&query_place_id=ChIJH7epfgB7WkcRaMxpsUZZKY0 Рейтинг: 4.6"}},{"type":"Feature","geometry":{"type":"Point","coordinates":[20.488313,44.803193]},"properties":{"name":"beograd · AsiaMix / Халяль Кафе","description":"description: Не сеть Категория: Кафе и рестораны Каталог: https://srb.guide/map/beograd-asiamix-халяль-кафе-343c0a4264c0 Гугл ссылка: https://www.google.com/maps/search/?api=1&query=44.803193,20.488313&query_place_id=ChIJ71-Cept7WkcR8yIGohqYO-Y Рейтинг:"}},{"type":"Feature","geometry":{"type":"Point","coordinates":[20.409993,44.838313]},"properties":{"name":"beograd · At Magdalena's","description":"description: Не сеть Категория: Кафе и рестораны Каталог: https://srb.guide/map/beograd-at-magdalena-s-e7c122e6ac2b Гугл ссылка: https://www.google.com/maps/search/?api=1&query=44.838313,20.409993&query_place_id=ChIJ9wyQhtRlWkcRU-ryisvk8js Рейтинг: 4.9"}},{"type":"Feature","geometry":{"type":"Point","coordinates":[20.460005,44.80796]},"properties":{"name":"beograd · BASIC coffee & breakfast","description":"description: кофейня Не сеть Категория: Кафе и рестораны Каталог: https://srb.guide/map/beograd-basic-coffee-breakfast-3c63db9e22e3 Гугл ссылка: https://www.google.com/maps/search/?api=1&query=44.80796,20.460005&query_place_id=ChIJvcW9aP57WkcRlcs29lr5-FM Рейтинг: 4.5"}},{"type":"Feature","geometry":{"type":"Point","coordinates":[20.455254,44.818191]},"properties":{"name":"beograd · Birds","description":"description: Birds | Restoran Не сеть Категория: Кафе и рестораны Каталог: https://srb.guide/map/beograd-birds-3b627876b3ff Гугл ссылка: https://www.google.com/maps/search/?api=1&query=44.818191,20.455254&query_place_id=ChIJ6wxcpAhlWkcRH3DicwdAukU Рейтинг: 4.5"}},{"type":"Feature","geometry":{"type":"Point","coordinates":[20.475866,44.791935]},"properties":{"name":"beograd · Blanca (кофейна)","description":"description: спешлти кофейня Не сеть Категория: Кафе и рестораны Каталог: https://srb.guide/map/beograd-blanca-кофейна-9b97a831ef02 Гугл ссылка: https://www.google.com/maps/search/?api=1&query=44.791935,20.475866&query_place_id=ChIJk3ifL1lxWkcRgs-pi7Ko8mU Рейтинг: 4.8"}},{"type":"Feature","geometry":{"type":"Point","coordinates":[20.466662,44.816797]},"properties":{"name":"beograd · Coffee pass","description":"description: Кофейня Не сеть Категория: Кафе и рестораны Каталог: https://srb.guide/map/beograd-coffee-pass-e8a1bf546913 Гугл ссылка: https://www.google.com/maps/search/?api=1&query=44.816797,20.466662&query_place_id=ChIJtdRUFAB7WkcRW_Q2JfzPkOo Рейтинг: 4.8"}},{"type":"Feature","geometry":{"type":"Point","coordinates":[20.461634,44.814741]},"properties":{"name":"beograd · DOT COFFEE | BAR","description":"description: Не сеть Категория: Кафе и рестораны Каталог: https://srb.guide/map/beograd-dot-coffee-bar-a8afc763e63e Гугл ссылка: https://www.google.com/maps/search/?api=1&query=44.814741,20.461634&query_place_id=ChIJy-_eYw17WkcRK3_b5MZa2Ts Рейтинг:"}},{"type":"Feature","geometry":{"type":"Point","coordinates":[20.401266,44.84562]},"properties":{"name":"beograd · Dodo pizza","description":"description: Сеть: Dodo Pizza Категория: Кафе и рестораны Каталог: https://srb.guide/map/beograd-dodo-pizza-c32a462ac2aa Гугл ссылка: https://www.google.com/maps/search/?api=1&query=44.84562,20.401266&query_place_id=ChIJ63RBaQBlWkcRkQGj7oZFlLc Рейтинг: 4.5"}},{"type":"Feature","geometry":{"type":"Point","coordinates":[20.455988,44.812197]},"properties":{"name":"beograd · Doner kuća/Shawerma /Шаверма/Шаурма","description":"description: Шаверма Не сеть Категория: Кафе и рестораны Каталог: https://srb.guide/map/beograd-doner-kuća-shawerma-шаверма-шаурма-13ba863dc8cf Гугл ссылка: https://www.google.com/maps/search/?api=1&query=44.812197,20.455988&query_place_id=ChIJQ-ASmyV7WkcRKPOoYWFOXQs Рейтинг: 4.7"}},{"type":"Feature","geometry":{"type":"Point","coordinates":[20.46118,44.821554]},"properties":{"name":"beograd · Easy Freezy Dorcol","description":"description: Сеть: Easy Freezy Категория: Кафе и рестораны Каталог: https://srb.guide/map/easy-freezy-dorcol-beograd Гугл ссылка: https://www.google.com/maps/search/?api=1&query=44.821554,20.46118 Рейтинг: 4.0"}},{"type":"Feature","geometry":{"type":"Point","coordinates":[20.409505,44.80534]},"properties":{"name":"beograd · Easy Freezy NB","description":"description: Сеть: Easy Freezy Категория: Кафе и рестораны Каталог: https://srb.guide/map/easy-freezy-nb-beograd Гугл ссылка: https://www.google.com/maps/search/?api=1&query=44.8053405,20.4095052 Рейтинг: 5.0"}},{"type":"Feature","geometry":{"type":"Point","coordinates":[20.486682,44.801647]},"properties":{"name":"beograd · Easy Freezy Vracar","description":"description: Сеть: Easy Freezy Категория: Кафе и рестораны Каталог: https://srb.guide/map/easy-freezy-vracar-beograd Гугл ссылка: https://www.google.com/maps/search/?api=1&query=44.8016474,20.486682 Рейтинг: 4.8"}},{"type":"Feature","geometry":{"type":"Point","coordinates":[20.455574,44.823293]},"properties":{"name":"beograd · Embers","description":"description: Ресторан Не сеть Категория: Кафе и рестораны Каталог: https://srb.guide/map/beograd-embers-79d71467a5aa Гугл ссылка: https://www.google.com/maps/search/?api=1&query=44.823293,20.455574&query_place_id=ChIJp0WHTjRlWkcRmcPBb6wQLyQ Рейтинг:"}},{"type":"Feature","geometry":{"type":"Point","coordinates":[20.47537,44.815594]},"properties":{"name":"beograd · GEUM bistro","description":"description: Не сеть Категория: Кафе и рестораны Каталог: https://srb.guide/map/beograd-geum-bistro-b547b45ce36c Гугл ссылка: https://www.google.com/maps/search/?api=1&query=44.815594,20.47537&query_place_id=ChIJCYTusa97WkcRhPQkIGXoajs Рейтинг: 4.7"}},{"type":"Feature","geometry":{"type":"Point","coordinates":[20.476072,44.809553]},"properties":{"name":"beograd · Gurme","description":"description: Куличи Не сеть Категория: Кафе и рестораны Каталог: https://srb.guide/map/beograd-gurme-d54a1cbcc9f1 Гугл ссылка: https://www.google.com/maps/search/?api=1&query=44.809553,20.476072&query_place_id=ChIJZa7WK-h7WkcR--pg98FAyAo Рейтинг: 4.4"}},{"type":"Feature","geometry":{"type":"Point","coordinates":[20.472124,44.812297]},"properties":{"name":"beograd · Hungry Ridiculous Bear | Shaurma and desserts","description":"description: Шаверма Не сеть Категория: Кафе и рестораны Каталог: https://srb.guide/map/beograd-hungry-ridiculous-bear-shaurma-and-desserts-0bfead6ef110 Гугл ссылка: https://www.google.com/maps/search/?api=1&query=44.812297,20.472124&query_place_id=ChIJv2xX3Mt7WkcRDM6gBnvy0TQ Рейтинг: 4.3"}},{"type":"Feature","geometry":{"type":"Point","coordinates":[20.459385,44.820874]},"properties":{"name":"beograd · June cafe","description":"description: breakfasts, dinners, wine and talks Не сеть Категория: Кафе и рестораны Каталог: https://srb.guide/map/beograd-june-cafe-37ec2ae9d9ae Гугл ссылка: https://www.google.com/maps/search/?api=1&query=44.820874,20.459385&query_place_id=ChIJGdU3YNh7WkcR4fgn8iBunqg Рейтинг: 4.6"}},{"type":"Feature","geometry":{"type":"Point","coordinates":[20.458052,44.807875]},"properties":{"name":"beograd · KP BURGERS","description":"description: Не сеть Категория: Кафе и рестораны Каталог: https://srb.guide/map/beograd-kp-burgers-495905c6bd7c Гугл ссылка: https://www.google.com/maps/search/?api=1&query=44.807875,20.458052&query_place_id=ChIJp9-NanJ7WkcRJZh3Bw7zgxk Рейтинг:"}},{"type":"Feature","geometry":{"type":"Point","coordinates":[20.470553,44.801408]},"properties":{"name":"beograd · Kafeterija Kofilin","description":"description: Сеть: Kafeterija Kofilin Категория: Кафе и рестораны Каталог: https://srb.guide/map/beograd-kafeterija-kofilin-cf68cd9635e9 Гугл ссылка: https://www.google.com/maps/search/?api=1&query=44.801408,20.470553&query_place_id=ChIJlfgh3_dxWkcRGakEnR_537k Рейтинг: 4.7"}},{"type":"Feature","geometry":{"type":"Point","coordinates":[20.451461,44.802076]},"properties":{"name":"beograd · Kafeterija Kofilin - Waterfront","description":"description: Сеть: Kafeterija Kofilin Категория: Кафе и рестораны Каталог: https://srb.guide/map/beograd-kafeterija-kofilin-waterfront-055926fc7006 Гугл ссылка: https://www.google.com/maps/search/?api=1&query=44.802076,20.451461&query_place_id=ChIJn2hWDMlxWkcRVPd3Bq55oBQ Рейтинг:"}},{"type":"Feature","geometry":{"type":"Point","coordinates":[20.462159,44.810552]},"properties":{"name":"beograd · Kafić Četiri","description":"description: Coffee shop Не сеть Категория: Кафе и рестораны Каталог: https://srb.guide/map/beograd-kafic-četiri-ecc82b930dbc Гугл ссылка: https://www.google.com/maps/search/?api=1&query=44.810552,20.462159&query_place_id=ChIJr4F1V4t7WkcRpJdnl48jq4U Рейтинг:"}},{"type":"Feature","geometry":{"type":"Point","coordinates":[20.45796,44.809582]},"properties":{"name":"beograd · Kaži Važi","description":"description: Грузинская кухня Не сеть Категория: Кафе и рестораны Каталог: https://srb.guide/map/beograd-kaži-važi-64fe890b2379 Гугл ссылка: https://www.google.com/maps/search/?api=1&query=44.809582,20.45796&query_place_id=ChIJGWHjROR7WkcRcFpQ6MJz1SA Рейтинг:"}},{"type":"Feature","geometry":{"type":"Point","coordinates":[20.460525,44.823363]},"properties":{"name":"beograd · Kofilin (Cara Dušana)","description":"description: кофейня Сеть: Kafeterija Kofilin Категория: Кафе и рестораны Каталог: https://srb.guide/map/beograd-kofilin-cara-dušana-83da0c16e705 Гугл ссылка: https://www.google.com/maps/search/?api=1&query=44.823363,20.460525&query_place_id=ChIJc2euG3llWkcR0WGtM7-MQ4k Рейтинг: 4.5"}},{"type":"Feature","geometry":{"type":"Point","coordinates":[20.48249,44.798224]},"properties":{"name":"beograd · Kofilin (Cara Nikolaja II)","description":"description: Сеть: Kafeterija Kofilin Категория: Кафе и рестораны Каталог: https://srb.guide/map/beograd-kofilin-cara-nikolaja-ii-f42f303768be Гугл ссылка: https://www.google.com/maps/search/?api=1&query=44.798224,20.48249&query_place_id=ChIJi4Qkb5dxWkcRwkwGndnakn0 Рейтинг: 4.4"}},{"type":"Feature","geometry":{"type":"Point","coordinates":[20.455887,44.815402]},"properties":{"name":"beograd · Kofilin (Carice Milice)","description":"description: Сеть: Kafeterija Kofilin Категория: Кафе и рестораны Каталог: https://srb.guide/map/beograd-kofilin-carice-milice-789a97bd4302 Гугл ссылка: https://www.google.com/maps/search/?api=1&query=44.815402,20.455887&query_place_id=ChIJkYu9n3J7WkcRwvizGNZW_ss Рейтинг: 4.7"}},{"type":"Feature","geometry":{"type":"Point","coordinates":[20.464282,44.808804]},"properties":{"name":"beograd · Kofilin (Kneza Miloša)","description":"description: Сеть: Kafeterija Kofilin Категория: Кафе и рестораны Каталог: https://srb.guide/map/beograd-kofilin-kneza-miloša-331bfdd457d7 Гугл ссылка: https://www.google.com/maps/search/?api=1&query=44.808804,20.464282&query_place_id=ChIJwX54_6V6WkcR5356nZfLfPk Рейтинг:"}},{"type":"Feature","geometry":{"type":"Point","coordinates":[20.409141,44.846471]},"properties":{"name":"beograd · Kofilin (Trg Branka Radičevića)","description":"description: Кофейня Сеть: Kafeterija Kofilin Категория: Кафе и рестораны Каталог: https://srb.guide/map/beograd-kofilin-trg-branka-radičevic-a-6869933cc669 Гугл ссылка: https://www.google.com/maps/search/?api=1&query=44.846471,20.409141&query_place_id=ChIJgR0zcxNlWkcRrS2xeJ2CHEc Рейтинг: 4.7"}},{"type":"Feature","geometry":{"type":"Point","coordinates":[20.418047,44.78408]},"properties":{"name":"beograd · LavShawarma","description":"description: Шаверма Не сеть Категория: Кафе и рестораны Каталог: https://srb.guide/map/beograd-lavshawarma-252dff1b2994 Гугл ссылка: https://www.google.com/maps/search/?api=1&query=44.78408,20.418047&query_place_id=ChIJ-XJfixVvWkcRbi3o-9HWuLA Рейтинг:"}},{"type":"Feature","geometry":{"type":"Point","coordinates":[20.477859,44.807145]},"properties":{"name":"beograd · Mala Moskva","description":"description: Шашлык, шаурма Не сеть Категория: Кафе и рестораны Каталог: https://srb.guide/map/beograd-mala-moskva-1c48aabd450b Гугл ссылка: https://www.google.com/maps/search/?api=1&query=44.807145,20.477859&query_place_id=ChIJd3FOO5d7WkcRccOO6YGldUA Рейтинг: 4.8"}},{"type":"Feature","geometry":{"type":"Point","coordinates":[20.456068,44.812156]},"properties":{"name":"beograd · Mono Coffee","description":"description: Не сеть Категория: Кафе и рестораны Каталог: https://srb.guide/map/beograd-mono-coffee-39f1b170000a Гугл ссылка: https://www.google.com/maps/search/?api=1&query=44.812156,20.456068&query_place_id=ChIJUe0o8aR7WkcRnbBNZyzKRGk Рейтинг:"}},{"type":"Feature","geometry":{"type":"Point","coordinates":[20.457056,44.82056]},"properties":{"name":"beograd · OSAM Stari Grad","description":"description: Кофейня Не сеть Категория: Кафе и рестораны Каталог: https://srb.guide/map/beograd-osam-stari-grad-c6469403ece5 Гугл ссылка: https://www.google.com/maps/search/?api=1&query=44.82056,20.457056&query_place_id=ChIJFVWj75tlWkcRJinMU5O9e30 Рейтинг: 4.6"}},{"type":"Feature","geometry":{"type":"Point","coordinates":[20.480726,44.800602]},"properties":{"name":"beograd · OSAM Vračar","description":"description: Кофейня Не сеть Категория: Кафе и рестораны Каталог: https://srb.guide/map/beograd-osam-vračar-a783ea261b12 Гугл ссылка: https://www.google.com/maps/search/?api=1&query=44.800602,20.480726&query_place_id=ChIJK6irbeNxWkcRZkYOfZ7ukTg Рейтинг: 4.5"}},{"type":"Feature","geometry":{"type":"Point","coordinates":[20.462457,44.815921]},"properties":{"name":"beograd · Oranža","description":"description: Кофейня Не сеть Категория: Кафе и рестораны Каталог: https://srb.guide/map/beograd-oranža-a601b70d01db Гугл ссылка: https://www.google.com/maps/search/?api=1&query=44.815921,20.462457&query_place_id=ChIJMcj3a7B7WkcRNI6LOP5F5i8 Рейтинг: 5.0"}},{"type":"Feature","geometry":{"type":"Point","coordinates":[20.457154,44.824709]},"properties":{"name":"beograd · Osh Plov","description":"description: Кафе с пловом и другими блюдами из риса на вынос Не сеть Категория: Кафе и рестораны Каталог: https://srb.guide/map/beograd-osh-plov-d3107d7d2058 Гугл ссылка: https://www.google.com/maps/search/?api=1&query=44.824709,20.457154&query_place_id=ChIJJc2tSjllWkcRc0k46g1nPQg Рейтинг: 4.5"}},{"type":"Feature","geometry":{"type":"Point","coordinates":[20.4723,44.80174]},"properties":{"name":"beograd · PATRIKI","description":"description: Ресторан Не сеть Категория: Кафе и рестораны Каталог: https://srb.guide/map/beograd-patriki-2ee88bd8b5bb Гугл ссылка: https://www.google.com/maps/search/?api=1&query=44.80174,20.4723&query_place_id=ChIJ0TJcev17WkcRbQyr8Xb7aXA Рейтинг: 4.5"}},{"type":"Feature","geometry":{"type":"Point","coordinates":[20.524715,44.780103]},"properties":{"name":"beograd · Pemelye","description":"description: Пельменная Не сеть Категория: Кафе и рестораны Каталог: https://srb.guide/map/beograd-pemelye-d0c11be925b1 Гугл ссылка: https://www.google.com/maps/search/?api=1&query=44.780103,20.524715&query_place_id=ChIJJUIcqiV7WkcR0F4g0RgqrK0 Рейтинг: 4.9"}},{"type":"Feature","geometry":{"type":"Point","coordinates":[20.451505,44.814396]},"properties":{"name":"beograd · Rocket Coffee, specialty coffee shop","description":"description: Сеть: Rocket Coffee Категория: Кафе и рестораны Каталог: https://srb.guide/map/beograd-rocket-coffee-specialty-coffee-shop-189c97b6e2da Гугл ссылка: https://www.google.com/maps/search/?api=1&query=44.814396,20.451505&query_place_id=ChIJX6ZI4Z1lWkcR1rHD1SrR2F4 Рейтинг: 4.6"}},{"type":"Feature","geometry":{"type":"Point","coordinates":[20.472943,44.805422]},"properties":{"name":"beograd · Rocket Coffee, specialty coffee shop","description":"description: Сеть: Rocket Coffee Категория: Кафе и рестораны Каталог: https://srb.guide/map/beograd-rocket-coffee-specialty-coffee-shop-b8df76c87161 Гугл ссылка: https://www.google.com/maps/search/?api=1&query=44.805422,20.472943&query_place_id=ChIJ07gnYIh7WkcRP8R1aOpuqVk Рейтинг: 4.6"}},{"type":"Feature","geometry":{"type":"Point","coordinates":[20.457776,44.809287]},"properties":{"name":"beograd · Ruske Palacinke Savski Venac","description":"description: Блинная Не сеть Категория: Кафе и рестораны Каталог: https://srb.guide/map/beograd-ruske-palacinke-savski-venac-a0344d305c5d Гугл ссылка: https://www.google.com/maps/search/?api=1&query=44.809287,20.457776&query_place_id=ChIJzaoJCMl7WkcRwNdxqZvet3s Рейтинг:"}},{"type":"Feature","geometry":{"type":"Point","coordinates":[20.413934,44.844877]},"properties":{"name":"beograd · Ruske Palacinke Zemun","description":"description: Блинная Не сеть Категория: Кафе и рестораны Каталог: https://srb.guide/map/beograd-ruske-palacinke-zemun-57fad97d5f23 Гугл ссылка: https://www.google.com/maps/search/?api=1&query=44.844877,20.413934&query_place_id=ChIJK7EnfRVlWkcRe_I65usNXO0 Рейтинг: 4.8"}},{"type":"Feature","geometry":{"type":"Point","coordinates":[20.455517,44.810359]},"properties":{"name":"beograd · SAMOVARRS BW","description":"description: русские блюда ресторанного качества Не сеть Категория: Кафе и рестораны Каталог: https://srb.guide/map/beograd-samovarrs-bw-c61885c8f95b Гугл ссылка: https://www.google.com/maps/search/?api=1&query=44.810359,20.455517&query_place_id=ChIJPdK58VZ7WkcRMWwa-4WsUU0 Рейтинг:"}},{"type":"Feature","geometry":{"type":"Point","coordinates":[20.427629,44.813707]},"properties":{"name":"beograd · SDOBA","description":"description: Пекарня Не сеть Категория: Кафе и рестораны Каталог: https://srb.guide/map/beograd-sdoba-1a10a982adf6 Гугл ссылка: https://www.google.com/maps/search/?api=1&query=44.813707,20.427629&query_place_id=ChIJG0VWsf5lWkcRXnD5HqJQQAQ Рейтинг:"}},{"type":"Feature","geometry":{"type":"Point","coordinates":[20.485145,44.798504]},"properties":{"name":"beograd · SLOJ bakery","description":"description: Пекарня Не сеть Категория: Кафе и рестораны Каталог: https://srb.guide/map/beograd-sloj-bakery-93f1c5ccad63 Гугл ссылка: https://www.google.com/maps/search/?api=1&query=44.798504,20.485145&query_place_id=ChIJ46rVmsJxWkcRmJMjajGOOvw Рейтинг: 4.3"}},{"type":"Feature","geometry":{"type":"Point","coordinates":[20.45677,44.822288]},"properties":{"name":"beograd · SLOJ bistro & bakery","description":"description: Cafe Не сеть Категория: Кафе и рестораны Каталог: https://srb.guide/map/beograd-sloj-bistro-bakery-cba03ae04301 Гугл ссылка: https://www.google.com/maps/search/?api=1&query=44.822288,20.45677&query_place_id=ChIJ9f2JqQhlWkcRDwVlgEJNKOQ Рейтинг: 4.4"}},{"type":"Feature","geometry":{"type":"Point","coordinates":[20.450985,44.80564]},"properties":{"name":"beograd · SLOJ bistro & bakery WATERFRONT","description":"description: Не сеть Категория: Кафе и рестораны Каталог: https://srb.guide/map/beograd-sloj-bistro-bakery-waterfront-cf26dee446a7 Гугл ссылка: https://www.google.com/maps/search/?api=1&query=44.80564,20.450985&query_place_id=ChIJK5le6PJxWkcRJr-m9UmPiDE Рейтинг: 4.5"}},{"type":"Feature","geometry":{"type":"Point","coordinates":[20.474704,44.815696]},"properties":{"name":"beograd · STROGANOV FAMILY","description":"description: Сеть: Stroganov Family Категория: Кафе и рестораны Каталог: https://srb.guide/map/beograd-stroganov-family-7fa1d427fc9b Гугл ссылка: https://www.google.com/maps/search/?api=1&query=44.815696,20.474704&query_place_id=ChIJIQba1d1xWkcR_U1izVJCOa0 Рейтинг: 4.2"}},{"type":"Feature","geometry":{"type":"Point","coordinates":[20.401804,44.800805]},"properties":{"name":"beograd · STROGANOV FAMILY Delta","description":"description: Сеть: Stroganov Family Категория: Кафе и рестораны Каталог: https://srb.guide/map/beograd-stroganov-family-delta-8c598e5e5e34 Гугл ссылка: https://www.google.com/maps/search/?api=1&query=44.800805,20.401804&query_place_id=ChIJxdN5bG1lWkcRNMzi3fcnuDY Рейтинг:"}},{"type":"Feature","geometry":{"type":"Point","coordinates":[20.471128,44.812521]},"properties":{"name":"beograd · SUSHI WOK","description":"description: Не сеть Категория: Кафе и рестораны Каталог: https://srb.guide/map/beograd-sushi-wok-8d5dea474a67 Гугл ссылка: https://www.google.com/maps/search/?api=1&query=44.812521,20.471128&query_place_id=ChIJa4GOKQB7WkcRG4Vijv4FUtM Рейтинг: 4.7"}},{"type":"Feature","geometry":{"type":"Point","coordinates":[20.474925,44.800084]},"properties":{"name":"beograd · Seasons by Stories","description":"description: Не сеть Категория: Кафе и рестораны Каталог: https://srb.guide/map/beograd-seasons-by-stories-7adbe260437e Гугл ссылка: https://www.google.com/maps/search/?api=1&query=44.800084,20.474925&query_place_id=ChIJHQrL7WdxWkcRUpcjZKJ0Oi8 Рейтинг: 4.6"}},{"type":"Feature","geometry":{"type":"Point","coordinates":[20.478144,44.795306]},"properties":{"name":"beograd · Shavarma patrol","description":"description: Шаверма от Хаванского Не сеть Категория: Кафе и рестораны Каталог: https://srb.guide/map/beograd-shavarma-patrol-9aca2a0633d6 Гугл ссылка: https://www.google.com/maps/search/?api=1&query=44.795306,20.478144&query_place_id=ChIJOXo3CwlxWkcRzci04ncnQYA Рейтинг: 4.3"}},{"type":"Feature","geometry":{"type":"Point","coordinates":[20.458739,44.808573]},"properties":{"name":"beograd · Sofia coffee shop","description":"description: кофейня Не сеть Категория: Кафе и рестораны Каталог: https://srb.guide/map/beograd-sofia-coffee-shop-79e1ca847695 Гугл ссылка: https://www.google.com/maps/search/?api=1&query=44.808573,20.458739&query_place_id=ChIJd9BAqD17WkcRqyxzlTqeu3k Рейтинг: 5.0"}},{"type":"Feature","geometry":{"type":"Point","coordinates":[20.471663,44.818903]},"properties":{"name":"beograd · Sonder Dorćol","description":"description: Не сеть Категория: Кафе и рестораны Каталог: https://srb.guide/map/beograd-sonder-dorćol-22aee6210582 Гугл ссылка: https://www.google.com/maps/search/?api=1&query=44.818903,20.471663&query_place_id=ChIJ24YC8CJ7WkcRJskPI_AH9tE Рейтинг: 4.4"}},{"type":"Feature","geometry":{"type":"Point","coordinates":[20.473871,44.80173]},"properties":{"name":"beograd · Sonder.Belgrade","description":"description: COFFEE ROASTERY & CAFE Не сеть Категория: Кафе и рестораны Каталог: https://srb.guide/map/beograd-sonder-belgrade-65ae44f2b463 Гугл ссылка: https://www.google.com/maps/search/?api=1&query=44.80173,20.473871&query_place_id=ChIJv8KomMVxWkcRJGkA0CiwNFs Рейтинг: 4.3"}},{"type":"Feature","geometry":{"type":"Point","coordinates":[20.455557,44.823206]},"properties":{"name":"beograd · Stories","description":"description: Грузинская кухня Не сеть Категория: Кафе и рестораны Каталог: https://srb.guide/map/beograd-stories-a7ff7f80c060 Гугл ссылка: https://www.google.com/maps/search/?api=1&query=44.823206,20.455557&query_place_id=ChIJM5ZnmBNlWkcRvQ-LstvzbfY Рейтинг: 4.6"}},{"type":"Feature","geometry":{"type":"Point","coordinates":[20.462933,44.828543]},"properties":{"name":"beograd · Sushi Tempo","description":"description: Не сеть Категория: Кафе и рестораны Каталог: https://srb.guide/map/beograd-sushi-tempo-b39cd324fed8 Гугл ссылка: https://www.google.com/maps/search/?api=1&query=44.828543,20.462933&query_place_id=ChIJo1RQ93BlWkcRhTriTHCmSak Рейтинг: 4.4"}},{"type":"Feature","geometry":{"type":"Point","coordinates":[20.472579,44.779914]},"properties":{"name":"beograd · Sushi Tempo Vozdovac","description":"description: Не сеть Категория: Кафе и рестораны Каталог: https://srb.guide/map/beograd-sushi-tempo-vozdovac-24960f789c9a Гугл ссылка: https://www.google.com/maps/search/?api=1&query=44.779914,20.472579&query_place_id=ChIJXenRYF1xWkcRIumD0XHTiXA Рейтинг: 4.3"}},{"type":"Feature","geometry":{"type":"Point","coordinates":[20.409793,44.805643]},"properties":{"name":"beograd · Sushi XO","description":"description: Не сеть Категория: Кафе и рестораны Каталог: https://srb.guide/map/beograd-sushi-xo-13c253323823 Гугл ссылка: https://www.google.com/maps/search/?api=1&query=44.805643,20.409793&query_place_id=ChIJW8P_V-dvWkcRJCtcEkwZwTo Рейтинг: 4.8"}},{"type":"Feature","geometry":{"type":"Point","coordinates":[20.417767,44.786842]},"properties":{"name":"beograd · Sushiboks ADA","description":"description: Суши Не сеть Категория: Кафе и рестораны Каталог: https://srb.guide/map/beograd-sushiboks-ada-654e62e09751 Гугл ссылка: https://www.google.com/maps/search/?api=1&query=44.786842,20.417767&query_place_id=ChIJefDpxUNvWkcRreCj6CozTXY Рейтинг: 4.8"}},{"type":"Feature","geometry":{"type":"Point","coordinates":[20.458834,44.82788]},"properties":{"name":"beograd · TT Asia","description":"description: Не сеть Категория: Кафе и рестораны Каталог: https://srb.guide/map/beograd-tt-asia-98f3ee7b9a71 Гугл ссылка: https://www.google.com/maps/search/?api=1&query=44.82788,20.458834&query_place_id=ChIJZ_Rij3tlWkcR1unoaK6WYm4 Рейтинг: 4.7"}},{"type":"Feature","geometry":{"type":"Point","coordinates":[20.456593,44.822142]},"properties":{"name":"beograd · TT Bistro","description":"description: Не сеть Категория: Кафе и рестораны Каталог: https://srb.guide/map/beograd-tt-bistro-8c12c4fc815e Гугл ссылка: https://www.google.com/maps/search/?api=1&query=44.822142,20.456593&query_place_id=ChIJqSsS8WFlWkcRhdBukdSckQA Рейтинг: 4.5"}},{"type":"Feature","geometry":{"type":"Point","coordinates":[20.448084,44.801639]},"properties":{"name":"beograd · TT Bistro BW","description":"description: Не сеть Категория: Кафе и рестораны Каталог: https://srb.guide/map/beograd-tt-bistro-bw-ab2d0b4000cd Гугл ссылка: https://www.google.com/maps/search/?api=1&query=44.801639,20.448084&query_place_id=ChIJNep4jcJ_WkcR1WV7GEAhZK8 Рейтинг: 4.6"}},{"type":"Feature","geometry":{"type":"Point","coordinates":[20.484618,44.79825]},"properties":{"name":"beograd · Teel cafe","description":"description: Не сеть Категория: Кафе и рестораны Каталог: https://srb.guide/map/beograd-teel-cafe-fc19c698ed7f Гугл ссылка: https://www.google.com/maps/search/?api=1&query=44.79825,20.484618&query_place_id=ChIJn2Xnf9txWkcRjwEJ8yQb45M Рейтинг:"}},{"type":"Feature","geometry":{"type":"Point","coordinates":[20.455892,44.814804]},"properties":{"name":"beograd · TrueRamen","description":"description: Ramen Не сеть Категория: Кафе и рестораны Каталог: https://srb.guide/map/beograd-trueramen-d940fc20fb52 Гугл ссылка: https://www.google.com/maps/search/?api=1&query=44.814804,20.455892&query_place_id=ChIJZ2vY1e57WkcRK2YW2HJ-698 Рейтинг: 4.7"}},{"type":"Feature","geometry":{"type":"Point","coordinates":[20.453561,44.813669]},"properties":{"name":"beograd · URA! Russian dumplings","description":"description: Сеть: URA! Russian dumplings Категория: Кафе и рестораны Каталог: https://srb.guide/map/beograd-ura-russian-dumplings-08c37e23f22f Гугл ссылка: https://www.google.com/maps/search/?api=1&query=44.813669,20.453561&query_place_id=ChIJvXqZOX5lWkcRcvLw9ME53E4 Рейтинг: 4.8"}},{"type":"Feature","geometry":{"type":"Point","coordinates":[20.454319,44.75736]},"properties":{"name":"beograd · Uzbechka Pekara & Restoran","description":"description: ресторан узбекской кухни Не сеть Категория: Кафе и рестораны Каталог: https://srb.guide/map/beograd-uzbechka-pekara-restoran-749bb89c4ea9 Гугл ссылка: https://www.google.com/maps/search/?api=1&query=44.75736,20.454319&query_place_id=ChIJa7tph7VxWkcRzEYKERc_fA0 Рейтинг: 4.6"}},{"type":"Feature","geometry":{"type":"Point","coordinates":[20.454482,44.818433]},"properties":{"name":"beograd · Vera Cafè — Specialty Coffee","description":"description: Не сеть Категория: Кафе и рестораны Каталог: https://srb.guide/map/beograd-vera-cafè-specialty-coffee-5c6957711ea6 Гугл ссылка: https://www.google.com/maps/search/?api=1&query=44.818433,20.454482&query_place_id=ChIJX9DG2uBlWkcR9Kj3kFicqxQ Рейтинг:"}},{"type":"Feature","geometry":{"type":"Point","coordinates":[20.457518,44.824359]},"properties":{"name":"beograd · Vraperija Dorćol","description":"description: шаверма https://vraperija.rs/ Не сеть Категория: Кафе и рестораны Каталог: https://srb.guide/map/beograd-vraperija-dorćol-0e5732f70eed Гугл ссылка: https://www.google.com/maps/search/?api=1&query=44.824359,20.457518&query_place_id=ChIJxXiTIF97WkcRhh4wAjgfKIc Рейтинг: 4.4"}},{"type":"Feature","geometry":{"type":"Point","coordinates":[20.471008,44.80069]},"properties":{"name":"beograd · Waffle Heart","description":"description: кофейня Не сеть Категория: Кафе и рестораны Каталог: https://srb.guide/map/beograd-waffle-heart-5046252b0bb2 Гугл ссылка: https://www.google.com/maps/search/?api=1&query=44.80069,20.471008&query_place_id=ChIJAaKYG59xWkcRGXqpgLbnk1I Рейтинг:"}},{"type":"Feature","geometry":{"type":"Point","coordinates":[20.412378,44.845929]},"properties":{"name":"beograd · Waffle Heart Zemun","description":"description: Не сеть Категория: Кафе и рестораны Каталог: https://srb.guide/map/beograd-waffle-heart-zemun-dce54c75de1c Гугл ссылка: https://www.google.com/maps/search/?api=1&query=44.845929,20.412378&query_place_id=ChIJne8xpxt7WkcRRRKN1J3X5qI Рейтинг: 4.9"}},{"type":"Feature","geometry":{"type":"Point","coordinates":[20.467135,44.808656]},"properties":{"name":"beograd · t element (tea bar/shop)","description":"description: Tea Bar & Shop in Belgrade Не сеть Категория: Кафе и рестораны Каталог: https://srb.guide/map/beograd-t-element-tea-bar-shop-cd75d98c8365 Гугл ссылка: https://www.google.com/maps/search/?api=1&query=44.808656,20.467135&query_place_id=ChIJ_dkFC6B7WkcRlwSDDrjGkTY Рейтинг: 4.8"}},{"type":"Feature","geometry":{"type":"Point","coordinates":[20.466792,44.800064]},"properties":{"name":"beograd · ДЕСЕРТЫ • ТОРТЫ | torte •kolaci Beograd","description":"description: Не сеть Категория: Кафе и рестораны Каталог: https://srb.guide/map/beograd-десерты-торты-torte-kolaci-beograd-c33a529f529e Гугл ссылка: https://www.google.com/maps/search/?api=1&query=44.800064,20.466792&query_place_id=ChIJmSLivgtwWkcR6NCj_9FAWqE Рейтинг: 4.4"}},{"type":"Feature","geometry":{"type":"Point","coordinates":[20.467683,44.806528]},"properties":{"name":"beograd · ПИТЕР шаверма славия","description":"description: https://piter.rs/ Не сеть Категория: Кафе и рестораны Каталог: https://srb.guide/map/beograd-питер-шаверма-славия-5797a3eb8829 Гугл ссылка: https://www.google.com/maps/search/?api=1&query=44.806528,20.467683&query_place_id=ChIJH2WLr05xWkcRDNYJTxZg8LQ Рейтинг: 4.2"}},{"type":"Feature","geometry":{"type":"Point","coordinates":[20.471461,44.81376]},"properties":{"name":"beograd · НИТЬ: пространство для психологов","description":"description: Не сеть Категория: Разное Каталог: https://srb.guide/map/beograd-нить-пространство-для-психологов-ec46229efe91 Гугл ссылка: https://www.google.com/maps/search/?api=1&query=44.81376,20.471461&query_place_id=ChIJFx4_LgB7WkcRW3jXsTwHhQM Рейтинг: 5.0"}},{"type":"Feature","geometry":{"type":"Point","coordinates":[20.470242,44.817571]},"properties":{"name":"beograd · Adaptacija Space","description":"description: Площадка для проведения мероприятий, мастер-классов, лекции или праздников https://adaptacija.tilda.ws/#rec591876555 Не сеть Категория: Услуги и офисы Каталог: https://srb.guide/map/beograd-adaptacija-space-71b4b301ff9b Гугл ссылка: https://www.google.com/maps/search/?api=1&query=44.817571,20.470242&query_place_id=ChIJq32UU7d6WkcRlf5q6NGAw28 Рейтинг: 4.8"}},{"type":"Feature","geometry":{"type":"Point","coordinates":[20.434283,44.811027]},"properties":{"name":"beograd · AlfaMedStar","description":"description: Частная клиника https://alfamedstar.rs/ Не сеть Категория: Услуги и офисы Каталог: https://srb.guide/map/beograd-alfamedstar-39f2f5239446 Гугл ссылка: https://www.google.com/maps/search/?api=1&query=44.811027,20.434283&query_place_id=ChIJI7a9mm17WkcRQ-hPWsbAXRU Рейтинг:"}},{"type":"Feature","geometry":{"type":"Point","coordinates":[20.473359,44.795878]},"properties":{"name":"beograd · CITILAB","description":"description: Русскоязычная лаборатория и поликлиника Не сеть Категория: Услуги и офисы Каталог: https://srb.guide/map/beograd-citilab-af1acc19db95 Гугл ссылка: https://www.google.com/maps/search/?api=1&query=44.795878,20.473359&query_place_id=ChIJbfMovKpxWkcR21VUhklN75Y Рейтинг:"}},{"type":"Feature","geometry":{"type":"Point","coordinates":[20.453105,44.802586]},"properties":{"name":"beograd · EXPRESS LAUNDRY Perionica Vesa May - Pranje i Peglanje","description":"description: Прачечная Не сеть Категория: Услуги и офисы Каталог: https://srb.guide/map/beograd-express-laundry-perionica-vesa-may-pranje-i-peglanje-9e09cbc7d0c2 Гугл ссылка: https://www.google.com/maps/search/?api=1&query=44.802586,20.453105&query_place_id=ChIJQU6govlxWkcRzjO1ejFSW_0 Рейтинг: 4.7"}},{"type":"Feature","geometry":{"type":"Point","coordinates":[20.484181,44.784555]},"properties":{"name":"beograd · OnWheels","description":"description: Прокат самокатов/велосипедов/машин Не сеть Категория: Услуги и офисы Каталог: https://srb.guide/map/beograd-onwheels-c7dde26f21e4 Гугл ссылка: https://www.google.com/maps/search/?api=1&query=44.784555,20.484181&query_place_id=ChIJ3zu6_SBxWkcRQLppq1A5QI8 Рейтинг:"}},{"type":"Feature","geometry":{"type":"Point","coordinates":[20.465226,44.802035]},"properties":{"name":"beograd · Palkin Dental Center","description":"description: русско-сербская стоматология Не сеть Категория: Услуги и офисы Каталог: https://srb.guide/map/beograd-palkin-dental-center-aab22294ec16 Гугл ссылка: https://www.google.com/maps/search/?api=1&query=44.802035,20.465226&query_place_id=ChIJgaivT9k64y8RPEY_nErcnUE Рейтинг: 4.6"}},{"type":"Feature","geometry":{"type":"Point","coordinates":[20.458009,44.815567]},"properties":{"name":"beograd · Stark Travel","description":"description: турагентство Не сеть Категория: Услуги и офисы Каталог: https://srb.guide/map/beograd-stark-travel-0eeb61407bdb Гугл ссылка: https://www.google.com/maps/search/?api=1&query=44.815567,20.458009&query_place_id=ChIJc_M-y6l7WkcRSwO6OyPUGB0 Рейтинг: 5.0"}},{"type":"Feature","geometry":{"type":"Point","coordinates":[20.460337,44.818722]},"properties":{"name":"beograd · SvetloSpace","description":"description: Кооворкинг Не сеть Категория: Услуги и офисы Каталог: https://srb.guide/map/beograd-svetlospace-4c11184bb3ba Гугл ссылка: https://www.google.com/maps/search/?api=1&query=44.818722,20.460337&query_place_id=ChIJb425U3l7WkcRzyCQ3rriu-A Рейтинг:"}},{"type":"Feature","geometry":{"type":"Point","coordinates":[20.440898,44.81107]},"properties":{"name":"beograd · Tres Amigos","description":"description: Аренда авто Не сеть Категория: Услуги и офисы Каталог: https://srb.guide/map/beograd-tres-amigos-a3cc1dd1037f Гугл ссылка: https://www.google.com/maps/search/?api=1&query=44.81107,20.440898&query_place_id=ChIJddgOHKVxWkcRFp6KsIIQwBQ Рейтинг: 4.9"}},{"type":"Feature","geometry":{"type":"Point","coordinates":[20.47591,44.778464]},"properties":{"name":"beograd · Volga Carwash & Detailing","description":"description: сервис для тех, кто ценит качественную мойку, профессиональный уход за автомобилем и высокий уровень обслуживания. Помимо автомойки, мы оказываем полный спектр профессиональных детейлинг-услуг - от химчистки и полировки до долговременной защиты кузова и салона Не сеть Категория: Услуги и офисы Каталог: https://srb.guide/map/volga-carwash-detailing-beograd Гугл ссылка: https://www.google.com/maps/search/?api=1&query=44.7784638,20.47591 Рейтинг:"}},{"type":"Feature","geometry":{"type":"Point","coordinates":[20.459425,44.794556]},"properties":{"name":"beograd · Vroom Rent","description":"description: автосервис + аренда Не сеть Категория: Услуги и офисы Каталог: https://srb.guide/map/beograd-vroom-rent-6df1456ba490 Гугл ссылка: https://www.google.com/maps/search/?api=1&query=44.794556,20.459425&query_place_id=ChIJQxHs1617WkcRZgk0k3kBsYE Рейтинг: 4.7"}},{"type":"Feature","geometry":{"type":"Point","coordinates":[20.474835,44.818898]},"properties":{"name":"beograd · Аудитория","description":"description: Культурный центр Не сеть Категория: Услуги и офисы Каталог: https://srb.guide/map/beograd-аудитория-8d533839ee01 Гугл ссылка: https://www.google.com/maps/search/?api=1&query=44.818898,20.474835&query_place_id=ChIJQ67rVwB7WkcRvaSwyTmN0q4 Рейтинг: 4.8"}},{"type":"Feature","geometry":{"type":"Point","coordinates":[20.459466,44.819987]},"properties":{"name":"beograd · Русскоговорящий стоматолог","description":"description: https://stomatologtut.com/ Не сеть Категория: Услуги и офисы Каталог: https://srb.guide/map/beograd-русскоговорящий-стоматолог-4d96940fca48 Гугл ссылка: https://www.google.com/maps/search/?api=1&query=44.819987,20.459466&query_place_id=ChIJpxqojtp7WkcReVUmd3PTLxo Рейтинг: 5.0"}},{"type":"Feature","geometry":{"type":"Point","coordinates":[20.467126,44.815989]},"properties":{"name":"beograd · Среда обитания","description":"description: Тайм-кафе в Белграде. Много настолок, чай, кофе, печенье, встречи, кинопоказы, лекции, концерты, разговорные клубы. Не сеть Категория: Услуги и офисы Каталог: https://srb.guide/map/beograd-среда-обитания-e0bb61231c23 Гугл ссылка: https://www.google.com/maps/search/?api=1&query=44.815989,20.467126&query_place_id=ChIJ1WdsagB7WkcRHPlqv0WJEw8 Рейтинг: 5.0"}},{"type":"Feature","geometry":{"type":"Point","coordinates":[20.453565,44.816261]},"properties":{"name":"beograd · Cvećara / Flower Shop \"BOTANIKA.RS\"","description":"description: цветочный магазин Не сеть Категория: Магазины Каталог: https://srb.guide/map/beograd-cvećara-flower-shop-botanika-rs-0b69b064d192 Гугл ссылка: https://www.google.com/maps/search/?api=1&query=44.816261,20.453565&query_place_id=ChIJLcyVaE1lWkcRUBkfw9FKsdA Рейтинг: 4.8"}},{"type":"Feature","geometry":{"type":"Point","coordinates":[20.479399,44.805395]},"properties":{"name":"beograd · Cvećara She","description":"description: Цветочный магазин Не сеть Категория: Магазины Каталог: https://srb.guide/map/beograd-cvećara-she-1436a96b1830 Гугл ссылка: https://www.google.com/maps/search/?api=1&query=44.805395,20.479399&query_place_id=ChIJR5NY0u57WkcRvEQ2YoC7Fx0 Рейтинг:"}},{"type":"Feature","geometry":{"type":"Point","coordinates":[20.470545,44.822201]},"properties":{"name":"beograd · Marfa Flowershop","description":"description: цветочный магазин Не сеть Категория: Магазины Каталог: https://srb.guide/map/beograd-marfa-flowershop-49be06cabd6f Гугл ссылка: https://www.google.com/maps/search/?api=1&query=44.822201,20.470545&query_place_id=ChIJ9ZDw8bR7WkcRLb6b0x2IaGs Рейтинг: 4.6"}},{"type":"Feature","geometry":{"type":"Point","coordinates":[20.464399,44.80744]},"properties":{"name":"beograd · Mix Market","description":"description: Не сеть Категория: Магазины Каталог: https://srb.guide/map/beograd-mix-market-e5d100da1f04 Гугл ссылка: https://www.google.com/maps/search/?api=1&query=44.80744,20.464399&query_place_id=ChIJzbzcWrx7WkcRT7zirdX1w3M Рейтинг: 3.7"}},{"type":"Feature","geometry":{"type":"Point","coordinates":[20.462817,44.815005]},"properties":{"name":"beograd · Mix Markt","description":"description: Сеть: Mix Markt Категория: Магазины Каталог: https://srb.guide/map/beograd-mix-markt-7191eebdbc18 Гугл ссылка: https://www.google.com/maps/search/?api=1&query=44.815005,20.462817&query_place_id=ChIJzUGVji17WkcRSt_-PW8YaMM Рейтинг: 4.6"}},{"type":"Feature","geometry":{"type":"Point","coordinates":[20.451626,44.800885]},"properties":{"name":"beograd · Mix Markt","description":"description: русские продукты Сеть: Mix Markt Категория: Магазины Каталог: https://srb.guide/map/beograd-mix-markt-af75f34082ce Гугл ссылка: https://www.google.com/maps/search/?api=1&query=44.800885,20.451626&query_place_id=ChIJr9WObABxWkcRW4MVBoIv1qQ Рейтинг: 4.1"}},{"type":"Feature","geometry":{"type":"Point","coordinates":[20.479008,44.803729]},"properties":{"name":"beograd · Mix Markt","description":"description: Сеть: Mix Markt Категория: Магазины Каталог: https://srb.guide/map/beograd-mix-markt-c2ddeb958c34 Гугл ссылка: https://www.google.com/maps/search/?api=1&query=44.803729,20.479008&query_place_id=ChIJzVJ9mEp7WkcRXD7Iizt-Wr8 Рейтинг: 4.6"}},{"type":"Feature","geometry":{"type":"Point","coordinates":[20.472777,44.813003]},"properties":{"name":"beograd · Mix Markt","description":"description: русские продукты Сеть: Mix Markt Категория: Магазины Каталог: https://srb.guide/map/beograd-mix-markt-8db12faea150 Гугл ссылка: https://www.google.com/maps/search/?api=1&query=44.813003,20.472777&query_place_id=ChIJSYjlSwB7WkcRiOH5hEXsIhg Рейтинг: 3.7"}},{"type":"Feature","geometry":{"type":"Point","coordinates":[20.478317,44.811035]},"properties":{"name":"beograd · Novoprint","description":"description: Копирница Не сеть Категория: Магазины Каталог: https://srb.guide/map/beograd-novoprint-2261950ff706 Гугл ссылка: https://www.google.com/maps/search/?api=1&query=44.811035,20.478317&query_place_id=ChIJURUaFnR7WkcR7POotRyrkXQ Рейтинг: 4.9"}},{"type":"Feature","geometry":{"type":"Point","coordinates":[20.452891,44.880353]},"properties":{"name":"beograd · Ogledalo Second Hand","description":"description: Second Hand Не сеть Категория: Магазины Каталог: https://srb.guide/map/beograd-ogledalo-second-hand-35781bc1a76a Гугл ссылка: https://www.google.com/maps/search/?api=1&query=44.880353,20.452891&query_place_id=ChIJIRR4H61lWkcRAGTMM71Hf7w Рейтинг:"}},{"type":"Feature","geometry":{"type":"Point","coordinates":[20.463715,44.822403]},"properties":{"name":"beograd · PROSTO","description":"description: Ювелирный Не сеть Категория: Магазины Каталог: https://srb.guide/map/beograd-prosto-601b4432adcc Гугл ссылка: https://www.google.com/maps/search/?api=1&query=44.822403,20.463715&query_place_id=ChIJteTckt97WkcRLMu918WhjRs Рейтинг: 4.9"}},{"type":"Feature","geometry":{"type":"Point","coordinates":[20.476499,44.818219]},"properties":{"name":"beograd · RusMarket","description":"description: Магазин русских продуктов Сеть: RusMarket Категория: Магазины Каталог: https://srb.guide/map/beograd-rusmarket-52150ffb2e87 Гугл ссылка: https://www.google.com/maps/search/?api=1&query=44.818219,20.476499&query_place_id=ChIJBT9uagB7WkcRSJBJ1ZZEMqM Рейтинг: 3.7"}},{"type":"Feature","geometry":{"type":"Point","coordinates":[20.455735,44.812467]},"properties":{"name":"beograd · Ruska knjižara Bela Vrana (Белая Ворона)","description":"description: Книжный магазин с русскими книгами Не сеть Категория: Магазины Каталог: https://srb.guide/map/beograd-ruska-knjižara-bela-vrana-белая-ворона-161eaa661fa9 Гугл ссылка: https://www.google.com/maps/search/?api=1&query=44.812467,20.455735&query_place_id=ChIJGSGQ-6x6WkcRcWFLN190RVM Рейтинг: 4.9"}},{"type":"Feature","geometry":{"type":"Point","coordinates":[20.486448,44.819805]},"properties":{"name":"beograd · Svetofor","description":"description: Сеть: Svetofor Категория: Магазины Каталог: https://srb.guide/map/beograd-svetofor-82a307226bbb Гугл ссылка: https://www.google.com/maps/search/?api=1&query=44.819805,20.486448&query_place_id=ChIJ2554EQB7WkcRpt-nPxCvMgw Рейтинг: 4.2"}},{"type":"Feature","geometry":{"type":"Point","coordinates":[20.590064,44.733226]},"properties":{"name":"beograd · Svetofor","description":"description: Сеть: Svetofor Категория: Магазины Каталог: https://srb.guide/map/beograd-svetofor-cb4a808c4bc4 Гугл ссылка: https://www.google.com/maps/search/?api=1&query=44.733226,20.590064&query_place_id=ChIJUzxAdgB3WkcRl5ppJFqzDnI Рейтинг: 4.3"}},{"type":"Feature","geometry":{"type":"Point","coordinates":[20.485658,44.766015]},"properties":{"name":"beograd · Svetofor - Voždovac","description":"description: Магазин Сеть: Svetofor Категория: Магазины Каталог: https://srb.guide/map/beograd-svetofor-voždovac-1011a400be90 Гугл ссылка: https://www.google.com/maps/search/?api=1&query=44.766015,20.485658&query_place_id=ChIJi3QBJh9xWkcRSDRMjIooTaM Рейтинг: 3.8"}},{"type":"Feature","geometry":{"type":"Point","coordinates":[20.510516,44.776968]},"properties":{"name":"beograd · Svetofor Konjarnik","description":"description: Сеть: Svetofor Категория: Магазины Каталог: https://srb.guide/map/beograd-svetofor-konjarnik-6e7b327576d2 Гугл ссылка: https://www.google.com/maps/search/?api=1&query=44.776968,20.510516&query_place_id=ChIJ0wRoNgBxWkcRSlh145oHKT0 Рейтинг: 4.4"}},{"type":"Feature","geometry":{"type":"Point","coordinates":[20.551901,44.773789]},"properties":{"name":"beograd · Svetofor market","description":"description: Сеть: Svetofor Категория: Магазины Каталог: https://srb.guide/map/beograd-svetofor-market-4c87430598d9 Гугл ссылка: https://www.google.com/maps/search/?api=1&query=44.773789,20.551901&query_place_id=ChIJ7xs2WQB3WkcR99kd7Wra3FU Рейтинг: 4.3"}},{"type":"Feature","geometry":{"type":"Point","coordinates":[20.477235,44.80397]},"properties":{"name":"beograd · TR Konfeta - Russian candy store","description":"description: Русские продукты Не сеть Категория: Магазины Каталог: https://srb.guide/map/beograd-tr-konfeta-russian-candy-store-c65e600eac82 Гугл ссылка: https://www.google.com/maps/search/?api=1&query=44.80397,20.477235&query_place_id=ChIJ7ecYWS97WkcRP_9bIOLs2CA Рейтинг: 4.5"}},{"type":"Feature","geometry":{"type":"Point","coordinates":[20.454092,44.827298]},"properties":{"name":"beograd · БЕРЁЗКА храна, пекара & кувана jела","description":"description: Не сеть Категория: Магазины Каталог: https://srb.guide/map/beograd-берёзка-храна-пекара-кувана-jела-272f56d95380 Гугл ссылка: https://www.google.com/maps/search/?api=1&query=44.827298,20.454092&query_place_id=ChIJFTb3KwBlWkcRongdkLW1jzU Рейтинг: 4.0"}},{"type":"Feature","geometry":{"type":"Point","coordinates":[20.455816,44.821189]},"properties":{"name":"beograd · Лав и Жабац","description":"description: Детские книги Не сеть Категория: Магазины Каталог: https://srb.guide/map/beograd-лав-и-жабац-c13e2cd3e6fc Гугл ссылка: https://www.google.com/maps/search/?api=1&query=44.821189,20.455816&query_place_id=ChIJTyesWABlWkcREitKO6W2elM Рейтинг: 5.0"}},{"type":"Feature","geometry":{"type":"Point","coordinates":[20.468266,44.818687]},"properties":{"name":"beograd · Руска радња","description":"description: Русские продукты Сеть: RusMarket Категория: Магазины Каталог: https://srb.guide/map/beograd-руска-радња-770dab1e939a Гугл ссылка: https://www.google.com/maps/search/?api=1&query=44.818687,20.468266&query_place_id=ChIJ4xqEcUN7WkcRTGA_jxZGPqk Рейтинг: 3.8"}},{"type":"Feature","geometry":{"type":"Point","coordinates":[20.380409,44.823032]},"properties":{"name":"beograd · Светофор","description":"description: Сеть: Svetofor Категория: Магазины Каталог: https://srb.guide/map/beograd-светофор-e3f7ca2234d0 Гугл ссылка: https://www.google.com/maps/search/?api=1&query=44.823032,20.380409&query_place_id=ChIJ3c0psnJlWkcRFaLLTTwINkA Рейтинг: 4.1"}},{"type":"Feature","geometry":{"type":"Point","coordinates":[20.473555,44.792892]},"properties":{"name":"beograd · Act Sport Studio","description":"description: Фитнес студия Не сеть Категория: Спорт Каталог: https://srb.guide/map/beograd-act-sport-studio-4612ccba3ba2 Гугл ссылка: https://www.google.com/maps/search/?api=1&query=44.792892,20.473555&query_place_id=ChIJqwyII6xxWkcRnLNr6zQIwWo Рейтинг:"}},{"type":"Feature","geometry":{"type":"Point","coordinates":[19.227468,44.53995]},"properties":{"name":"loznica · SVETOFOR","description":"description: Сеть: Svetofor Категория: Магазины Каталог: https://srb.guide/map/loznica-svetofor-44629917faed Гугл ссылка: https://www.google.com/maps/search/?api=1&query=44.53995,19.227468&query_place_id=ChIJA2wFBwBhWUcRrNtv2vNQ5aY Рейтинг:"}},{"type":"Feature","geometry":{"type":"Point","coordinates":[21.92389,43.31222]},"properties":{"name":"nis · Челе-Кула","description":"description: Башня из черепов — памятник восстанию 1809 года. Не сеть Категория: Развлечения Каталог: https://srb.guide/map/cele-kula Гугл ссылка: https://www.google.com/maps/search/?api=1&query=43.31222,21.92389 Рейтинг:"}},{"type":"Feature","geometry":{"type":"Point","coordinates":[19.842201,45.250822]},"properties":{"name":"novi-sad · Arena Pub","description":"description: Не сеть Категория: Бары Каталог: https://srb.guide/map/novi-sad-arena-pub-f57a8d132677 Гугл ссылка: https://www.google.com/maps/search/?api=1&query=45.250822,19.842201&query_place_id=ChIJv1O6PgIRW0cRBlWt_cLxwx0 Рейтинг: 4.9"}},{"type":"Feature","geometry":{"type":"Point","coordinates":[19.848095,45.255624]},"properties":{"name":"novi-sad · BUNKER KARAOKE","description":"description: Не сеть Категория: Бары Каталог: https://srb.guide/map/novi-sad-bunker-karaoke-1d428002c89b Гугл ссылка: https://www.google.com/maps/search/?api=1&query=45.255624,19.848095&query_place_id=ChIJVytYgEwRW0cRH4Kmv8R78aw Рейтинг: 4.8"}},{"type":"Feature","geometry":{"type":"Point","coordinates":[19.825285,45.24225]},"properties":{"name":"novi-sad · Bruno bar","description":"description: Сеть: Bruno bar Категория: Бары Каталог: https://srb.guide/map/novi-sad-bruno-bar-237ea1cc913f Гугл ссылка: https://www.google.com/maps/search/?api=1&query=45.24225,19.825285&query_place_id=ChIJbzBmMPQRW0cR3I0xtPriDmY Рейтинг: 4.9"}},{"type":"Feature","geometry":{"type":"Point","coordinates":[19.851246,45.257751]},"properties":{"name":"novi-sad · Chester Smoke Bar","description":"description: Не сеть Категория: Бары Каталог: https://srb.guide/map/novi-sad-chester-smoke-bar-14fe0bb8e7be Гугл ссылка: https://www.google.com/maps/search/?api=1&query=45.257751,19.851246&query_place_id=ChIJz-Qi3VkRW0cR-hnYjv6lXzY Рейтинг: 5.0"}},{"type":"Feature","geometry":{"type":"Point","coordinates":[19.842496,45.243237]},"properties":{"name":"novi-sad · KIK PUB (Kugla i Krigla)","description":"description: KIK PUB (Kugla i Krigla). Арт-паб, с русским бильярдом. Спортивные трансляции, концерты, караоке. Не сеть Категория: Бары Каталог: https://srb.guide/map/novi-sad-kik-pub-kugla-i-krigla-183f98882a38 Гугл ссылка: https://www.google.com/maps/search/?api=1&query=45.243237,19.842496&query_place_id=ChIJ8f13MuYRW0cR0VEdPRujKNM Рейтинг: 4.9"}},{"type":"Feature","geometry":{"type":"Point","coordinates":[19.842313,45.259203]},"properties":{"name":"novi-sad · Muar Lounge Nargila&Bar","description":"description: Не сеть Категория: Бары Каталог: https://srb.guide/map/novi-sad-muar-lounge-nargila-bar-3b189b999113 Гугл ссылка: https://www.google.com/maps/search/?api=1&query=45.259203,19.842313&query_place_id=ChIJxzHFWgARW0cRjDF6LE2q6LA Рейтинг: 4.4"}},{"type":"Feature","geometry":{"type":"Point","coordinates":[19.849965,45.256237]},"properties":{"name":"novi-sad · Nomad Bar","description":"description: Не сеть Категория: Бары Каталог: https://srb.guide/map/novi-sad-nomad-bar-5e46c1a90f08 Гугл ссылка: https://www.google.com/maps/search/?api=1&query=45.256237,19.849965&query_place_id=ChIJsTsu9DYRW0cRWuDWv2QtmhE Рейтинг:"}},{"type":"Feature","geometry":{"type":"Point","coordinates":[19.845964,45.256554]},"properties":{"name":"novi-sad · Ray bar","description":"description: Не сеть Категория: Бары Каталог: https://srb.guide/map/novi-sad-ray-bar-f2f6dd1fa536 Гугл ссылка: https://www.google.com/maps/search/?api=1&query=45.256554,19.845964&query_place_id=ChIJuUEsoTYRW0cRun9Vtfuq0Co Рейтинг: 4.9"}},{"type":"Feature","geometry":{"type":"Point","coordinates":[19.845932,45.255815]},"properties":{"name":"novi-sad · Sobaka s rukoj","description":"description: Коктель бар Не сеть Категория: Бары Каталог: https://srb.guide/map/novi-sad-sobaka-s-rukoj-0069e7678211 Гугл ссылка: https://www.google.com/maps/search/?api=1&query=45.255815,19.845932&query_place_id=ChIJaW--r-cRW0cRWrHGlFqTK68 Рейтинг: 4.5"}},{"type":"Feature","geometry":{"type":"Point","coordinates":[19.841006,45.252057]},"properties":{"name":"novi-sad · TEPLICA","description":"description: Винный бар Teplica Не сеть Категория: Бары Каталог: https://srb.guide/map/novi-sad-teplica-727dcb62c3df Гугл ссылка: https://www.google.com/maps/search/?api=1&query=45.252057,19.841006&query_place_id=ChIJ4ehWl28RW0cRtraP9w7wWXk Рейтинг:"}},{"type":"Feature","geometry":{"type":"Point","coordinates":[19.824903,45.244607]},"properties":{"name":"novi-sad · Barber Men & Women","description":"description: Не сеть Категория: Красота Каталог: https://srb.guide/map/novi-sad-barber-men-women-9a31841e760e Гугл ссылка: https://www.google.com/maps/search/?api=1&query=45.244607,19.824903&query_place_id=ChIJg-Vf9wPl7WERsImsdfj0Eis Рейтинг: 4.8"}},{"type":"Feature","geometry":{"type":"Point","coordinates":[19.84251,45.259633]},"properties":{"name":"novi-sad · DN Nail Studio by Natalija Dunaeva","description":"description: Не сеть Категория: Красота Каталог: https://srb.guide/map/novi-sad-dn-nail-studio-by-natalija-dunaeva-c2b0d11587ce Гугл ссылка: https://www.google.com/maps/search/?api=1&query=45.259633,19.84251&query_place_id=ChIJF2p3FJcbW0cRZY_D4ACFiXQ Рейтинг: 4.8"}},{"type":"Feature","geometry":{"type":"Point","coordinates":[19.840639,45.251135]},"properties":{"name":"novi-sad · Happy Time","description":"description: салон красоты Не сеть Категория: Красота Каталог: https://srb.guide/map/novi-sad-happy-time-1c9a36e8c888 Гугл ссылка: https://www.google.com/maps/search/?api=1&query=45.251135,19.840639&query_place_id=ChIJDS3szrMRW0cRL7x_QzBp4Sw Рейтинг:"}},{"type":"Feature","geometry":{"type":"Point","coordinates":[19.837295,45.258457]},"properties":{"name":"novi-sad · LUNALIA","description":"description: Не сеть Категория: Красота Каталог: https://srb.guide/map/novi-sad-lunalia-aeffb5203e7c Гугл ссылка: https://www.google.com/maps/search/?api=1&query=45.258457,19.837295&query_place_id=ChIJpzrWLcgRW0cRl8_Dh7q5o8s Рейтинг: 4.8"}},{"type":"Feature","geometry":{"type":"Point","coordinates":[19.853608,45.261444]},"properties":{"name":"novi-sad · La Zorro kozmetički salon","description":"description: Не сеть Категория: Красота Каталог: https://srb.guide/map/novi-sad-la-zorro-kozmetički-salon-ae98fb58e51f Гугл ссылка: https://www.google.com/maps/search/?api=1&query=45.261444,19.853608&query_place_id=ChIJNTQWBgARW0cRuZEjv0YTCKQ Рейтинг: 5.0"}},{"type":"Feature","geometry":{"type":"Point","coordinates":[19.84213,45.259552]},"properties":{"name":"novi-sad · Lenore Beauty","description":"description: Не сеть Категория: Красота Каталог: https://srb.guide/map/novi-sad-lenore-beauty-c1c53400859b Гугл ссылка: https://www.google.com/maps/search/?api=1&query=45.259552,19.84213&query_place_id=ChIJSQ9-91MRW0cR01aK_v6wbP0 Рейтинг:"}},{"type":"Feature","geometry":{"type":"Point","coordinates":[19.835865,45.260312]},"properties":{"name":"novi-sad · Pastel Frizerski salon","description":"description: Студия колористики Специализирующаяся на окрашивании волос. Не сеть Категория: Красота Каталог: https://srb.guide/map/novi-sad-pastel-frizerski-salon-95d539014580 Гугл ссылка: https://www.google.com/maps/search/?api=1&query=45.260312,19.835865&query_place_id=ChIJoZrX8NERW0cR9PUKBrrBDpU Рейтинг: 5.0"}},{"type":"Feature","geometry":{"type":"Point","coordinates":[19.830893,45.246012]},"properties":{"name":"novi-sad · ProBalance Massage","description":"description: Не сеть Категория: Красота Каталог: https://srb.guide/map/novi-sad-probalance-massage-47a76f6a7e8b Гугл ссылка: https://www.google.com/maps/search/?api=1&query=45.246012,19.830893&query_place_id=ChIJh0ss8-ZIHSIRUA015i1daw8 Рейтинг: 5.0"}},{"type":"Feature","geometry":{"type":"Point","coordinates":[19.834893,45.246277]},"properties":{"name":"novi-sad · ProBalance Studio - Yoga studio","description":"description: Yoga studio Не сеть Категория: Красота Каталог: https://srb.guide/map/novi-sad-probalance-studio-yoga-studio-e3cdf40e1ae6 Гугл ссылка: https://www.google.com/maps/search/?api=1&query=45.246277,19.834893&query_place_id=ChIJH1qxIp8RW0cRkDNwTAcN7xg Рейтинг: 5.0"}},{"type":"Feature","geometry":{"type":"Point","coordinates":[19.844443,45.251433]},"properties":{"name":"novi-sad · Russian Yoga Studio Novi Sad","description":"description: студия йоги, массажа и ушу Не сеть Категория: Красота Каталог: https://srb.guide/map/novi-sad-russian-yoga-studio-novi-sad-3a2cb0baa5ba Гугл ссылка: https://www.google.com/maps/search/?api=1&query=45.251433,19.844443&query_place_id=ChIJIRpZ4rIRW0cRQqWp8tmrpw0 Рейтинг: 5.0"}},{"type":"Feature","geometry":{"type":"Point","coordinates":[19.842708,45.260092]},"properties":{"name":"novi-sad · Salon lepote IRA","description":"description: Не сеть Категория: Красота Каталог: https://srb.guide/map/novi-sad-salon-lepote-ira-32709f7635d7 Гугл ссылка: https://www.google.com/maps/search/?api=1&query=45.260092,19.842708&query_place_id=ChIJ1ThvUQARW0cRfPob-WQEucw Рейтинг: 4.9"}},{"type":"Feature","geometry":{"type":"Point","coordinates":[19.830984,45.246129]},"properties":{"name":"novi-sad · TakeCare","description":"description: студия восстановления (реабилитации) Не сеть Категория: Красота Каталог: https://srb.guide/map/novi-sad-takecare-1a0555f339c3 Гугл ссылка: https://www.google.com/maps/search/?api=1&query=45.246129,19.830984&query_place_id=ChIJi8RKTpARW0cRNyYbPsHRa2M Рейтинг: 5.0"}},{"type":"Feature","geometry":{"type":"Point","coordinates":[19.816032,45.258565]},"properties":{"name":"novi-sad · Timeless beauty","description":"description: Не сеть Категория: Красота Каталог: https://srb.guide/map/novi-sad-timeless-beauty-3681a3d84df6 Гугл ссылка: https://www.google.com/maps/search/?api=1&query=45.258565,19.816032&query_place_id=ChIJzwvhT7Cv-aYRmIopwDgt8ck Рейтинг: 4.8"}},{"type":"Feature","geometry":{"type":"Point","coordinates":[19.836859,45.249242]},"properties":{"name":"novi-sad · Bananalama","description":"description: Клуб для детей https://www.bananalama.ru/ Не сеть Категория: Дети Каталог: https://srb.guide/map/novi-sad-bananalama-2ebda68b0785 Гугл ссылка: https://www.google.com/maps/search/?api=1&query=45.249242,19.836859&query_place_id=ChIJf8LeLRURW0cRBXo9Hybp9UY Рейтинг:"}},{"type":"Feature","geometry":{"type":"Point","coordinates":[19.836696,45.251411]},"properties":{"name":"novi-sad · Dolphin School","description":"description: It-школа Dolphin Не сеть Категория: Дети Каталог: https://srb.guide/map/novi-sad-dolphin-school-073ac6b822d8 Гугл ссылка: https://www.google.com/maps/search/?api=1&query=45.251411,19.836696&query_place_id=ChIJ2fRZ00ERW0cRttf7MCHZwbU Рейтинг: 5.0"}},{"type":"Feature","geometry":{"type":"Point","coordinates":[19.849088,45.256682]},"properties":{"name":"novi-sad · Art Most","description":"description: Художественная школа Не сеть Категория: Курсы и образование Каталог: https://srb.guide/map/novi-sad-art-most-41f1b3069c92 Гугл ссылка: https://www.google.com/maps/search/?api=1&query=45.256682,19.849088&query_place_id=ChIJpeKZKroRW0cRmDKAaVTTtQc Рейтинг: 5.0"}},{"type":"Feature","geometry":{"type":"Point","coordinates":[19.825201,45.248647]},"properties":{"name":"novi-sad · Clever International School","description":"description: Частная школа https://novi-sad.cleveris.org/ Не сеть Категория: Курсы и образование Каталог: https://srb.guide/map/novi-sad-clever-international-school-e8f19936b4e5 Гугл ссылка: https://www.google.com/maps/search/?api=1&query=45.248647,19.825201&query_place_id=ChIJe0lBoNUPW0cROEloIVL9gPA Рейтинг: 4.9"}},{"type":"Feature","geometry":{"type":"Point","coordinates":[19.835195,45.258721]},"properties":{"name":"novi-sad · Karakulya","description":"description: Студия творчества Не сеть Категория: Курсы и образование Каталог: https://srb.guide/map/novi-sad-karakulya-a4378e493943 Гугл ссылка: https://www.google.com/maps/search/?api=1&query=45.258721,19.835195&query_place_id=ChIJdVryZfkRW0cR1kYWaQ5pfog Рейтинг: 5.0"}},{"type":"Feature","geometry":{"type":"Point","coordinates":[19.834356,45.270932]},"properties":{"name":"novi-sad · Nova Kuča — Русская начальная школа \"Новый дом\"","description":"description: Не сеть Категория: Курсы и образование Каталог: https://srb.guide/map/novi-sad-nova-kuča-русская-начальная-школа-новый-дом-2adb228e72a4 Гугл ссылка: https://www.google.com/maps/search/?api=1&query=45.270932,19.834356&query_place_id=ChIJgckaxmERW0cRTR64aBC16ZU Рейтинг: 5.0"}},{"type":"Feature","geometry":{"type":"Point","coordinates":[19.842322,45.251936]},"properties":{"name":"novi-sad · Serbian language school SmartLab","description":"description: Не сеть Категория: Курсы и образование Каталог: https://srb.guide/map/novi-sad-serbian-language-school-smartlab-939797d59bbe Гугл ссылка: https://www.google.com/maps/search/?api=1&query=45.251936,19.842322&query_place_id=ChIJV5Xd4MURW0cRy_gst2YQe-4 Рейтинг:"}},{"type":"Feature","geometry":{"type":"Point","coordinates":[19.847179,45.258365]},"properties":{"name":"novi-sad · SmartFuture","description":"description: Образовательный кластер для русскоязычных детей в Нови Саде https://telegra.ph/SmartFuture--Obrazovatelnyj-klaster-dlya-russkoyazychnyh-detej-v-Novi-Sade-10-25 Не сеть Категория: Курсы и образование Каталог: https://srb.guide/map/novi-sad-smartfuture-6977517e4801 Гугл ссылка: https://www.google.com/maps/search/?api=1&query=45.258365,19.847179&query_place_id=ChIJoYHpcj0RW0cRQUT-TSIUrEk Рейтинг: 5.0"}},{"type":"Feature","geometry":{"type":"Point","coordinates":[19.835172,45.25405]},"properties":{"name":"novi-sad · iSchool","description":"description: Детская школа ISchool Не сеть Категория: Курсы и образование Каталог: https://srb.guide/map/novi-sad-ischool-0219b81bd127 Гугл ссылка: https://www.google.com/maps/search/?api=1&query=45.25405,19.835172&query_place_id=ChIJZ5Rjbq4RW0cRdvOAYNCOf5U Рейтинг: 5.0"}},{"type":"Feature","geometry":{"type":"Point","coordinates":[19.845918,45.256574]},"properties":{"name":"novi-sad · Часть Речи — культурно-образовательный центр","description":"description: Не сеть Категория: Курсы и образование Каталог: https://srb.guide/map/novi-sad-часть-речи-культурно-образовательный-центр-7717706f92bb Гугл ссылка: https://www.google.com/maps/search/?api=1&query=45.256574,19.845918&query_place_id=ChIJg0aNZgARW0cRckSbmGPmYTs Рейтинг: 5.0"}},{"type":"Feature","geometry":{"type":"Point","coordinates":[19.838171,45.250713]},"properties":{"name":"novi-sad · NS TECH","description":"description: Не сеть Категория: Электроника Каталог: https://srb.guide/map/ns-tech-novi-sad Гугл ссылка: https://www.google.com/maps/search/?api=1&query=45.2507128,19.8381705 Рейтинг:"}},{"type":"Feature","geometry":{"type":"Point","coordinates":[19.848863,45.258368]},"properties":{"name":"novi-sad · Reparo","description":"description: Мастерская по ремонту смартфонов, планшетов, ноутбуков, компьютеров и многой другой электроники Соц сети: https://www.instagram.com/reparo.rs/ https://reparo.rs Наши контакты: +381614382387 https://t.me/Reparo_rs radionicaserbia@gmail.com Не сеть Категория: Электроника Каталог: https://srb.guide/map/novi-sad-reparo-fa3b6585f9ed Гугл ссылка: https://www.google.com/maps/search/?api=1&query=45.258368,19.848863&query_place_id=ChIJLUzTLC4RW0cRkz_qoHzAWKA Рейтинг:"}},{"type":"Feature","geometry":{"type":"Point","coordinates":[19.831589,45.262536]},"properties":{"name":"novi-sad · Ruski servis Fastrestore","description":"description: Сервис по ремонту компьютерной и мобильной техники Не сеть Категория: Электроника Каталог: https://srb.guide/map/novi-sad-ruski-servis-fastrestore-e8676fa06bda Гугл ссылка: https://www.google.com/maps/search/?api=1&query=45.262536,19.831589&query_place_id=ChIJ-WAVuGYRW0cRou02jxW_ZWU Рейтинг:"}},{"type":"Feature","geometry":{"type":"Point","coordinates":[19.841301,45.252286]},"properties":{"name":"novi-sad · Boardcats","description":"description: антикафе Не сеть Категория: Развлечения Каталог: https://srb.guide/map/novi-sad-boardcats-86c9bb6a88f7 Гугл ссылка: https://www.google.com/maps/search/?api=1&query=45.252286,19.841301&query_place_id=ChIJ_9hSkzERW0cRekqluSE55Ds Рейтинг:"}},{"type":"Feature","geometry":{"type":"Point","coordinates":[19.847173,45.250228]},"properties":{"name":"novi-sad · Colizeum","description":"description: Computer club Не сеть Категория: Развлечения Каталог: https://srb.guide/map/novi-sad-colizeum-ea72efb83e54 Гугл ссылка: https://www.google.com/maps/search/?api=1&query=45.250228,19.847173&query_place_id=ChIJMR-DF7gRW0cRB4thW4QiTaU Рейтинг: 4.5"}},{"type":"Feature","geometry":{"type":"Point","coordinates":[19.84973,45.248325]},"properties":{"name":"novi-sad · DayDream photostudio","description":"description: фотостудия Не сеть Категория: Развлечения Каталог: https://srb.guide/map/novi-sad-daydream-photostudio-40d24ddb8e78 Гугл ссылка: https://www.google.com/maps/search/?api=1&query=45.248325,19.84973&query_place_id=ChIJhy4fbKURW0cRuqhIlHt5FZo Рейтинг:"}},{"type":"Feature","geometry":{"type":"Point","coordinates":[19.835189,45.254627]},"properties":{"name":"novi-sad · VapeMe - vape shop Elektronske Cigarete Papiroska Novi Sad","description":"description: Сеть: VapeMe Категория: Развлечения Каталог: https://srb.guide/map/beograd-vapeme-vape-shop-elektronske-cigarete-papiroska-novi-sad-aec01cc172bf Гугл ссылка: https://www.google.com/maps/search/?api=1&query=45.254627,19.835189&query_place_id=ChIJt5LWESQRW0cRwX_h37hnHxY Рейтинг: 4.3"}},{"type":"Feature","geometry":{"type":"Point","coordinates":[19.849777,45.256586]},"properties":{"name":"novi-sad · Приди в Себя","description":"description: антикафе/игротека Не сеть Категория: Развлечения Каталог: https://srb.guide/map/novi-sad-приди-в-себя-caf9857a00d9 Гугл ссылка: https://www.google.com/maps/search/?api=1&query=45.256586,19.849777&query_place_id=ChIJBSYJO7YRW0cRD1RJNrZUB5I Рейтинг: 4.8"}},{"type":"Feature","geometry":{"type":"Point","coordinates":[19.840472,45.248169]},"properties":{"name":"novi-sad · Alisa","description":"description: Кондитерская Сеть: Alisa Категория: Кафе и рестораны Каталог: https://srb.guide/map/novi-sad-alisa-48b5645741d7 Гугл ссылка: https://www.google.com/maps/search/?api=1&query=45.248169,19.840472&query_place_id=ChIJPUIiK8ERW0cRJ7LfQsFbMk0 Рейтинг: 4.7"}},{"type":"Feature","geometry":{"type":"Point","coordinates":[19.824986,45.243467]},"properties":{"name":"novi-sad · Babushka European Deli","description":"description: Пекарня Не сеть Категория: Кафе и рестораны Каталог: https://srb.guide/map/novi-sad-babushka-european-deli-412e9607ca9c Гугл ссылка: https://www.google.com/maps/search/?api=1&query=45.243467,19.824986&query_place_id=ChIJad2A1RQRW0cRlTW4eqPUMu8 Рейтинг: 4.8"}},{"type":"Feature","geometry":{"type":"Point","coordinates":[19.841722,45.250948]},"properties":{"name":"novi-sad · Blinok","description":"description: Сеть: Blinok Категория: Кафе и рестораны Каталог: https://srb.guide/map/novi-sad-blinok-0d12589b138b Гугл ссылка: https://www.google.com/maps/search/?api=1&query=45.250948,19.841722&query_place_id=ChIJV0VXUwARW0cRO19a_ltwPVM Рейтинг: 4.1"}},{"type":"Feature","geometry":{"type":"Point","coordinates":[19.831165,45.261675]},"properties":{"name":"novi-sad · CHEWS","description":"description: Фастфуд Не сеть Категория: Кафе и рестораны Каталог: https://srb.guide/map/novi-sad-chews-a7afb0ff8f6d Гугл ссылка: https://www.google.com/maps/search/?api=1&query=45.261675,19.831165&query_place_id=ChIJS6T_ONYRW0cRMkozxqudzhk Рейтинг: 4.7"}},{"type":"Feature","geometry":{"type":"Point","coordinates":[19.843122,45.260004]},"properties":{"name":"novi-sad · Coffee Corner","description":"description: Кофе и десерты Не сеть Категория: Кафе и рестораны Каталог: https://srb.guide/map/novi-sad-coffee-corner-a1beb659497d Гугл ссылка: https://www.google.com/maps/search/?api=1&query=45.260004,19.843122&query_place_id=ChIJzaaTCV0QW0cR3cHmW88cH-o Рейтинг: 4.6"}},{"type":"Feature","geometry":{"type":"Point","coordinates":[19.834065,45.250641]},"properties":{"name":"novi-sad · CoffeeRide","description":"description: Не сеть Категория: Кафе и рестораны Каталог: https://srb.guide/map/novi-sad-coffeeride-71c3ead7752f Гугл ссылка: https://www.google.com/maps/search/?api=1&query=45.250641,19.834065&query_place_id=ChIJF_FAi-sRW0cRPnrSy5xIHEw Рейтинг: 4.7"}},{"type":"Feature","geometry":{"type":"Point","coordinates":[19.83867,45.249797]},"properties":{"name":"novi-sad · Dodo pizza","description":"description: Сеть: Dodo Pizza Категория: Кафе и рестораны Каталог: https://srb.guide/map/novi-sad-dodo-pizza-854d9b6bff5d Гугл ссылка: https://www.google.com/maps/search/?api=1&query=45.249797,19.83867&query_place_id=ChIJP9YtcQARW0cRN_beDihI9uc Рейтинг: 4.6"}},{"type":"Feature","geometry":{"type":"Point","coordinates":[19.840445,45.253544]},"properties":{"name":"novi-sad · Drago mi je","description":"description: кофейня Не сеть Категория: Кафе и рестораны Каталог: https://srb.guide/map/novi-sad-drago-mi-je-dd628a3644ed Гугл ссылка: https://www.google.com/maps/search/?api=1&query=45.253544,19.840445&query_place_id=ChIJZ4IMeQARW0cR6ptYRVMQ7sI Рейтинг: 4.7"}},{"type":"Feature","geometry":{"type":"Point","coordinates":[19.843429,45.256886]},"properties":{"name":"novi-sad · Filipenko Coffee Bar","description":"description: Не сеть Категория: Кафе и рестораны Каталог: https://srb.guide/map/novi-sad-filipenko-coffee-bar-bd2ced700492 Гугл ссылка: https://www.google.com/maps/search/?api=1&query=45.256886,19.843429&query_place_id=ChIJ63RAPXMRW0cRlKK56FT0oig Рейтинг: 4.7"}},{"type":"Feature","geometry":{"type":"Point","coordinates":[19.849958,45.256164]},"properties":{"name":"novi-sad · Geo Grill","description":"description: Не сеть Категория: Кафе и рестораны Каталог: https://srb.guide/map/novi-sad-geo-grill-b39f7f914026 Гугл ссылка: https://www.google.com/maps/search/?api=1&query=45.256164,19.849958&query_place_id=ChIJPTyrdwARW0cR9qRb_yksClM Рейтинг:"}},{"type":"Feature","geometry":{"type":"Point","coordinates":[19.849871,45.256188]},"properties":{"name":"novi-sad · Ginger","description":"description: Не сеть Категория: Кафе и рестораны Каталог: https://srb.guide/map/novi-sad-ginger-14b86b62861d Гугл ссылка: https://www.google.com/maps/search/?api=1&query=45.256188,19.849871&query_place_id=ChIJTdvk59URW0cRuafBx-9h_vQ Рейтинг: 4.5"}},{"type":"Feature","geometry":{"type":"Point","coordinates":[19.850193,45.262717]},"properties":{"name":"novi-sad · Green House Coffee","description":"description: Не сеть Категория: Кафе и рестораны Каталог: https://srb.guide/map/novi-sad-green-house-coffee-1d38b050dec0 Гугл ссылка: https://www.google.com/maps/search/?api=1&query=45.262717,19.850193&query_place_id=ChIJFUj82-0RW0cRTYoe5lH2XZk Рейтинг: 4.5"}},{"type":"Feature","geometry":{"type":"Point","coordinates":[19.832968,45.248687]},"properties":{"name":"novi-sad · Kafeterija Kofilin - Кофейня Кофилин","description":"description: Сеть: Kafeterija Kofilin Категория: Кафе и рестораны Каталог: https://srb.guide/map/novi-sad-kafeterija-kofilin-кофейня-кофилин-150e9d619011 Гугл ссылка: https://www.google.com/maps/search/?api=1&query=45.248687,19.832968&query_place_id=ChIJu01GcJ8RW0cRKX-i4Me523s Рейтинг: 4.6"}},{"type":"Feature","geometry":{"type":"Point","coordinates":[19.850482,45.263556]},"properties":{"name":"novi-sad · Kjoto Restoran","description":"description: Суши Не сеть Категория: Кафе и рестораны Каталог: https://srb.guide/map/novi-sad-kjoto-restoran-3894be9bf160 Гугл ссылка: https://www.google.com/maps/search/?api=1&query=45.263556,19.850482&query_place_id=ChIJQyRNXgARW0cR8xD32Ls0PoI Рейтинг: 4.6"}},{"type":"Feature","geometry":{"type":"Point","coordinates":[19.841022,45.248274]},"properties":{"name":"novi-sad · Kofilin (Максима Горког)","description":"description: Сеть: Kafeterija Kofilin Категория: Кафе и рестораны Каталог: https://srb.guide/map/novi-sad-kofilin-максима-горког-044cc5928e53 Гугл ссылка: https://www.google.com/maps/search/?api=1&query=45.248274,19.841022&query_place_id=ChIJcX-MdCMRW0cRwS0pghcl35Q Рейтинг: 4.6"}},{"type":"Feature","geometry":{"type":"Point","coordinates":[19.843145,45.260772]},"properties":{"name":"novi-sad · Larks Cafe","description":"description: Сэндвичи, десерты, выпечка, кофе Не сеть Категория: Кафе и рестораны Каталог: https://srb.guide/map/novi-sad-larks-cafe-7e7bf42a40cc Гугл ссылка: https://www.google.com/maps/search/?api=1&query=45.260772,19.843145&query_place_id=ChIJ22TiOAARW0cRnbdx0G09VRQ Рейтинг: 4.6"}},{"type":"Feature","geometry":{"type":"Point","coordinates":[19.849164,45.255819]},"properties":{"name":"novi-sad · Le Bol","description":"description: Кафе Le Bol Не сеть Категория: Кафе и рестораны Каталог: https://srb.guide/map/novi-sad-le-bol-cd2591bec5dd Гугл ссылка: https://www.google.com/maps/search/?api=1&query=45.255819,19.849164&query_place_id=ChIJRyzqGRURW0cRL3g9AmZ8IXE Рейтинг: 4.2"}},{"type":"Feature","geometry":{"type":"Point","coordinates":[19.845409,45.256675]},"properties":{"name":"novi-sad · Lepo Lepim","description":"description: Пельменная Лепо лепим Не сеть Категория: Кафе и рестораны Каталог: https://srb.guide/map/novi-sad-lepo-lepim-a75bd2a1f3bb Гугл ссылка: https://www.google.com/maps/search/?api=1&query=45.256675,19.845409&query_place_id=ChIJLaZwoaQRW0cRjXk77RMLSgw Рейтинг: 5.0"}},{"type":"Feature","geometry":{"type":"Point","coordinates":[19.840044,45.254751]},"properties":{"name":"novi-sad · MAYBE COFFEE?","description":"description: Кофе и десерты Не сеть Категория: Кафе и рестораны Каталог: https://srb.guide/map/novi-sad-maybe-coffee-785b74bcbb5c Гугл ссылка: https://www.google.com/maps/search/?api=1&query=45.254751,19.840044&query_place_id=ChIJRZDBK-4RW0cRlZ_kSc9lG2M Рейтинг: 5.0"}},{"type":"Feature","geometry":{"type":"Point","coordinates":[19.833781,45.248878]},"properties":{"name":"novi-sad · Mandarin","description":"description: Кафе, десерты и выпечка Не сеть Категория: Кафе и рестораны Каталог: https://srb.guide/map/novi-sad-mandarin-7068f7e8ff7c Гугл ссылка: https://www.google.com/maps/search/?api=1&query=45.248878,19.833781&query_place_id=ChIJzUsuV2wRW0cRxZ_hbJW2mEY Рейтинг:"}},{"type":"Feature","geometry":{"type":"Point","coordinates":[19.825347,45.242338]},"properties":{"name":"novi-sad · Marosejka","description":"description: Гастробар Marosejka Не сеть Категория: Кафе и рестораны Каталог: https://srb.guide/map/novi-sad-marosejka-baa1e46e57ed Гугл ссылка: https://www.google.com/maps/search/?api=1&query=45.242338,19.825347&query_place_id=ChIJDRqJfzQRW0cRsqTpswDDEZA Рейтинг: 4.3"}},{"type":"Feature","geometry":{"type":"Point","coordinates":[19.842051,45.251757]},"properties":{"name":"novi-sad · Martin Kafa","description":"description: Кофе и десерты Не сеть Категория: Кафе и рестораны Каталог: https://srb.guide/map/novi-sad-martin-kafa-2e019a2ed58e Гугл ссылка: https://www.google.com/maps/search/?api=1&query=45.251757,19.842051&query_place_id=ChIJ971g2xIRW0cR61P4NMl5tDU Рейтинг: 4.8"}},{"type":"Feature","geometry":{"type":"Point","coordinates":[19.844962,45.256789]},"properties":{"name":"novi-sad · O'nigiri","description":"description: Есть классические роллы, так и онигири, суши-сендвичи и много еще Не сеть Категория: Кафе и рестораны Каталог: https://srb.guide/map/novi-sad-o-nigiri-252eb76e10c1 Гугл ссылка: https://www.google.com/maps/search/?api=1&query=45.256789,19.844962&query_place_id=ChIJaxzpCMwRW0cRmy87K82Ctd0 Рейтинг: 4.3"}},{"type":"Feature","geometry":{"type":"Point","coordinates":[19.841428,45.256698]},"properties":{"name":"novi-sad · Poseti Osetiju","description":"description: осетинские пироги Не сеть Категория: Кафе и рестораны Каталог: https://srb.guide/map/novi-sad-poseti-osetiju-d735b61add40 Гугл ссылка: https://www.google.com/maps/search/?api=1&query=45.256698,19.841428&query_place_id=ChIJN_-gxL4RW0cRi-80g_NUdDw Рейтинг: 4.7"}},{"type":"Feature","geometry":{"type":"Point","coordinates":[19.845473,45.256517]},"properties":{"name":"novi-sad · Quick Duck palačinkarnica","description":"description: Не сеть Категория: Кафе и рестораны Каталог: https://srb.guide/map/novi-sad-quick-duck-palačinkarnica-4efa5494c607 Гугл ссылка: https://www.google.com/maps/search/?api=1&query=45.256517,19.845473&query_place_id=ChIJD4cSIQARW0cRrthHip9JDFM Рейтинг: 4.8"}},{"type":"Feature","geometry":{"type":"Point","coordinates":[19.8103,45.260985]},"properties":{"name":"novi-sad · Raf Cafe","description":"description: https://www.instagram.com/raf_cafe Завтраки, обеды, кофе, чай Не сеть Категория: Кафе и рестораны Каталог: https://srb.guide/map/novi-sad-raf-cafe-5eedace770df Гугл ссылка: https://www.google.com/maps/search/?api=1&query=45.260985,19.8103&query_place_id=ChIJfZEgXdkRW0cRtiuF0kI-Wk8 Рейтинг: 4.7"}},{"type":"Feature","geometry":{"type":"Point","coordinates":[19.844042,45.265998]},"properties":{"name":"novi-sad · STROGANOV FAMILY","description":"description: Сеть: Stroganov Family Категория: Кафе и рестораны Каталог: https://srb.guide/map/novi-sad-stroganov-family-0e0b9aaa7bed Гугл ссылка: https://www.google.com/maps/search/?api=1&query=45.265998,19.844042&query_place_id=ChIJvTq99AURW0cRBSLqduW9Y6Y Рейтинг: 4.1"}},{"type":"Feature","geometry":{"type":"Point","coordinates":[19.838267,45.257971]},"properties":{"name":"novi-sad · Seal&Tea","description":"description: Чайхана Seal&Tea Не сеть Категория: Кафе и рестораны Каталог: https://srb.guide/map/novi-sad-seal-tea-6b7437c4d704 Гугл ссылка: https://www.google.com/maps/search/?api=1&query=45.257971,19.838267&query_place_id=ChIJNXsVu_QRW0cRPYDKqK3dN7s Рейтинг: 4.9"}},{"type":"Feature","geometry":{"type":"Point","coordinates":[19.811258,45.257743]},"properties":{"name":"novi-sad · Sushi.Me","description":"description: Не сеть Категория: Кафе и рестораны Каталог: https://srb.guide/map/sushi-me-novi-sad Гугл ссылка: https://www.google.com/maps/search/?api=1&query=45.2577426,19.8112577 Рейтинг: 4.6"}},{"type":"Feature","geometry":{"type":"Point","coordinates":[19.840357,45.249896]},"properties":{"name":"novi-sad · The Kuhinja","description":"description: Кухиня - чайхана, плов, шашлыки Не сеть Категория: Кафе и рестораны Каталог: https://srb.guide/map/novi-sad-the-kuhinja-64dde98c10af Гугл ссылка: https://www.google.com/maps/search/?api=1&query=45.249896,19.840357&query_place_id=ChIJT4lEX9QRW0cRMu4xTeI_-Jc Рейтинг:"}},{"type":"Feature","geometry":{"type":"Point","coordinates":[19.833311,45.247097]},"properties":{"name":"novi-sad · Tischler tobacco & coffee","description":"description: Не сеть Категория: Кафе и рестораны Каталог: https://srb.guide/map/novi-sad-tischler-tobacco-coffee-4ab57f705d1f Гугл ссылка: https://www.google.com/maps/search/?api=1&query=45.247097,19.833311&query_place_id=ChIJLSWM6g4RW0cRNZCRk1EkvZ8 Рейтинг:"}},{"type":"Feature","geometry":{"type":"Point","coordinates":[19.84755,45.2574]},"properties":{"name":"novi-sad · Tokio Sushi","description":"description: Не сеть Категория: Кафе и рестораны Каталог: https://srb.guide/map/novi-sad-tokio-sushi-36bea5e8c410 Гугл ссылка: https://www.google.com/maps/search/?api=1&query=45.2574,19.84755&query_place_id=ChIJ34LiQS0RW0cRnq1BO4vB05c Рейтинг: 4.7"}},{"type":"Feature","geometry":{"type":"Point","coordinates":[19.835333,45.245828]},"properties":{"name":"novi-sad · TurboWok","description":"description: Не сеть Категория: Кафе и рестораны Каталог: https://srb.guide/map/turbowok-novi-sad Гугл ссылка: https://www.google.com/maps/search/?api=1&query=45.2458277,19.8353328 Рейтинг:"}},{"type":"Feature","geometry":{"type":"Point","coordinates":[19.837918,45.257752]},"properties":{"name":"novi-sad · Yume Sushi","description":"description: Не сеть Категория: Кафе и рестораны Каталог: https://srb.guide/map/novi-sad-yume-sushi-c0ee116a47a0 Гугл ссылка: https://www.google.com/maps/search/?api=1&query=45.257752,19.837918&query_place_id=ChIJTQFuKl4RW0cRo8SXLVQ5cqM Рейтинг: 4.6"}},{"type":"Feature","geometry":{"type":"Point","coordinates":[19.837124,45.25693]},"properties":{"name":"novi-sad · Тихо и тепло","description":"description: Кофейня Не сеть Категория: Кафе и рестораны Каталог: https://srb.guide/map/novi-sad-тихо-и-тепло-985745c92e59 Гугл ссылка: https://www.google.com/maps/search/?api=1&query=45.25693,19.837124&query_place_id=ChIJ5XVpcEMQW0cR01jUgLUbFgg Рейтинг: 4.8"}},{"type":"Feature","geometry":{"type":"Point","coordinates":[19.847536,45.256666]},"properties":{"name":"novi-sad · Шехерезада","description":"description: Мороженое Шехерезада Не сеть Категория: Кафе и рестораны Каталог: https://srb.guide/map/novi-sad-шехерезада-d46d091f330f Гугл ссылка: https://www.google.com/maps/search/?api=1&query=45.256666,19.847536&query_place_id=ChIJ4dHIjWgQW0cRoxc5w3yZDCw Рейтинг: 4.3"}},{"type":"Feature","geometry":{"type":"Point","coordinates":[19.772711,45.251557]},"properties":{"name":"novi-sad · Auto Servis RUSVA - remont trapa, motora i menjaca, autoelektricar","description":"description: Автосервис Не сеть Категория: Услуги и офисы Каталог: https://srb.guide/map/novi-sad-auto-servis-rusva-remont-trapa-motora-i-menjaca-autoelektricar-9c91f4d52403 Гугл ссылка: https://www.google.com/maps/search/?api=1&query=45.251557,19.772711&query_place_id=ChIJJe3aiyYbW0cR0YTJWJYpqaU Рейтинг:"}},{"type":"Feature","geometry":{"type":"Point","coordinates":[19.849067,45.264026]},"properties":{"name":"novi-sad · Caravan-Auto","description":"description: Автосервис. Прямо напротив магазина IDEA . Белые откатные ворота Не сеть Категория: Услуги и офисы Каталог: https://srb.guide/map/novi-sad-caravan-auto-5f64e8df47c6 Гугл ссылка: https://www.google.com/maps/search/?api=1&query=45.264026,19.849067&query_place_id=ChIJ_USO8I8RW0cRWkoU16Ws0Fo Рейтинг: 4.8"}},{"type":"Feature","geometry":{"type":"Point","coordinates":[19.847615,45.243842]},"properties":{"name":"novi-sad · Limun Coworking","description":"description: Коворкинг Есть помещения для работы (1200 динар разово, есть пакеты по 5/10/безлимит посещений и резерв столов) и виртуальный адрес (3200 в месяц, двенадцатый месяц бесплатно) Не сеть Категория: Услуги и офисы Каталог: https://srb.guide/map/novi-sad-limun-coworking-1928bae06f9f Гугл ссылка: https://www.google.com/maps/search/?api=1&query=45.243842,19.847615&query_place_id=ChIJk2yCPAARW0cRRBakS6wcDrs Рейтинг:"}},{"type":"Feature","geometry":{"type":"Point","coordinates":[19.837847,45.252554]},"properties":{"name":"novi-sad · Music studio “Tsoy center”","description":"description: Не сеть Категория: Услуги и офисы Каталог: https://srb.guide/map/novi-sad-music-studio-tsoy-center-f06683d04e21 Гугл ссылка: https://www.google.com/maps/search/?api=1&query=45.252554,19.837847&query_place_id=ChIJu2m8d0URW0cR_ftLopZu6IY Рейтинг: 4.9"}},{"type":"Feature","geometry":{"type":"Point","coordinates":[19.81595,45.241427]},"properties":{"name":"novi-sad · NEXT AUTO","description":"description: Телефон: 062 167 9845 BMW VAG CITROEN PEUGEOT MERCEDES OPEL Не сеть Категория: Услуги и офисы Каталог: https://srb.guide/map/novi-sad-next-auto-b12defa4b808 Гугл ссылка: https://www.google.com/maps/search/?api=1&query=45.241427,19.81595&query_place_id=ChIJ6SSG2NARW0cRDJvVjid3XpY Рейтинг: 4.9"}},{"type":"Feature","geometry":{"type":"Point","coordinates":[19.788475,45.235622]},"properties":{"name":"novi-sad · Paulin detailing","description":"description: детейлинг центр https://paulin.rs/ https://www.instagram.com/paulin_detailing?igsh=MTM0OTRqZ2lhcHFrcQ== Не сеть Категория: Услуги и офисы Каталог: https://srb.guide/map/novi-sad-paulin-detailing-109e81825642 Гугл ссылка: https://www.google.com/maps/search/?api=1&query=45.235622,19.788475&query_place_id=ChIJP5maJHIPW0cRGx2meDjeqvo Рейтинг: 5.0"}},{"type":"Feature","geometry":{"type":"Point","coordinates":[19.832328,45.250277]},"properties":{"name":"novi-sad · Желтая лампа, клуб по интересам","description":"description: Не сеть Категория: Услуги и офисы Каталог: https://srb.guide/map/novi-sad-желтая-лампа-клуб-по-интересам-62e391d7b4f8 Гугл ссылка: https://www.google.com/maps/search/?api=1&query=45.250277,19.832328&query_place_id=ChIJkRz4pkAQW0cRiv2qfd4g3nk Рейтинг: 4.6"}},{"type":"Feature","geometry":{"type":"Point","coordinates":[19.825344,45.242481]},"properties":{"name":"novi-sad · Armaly Bubble Tea","description":"description: Не сеть Категория: Магазины Каталог: https://srb.guide/map/novi-sad-armaly-bubble-tea-259ac2a511e7 Гугл ссылка: https://www.google.com/maps/search/?api=1&query=45.242481,19.825344&query_place_id=ChIJqUEmnRoRW0cRtBi8tAxHYjo Рейтинг: 5.0"}},{"type":"Feature","geometry":{"type":"Point","coordinates":[19.82533,45.242646]},"properties":{"name":"novi-sad · Miracle store","description":"description: Магазин подарков и сувениров Не сеть Категория: Магазины Каталог: https://srb.guide/map/novi-sad-miracle-store-a6e80e091ecc Гугл ссылка: https://www.google.com/maps/search/?api=1&query=45.242646,19.82533&query_place_id=ChIJSx9nO1ARW0cRWx4pKKma1A8 Рейтинг: 5.0"}},{"type":"Feature","geometry":{"type":"Point","coordinates":[19.815282,45.240497]},"properties":{"name":"novi-sad · Mix Markt","description":"description: Сеть: Mix Markt Категория: Магазины Каталог: https://srb.guide/map/novi-sad-mix-markt-efd9d8a7d2b3 Гугл ссылка: https://www.google.com/maps/search/?api=1&query=45.240497,19.815282&query_place_id=ChIJZatVJHy1XEcRXqKFaAcMKLM Рейтинг: 4.2"}},{"type":"Feature","geometry":{"type":"Point","coordinates":[19.836722,45.251256]},"properties":{"name":"novi-sad · Mix Markt","description":"description: Сеть: Mix Markt Категория: Магазины Каталог: https://srb.guide/map/novi-sad-mix-markt-b995262c7739 Гугл ссылка: https://www.google.com/maps/search/?api=1&query=45.251256,19.836722&query_place_id=ChIJj2h3SwARW0cRUIhzTW0E1a4 Рейтинг: 4.2"}},{"type":"Feature","geometry":{"type":"Point","coordinates":[19.825305,45.244983]},"properties":{"name":"novi-sad · Prva ruska kuhinja","description":"description: Русские продукты Не сеть Категория: Магазины Каталог: https://srb.guide/map/novi-sad-prva-ruska-kuhinja-2b290a228622 Гугл ссылка: https://www.google.com/maps/search/?api=1&query=45.244983,19.825305&query_place_id=ChIJaR8R5IIRW0cRAAwbWizzKtA Рейтинг: 4.4"}},{"type":"Feature","geometry":{"type":"Point","coordinates":[19.848684,45.255849]},"properties":{"name":"novi-sad · SalutSava","description":"description: Магазин керамики SalutSava Не сеть Категория: Магазины Каталог: https://srb.guide/map/novi-sad-salutsava-11ea94ccd18d Гугл ссылка: https://www.google.com/maps/search/?api=1&query=45.255849,19.848684&query_place_id=ChIJUzKOTZQv-gQRxHzYf4Ua0_Y Рейтинг: 5.0"}},{"type":"Feature","geometry":{"type":"Point","coordinates":[19.833899,45.305416]},"properties":{"name":"novi-sad · Svetofor","description":"description: Сеть: Svetofor Категория: Магазины Каталог: https://srb.guide/map/novi-sad-svetofor-6ab0f3988de1 Гугл ссылка: https://www.google.com/maps/search/?api=1&query=45.305416,19.833899&query_place_id=ChIJLypjvpIRW0cRcrPKIenjYaw Рейтинг: 3.9"}},{"type":"Feature","geometry":{"type":"Point","coordinates":[19.726816,45.237265]},"properties":{"name":"novi-sad · Svetofor Futog","description":"description: продуктовый Сеть: Svetofor Категория: Магазины Каталог: https://srb.guide/map/novi-sad-svetofor-futog-eb8753df0215 Гугл ссылка: https://www.google.com/maps/search/?api=1&query=45.237265,19.726816&query_place_id=ChIJ6T5QEfINW0cRMigGrl3EBAY Рейтинг: 4.0"}},{"type":"Feature","geometry":{"type":"Point","coordinates":[19.834825,45.247813]},"properties":{"name":"novi-sad · TRAVA","description":"description: Цветочный + кофейня Не сеть Категория: Магазины Каталог: https://srb.guide/map/novi-sad-trava-2c5357191503 Гугл ссылка: https://www.google.com/maps/search/?api=1&query=45.247813,19.834825&query_place_id=ChIJtx53NrARW0cRDFedX_uMXOc Рейтинг: 4.6"}},{"type":"Feature","geometry":{"type":"Point","coordinates":[19.840261,45.253478]},"properties":{"name":"novi-sad · Белая ворона","description":"description: книги на русском языке Не сеть Категория: Магазины Каталог: https://srb.guide/map/novi-sad-белая-ворона-163d35cafc30 Гугл ссылка: https://www.google.com/maps/search/?api=1&query=45.253478,19.840261&query_place_id=ChIJ9WsZAkIQW0cRAplK4YC73i8 Рейтинг:"}},{"type":"Feature","geometry":{"type":"Point","coordinates":[20.671767,44.869949]},"properties":{"name":"pancevo · Svetofor Pančevo","description":"description: Сеть: Svetofor Категория: Магазины Каталог: https://srb.guide/map/beograd-svetofor-pančevo-1f6bc78819bf Гугл ссылка: https://www.google.com/maps/search/?api=1&query=44.869949,20.671767&query_place_id=ChIJuQReaQB_WkcReJ9E_aWpGwg Рейтинг: 4.2"}},{"type":"Feature","geometry":{"type":"Point","coordinates":[19.713455,44.747624]},"properties":{"name":"ruma · Светофор","description":"description: Сеть: Svetofor Категория: Магазины Каталог: https://srb.guide/map/šabac-светофор-4e84bd536cbe Гугл ссылка: https://www.google.com/maps/search/?api=1&query=44.747624,19.713455&query_place_id=ChIJx7u0zePLW0cREMPQz0PN48s Рейтинг: 4.2"}},{"type":"Feature","geometry":{"type":"Point","coordinates":[19.232343,45.124583]},"properties":{"name":"sid · Svetofor","description":"description: Сеть: Svetofor Категория: Магазины Каталог: https://srb.guide/map/šid-svetofor-aafda49751fa Гугл ссылка: https://www.google.com/maps/search/?api=1&query=45.124583,19.232343&query_place_id=ChIJAdk6YACDW0cRnA5seTc6mwI Рейтинг: 4.4"}},{"type":"Feature","geometry":{"type":"Point","coordinates":[19.124027,45.762665]},"properties":{"name":"sombor · Food Station","description":"description: шаурма, кафе Не сеть Категория: Кафе и рестораны Каталог: https://srb.guide/map/sombor-food-station-19e53f41fd8e Гугл ссылка: https://www.google.com/maps/search/?api=1&query=45.762665,19.124027&query_place_id=ChIJjVOYIQC1XEcRa9M6OaYyvL0 Рейтинг:"}},{"type":"Feature","geometry":{"type":"Point","coordinates":[19.11202,45.771158]},"properties":{"name":"sombor · Pine Cafe","description":"description: кондитерская, кафе Не сеть Категория: Кафе и рестораны Каталог: https://srb.guide/map/sombor-pine-cafe-d48d420a8905 Гугл ссылка: https://www.google.com/maps/search/?api=1&query=45.771158,19.11202&query_place_id=ChIJmVfOtnu1XEcRf6Cy_uEUX9Y Рейтинг: 5.0"}},{"type":"Feature","geometry":{"type":"Point","coordinates":[19.114592,45.774145]},"properties":{"name":"sombor · RUSKA BILJNA APOTEKA","description":"description: аптека, лекарственные травы Не сеть Категория: Магазины Каталог: https://srb.guide/map/sombor-ruska-biljna-apoteka-f447f21defef Гугл ссылка: https://www.google.com/maps/search/?api=1&query=45.774145,19.114592&query_place_id=ChIJV5WNHxm1XEcR_9ThmJfUPBQ Рейтинг: 4.9"}},{"type":"Feature","geometry":{"type":"Point","coordinates":[19.11184,45.763862]},"properties":{"name":"sombor · Ruski Eliksir","description":"description: магазин чая, фитотерапия Не сеть Категория: Магазины Каталог: https://srb.guide/map/sombor-ruski-eliksir-352cae385a65 Гугл ссылка: https://www.google.com/maps/search/?api=1&query=45.763862,19.11184&query_place_id=ChIJ0a2Kb2S1XEcR4H0q9JH8Z6Y Рейтинг: 5.0"}},{"type":"Feature","geometry":{"type":"Point","coordinates":[19.128903,45.754224]},"properties":{"name":"sombor · SVETOFOR","description":"description: магазин продуктов Сеть: Svetofor Категория: Магазины Каталог: https://srb.guide/map/sombor-svetofor-6ca65b1e9c49 Гугл ссылка: https://www.google.com/maps/search/?api=1&query=45.754224,19.128903&query_place_id=ChIJOXI1a6W1XEcR-tgG0hG4X5w Рейтинг:"}},{"type":"Feature","geometry":{"type":"Point","coordinates":[19.140704,45.767999]},"properties":{"name":"sombor · Svetofor 2","description":"description: магазин продуктов Сеть: Svetofor Категория: Магазины Каталог: https://srb.guide/map/sombor-svetofor-2-bced74c3f134 Гугл ссылка: https://www.google.com/maps/search/?api=1&query=45.767999,19.140704&query_place_id=ChIJmYYvLgC1XEcR3PkLcPftvUQ Рейтинг: 4.5"}},{"type":"Feature","geometry":{"type":"Point","coordinates":[19.549787,45.007219]},"properties":{"name":"sremska-mitrovica · СВЕТОФОР","description":"description: Сеть: Svetofor Категория: Магазины Каталог: https://srb.guide/map/laćarak-светофор-33a915b50c7f Гугл ссылка: https://www.google.com/maps/search/?api=1&query=45.007219,19.549787&query_place_id=ChIJh6S3eXajW0cRaR5x9XoGHkg Рейтинг: 4.2"}},{"type":"Feature","geometry":{"type":"Point","coordinates":[19.666167,46.101818]},"properties":{"name":"subotica · ZONA 6/9","description":"description: Не сеть Категория: Бары Каталог: https://srb.guide/map/zona-6-9-subotica Гугл ссылка: https://www.google.com/maps/search/?api=1&query=46.1018184,19.6661673 Рейтинг:"}},{"type":"Feature","geometry":{"type":"Point","coordinates":[19.667368,46.100871]},"properties":{"name":"subotica · SU Bar","description":"description: Суши Не сеть Категория: Кафе и рестораны Каталог: https://srb.guide/map/novi-sad-su-bar-0d7ae25bb131 Гугл ссылка: https://www.google.com/maps/search/?api=1&query=46.100871,19.667368&query_place_id=ChIJ8ynmKwBnQ0cR8bovPFhwarc Рейтинг:"}},{"type":"Feature","geometry":{"type":"Point","coordinates":[19.687681,46.100606]},"properties":{"name":"subotica · CAR Rental","description":"description: Не сеть Категория: Услуги и офисы Каталог: https://srb.guide/map/subotica-car-rental-9e52774b6443 Гугл ссылка: https://www.google.com/maps/search/?api=1&query=46.100606,19.687681&query_place_id=ChIJU1pgqXVhQ0cRFUkbYIM_bco Рейтинг:"}},{"type":"Feature","geometry":{"type":"Point","coordinates":[19.662566,46.101514]},"properties":{"name":"subotica · Mix Markt","description":"description: Сеть: Mix Markt Категория: Магазины Каталог: https://srb.guide/map/sombor-mix-markt-4d80228442fc Гугл ссылка: https://www.google.com/maps/search/?api=1&query=46.101514,19.662566&query_place_id=ChIJWf9MS91nQ0cRZu_LsZ7qudY Рейтинг: 4.2"}},{"type":"Feature","geometry":{"type":"Point","coordinates":[19.938115,44.282986]},"properties":{"name":"valjevo · Svetofor","description":"description: Сеть: Svetofor Категория: Магазины Каталог: https://srb.guide/map/valjevo-svetofor-c1878ebc859a Гугл ссылка: https://www.google.com/maps/search/?api=1&query=44.282986,19.938115&query_place_id=ChIJFXZ5FADtWUcRirCDnGnconQ Рейтинг: 4.3"}},{"type":"Feature","geometry":{"type":"Point","coordinates":[20.394962,45.379654]},"properties":{"name":"zrenjanin · The Baza Bar","description":"description: Не сеть Категория: Бары Каталог: https://srb.guide/map/zrenjanin-the-baza-bar-ebf51307b849 Гугл ссылка: https://www.google.com/maps/search/?api=1&query=45.379654,20.394962&query_place_id=ChIJMSE1UDPbWkcRRnh9MZHKw-0 Рейтинг:"}}]}
