<?xml version="1.0" encoding="UTF-8"?>
<kml xmlns="http://www.opengis.net/kml/2.2">
  <Document>
    <name>Танцевальные школы и залы</name>
    <description/>
    <Style id="icon-1899-0097A7-labelson">
      <IconStyle>
        <color>ffa79700</color>
        <scale>1</scale>
        <Icon>
          <href>https://www.gstatic.com/mapspro/images/stock/503-wht-blank_maps.png</href>
        </Icon>
        <hotSpot x="32" xunits="pixels" y="64" yunits="insetPixels"/>
      </IconStyle>
    </Style>
    <Style id="icon-1899-01579B-labelson">
      <IconStyle>
        <color>ff9b5701</color>
        <scale>1</scale>
        <Icon>
          <href>https://www.gstatic.com/mapspro/images/stock/503-wht-blank_maps.png</href>
        </Icon>
        <hotSpot x="32" xunits="pixels" y="64" yunits="insetPixels"/>
      </IconStyle>
    </Style>
    <Style id="icon-1899-0288D1-labelson">
      <IconStyle>
        <color>ffd18802</color>
        <scale>1</scale>
        <Icon>
          <href>https://www.gstatic.com/mapspro/images/stock/503-wht-blank_maps.png</href>
        </Icon>
        <hotSpot x="32" xunits="pixels" y="64" yunits="insetPixels"/>
      </IconStyle>
    </Style>
    <Style id="icon-1899-097138-labelson">
      <IconStyle>
        <color>ff387109</color>
        <scale>1</scale>
        <Icon>
          <href>https://www.gstatic.com/mapspro/images/stock/503-wht-blank_maps.png</href>
        </Icon>
        <hotSpot x="32" xunits="pixels" y="64" yunits="insetPixels"/>
      </IconStyle>
    </Style>
    <Style id="icon-1899-1A237E-labelson">
      <IconStyle>
        <color>ff7e231a</color>
        <scale>1</scale>
        <Icon>
          <href>https://www.gstatic.com/mapspro/images/stock/503-wht-blank_maps.png</href>
        </Icon>
        <hotSpot x="32" xunits="pixels" y="64" yunits="insetPixels"/>
      </IconStyle>
    </Style>
    <Style id="icon-1899-3949AB-labelson">
      <IconStyle>
        <color>ffab4939</color>
        <scale>1</scale>
        <Icon>
          <href>https://www.gstatic.com/mapspro/images/stock/503-wht-blank_maps.png</href>
        </Icon>
        <hotSpot x="32" xunits="pixels" y="64" yunits="insetPixels"/>
      </IconStyle>
    </Style>
    <Style id="icon-1899-4E342E-labelson">
      <IconStyle>
        <color>ff2e344e</color>
        <scale>1</scale>
        <Icon>
          <href>https://www.gstatic.com/mapspro/images/stock/503-wht-blank_maps.png</href>
        </Icon>
        <hotSpot x="32" xunits="pixels" y="64" yunits="insetPixels"/>
      </IconStyle>
    </Style>
    <Style id="icon-1899-558B2F-labelson">
      <IconStyle>
        <color>ff2f8b55</color>
        <scale>1</scale>
        <Icon>
          <href>https://www.gstatic.com/mapspro/images/stock/503-wht-blank_maps.png</href>
        </Icon>
        <hotSpot x="32" xunits="pixels" y="64" yunits="insetPixels"/>
      </IconStyle>
    </Style>
    <Style id="icon-1899-795548-labelson">
      <IconStyle>
        <color>ff485579</color>
        <scale>1</scale>
        <Icon>
          <href>https://www.gstatic.com/mapspro/images/stock/503-wht-blank_maps.png</href>
        </Icon>
        <hotSpot x="32" xunits="pixels" y="64" yunits="insetPixels"/>
      </IconStyle>
    </Style>
    <Style id="icon-1899-7CB342-labelson">
      <IconStyle>
        <color>ff42b37c</color>
        <scale>1</scale>
        <Icon>
          <href>https://www.gstatic.com/mapspro/images/stock/503-wht-blank_maps.png</href>
        </Icon>
        <hotSpot x="32" xunits="pixels" y="64" yunits="insetPixels"/>
      </IconStyle>
    </Style>
    <Style id="icon-1899-880E4F-labelson">
      <IconStyle>
        <color>ff4f0e88</color>
        <scale>1</scale>
        <Icon>
          <href>https://www.gstatic.com/mapspro/images/stock/503-wht-blank_maps.png</href>
        </Icon>
        <hotSpot x="32" xunits="pixels" y="64" yunits="insetPixels"/>
      </IconStyle>
    </Style>
    <Style id="icon-1899-9C27B0-labelson">
      <IconStyle>
        <color>ffb0279c</color>
        <scale>1</scale>
        <Icon>
          <href>https://www.gstatic.com/mapspro/images/stock/503-wht-blank_maps.png</href>
        </Icon>
        <hotSpot x="32" xunits="pixels" y="64" yunits="insetPixels"/>
      </IconStyle>
    </Style>
    <Style id="icon-1899-A52714-labelson">
      <IconStyle>
        <color>ff1427a5</color>
        <scale>1</scale>
        <Icon>
          <href>https://www.gstatic.com/mapspro/images/stock/503-wht-blank_maps.png</href>
        </Icon>
        <hotSpot x="32" xunits="pixels" y="64" yunits="insetPixels"/>
      </IconStyle>
    </Style>
    <Style id="icon-1899-AFB42B-labelson">
      <IconStyle>
        <color>ff2bb4af</color>
        <scale>1</scale>
        <Icon>
          <href>https://www.gstatic.com/mapspro/images/stock/503-wht-blank_maps.png</href>
        </Icon>
        <hotSpot x="32" xunits="pixels" y="64" yunits="insetPixels"/>
      </IconStyle>
    </Style>
    <Style id="icon-1899-BDBDBD-labelson">
      <IconStyle>
        <color>ffbdbdbd</color>
        <scale>1</scale>
        <Icon>
          <href>https://www.gstatic.com/mapspro/images/stock/503-wht-blank_maps.png</href>
        </Icon>
        <hotSpot x="32" xunits="pixels" y="64" yunits="insetPixels"/>
      </IconStyle>
    </Style>
    <Style id="icon-1899-C2185B-labelson">
      <IconStyle>
        <color>ff5b18c2</color>
        <scale>1</scale>
        <Icon>
          <href>https://www.gstatic.com/mapspro/images/stock/503-wht-blank_maps.png</href>
        </Icon>
        <hotSpot x="32" xunits="pixels" y="64" yunits="insetPixels"/>
      </IconStyle>
    </Style>
    <Style id="icon-1899-F57C00-labelson">
      <IconStyle>
        <color>ff007cf5</color>
        <scale>1</scale>
        <Icon>
          <href>https://www.gstatic.com/mapspro/images/stock/503-wht-blank_maps.png</href>
        </Icon>
        <hotSpot x="32" xunits="pixels" y="64" yunits="insetPixels"/>
      </IconStyle>
    </Style>
    <Style id="icon-1899-F9A825-labelson">
      <IconStyle>
        <color>ff25a8f9</color>
        <scale>1</scale>
        <Icon>
          <href>https://www.gstatic.com/mapspro/images/stock/503-wht-blank_maps.png</href>
        </Icon>
        <hotSpot x="32" xunits="pixels" y="64" yunits="insetPixels"/>
      </IconStyle>
    </Style>
    <Style id="icon-1899-FBC02D-labelson">
      <IconStyle>
        <color>ff2dc0fb</color>
        <scale>1</scale>
        <Icon>
          <href>https://www.gstatic.com/mapspro/images/stock/503-wht-blank_maps.png</href>
        </Icon>
        <hotSpot x="32" xunits="pixels" y="64" yunits="insetPixels"/>
      </IconStyle>
    </Style>
    <Style id="icon-1899-FF5252-labelson">
      <IconStyle>
        <color>ff5252ff</color>
        <scale>1</scale>
        <Icon>
          <href>https://www.gstatic.com/mapspro/images/stock/503-wht-blank_maps.png</href>
        </Icon>
        <hotSpot x="32" xunits="pixels" y="64" yunits="insetPixels"/>
      </IconStyle>
    </Style>
    <Style id="icon-1899-FFEA00-labelson">
      <IconStyle>
        <color>ff00eaff</color>
        <scale>1</scale>
        <Icon>
          <href>https://www.gstatic.com/mapspro/images/stock/503-wht-blank_maps.png</href>
        </Icon>
        <hotSpot x="32" xunits="pixels" y="64" yunits="insetPixels"/>
      </IconStyle>
    </Style>
    <Folder>
      <name>Танцевальные школы и залы</name>
      <Placemark>
        <name>Plesni klub Spin</name>
        <description><![CDATA[﻿id: 68f2f6f517de0681a60e3f3f<br>category: Dance school<br>address_full: <br>district: <br>address: <br>city: <br>index: <br>country: <br>phone: +381 64 6457835<br>location: 44.2107785,20.9104991<br>reting: 4,8<br>place_id: ChIJ6QqVBYBwWkcRTnn7DPUTA5E<br>tags: ["Dance school","Dance club","Service establishment"]<br>search_url: https://www.google.com/maps/search/?api=1&query=Plesni%20klub%20Spin&query_place_id=ChIJ6QqVBYBwWkcRTnn7DPUTA5E<br>map_url: https://www.google.com/maps/search/dance%20school/@45.16610084047514,20.91062925,10z?hl=en<br>main_category: dance school<br>image_url: https://lh3.googleusercontent.com/gps-cs-s/AC9h4noH_aZxsXGZxZmPGg149pmqKHVn31qQz64s_XIlZILJOeapyrn4fwZPbV2aTJ-5BvMHMStZWUYo7ZBbo6mF43v9qy-qCdOJgDSgVz9D9UXH7BawaVa2b4V-z-5_AOqVpwWVoVEt7A=w426-h240-k-no<br>additional: <br>website: http://www.spindance.rs/<br>parent_place: <br>additional_urls: [{"name":"facebook.com","url":"https://www.facebook.com/plesniklubspin1990"}]]]></description>
        <styleUrl>#icon-1899-BDBDBD-labelson</styleUrl>
        <ExtendedData>
          <Data name="﻿id">
            <value>68f2f6f517de0681a60e3f3f</value>
          </Data>
          <Data name="category">
            <value>Dance school</value>
          </Data>
          <Data name="address_full">
            <value/>
          </Data>
          <Data name="district">
            <value/>
          </Data>
          <Data name="address">
            <value/>
          </Data>
          <Data name="city">
            <value/>
          </Data>
          <Data name="index">
            <value/>
          </Data>
          <Data name="country">
            <value/>
          </Data>
          <Data name="phone">
            <value>+381 64 6457835</value>
          </Data>
          <Data name="location">
            <value>44.2107785,20.9104991</value>
          </Data>
          <Data name="reting">
            <value>4.8</value>
          </Data>
          <Data name="place_id">
            <value>ChIJ6QqVBYBwWkcRTnn7DPUTA5E</value>
          </Data>
          <Data name="tags">
            <value><![CDATA[["Dance school","Dance club","Service establishment"]]]></value>
          </Data>
          <Data name="search_url">
            <value><![CDATA[https://www.google.com/maps/search/?api=1&query=Plesni%20klub%20Spin&query_place_id=ChIJ6QqVBYBwWkcRTnn7DPUTA5E]]></value>
          </Data>
          <Data name="map_url">
            <value>https://www.google.com/maps/search/dance%20school/@45.16610084047514,20.91062925,10z?hl=en</value>
          </Data>
          <Data name="main_category">
            <value>dance school</value>
          </Data>
          <Data name="image_url">
            <value>https://lh3.googleusercontent.com/gps-cs-s/AC9h4noH_aZxsXGZxZmPGg149pmqKHVn31qQz64s_XIlZILJOeapyrn4fwZPbV2aTJ-5BvMHMStZWUYo7ZBbo6mF43v9qy-qCdOJgDSgVz9D9UXH7BawaVa2b4V-z-5_AOqVpwWVoVEt7A=w426-h240-k-no</value>
          </Data>
          <Data name="additional">
            <value/>
          </Data>
          <Data name="website">
            <value>http://www.spindance.rs/</value>
          </Data>
          <Data name="parent_place">
            <value/>
          </Data>
          <Data name="additional_urls">
            <value><![CDATA[[{"name":"facebook.com","url":"https://www.facebook.com/plesniklubspin1990"}]]]></value>
          </Data>
        </ExtendedData>
        <Point>
          <coordinates>
            20.9104991,44.2107785,0
          </coordinates>
        </Point>
      </Placemark>
      <Placemark>
        <name>Naturally Dance plesna škola</name>
        <description><![CDATA[﻿id: 68f2f6f517de0681a60e3f67<br>category: Dance school<br>address_full: Mitropolita Petra 8, Beograd 11000, Serbia<br>district: <br>address: <br>city: <br>index: <br>country: <br>phone: <br>location: 44.8162615,20.4854611<br>reting: 5<br>place_id: ChIJlTp8LKt7WkcR7jul9N2vYVw<br>tags: ["Dance school"]<br>search_url: https://www.google.com/maps/search/?api=1&query=Naturally%20Dance%20plesna%20%C5%A1kola&query_place_id=ChIJlTp8LKt7WkcR7jul9N2vYVw<br>map_url: https://www.google.com/maps/search/dance%20school/@45.16610084047514,20.91062925,10z?hl=en<br>main_category: dance school<br>image_url: https://lh3.googleusercontent.com/p/AF1QipPono4BVlT7txPrai_5Nf1La72Ik8jqc91Hl-b7=w408-h307-k-no<br>additional: <br>website: https://naturally-dance-plesna-skola-beograd.netlify.app/<br>parent_place: <br>additional_urls: []]]></description>
        <styleUrl>#icon-1899-BDBDBD-labelson</styleUrl>
        <ExtendedData>
          <Data name="﻿id">
            <value>68f2f6f517de0681a60e3f67</value>
          </Data>
          <Data name="category">
            <value>Dance school</value>
          </Data>
          <Data name="address_full">
            <value>Mitropolita Petra 8, Beograd 11000, Serbia</value>
          </Data>
          <Data name="district">
            <value/>
          </Data>
          <Data name="address">
            <value/>
          </Data>
          <Data name="city">
            <value/>
          </Data>
          <Data name="index">
            <value/>
          </Data>
          <Data name="country">
            <value/>
          </Data>
          <Data name="phone">
            <value/>
          </Data>
          <Data name="location">
            <value>44.8162615,20.4854611</value>
          </Data>
          <Data name="reting">
            <value>5.0</value>
          </Data>
          <Data name="place_id">
            <value>ChIJlTp8LKt7WkcR7jul9N2vYVw</value>
          </Data>
          <Data name="tags">
            <value><![CDATA[["Dance school"]]]></value>
          </Data>
          <Data name="search_url">
            <value><![CDATA[https://www.google.com/maps/search/?api=1&query=Naturally%20Dance%20plesna%20%C5%A1kola&query_place_id=ChIJlTp8LKt7WkcR7jul9N2vYVw]]></value>
          </Data>
          <Data name="map_url">
            <value>https://www.google.com/maps/search/dance%20school/@45.16610084047514,20.91062925,10z?hl=en</value>
          </Data>
          <Data name="main_category">
            <value>dance school</value>
          </Data>
          <Data name="image_url">
            <value>https://lh3.googleusercontent.com/p/AF1QipPono4BVlT7txPrai_5Nf1La72Ik8jqc91Hl-b7=w408-h307-k-no</value>
          </Data>
          <Data name="additional">
            <value/>
          </Data>
          <Data name="website">
            <value>https://naturally-dance-plesna-skola-beograd.netlify.app/</value>
          </Data>
          <Data name="parent_place">
            <value/>
          </Data>
          <Data name="additional_urls">
            <value>[]</value>
          </Data>
        </ExtendedData>
        <Point>
          <coordinates>
            20.4854611,44.8162615,0
          </coordinates>
        </Point>
      </Placemark>
      <Placemark>
        <name>the Colors of Dance</name>
        <description><![CDATA[﻿id: 68f2f6f517de0681a60e3f6b<br>category: Dance school<br>address_full: <br>district: <br>address: <br>city: <br>index: <br>country: <br>phone: <br>location: 44.815344, 20.4224682<br>reting: 5<br>place_id: ChIJu2YJDCZvWkcRgl_4YXaIwS8<br>tags: ["Dance school","Service establishment"]<br>search_url: https://www.google.com/maps/search/?api=1&query=the%20Colors%20of%20Dance&query_place_id=ChIJu2YJDCZvWkcRgl_4YXaIwS8<br>map_url: https://www.google.com/maps/search/dance%20school/@45.16610084047514,20.91062925,10z?hl=en<br>main_category: dance school<br>image_url: https://lh3.googleusercontent.com/p/AF1QipPfCaYHXQeZK60O69N81Ry-jKf0OkEQc46-Oa8D=w408-h272-k-no<br>additional: <br>website: <br>parent_place: <br>additional_urls: []]]></description>
        <styleUrl>#icon-1899-BDBDBD-labelson</styleUrl>
        <ExtendedData>
          <Data name="﻿id">
            <value>68f2f6f517de0681a60e3f6b</value>
          </Data>
          <Data name="category">
            <value>Dance school</value>
          </Data>
          <Data name="address_full">
            <value/>
          </Data>
          <Data name="district">
            <value/>
          </Data>
          <Data name="address">
            <value/>
          </Data>
          <Data name="city">
            <value/>
          </Data>
          <Data name="index">
            <value/>
          </Data>
          <Data name="country">
            <value/>
          </Data>
          <Data name="phone">
            <value/>
          </Data>
          <Data name="location">
            <value>44.815344, 20.4224682</value>
          </Data>
          <Data name="reting">
            <value>5.0</value>
          </Data>
          <Data name="place_id">
            <value>ChIJu2YJDCZvWkcRgl_4YXaIwS8</value>
          </Data>
          <Data name="tags">
            <value><![CDATA[["Dance school","Service establishment"]]]></value>
          </Data>
          <Data name="search_url">
            <value><![CDATA[https://www.google.com/maps/search/?api=1&query=the%20Colors%20of%20Dance&query_place_id=ChIJu2YJDCZvWkcRgl_4YXaIwS8]]></value>
          </Data>
          <Data name="map_url">
            <value>https://www.google.com/maps/search/dance%20school/@45.16610084047514,20.91062925,10z?hl=en</value>
          </Data>
          <Data name="main_category">
            <value>dance school</value>
          </Data>
          <Data name="image_url">
            <value>https://lh3.googleusercontent.com/p/AF1QipPfCaYHXQeZK60O69N81Ry-jKf0OkEQc46-Oa8D=w408-h272-k-no</value>
          </Data>
          <Data name="additional">
            <value/>
          </Data>
          <Data name="website">
            <value/>
          </Data>
          <Data name="parent_place">
            <value/>
          </Data>
          <Data name="additional_urls">
            <value>[]</value>
          </Data>
        </ExtendedData>
        <Point>
          <coordinates>
            20.4224682,44.815344,0
          </coordinates>
        </Point>
      </Placemark>
      <Placemark>
        <name>Dragontail Pole Dance Studio</name>
        <description><![CDATA[﻿id: 68f2f6f517de0681a60e3f6d<br>category: Dance school<br>address_full: Cvetna 4, Beograd, Serbia<br>district: <br>address: <br>city: <br>index: <br>country: <br>phone: <br>location: 44.8384009,20.4105043<br>reting: 5<br>place_id: ChIJvzBiWhBlWkcRAAlvkGngyBs<br>tags: ["Dance school"]<br>search_url: https://www.google.com/maps/search/?api=1&query=Dragontail%20Pole%20Dance%20Studio&query_place_id=ChIJvzBiWhBlWkcRAAlvkGngyBs<br>map_url: https://www.google.com/maps/search/dance%20school/@45.16610084047514,20.91062925,10z?hl=en<br>main_category: dance school<br>image_url: https://lh3.googleusercontent.com/gps-cs-s/AC9h4npPMek0sgDPmufVR--aXZYDI6XkLL-FO36SpzCHZjtnPACHCyo2zveQOXGj09WJP2qcBE1mBG950RhvhX2y9Al3KqmAnTCEt8p5zMfE4BigNr-6rPfny6B6ZZ7NGp9cTdAaE2VR=w408-h725-k-no<br>additional: <br>website: <br>parent_place: <br>additional_urls: []]]></description>
        <styleUrl>#icon-1899-BDBDBD-labelson</styleUrl>
        <ExtendedData>
          <Data name="﻿id">
            <value>68f2f6f517de0681a60e3f6d</value>
          </Data>
          <Data name="category">
            <value>Dance school</value>
          </Data>
          <Data name="address_full">
            <value>Cvetna 4, Beograd, Serbia</value>
          </Data>
          <Data name="district">
            <value/>
          </Data>
          <Data name="address">
            <value/>
          </Data>
          <Data name="city">
            <value/>
          </Data>
          <Data name="index">
            <value/>
          </Data>
          <Data name="country">
            <value/>
          </Data>
          <Data name="phone">
            <value/>
          </Data>
          <Data name="location">
            <value>44.8384009,20.4105043</value>
          </Data>
          <Data name="reting">
            <value>5.0</value>
          </Data>
          <Data name="place_id">
            <value>ChIJvzBiWhBlWkcRAAlvkGngyBs</value>
          </Data>
          <Data name="tags">
            <value><![CDATA[["Dance school"]]]></value>
          </Data>
          <Data name="search_url">
            <value><![CDATA[https://www.google.com/maps/search/?api=1&query=Dragontail%20Pole%20Dance%20Studio&query_place_id=ChIJvzBiWhBlWkcRAAlvkGngyBs]]></value>
          </Data>
          <Data name="map_url">
            <value>https://www.google.com/maps/search/dance%20school/@45.16610084047514,20.91062925,10z?hl=en</value>
          </Data>
          <Data name="main_category">
            <value>dance school</value>
          </Data>
          <Data name="image_url">
            <value>https://lh3.googleusercontent.com/gps-cs-s/AC9h4npPMek0sgDPmufVR--aXZYDI6XkLL-FO36SpzCHZjtnPACHCyo2zveQOXGj09WJP2qcBE1mBG950RhvhX2y9Al3KqmAnTCEt8p5zMfE4BigNr-6rPfny6B6ZZ7NGp9cTdAaE2VR=w408-h725-k-no</value>
          </Data>
          <Data name="additional">
            <value/>
          </Data>
          <Data name="website">
            <value/>
          </Data>
          <Data name="parent_place">
            <value/>
          </Data>
          <Data name="additional_urls">
            <value>[]</value>
          </Data>
        </ExtendedData>
        <Point>
          <coordinates>
            20.4105043,44.8384009,0
          </coordinates>
        </Point>
      </Placemark>
      <Placemark>
        <name>Trbušni ples individualni časovi</name>
        <description><![CDATA[﻿id: 68f2f6f517de0681a60e3f9f<br>category: Dance school<br>address_full: <br>district: <br>address: <br>city: <br>index: <br>country: <br>phone: +381 60 0005682<br>location: 44.2107785,20.9104991<br>reting: <br>place_id: ChIJuZUa0Yl9204RjQV6RPWpjC0<br>tags: ["Dance school","Service establishment"]<br>search_url: https://www.google.com/maps/search/?api=1&query=Trbu%C5%A1ni%20ples%20individualni%20%C4%8Dasovi&query_place_id=ChIJuZUa0Yl9204RjQV6RPWpjC0<br>map_url: https://www.google.com/maps/search/dance%20school/@45.223242606449745,19.779095147340954,14z?hl=en<br>main_category: dance school<br>image_url: https://lh3.googleusercontent.com/p/AF1QipM9bdt9bm0oaTQU1pe0E4EBDXcrZsntAj6a4EQb=w408-h611-k-no<br>additional: <br>website: http://www.trbusniples.com/<br>parent_place: <br>additional_urls: []]]></description>
        <styleUrl>#icon-1899-BDBDBD-labelson</styleUrl>
        <ExtendedData>
          <Data name="﻿id">
            <value>68f2f6f517de0681a60e3f9f</value>
          </Data>
          <Data name="category">
            <value>Dance school</value>
          </Data>
          <Data name="address_full">
            <value/>
          </Data>
          <Data name="district">
            <value/>
          </Data>
          <Data name="address">
            <value/>
          </Data>
          <Data name="city">
            <value/>
          </Data>
          <Data name="index">
            <value/>
          </Data>
          <Data name="country">
            <value/>
          </Data>
          <Data name="phone">
            <value>+381 60 0005682</value>
          </Data>
          <Data name="location">
            <value>44.2107785,20.9104991</value>
          </Data>
          <Data name="reting">
            <value/>
          </Data>
          <Data name="place_id">
            <value>ChIJuZUa0Yl9204RjQV6RPWpjC0</value>
          </Data>
          <Data name="tags">
            <value><![CDATA[["Dance school","Service establishment"]]]></value>
          </Data>
          <Data name="search_url">
            <value><![CDATA[https://www.google.com/maps/search/?api=1&query=Trbu%C5%A1ni%20ples%20individualni%20%C4%8Dasovi&query_place_id=ChIJuZUa0Yl9204RjQV6RPWpjC0]]></value>
          </Data>
          <Data name="map_url">
            <value>https://www.google.com/maps/search/dance%20school/@45.223242606449745,19.779095147340954,14z?hl=en</value>
          </Data>
          <Data name="main_category">
            <value>dance school</value>
          </Data>
          <Data name="image_url">
            <value>https://lh3.googleusercontent.com/p/AF1QipM9bdt9bm0oaTQU1pe0E4EBDXcrZsntAj6a4EQb=w408-h611-k-no</value>
          </Data>
          <Data name="additional">
            <value/>
          </Data>
          <Data name="website">
            <value>http://www.trbusniples.com/</value>
          </Data>
          <Data name="parent_place">
            <value/>
          </Data>
          <Data name="additional_urls">
            <value>[]</value>
          </Data>
        </ExtendedData>
        <Point>
          <coordinates>
            20.9104991,44.2107785,0
          </coordinates>
        </Point>
      </Placemark>
      <Placemark>
        <name>Dance Fever Ruma</name>
        <description><![CDATA[﻿id: 68f2f6f517de0681a60e3fad<br>category: Dance school<br>address_full: <br>district: <br>address: <br>city: <br>index: <br>country: <br>phone: +381 63 7565081<br>location: 44.988142,19.836427<br>reting: <br>place_id: ChIJJQcQSwC9yYgRO8Wj3sH-bL4<br>tags: ["Dance school","Service establishment"]<br>search_url: https://www.google.com/maps/search/?api=1&query=Dance%20Fever%20Ruma&query_place_id=ChIJJQcQSwC9yYgRO8Wj3sH-bL4<br>map_url: https://www.google.com/maps/search/dance%20school/@44.805714020125805,19.695263942477865,15z?hl=en<br>main_category: dance school<br>image_url: https://lh3.googleusercontent.com/p/AF1QipNlX3sJQ4TcCEAYNgEGzMr1UiNW8EXT3B6GjTs-=w408-h577-k-no<br>additional: <br>website: <br>parent_place: <br>additional_urls: []]]></description>
        <styleUrl>#icon-1899-BDBDBD-labelson</styleUrl>
        <ExtendedData>
          <Data name="﻿id">
            <value>68f2f6f517de0681a60e3fad</value>
          </Data>
          <Data name="category">
            <value>Dance school</value>
          </Data>
          <Data name="address_full">
            <value/>
          </Data>
          <Data name="district">
            <value/>
          </Data>
          <Data name="address">
            <value/>
          </Data>
          <Data name="city">
            <value/>
          </Data>
          <Data name="index">
            <value/>
          </Data>
          <Data name="country">
            <value/>
          </Data>
          <Data name="phone">
            <value>+381 63 7565081</value>
          </Data>
          <Data name="location">
            <value>44.988142,19.836427</value>
          </Data>
          <Data name="reting">
            <value/>
          </Data>
          <Data name="place_id">
            <value>ChIJJQcQSwC9yYgRO8Wj3sH-bL4</value>
          </Data>
          <Data name="tags">
            <value><![CDATA[["Dance school","Service establishment"]]]></value>
          </Data>
          <Data name="search_url">
            <value><![CDATA[https://www.google.com/maps/search/?api=1&query=Dance%20Fever%20Ruma&query_place_id=ChIJJQcQSwC9yYgRO8Wj3sH-bL4]]></value>
          </Data>
          <Data name="map_url">
            <value>https://www.google.com/maps/search/dance%20school/@44.805714020125805,19.695263942477865,15z?hl=en</value>
          </Data>
          <Data name="main_category">
            <value>dance school</value>
          </Data>
          <Data name="image_url">
            <value>https://lh3.googleusercontent.com/p/AF1QipNlX3sJQ4TcCEAYNgEGzMr1UiNW8EXT3B6GjTs-=w408-h577-k-no</value>
          </Data>
          <Data name="additional">
            <value/>
          </Data>
          <Data name="website">
            <value/>
          </Data>
          <Data name="parent_place">
            <value/>
          </Data>
          <Data name="additional_urls">
            <value>[]</value>
          </Data>
        </ExtendedData>
        <Point>
          <coordinates>
            19.836427,44.988142,0
          </coordinates>
        </Point>
      </Placemark>
      <Placemark>
        <name>Trbušni ples individualni časovi</name>
        <description><![CDATA[﻿id: 68f2f6f517de0681a60e3faf<br>category: Dance school<br>address_full: <br>district: <br>address: <br>city: <br>index: <br>country: <br>phone: +381 63 7602756<br>location: 44.2107785,20.9104991<br>reting: <br>place_id: ChIJbQd88vS8RmgR7TAxipjZSF8<br>tags: ["Dance school","Service establishment"]<br>search_url: https://www.google.com/maps/search/?api=1&query=Trbu%C5%A1ni%20ples%20individualni%20%C4%8Dasovi&query_place_id=ChIJbQd88vS8RmgR7TAxipjZSF8<br>map_url: https://www.google.com/maps/search/dance%20school/@45.2457204,19.8371372,15.4964893249835z?hl=en<br>main_category: dance school<br>image_url: https://lh3.googleusercontent.com/p/AF1QipOimWorBtLIn5U_51vFtERfVKTrkgMS3TglsCGv=w408-h272-k-no<br>additional: <br>website: http://almasns.wixsite.com/trbusniplesnovisad<br>parent_place: <br>additional_urls: []]]></description>
        <styleUrl>#icon-1899-BDBDBD-labelson</styleUrl>
        <ExtendedData>
          <Data name="﻿id">
            <value>68f2f6f517de0681a60e3faf</value>
          </Data>
          <Data name="category">
            <value>Dance school</value>
          </Data>
          <Data name="address_full">
            <value/>
          </Data>
          <Data name="district">
            <value/>
          </Data>
          <Data name="address">
            <value/>
          </Data>
          <Data name="city">
            <value/>
          </Data>
          <Data name="index">
            <value/>
          </Data>
          <Data name="country">
            <value/>
          </Data>
          <Data name="phone">
            <value>+381 63 7602756</value>
          </Data>
          <Data name="location">
            <value>44.2107785,20.9104991</value>
          </Data>
          <Data name="reting">
            <value/>
          </Data>
          <Data name="place_id">
            <value>ChIJbQd88vS8RmgR7TAxipjZSF8</value>
          </Data>
          <Data name="tags">
            <value><![CDATA[["Dance school","Service establishment"]]]></value>
          </Data>
          <Data name="search_url">
            <value><![CDATA[https://www.google.com/maps/search/?api=1&query=Trbu%C5%A1ni%20ples%20individualni%20%C4%8Dasovi&query_place_id=ChIJbQd88vS8RmgR7TAxipjZSF8]]></value>
          </Data>
          <Data name="map_url">
            <value>https://www.google.com/maps/search/dance%20school/@45.2457204,19.8371372,15.4964893249835z?hl=en</value>
          </Data>
          <Data name="main_category">
            <value>dance school</value>
          </Data>
          <Data name="image_url">
            <value>https://lh3.googleusercontent.com/p/AF1QipOimWorBtLIn5U_51vFtERfVKTrkgMS3TglsCGv=w408-h272-k-no</value>
          </Data>
          <Data name="additional">
            <value/>
          </Data>
          <Data name="website">
            <value>http://almasns.wixsite.com/trbusniplesnovisad</value>
          </Data>
          <Data name="parent_place">
            <value/>
          </Data>
          <Data name="additional_urls">
            <value>[]</value>
          </Data>
        </ExtendedData>
        <Point>
          <coordinates>
            20.9104991,44.2107785,0
          </coordinates>
        </Point>
      </Placemark>
      <Placemark>
        <name><![CDATA[Dance Studio "RONDE"]]></name>
        <description><![CDATA[﻿id: 68f2f6f517de0681a60e3f88<br>category: Dance school<br>address_full: Aleksinac, Serbia<br>district: <br>address: <br>city: Aleksinac<br>index: <br>country: RS<br>phone: <br>location: 43.5396371,21.7081732<br>reting: 4,2<br>place_id: ChIJVfFVOpotVEcRAZNn4YjyBw8<br>tags: ["Dance school"]<br>search_url: https://www.google.com/maps/search/?api=1&query=Dance%20Studio%20%22RONDE%22&query_place_id=ChIJVfFVOpotVEcRAZNn4YjyBw8<br>map_url: https://www.google.com/maps/search/dance%20school/@43.4453525805147,21.736947091965195,13z?hl=en<br>main_category: dance school<br>image_url: https://streetviewpixels-pa.googleapis.com/v1/thumbnail?panoid=Fcm2ySzYv3JNMWFvU-8Hvg&cb_client=search.gws-prod.gps&w=408&h=240&yaw=250.99144&pitch=0&thumbfov=100<br>additional: <br>website: https://www.facebook.com/Dance-Studio-Ronde-1435809953304288/<br>parent_place: <br>additional_urls: []]]></description>
        <styleUrl>#icon-1899-9C27B0-labelson</styleUrl>
        <ExtendedData>
          <Data name="﻿id">
            <value>68f2f6f517de0681a60e3f88</value>
          </Data>
          <Data name="category">
            <value>Dance school</value>
          </Data>
          <Data name="address_full">
            <value>Aleksinac, Serbia</value>
          </Data>
          <Data name="district">
            <value/>
          </Data>
          <Data name="address">
            <value/>
          </Data>
          <Data name="city">
            <value>Aleksinac</value>
          </Data>
          <Data name="index">
            <value/>
          </Data>
          <Data name="country">
            <value>RS</value>
          </Data>
          <Data name="phone">
            <value/>
          </Data>
          <Data name="location">
            <value>43.5396371,21.7081732</value>
          </Data>
          <Data name="reting">
            <value>4.2</value>
          </Data>
          <Data name="place_id">
            <value>ChIJVfFVOpotVEcRAZNn4YjyBw8</value>
          </Data>
          <Data name="tags">
            <value><![CDATA[["Dance school"]]]></value>
          </Data>
          <Data name="search_url">
            <value><![CDATA[https://www.google.com/maps/search/?api=1&query=Dance%20Studio%20%22RONDE%22&query_place_id=ChIJVfFVOpotVEcRAZNn4YjyBw8]]></value>
          </Data>
          <Data name="map_url">
            <value>https://www.google.com/maps/search/dance%20school/@43.4453525805147,21.736947091965195,13z?hl=en</value>
          </Data>
          <Data name="main_category">
            <value>dance school</value>
          </Data>
          <Data name="image_url">
            <value><![CDATA[https://streetviewpixels-pa.googleapis.com/v1/thumbnail?panoid=Fcm2ySzYv3JNMWFvU-8Hvg&cb_client=search.gws-prod.gps&w=408&h=240&yaw=250.99144&pitch=0&thumbfov=100]]></value>
          </Data>
          <Data name="additional">
            <value/>
          </Data>
          <Data name="website">
            <value>https://www.facebook.com/Dance-Studio-Ronde-1435809953304288/</value>
          </Data>
          <Data name="parent_place">
            <value/>
          </Data>
          <Data name="additional_urls">
            <value>[]</value>
          </Data>
        </ExtendedData>
        <Point>
          <coordinates>
            21.7081732,43.5396371,0
          </coordinates>
        </Point>
      </Placemark>
      <Placemark>
        <name>Casovi Trbusnog Plesa</name>
        <description><![CDATA[﻿id: 68f2f6f517de0681a60e3fb4<br>category: Dance school<br>address_full: Marka Oreskovića 5, Apatin, Serbia<br>district: <br>address: Marka Oreskovića 5<br>city: Apatin<br>index: <br>country: RS<br>phone: <br>location: 45.6668489,18.9870504<br>reting: <br>place_id: ChIJ0eTXjvjHXEcR5yhqjEnIPVw<br>tags: ["Dance school"]<br>search_url: https://www.google.com/maps/search/?api=1&query=Casovi%20Trbusnog%20Plesa&query_place_id=ChIJ0eTXjvjHXEcR5yhqjEnIPVw<br>map_url: https://www.google.com/maps/search/dance%20school/@45.700129902375124,18.975458749999998,14z?hl=en<br>main_category: dance school<br>image_url: https://lh3.googleusercontent.com/gps-cs-s/AC9h4noMMKc6OEV4HmYOaGuVdEusl0fz_R2p8IxkUQXjVPCb3CtC-fAtQDzhFN0BxgZWkmUZ0RxdEjRENaME3Bo5ExZ3b7kBzxtnx4o3em9is0DF91DcGszBPWgiPxKffCD2UH6iMM8=w408-h273-k-no<br>additional: <br>website: <br>parent_place: PerSu market - BBT 144<br>additional_urls: []]]></description>
        <styleUrl>#icon-1899-4E342E-labelson</styleUrl>
        <ExtendedData>
          <Data name="﻿id">
            <value>68f2f6f517de0681a60e3fb4</value>
          </Data>
          <Data name="category">
            <value>Dance school</value>
          </Data>
          <Data name="address_full">
            <value>Marka Oreskovića 5, Apatin, Serbia</value>
          </Data>
          <Data name="district">
            <value/>
          </Data>
          <Data name="address">
            <value>Marka Oreskovića 5</value>
          </Data>
          <Data name="city">
            <value>Apatin</value>
          </Data>
          <Data name="index">
            <value/>
          </Data>
          <Data name="country">
            <value>RS</value>
          </Data>
          <Data name="phone">
            <value/>
          </Data>
          <Data name="location">
            <value>45.6668489,18.9870504</value>
          </Data>
          <Data name="reting">
            <value/>
          </Data>
          <Data name="place_id">
            <value>ChIJ0eTXjvjHXEcR5yhqjEnIPVw</value>
          </Data>
          <Data name="tags">
            <value><![CDATA[["Dance school"]]]></value>
          </Data>
          <Data name="search_url">
            <value><![CDATA[https://www.google.com/maps/search/?api=1&query=Casovi%20Trbusnog%20Plesa&query_place_id=ChIJ0eTXjvjHXEcR5yhqjEnIPVw]]></value>
          </Data>
          <Data name="map_url">
            <value>https://www.google.com/maps/search/dance%20school/@45.700129902375124,18.975458749999998,14z?hl=en</value>
          </Data>
          <Data name="main_category">
            <value>dance school</value>
          </Data>
          <Data name="image_url">
            <value>https://lh3.googleusercontent.com/gps-cs-s/AC9h4noMMKc6OEV4HmYOaGuVdEusl0fz_R2p8IxkUQXjVPCb3CtC-fAtQDzhFN0BxgZWkmUZ0RxdEjRENaME3Bo5ExZ3b7kBzxtnx4o3em9is0DF91DcGszBPWgiPxKffCD2UH6iMM8=w408-h273-k-no</value>
          </Data>
          <Data name="additional">
            <value/>
          </Data>
          <Data name="website">
            <value/>
          </Data>
          <Data name="parent_place">
            <value>PerSu market - BBT 144</value>
          </Data>
          <Data name="additional_urls">
            <value>[]</value>
          </Data>
        </ExtendedData>
        <Point>
          <coordinates>
            18.9870504,45.6668489,0
          </coordinates>
        </Point>
      </Placemark>
      <Placemark>
        <name>Royal Dance Centar</name>
        <description><![CDATA[﻿id: 68f2f6f517de0681a60e3f13<br>category: Dance school<br>address_full: Kralja Petra I 70, Bačka Palanka, Serbia<br>district: <br>address: Kralja Petra I 70<br>city: Backa Palanka<br>index: <br>country: RS<br>phone: +381 63 7654245<br>location: 45.2495538,19.3939583<br>reting: 5<br>place_id: ChIJXQYkQGt7W0cREbKqGwrmOqk<br>tags: ["Dance school"]<br>search_url: https://www.google.com/maps/search/?api=1&query=Royal%20Dance%20Centar&query_place_id=ChIJXQYkQGt7W0cREbKqGwrmOqk<br>map_url: https://www.google.com/maps/search/dance%20school/@45.16610084047514,18.865870764713478,10z?hl=en<br>main_category: dance school<br>image_url: https://lh3.googleusercontent.com/gps-cs-s/AC9h4noJjUNvWxPaYkvWuYJwaPM1fKa6555j5q_ZNv60PZbIhxuR1geoZxrJhzQWrpQRfwCV10quZn9uguxtJh8NuAeYfsWbFCwmgBghOy0JHHZjJGwlUFkBrxs6FCaNJXE_RskYe_8S=w408-h306-k-no<br>additional: <br>website: <br>parent_place: <br>additional_urls: []]]></description>
        <styleUrl>#icon-1899-558B2F-labelson</styleUrl>
        <ExtendedData>
          <Data name="﻿id">
            <value>68f2f6f517de0681a60e3f13</value>
          </Data>
          <Data name="category">
            <value>Dance school</value>
          </Data>
          <Data name="address_full">
            <value>Kralja Petra I 70, Bačka Palanka, Serbia</value>
          </Data>
          <Data name="district">
            <value/>
          </Data>
          <Data name="address">
            <value>Kralja Petra I 70</value>
          </Data>
          <Data name="city">
            <value>Backa Palanka</value>
          </Data>
          <Data name="index">
            <value/>
          </Data>
          <Data name="country">
            <value>RS</value>
          </Data>
          <Data name="phone">
            <value>+381 63 7654245</value>
          </Data>
          <Data name="location">
            <value>45.2495538,19.3939583</value>
          </Data>
          <Data name="reting">
            <value>5.0</value>
          </Data>
          <Data name="place_id">
            <value>ChIJXQYkQGt7W0cREbKqGwrmOqk</value>
          </Data>
          <Data name="tags">
            <value><![CDATA[["Dance school"]]]></value>
          </Data>
          <Data name="search_url">
            <value><![CDATA[https://www.google.com/maps/search/?api=1&query=Royal%20Dance%20Centar&query_place_id=ChIJXQYkQGt7W0cREbKqGwrmOqk]]></value>
          </Data>
          <Data name="map_url">
            <value>https://www.google.com/maps/search/dance%20school/@45.16610084047514,18.865870764713478,10z?hl=en</value>
          </Data>
          <Data name="main_category">
            <value>dance school</value>
          </Data>
          <Data name="image_url">
            <value>https://lh3.googleusercontent.com/gps-cs-s/AC9h4noJjUNvWxPaYkvWuYJwaPM1fKa6555j5q_ZNv60PZbIhxuR1geoZxrJhzQWrpQRfwCV10quZn9uguxtJh8NuAeYfsWbFCwmgBghOy0JHHZjJGwlUFkBrxs6FCaNJXE_RskYe_8S=w408-h306-k-no</value>
          </Data>
          <Data name="additional">
            <value/>
          </Data>
          <Data name="website">
            <value/>
          </Data>
          <Data name="parent_place">
            <value/>
          </Data>
          <Data name="additional_urls">
            <value>[]</value>
          </Data>
        </ExtendedData>
        <Point>
          <coordinates>
            19.3939583,45.2495538,0
          </coordinates>
        </Point>
      </Placemark>
      <Placemark>
        <name>VIDVARD</name>
        <description><![CDATA[﻿id: 68f2f6f517de0681a60e3f3a<br>category: Dance school<br>address_full: Vidovdanska 9, Bačka Topola 24300, Serbia<br>district: <br>address: Vidovdanska 9<br>city: Bačka Topola<br>index: 24300<br>country: RS<br>phone: +381 63 8186799<br>location: 45.8115902,19.635218<br>reting: 5<br>place_id: ChIJQfQn0i-rREcRkGrP6PipuiE<br>tags: ["Dance school"]<br>search_url: https://www.google.com/maps/search/?api=1&query=VIDVARD&query_place_id=ChIJQfQn0i-rREcRkGrP6PipuiE<br>map_url: https://www.google.com/maps/search/dance%20school/@45.927497434125236,18.865870764713478,10z?hl=en<br>main_category: dance school<br>image_url: https://lh3.googleusercontent.com/p/AF1QipM6BN8hgUh2KfLsTe0pCdBpGPEMLAsCt44chzCY=w408-h544-k-no<br>additional: <br>website: <br>parent_place: <br>additional_urls: []]]></description>
        <styleUrl>#icon-1899-A52714-labelson</styleUrl>
        <ExtendedData>
          <Data name="﻿id">
            <value>68f2f6f517de0681a60e3f3a</value>
          </Data>
          <Data name="category">
            <value>Dance school</value>
          </Data>
          <Data name="address_full">
            <value>Vidovdanska 9, Bačka Topola 24300, Serbia</value>
          </Data>
          <Data name="district">
            <value/>
          </Data>
          <Data name="address">
            <value>Vidovdanska 9</value>
          </Data>
          <Data name="city">
            <value>Bačka Topola</value>
          </Data>
          <Data name="index">
            <value>24300.0</value>
          </Data>
          <Data name="country">
            <value>RS</value>
          </Data>
          <Data name="phone">
            <value>+381 63 8186799</value>
          </Data>
          <Data name="location">
            <value>45.8115902,19.635218</value>
          </Data>
          <Data name="reting">
            <value>5.0</value>
          </Data>
          <Data name="place_id">
            <value>ChIJQfQn0i-rREcRkGrP6PipuiE</value>
          </Data>
          <Data name="tags">
            <value><![CDATA[["Dance school"]]]></value>
          </Data>
          <Data name="search_url">
            <value><![CDATA[https://www.google.com/maps/search/?api=1&query=VIDVARD&query_place_id=ChIJQfQn0i-rREcRkGrP6PipuiE]]></value>
          </Data>
          <Data name="map_url">
            <value>https://www.google.com/maps/search/dance%20school/@45.927497434125236,18.865870764713478,10z?hl=en</value>
          </Data>
          <Data name="main_category">
            <value>dance school</value>
          </Data>
          <Data name="image_url">
            <value>https://lh3.googleusercontent.com/p/AF1QipM6BN8hgUh2KfLsTe0pCdBpGPEMLAsCt44chzCY=w408-h544-k-no</value>
          </Data>
          <Data name="additional">
            <value/>
          </Data>
          <Data name="website">
            <value/>
          </Data>
          <Data name="parent_place">
            <value/>
          </Data>
          <Data name="additional_urls">
            <value>[]</value>
          </Data>
        </ExtendedData>
        <Point>
          <coordinates>
            19.635218,45.8115902,0
          </coordinates>
        </Point>
      </Placemark>
      <Placemark>
        <name>Plesna škola Natalija i Ivica</name>
        <description><![CDATA[﻿id: 68f2f6f517de0681a60e3f06<br>category: Dance school<br>address_full: Kneza Miloša 82, Beograd 11000, Serbia<br>district: Savski Venac<br>address: Kneza Miloša 82<br>city: Belgrade<br>index: 11000<br>country: RS<br>phone: +381 64 2947005<br>location: 44.8011076,20.4537914<br>reting: 5<br>place_id: ChIJVVQVKARwWkcR6EijQBaC_lM<br>tags: ["Dance school","Ballroom dance instructor"]<br>search_url: https://www.google.com/maps/search/?api=1&query=Plesna%20%C5%A1kola%20Natalija%20i%20Ivica&query_place_id=ChIJVVQVKARwWkcR6EijQBaC_lM<br>map_url: https://www.google.com/maps/search/ballroom%20dance%20instructor/@43.64330765317494,21.93300849264326,10z?hl=en<br>main_category: ballroom dance instructor<br>image_url: https://lh3.googleusercontent.com/gps-cs-s/AC9h4nqSj49dpzT-E96S_Q6W8LxOANOig_mQlsjLCqahtGJMnL3d4MzuKfPkV68KNTFbnV2iMKyPQt1f-w4FiWkJk0YIOo6VcokCkIefzlAV4uFr6GQuUUEoqWK3acCRsNlLX0MMPDX4=w426-h240-k-no<br>additional: Plesni klub Natalija i Ivica<br>website: <br>parent_place: <br>additional_urls: []]]></description>
        <styleUrl>#icon-1899-FF5252-labelson</styleUrl>
        <ExtendedData>
          <Data name="﻿id">
            <value>68f2f6f517de0681a60e3f06</value>
          </Data>
          <Data name="category">
            <value>Dance school</value>
          </Data>
          <Data name="address_full">
            <value>Kneza Miloša 82, Beograd 11000, Serbia</value>
          </Data>
          <Data name="district">
            <value>Savski Venac</value>
          </Data>
          <Data name="address">
            <value>Kneza Miloša 82</value>
          </Data>
          <Data name="city">
            <value>Belgrade</value>
          </Data>
          <Data name="index">
            <value>11000.0</value>
          </Data>
          <Data name="country">
            <value>RS</value>
          </Data>
          <Data name="phone">
            <value>+381 64 2947005</value>
          </Data>
          <Data name="location">
            <value>44.8011076,20.4537914</value>
          </Data>
          <Data name="reting">
            <value>5.0</value>
          </Data>
          <Data name="place_id">
            <value>ChIJVVQVKARwWkcR6EijQBaC_lM</value>
          </Data>
          <Data name="tags">
            <value><![CDATA[["Dance school","Ballroom dance instructor"]]]></value>
          </Data>
          <Data name="search_url">
            <value><![CDATA[https://www.google.com/maps/search/?api=1&query=Plesna%20%C5%A1kola%20Natalija%20i%20Ivica&query_place_id=ChIJVVQVKARwWkcR6EijQBaC_lM]]></value>
          </Data>
          <Data name="map_url">
            <value>https://www.google.com/maps/search/ballroom%20dance%20instructor/@43.64330765317494,21.93300849264326,10z?hl=en</value>
          </Data>
          <Data name="main_category">
            <value>ballroom dance instructor</value>
          </Data>
          <Data name="image_url">
            <value>https://lh3.googleusercontent.com/gps-cs-s/AC9h4nqSj49dpzT-E96S_Q6W8LxOANOig_mQlsjLCqahtGJMnL3d4MzuKfPkV68KNTFbnV2iMKyPQt1f-w4FiWkJk0YIOo6VcokCkIefzlAV4uFr6GQuUUEoqWK3acCRsNlLX0MMPDX4=w426-h240-k-no</value>
          </Data>
          <Data name="additional">
            <value>Plesni klub Natalija i Ivica</value>
          </Data>
          <Data name="website">
            <value/>
          </Data>
          <Data name="parent_place">
            <value/>
          </Data>
          <Data name="additional_urls">
            <value>[]</value>
          </Data>
        </ExtendedData>
        <Point>
          <coordinates>
            20.4537914,44.8011076,0
          </coordinates>
        </Point>
      </Placemark>
      <Placemark>
        <name>Prvi Ples</name>
        <description><![CDATA[﻿id: 68f2f6f517de0681a60e3f08<br>category: Ballroom dance instructor<br>address_full: Bulevar kralja Aleksandra 294, Beograd 11000, Serbia<br>district: <br>address: Bulevar kralja Aleksandra 294<br>city: Belgrade<br>index: 11000<br>country: RS<br>phone: +62 623 36371<br>location: 44.7960641,20.4970946<br>reting: 5<br>place_id: ChIJizwrqLZ7WkcRxKeKSG68oMw<br>tags: ["Ballroom dance instructor"]<br>search_url: https://www.google.com/maps/search/?api=1&query=Prvi%20Ples&query_place_id=ChIJizwrqLZ7WkcRxKeKSG68oMw<br>map_url: https://www.google.com/maps/search/ballroom%20dance%20instructor/@43.64330765317494,21.93300849264326,10z?hl=en<br>main_category: ballroom dance instructor<br>image_url: https://lh3.googleusercontent.com/p/AF1QipP2tYfuwN5B16NLZAbmLvHRX0oZcuxq-w6_JAcw=w513-h240-k-no<br>additional: <br>website: <br>parent_place: <br>additional_urls: []]]></description>
        <styleUrl>#icon-1899-FF5252-labelson</styleUrl>
        <ExtendedData>
          <Data name="﻿id">
            <value>68f2f6f517de0681a60e3f08</value>
          </Data>
          <Data name="category">
            <value>Ballroom dance instructor</value>
          </Data>
          <Data name="address_full">
            <value>Bulevar kralja Aleksandra 294, Beograd 11000, Serbia</value>
          </Data>
          <Data name="district">
            <value/>
          </Data>
          <Data name="address">
            <value>Bulevar kralja Aleksandra 294</value>
          </Data>
          <Data name="city">
            <value>Belgrade</value>
          </Data>
          <Data name="index">
            <value>11000.0</value>
          </Data>
          <Data name="country">
            <value>RS</value>
          </Data>
          <Data name="phone">
            <value>+62 623 36371</value>
          </Data>
          <Data name="location">
            <value>44.7960641,20.4970946</value>
          </Data>
          <Data name="reting">
            <value>5.0</value>
          </Data>
          <Data name="place_id">
            <value>ChIJizwrqLZ7WkcRxKeKSG68oMw</value>
          </Data>
          <Data name="tags">
            <value><![CDATA[["Ballroom dance instructor"]]]></value>
          </Data>
          <Data name="search_url">
            <value><![CDATA[https://www.google.com/maps/search/?api=1&query=Prvi%20Ples&query_place_id=ChIJizwrqLZ7WkcRxKeKSG68oMw]]></value>
          </Data>
          <Data name="map_url">
            <value>https://www.google.com/maps/search/ballroom%20dance%20instructor/@43.64330765317494,21.93300849264326,10z?hl=en</value>
          </Data>
          <Data name="main_category">
            <value>ballroom dance instructor</value>
          </Data>
          <Data name="image_url">
            <value>https://lh3.googleusercontent.com/p/AF1QipP2tYfuwN5B16NLZAbmLvHRX0oZcuxq-w6_JAcw=w513-h240-k-no</value>
          </Data>
          <Data name="additional">
            <value/>
          </Data>
          <Data name="website">
            <value/>
          </Data>
          <Data name="parent_place">
            <value/>
          </Data>
          <Data name="additional_urls">
            <value>[]</value>
          </Data>
        </ExtendedData>
        <Point>
          <coordinates>
            20.4970946,44.7960641,0
          </coordinates>
        </Point>
      </Placemark>
      <Placemark>
        <name>Artifly Pole Dance Studio</name>
        <description><![CDATA[﻿id: 68f2f6f517de0681a60e3f09<br>category: Dance school<br>address_full: Nemanjina 4, Beograd 11000, Serbia<br>district: Savski Venac<br>address: Nemanjina 4<br>city: Belgrade<br>index: 11000<br>country: RS<br>phone: +381 66 6455145<br>location: 44.8068377,20.4573331<br>reting: 5<br>place_id: ChIJfzwy8El7WkcRWhpcPmPxFbA<br>tags: ["Dance school","Sports club"]<br>search_url: https://www.google.com/maps/search/?api=1&query=Artifly%20Pole%20Dance%20Studio&query_place_id=ChIJfzwy8El7WkcRWhpcPmPxFbA<br>map_url: https://www.google.com/maps/search/dance%20school/@45.16610084047514,18.865870764713478,10z?hl=en<br>main_category: dance school<br>image_url: https://lh3.googleusercontent.com/p/AF1QipNpWgfEmeyTd79sb_9NDr7ni0NQkBcMuWxcB4VG=w408-h544-k-no<br>additional: <br>website: https://www.instagram.com/pole.dance.artifly/<br>parent_place: <br>additional_urls: []]]></description>
        <styleUrl>#icon-1899-FF5252-labelson</styleUrl>
        <ExtendedData>
          <Data name="﻿id">
            <value>68f2f6f517de0681a60e3f09</value>
          </Data>
          <Data name="category">
            <value>Dance school</value>
          </Data>
          <Data name="address_full">
            <value>Nemanjina 4, Beograd 11000, Serbia</value>
          </Data>
          <Data name="district">
            <value>Savski Venac</value>
          </Data>
          <Data name="address">
            <value>Nemanjina 4</value>
          </Data>
          <Data name="city">
            <value>Belgrade</value>
          </Data>
          <Data name="index">
            <value>11000.0</value>
          </Data>
          <Data name="country">
            <value>RS</value>
          </Data>
          <Data name="phone">
            <value>+381 66 6455145</value>
          </Data>
          <Data name="location">
            <value>44.8068377,20.4573331</value>
          </Data>
          <Data name="reting">
            <value>5.0</value>
          </Data>
          <Data name="place_id">
            <value>ChIJfzwy8El7WkcRWhpcPmPxFbA</value>
          </Data>
          <Data name="tags">
            <value><![CDATA[["Dance school","Sports club"]]]></value>
          </Data>
          <Data name="search_url">
            <value><![CDATA[https://www.google.com/maps/search/?api=1&query=Artifly%20Pole%20Dance%20Studio&query_place_id=ChIJfzwy8El7WkcRWhpcPmPxFbA]]></value>
          </Data>
          <Data name="map_url">
            <value>https://www.google.com/maps/search/dance%20school/@45.16610084047514,18.865870764713478,10z?hl=en</value>
          </Data>
          <Data name="main_category">
            <value>dance school</value>
          </Data>
          <Data name="image_url">
            <value>https://lh3.googleusercontent.com/p/AF1QipNpWgfEmeyTd79sb_9NDr7ni0NQkBcMuWxcB4VG=w408-h544-k-no</value>
          </Data>
          <Data name="additional">
            <value/>
          </Data>
          <Data name="website">
            <value>https://www.instagram.com/pole.dance.artifly/</value>
          </Data>
          <Data name="parent_place">
            <value/>
          </Data>
          <Data name="additional_urls">
            <value>[]</value>
          </Data>
        </ExtendedData>
        <Point>
          <coordinates>
            20.4573331,44.8068377,0
          </coordinates>
        </Point>
      </Placemark>
      <Placemark>
        <name>URBAN DANCE STUDIO</name>
        <description><![CDATA[﻿id: 68f2f6f517de0681a60e3f0b<br>category: Dance school<br>address_full: Milentija Popovića 1 lokal 9, Beograd 11000, Serbia<br>district: New Belgrade<br>address: Milentija Popovića 1 lokal 9<br>city: Belgrade<br>index: 11000<br>country: RS<br>phone: +381 64 2713931<br>location: 44.814022,20.435217<br>reting: 4,9<br>place_id: ChIJH5LBfFllWkcRPDDY3i2a9yk<br>tags: ["Dance school"]<br>search_url: https://www.google.com/maps/search/?api=1&query=URBAN%20DANCE%20STUDIO&query_place_id=ChIJH5LBfFllWkcRPDDY3i2a9yk<br>map_url: https://www.google.com/maps/search/dance%20school/@45.16610084047514,18.865870764713478,10z?hl=en<br>main_category: dance school<br>image_url: https://lh3.googleusercontent.com/p/AF1QipPtgyqZ3DCSvgq0flUDWvoklao_fd-_PqTe-0KU=w408-h571-k-no<br>additional: Урбан студио<br>website: http://www.urbanstudio.rs/<br>parent_place: <br>additional_urls: []]]></description>
        <styleUrl>#icon-1899-FF5252-labelson</styleUrl>
        <ExtendedData>
          <Data name="﻿id">
            <value>68f2f6f517de0681a60e3f0b</value>
          </Data>
          <Data name="category">
            <value>Dance school</value>
          </Data>
          <Data name="address_full">
            <value>Milentija Popovića 1 lokal 9, Beograd 11000, Serbia</value>
          </Data>
          <Data name="district">
            <value>New Belgrade</value>
          </Data>
          <Data name="address">
            <value>Milentija Popovića 1 lokal 9</value>
          </Data>
          <Data name="city">
            <value>Belgrade</value>
          </Data>
          <Data name="index">
            <value>11000.0</value>
          </Data>
          <Data name="country">
            <value>RS</value>
          </Data>
          <Data name="phone">
            <value>+381 64 2713931</value>
          </Data>
          <Data name="location">
            <value>44.814022,20.435217</value>
          </Data>
          <Data name="reting">
            <value>4.9</value>
          </Data>
          <Data name="place_id">
            <value>ChIJH5LBfFllWkcRPDDY3i2a9yk</value>
          </Data>
          <Data name="tags">
            <value><![CDATA[["Dance school"]]]></value>
          </Data>
          <Data name="search_url">
            <value><![CDATA[https://www.google.com/maps/search/?api=1&query=URBAN%20DANCE%20STUDIO&query_place_id=ChIJH5LBfFllWkcRPDDY3i2a9yk]]></value>
          </Data>
          <Data name="map_url">
            <value>https://www.google.com/maps/search/dance%20school/@45.16610084047514,18.865870764713478,10z?hl=en</value>
          </Data>
          <Data name="main_category">
            <value>dance school</value>
          </Data>
          <Data name="image_url">
            <value>https://lh3.googleusercontent.com/p/AF1QipPtgyqZ3DCSvgq0flUDWvoklao_fd-_PqTe-0KU=w408-h571-k-no</value>
          </Data>
          <Data name="additional">
            <value>Урбан студио</value>
          </Data>
          <Data name="website">
            <value>http://www.urbanstudio.rs/</value>
          </Data>
          <Data name="parent_place">
            <value/>
          </Data>
          <Data name="additional_urls">
            <value>[]</value>
          </Data>
        </ExtendedData>
        <Point>
          <coordinates>
            20.435217,44.814022,0
          </coordinates>
        </Point>
      </Placemark>
      <Placemark>
        <name>Dance Station NOVI BEOGRAD</name>
        <description><![CDATA[﻿id: 68f2f6f517de0681a60e3f15<br>category: Dance school<br>address_full: Bulevar maršala Tolbuhina 38, Beograd 11000, Serbia<br>district: New Belgrade<br>address: Bulevar maršala Tolbuhina 38<br>city: Belgrade<br>index: 11000<br>country: RS<br>phone: +381 65 9455045<br>location: 44.8303479,20.4067291<br>reting: 4,9<br>place_id: ChIJu3rXREJlWkcRgsAAzOqWkGw<br>tags: ["Dance school"]<br>search_url: https://www.google.com/maps/search/?api=1&query=Dance%20Station%20NOVI%20BEOGRAD&query_place_id=ChIJu3rXREJlWkcRgsAAzOqWkGw<br>map_url: https://www.google.com/maps/search/dance%20school/@43.64330765317494,20.91062925,10z?hl=en<br>main_category: dance school<br>image_url: https://lh3.googleusercontent.com/p/AF1QipNvBBwy7VgwnNPPppX8K7L4yolPbnB309Qm6H0O=w408-h271-k-no<br>additional: <br>website: <br>parent_place: <br>additional_urls: []]]></description>
        <styleUrl>#icon-1899-FF5252-labelson</styleUrl>
        <ExtendedData>
          <Data name="﻿id">
            <value>68f2f6f517de0681a60e3f15</value>
          </Data>
          <Data name="category">
            <value>Dance school</value>
          </Data>
          <Data name="address_full">
            <value>Bulevar maršala Tolbuhina 38, Beograd 11000, Serbia</value>
          </Data>
          <Data name="district">
            <value>New Belgrade</value>
          </Data>
          <Data name="address">
            <value>Bulevar maršala Tolbuhina 38</value>
          </Data>
          <Data name="city">
            <value>Belgrade</value>
          </Data>
          <Data name="index">
            <value>11000.0</value>
          </Data>
          <Data name="country">
            <value>RS</value>
          </Data>
          <Data name="phone">
            <value>+381 65 9455045</value>
          </Data>
          <Data name="location">
            <value>44.8303479,20.4067291</value>
          </Data>
          <Data name="reting">
            <value>4.9</value>
          </Data>
          <Data name="place_id">
            <value>ChIJu3rXREJlWkcRgsAAzOqWkGw</value>
          </Data>
          <Data name="tags">
            <value><![CDATA[["Dance school"]]]></value>
          </Data>
          <Data name="search_url">
            <value><![CDATA[https://www.google.com/maps/search/?api=1&query=Dance%20Station%20NOVI%20BEOGRAD&query_place_id=ChIJu3rXREJlWkcRgsAAzOqWkGw]]></value>
          </Data>
          <Data name="map_url">
            <value>https://www.google.com/maps/search/dance%20school/@43.64330765317494,20.91062925,10z?hl=en</value>
          </Data>
          <Data name="main_category">
            <value>dance school</value>
          </Data>
          <Data name="image_url">
            <value>https://lh3.googleusercontent.com/p/AF1QipNvBBwy7VgwnNPPppX8K7L4yolPbnB309Qm6H0O=w408-h271-k-no</value>
          </Data>
          <Data name="additional">
            <value/>
          </Data>
          <Data name="website">
            <value/>
          </Data>
          <Data name="parent_place">
            <value/>
          </Data>
          <Data name="additional_urls">
            <value>[]</value>
          </Data>
        </ExtendedData>
        <Point>
          <coordinates>
            20.4067291,44.8303479,0
          </coordinates>
        </Point>
      </Placemark>
      <Placemark>
        <name>Plesna škola Ruski Dom</name>
        <description><![CDATA[﻿id: 68f2f6f517de0681a60e3f1a<br>category: Dance school<br>address_full: Kralja Petra 71/A, Beograd 11000, Serbia<br>district: Stari Grad<br>address: Kralja Petra 71/A<br>city: Belgrade<br>index: 11000<br>country: RS<br>phone: +381 63 1736180<br>location: 44.8215332,20.4570484<br>reting: 5<br>place_id: ChIJaeUK_4VlWkcRykZp2-8dFyg<br>tags: ["Dance school"]<br>search_url: https://www.google.com/maps/search/?api=1&query=Plesna%20%C5%A1kola%20Ruski%20Dom&query_place_id=ChIJaeUK_4VlWkcRykZp2-8dFyg<br>map_url: https://www.google.com/maps/search/ballroom%20dance%20instructor/@44.40470424682504,20.91062925,10z?hl=en<br>main_category: ballroom dance instructor<br>image_url: https://lh3.googleusercontent.com/p/AF1QipNngpvY0CTcRvPxMKQwLgSFs4JXyiR6a2vNsadF=w408-h272-k-no<br>additional: <br>website: http://svinaples.com/<br>parent_place: <br>additional_urls: []]]></description>
        <styleUrl>#icon-1899-FF5252-labelson</styleUrl>
        <ExtendedData>
          <Data name="﻿id">
            <value>68f2f6f517de0681a60e3f1a</value>
          </Data>
          <Data name="category">
            <value>Dance school</value>
          </Data>
          <Data name="address_full">
            <value>Kralja Petra 71/A, Beograd 11000, Serbia</value>
          </Data>
          <Data name="district">
            <value>Stari Grad</value>
          </Data>
          <Data name="address">
            <value>Kralja Petra 71/A</value>
          </Data>
          <Data name="city">
            <value>Belgrade</value>
          </Data>
          <Data name="index">
            <value>11000.0</value>
          </Data>
          <Data name="country">
            <value>RS</value>
          </Data>
          <Data name="phone">
            <value>+381 63 1736180</value>
          </Data>
          <Data name="location">
            <value>44.8215332,20.4570484</value>
          </Data>
          <Data name="reting">
            <value>5.0</value>
          </Data>
          <Data name="place_id">
            <value>ChIJaeUK_4VlWkcRykZp2-8dFyg</value>
          </Data>
          <Data name="tags">
            <value><![CDATA[["Dance school"]]]></value>
          </Data>
          <Data name="search_url">
            <value><![CDATA[https://www.google.com/maps/search/?api=1&query=Plesna%20%C5%A1kola%20Ruski%20Dom&query_place_id=ChIJaeUK_4VlWkcRykZp2-8dFyg]]></value>
          </Data>
          <Data name="map_url">
            <value>https://www.google.com/maps/search/ballroom%20dance%20instructor/@44.40470424682504,20.91062925,10z?hl=en</value>
          </Data>
          <Data name="main_category">
            <value>ballroom dance instructor</value>
          </Data>
          <Data name="image_url">
            <value>https://lh3.googleusercontent.com/p/AF1QipNngpvY0CTcRvPxMKQwLgSFs4JXyiR6a2vNsadF=w408-h272-k-no</value>
          </Data>
          <Data name="additional">
            <value/>
          </Data>
          <Data name="website">
            <value>http://svinaples.com/</value>
          </Data>
          <Data name="parent_place">
            <value/>
          </Data>
          <Data name="additional_urls">
            <value>[]</value>
          </Data>
        </ExtendedData>
        <Point>
          <coordinates>
            20.4570484,44.8215332,0
          </coordinates>
        </Point>
      </Placemark>
      <Placemark>
        <name>Plesni Studio Master / Mladenacki ples</name>
        <description><![CDATA[﻿id: 68f2f6f517de0681a60e3f1b<br>category: Dance school<br>address_full: Dobračina 30, Beograd 11000, Serbia<br>district: Stari Grad<br>address: Dobračina 30<br>city: Belgrade<br>index: 11000<br>country: RS<br>phone: +381 64 1555444<br>location: 44.8193478,20.4625648<br>reting: 4,9<br>place_id: ChIJSzEsALhxWkcROzVapyQX6zk<br>tags: ["Dance school"]<br>search_url: https://www.google.com/maps/search/?api=1&query=Plesni%20Studio%20Master%20%2F%20Mladenacki%20ples&query_place_id=ChIJSzEsALhxWkcROzVapyQX6zk<br>map_url: https://www.google.com/maps/search/ballroom%20dance%20instructor/@44.40470424682504,20.91062925,10z?hl=en<br>main_category: ballroom dance instructor<br>image_url: https://lh3.googleusercontent.com/p/AF1QipPbdS3JuU6QeHDJDpCcOy2GzslKN-iJsyclIVr5=w408-h272-k-no<br>additional: <br>website: https://plesnistudiomaster.com/<br>parent_place: <br>additional_urls: []]]></description>
        <styleUrl>#icon-1899-FF5252-labelson</styleUrl>
        <ExtendedData>
          <Data name="﻿id">
            <value>68f2f6f517de0681a60e3f1b</value>
          </Data>
          <Data name="category">
            <value>Dance school</value>
          </Data>
          <Data name="address_full">
            <value>Dobračina 30, Beograd 11000, Serbia</value>
          </Data>
          <Data name="district">
            <value>Stari Grad</value>
          </Data>
          <Data name="address">
            <value>Dobračina 30</value>
          </Data>
          <Data name="city">
            <value>Belgrade</value>
          </Data>
          <Data name="index">
            <value>11000.0</value>
          </Data>
          <Data name="country">
            <value>RS</value>
          </Data>
          <Data name="phone">
            <value>+381 64 1555444</value>
          </Data>
          <Data name="location">
            <value>44.8193478,20.4625648</value>
          </Data>
          <Data name="reting">
            <value>4.9</value>
          </Data>
          <Data name="place_id">
            <value>ChIJSzEsALhxWkcROzVapyQX6zk</value>
          </Data>
          <Data name="tags">
            <value><![CDATA[["Dance school"]]]></value>
          </Data>
          <Data name="search_url">
            <value><![CDATA[https://www.google.com/maps/search/?api=1&query=Plesni%20Studio%20Master%20%2F%20Mladenacki%20ples&query_place_id=ChIJSzEsALhxWkcROzVapyQX6zk]]></value>
          </Data>
          <Data name="map_url">
            <value>https://www.google.com/maps/search/ballroom%20dance%20instructor/@44.40470424682504,20.91062925,10z?hl=en</value>
          </Data>
          <Data name="main_category">
            <value>ballroom dance instructor</value>
          </Data>
          <Data name="image_url">
            <value>https://lh3.googleusercontent.com/p/AF1QipPbdS3JuU6QeHDJDpCcOy2GzslKN-iJsyclIVr5=w408-h272-k-no</value>
          </Data>
          <Data name="additional">
            <value/>
          </Data>
          <Data name="website">
            <value>https://plesnistudiomaster.com/</value>
          </Data>
          <Data name="parent_place">
            <value/>
          </Data>
          <Data name="additional_urls">
            <value>[]</value>
          </Data>
        </ExtendedData>
        <Point>
          <coordinates>
            20.4625648,44.8193478,0
          </coordinates>
        </Point>
      </Placemark>
      <Placemark>
        <name>Plesni studio ChaChaMoon</name>
        <description><![CDATA[﻿id: 68f2f6f517de0681a60e3f1c<br>category: Dance school<br>address_full: Jurija Gagarina 149, Beograd, Serbia<br>district: New Belgrade<br>address: Jurija Gagarina 149<br>city: Belgrade<br>index: <br>country: RS<br>phone: +381 61 6808674<br>location: 44.8025296,20.3878462<br>reting: 4,7<br>place_id: ChIJWajx8nVvWkcRNU0qdBIr2AY<br>tags: ["Dance school"]<br>search_url: https://www.google.com/maps/search/?api=1&query=Plesni%20studio%20ChaChaMoon&query_place_id=ChIJWajx8nVvWkcRNU0qdBIr2AY<br>map_url: https://www.google.com/maps/search/ballroom%20dance%20instructor/@44.40470424682504,20.91062925,10z?hl=en<br>main_category: ballroom dance instructor<br>image_url: https://lh3.googleusercontent.com/p/AF1QipP1Yi16yxu3gFxSSLpmUTO5vkSl1c8ODMbWV6RI=w426-h240-k-no<br>additional: Плесни студио ChaChaMoon<br>website: http://plesnaskolachachamoon.com/<br>parent_place: Shopping center Piramida<br>additional_urls: []]]></description>
        <styleUrl>#icon-1899-FF5252-labelson</styleUrl>
        <ExtendedData>
          <Data name="﻿id">
            <value>68f2f6f517de0681a60e3f1c</value>
          </Data>
          <Data name="category">
            <value>Dance school</value>
          </Data>
          <Data name="address_full">
            <value>Jurija Gagarina 149, Beograd, Serbia</value>
          </Data>
          <Data name="district">
            <value>New Belgrade</value>
          </Data>
          <Data name="address">
            <value>Jurija Gagarina 149</value>
          </Data>
          <Data name="city">
            <value>Belgrade</value>
          </Data>
          <Data name="index">
            <value/>
          </Data>
          <Data name="country">
            <value>RS</value>
          </Data>
          <Data name="phone">
            <value>+381 61 6808674</value>
          </Data>
          <Data name="location">
            <value>44.8025296,20.3878462</value>
          </Data>
          <Data name="reting">
            <value>4.7</value>
          </Data>
          <Data name="place_id">
            <value>ChIJWajx8nVvWkcRNU0qdBIr2AY</value>
          </Data>
          <Data name="tags">
            <value><![CDATA[["Dance school"]]]></value>
          </Data>
          <Data name="search_url">
            <value><![CDATA[https://www.google.com/maps/search/?api=1&query=Plesni%20studio%20ChaChaMoon&query_place_id=ChIJWajx8nVvWkcRNU0qdBIr2AY]]></value>
          </Data>
          <Data name="map_url">
            <value>https://www.google.com/maps/search/ballroom%20dance%20instructor/@44.40470424682504,20.91062925,10z?hl=en</value>
          </Data>
          <Data name="main_category">
            <value>ballroom dance instructor</value>
          </Data>
          <Data name="image_url">
            <value>https://lh3.googleusercontent.com/p/AF1QipP1Yi16yxu3gFxSSLpmUTO5vkSl1c8ODMbWV6RI=w426-h240-k-no</value>
          </Data>
          <Data name="additional">
            <value>Плесни студио ChaChaMoon</value>
          </Data>
          <Data name="website">
            <value>http://plesnaskolachachamoon.com/</value>
          </Data>
          <Data name="parent_place">
            <value>Shopping center Piramida</value>
          </Data>
          <Data name="additional_urls">
            <value>[]</value>
          </Data>
        </ExtendedData>
        <Point>
          <coordinates>
            20.3878462,44.8025296,0
          </coordinates>
        </Point>
      </Placemark>
      <Placemark>
        <name>Plesni klub-skola VRAČAR</name>
        <description><![CDATA[﻿id: 68f2f6f517de0681a60e3f1d<br>category: Dance school<br>address_full: Sjenička 1, Beograd, Serbia<br>district: Vračar<br>address: Sjenička 1<br>city: Belgrade<br>index: <br>country: RS<br>phone: +381 65 2455171<br>location: 44.799415,20.4836067<br>reting: 5<br>place_id: ChIJ97zklHdwWkcR-bgQpWn-80o<br>tags: ["Dance school"]<br>search_url: https://www.google.com/maps/search/?api=1&query=Plesni%20klub-skola%20VRA%C4%8CAR&query_place_id=ChIJ97zklHdwWkcR-bgQpWn-80o<br>map_url: https://www.google.com/maps/search/ballroom%20dance%20instructor/@44.40470424682504,20.91062925,10z?hl=en<br>main_category: ballroom dance instructor<br>image_url: https://lh3.googleusercontent.com/gps-cs-s/AC9h4np9gDwbhVSoEJ5fedwIjNPPmvg2YYidB6-hGyahOFeWLSDBmlhTlybbWn--gSbE4cOdwb1zYvNbxLEn_MFDULKjQSC_U9LQtE82eBgOPvZ8gly-S1yZwVyUNlAgvhaG9myV7DvuDY3kSc4=w408-h544-k-no<br>additional: Plesni centar VRAČAR<br>website: http://vracar.co.rs/<br>parent_place: Sports Center “Mirko Sandić”<br>additional_urls: []]]></description>
        <styleUrl>#icon-1899-FF5252-labelson</styleUrl>
        <ExtendedData>
          <Data name="﻿id">
            <value>68f2f6f517de0681a60e3f1d</value>
          </Data>
          <Data name="category">
            <value>Dance school</value>
          </Data>
          <Data name="address_full">
            <value>Sjenička 1, Beograd, Serbia</value>
          </Data>
          <Data name="district">
            <value>Vračar</value>
          </Data>
          <Data name="address">
            <value>Sjenička 1</value>
          </Data>
          <Data name="city">
            <value>Belgrade</value>
          </Data>
          <Data name="index">
            <value/>
          </Data>
          <Data name="country">
            <value>RS</value>
          </Data>
          <Data name="phone">
            <value>+381 65 2455171</value>
          </Data>
          <Data name="location">
            <value>44.799415,20.4836067</value>
          </Data>
          <Data name="reting">
            <value>5.0</value>
          </Data>
          <Data name="place_id">
            <value>ChIJ97zklHdwWkcR-bgQpWn-80o</value>
          </Data>
          <Data name="tags">
            <value><![CDATA[["Dance school"]]]></value>
          </Data>
          <Data name="search_url">
            <value><![CDATA[https://www.google.com/maps/search/?api=1&query=Plesni%20klub-skola%20VRA%C4%8CAR&query_place_id=ChIJ97zklHdwWkcR-bgQpWn-80o]]></value>
          </Data>
          <Data name="map_url">
            <value>https://www.google.com/maps/search/ballroom%20dance%20instructor/@44.40470424682504,20.91062925,10z?hl=en</value>
          </Data>
          <Data name="main_category">
            <value>ballroom dance instructor</value>
          </Data>
          <Data name="image_url">
            <value>https://lh3.googleusercontent.com/gps-cs-s/AC9h4np9gDwbhVSoEJ5fedwIjNPPmvg2YYidB6-hGyahOFeWLSDBmlhTlybbWn--gSbE4cOdwb1zYvNbxLEn_MFDULKjQSC_U9LQtE82eBgOPvZ8gly-S1yZwVyUNlAgvhaG9myV7DvuDY3kSc4=w408-h544-k-no</value>
          </Data>
          <Data name="additional">
            <value>Plesni centar VRAČAR</value>
          </Data>
          <Data name="website">
            <value>http://vracar.co.rs/</value>
          </Data>
          <Data name="parent_place">
            <value>Sports Center “Mirko Sandić”</value>
          </Data>
          <Data name="additional_urls">
            <value>[]</value>
          </Data>
        </ExtendedData>
        <Point>
          <coordinates>
            20.4836067,44.799415,0
          </coordinates>
        </Point>
      </Placemark>
      <Placemark>
        <name>AKUD Vojvoda Stepa</name>
        <description><![CDATA[﻿id: 68f2f6f517de0681a60e3f20<br>category: Dance school<br>address_full: Vojvode Stepe 571, Beograd 11221, Serbia<br>district: <br>address: Vojvode Stepe 571<br>city: Belgrade<br>index: 11221<br>country: RS<br>phone: <br>location: 44.7392177,20.5069951<br>reting: 4,5<br>place_id: ChIJpdrRozVxWkcR_zrSxLD4QVY<br>tags: ["Dance school"]<br>search_url: https://www.google.com/maps/search/?api=1&query=AKUD%20Vojvoda%20Stepa&query_place_id=ChIJpdrRozVxWkcR_zrSxLD4QVY<br>map_url: https://www.google.com/maps/search/dance%20school/@44.40470424682504,20.91062925,10z?hl=en<br>main_category: dance school<br>image_url: https://lh3.googleusercontent.com/p/AF1QipPvONzHycOdO9N-K1ldmJ04GVtm8if7yJ5p82MW=w408-h271-k-no<br>additional: <br>website: https://www.facebook.com/akudstepa<br>parent_place: <br>additional_urls: []]]></description>
        <styleUrl>#icon-1899-FF5252-labelson</styleUrl>
        <ExtendedData>
          <Data name="﻿id">
            <value>68f2f6f517de0681a60e3f20</value>
          </Data>
          <Data name="category">
            <value>Dance school</value>
          </Data>
          <Data name="address_full">
            <value>Vojvode Stepe 571, Beograd 11221, Serbia</value>
          </Data>
          <Data name="district">
            <value/>
          </Data>
          <Data name="address">
            <value>Vojvode Stepe 571</value>
          </Data>
          <Data name="city">
            <value>Belgrade</value>
          </Data>
          <Data name="index">
            <value>11221.0</value>
          </Data>
          <Data name="country">
            <value>RS</value>
          </Data>
          <Data name="phone">
            <value/>
          </Data>
          <Data name="location">
            <value>44.7392177,20.5069951</value>
          </Data>
          <Data name="reting">
            <value>4.5</value>
          </Data>
          <Data name="place_id">
            <value>ChIJpdrRozVxWkcR_zrSxLD4QVY</value>
          </Data>
          <Data name="tags">
            <value><![CDATA[["Dance school"]]]></value>
          </Data>
          <Data name="search_url">
            <value><![CDATA[https://www.google.com/maps/search/?api=1&query=AKUD%20Vojvoda%20Stepa&query_place_id=ChIJpdrRozVxWkcR_zrSxLD4QVY]]></value>
          </Data>
          <Data name="map_url">
            <value>https://www.google.com/maps/search/dance%20school/@44.40470424682504,20.91062925,10z?hl=en</value>
          </Data>
          <Data name="main_category">
            <value>dance school</value>
          </Data>
          <Data name="image_url">
            <value>https://lh3.googleusercontent.com/p/AF1QipPvONzHycOdO9N-K1ldmJ04GVtm8if7yJ5p82MW=w408-h271-k-no</value>
          </Data>
          <Data name="additional">
            <value/>
          </Data>
          <Data name="website">
            <value>https://www.facebook.com/akudstepa</value>
          </Data>
          <Data name="parent_place">
            <value/>
          </Data>
          <Data name="additional_urls">
            <value>[]</value>
          </Data>
        </ExtendedData>
        <Point>
          <coordinates>
            20.5069951,44.7392177,0
          </coordinates>
        </Point>
      </Placemark>
      <Placemark>
        <name>Plesna Grupa TIM - Kanarevo</name>
        <description><![CDATA[﻿id: 68f2f6f517de0681a60e3f22<br>category: Dance school<br>address_full: Borska 41v, Beograd 11090, Serbia<br>district: <br>address: Borska 41v<br>city: Belgrade<br>index: 11090<br>country: RS<br>phone: +381 62 1686770<br>location: 44.7544511,20.4561747<br>reting: 5<br>place_id: ChIJid-RZMZxWkcRSx6EbPkCA3Q<br>tags: ["Dance school"]<br>search_url: https://www.google.com/maps/search/?api=1&query=Plesna%20Grupa%20TIM%20-%20Kanarevo&query_place_id=ChIJid-RZMZxWkcRSx6EbPkCA3Q<br>map_url: https://www.google.com/maps/search/dance%20school/@44.40470424682504,20.91062925,10z?hl=en<br>main_category: dance school<br>image_url: https://lh3.googleusercontent.com/p/AF1QipN32KftdrbjrcJDsM1VVc2bgeWU7PSUDQctyX1D=w408-h272-k-no<br>additional: <br>website: http://plesnagrupatim.rs/<br>parent_place: <br>additional_urls: []]]></description>
        <styleUrl>#icon-1899-FF5252-labelson</styleUrl>
        <ExtendedData>
          <Data name="﻿id">
            <value>68f2f6f517de0681a60e3f22</value>
          </Data>
          <Data name="category">
            <value>Dance school</value>
          </Data>
          <Data name="address_full">
            <value>Borska 41v, Beograd 11090, Serbia</value>
          </Data>
          <Data name="district">
            <value/>
          </Data>
          <Data name="address">
            <value>Borska 41v</value>
          </Data>
          <Data name="city">
            <value>Belgrade</value>
          </Data>
          <Data name="index">
            <value>11090.0</value>
          </Data>
          <Data name="country">
            <value>RS</value>
          </Data>
          <Data name="phone">
            <value>+381 62 1686770</value>
          </Data>
          <Data name="location">
            <value>44.7544511,20.4561747</value>
          </Data>
          <Data name="reting">
            <value>5.0</value>
          </Data>
          <Data name="place_id">
            <value>ChIJid-RZMZxWkcRSx6EbPkCA3Q</value>
          </Data>
          <Data name="tags">
            <value><![CDATA[["Dance school"]]]></value>
          </Data>
          <Data name="search_url">
            <value><![CDATA[https://www.google.com/maps/search/?api=1&query=Plesna%20Grupa%20TIM%20-%20Kanarevo&query_place_id=ChIJid-RZMZxWkcRSx6EbPkCA3Q]]></value>
          </Data>
          <Data name="map_url">
            <value>https://www.google.com/maps/search/dance%20school/@44.40470424682504,20.91062925,10z?hl=en</value>
          </Data>
          <Data name="main_category">
            <value>dance school</value>
          </Data>
          <Data name="image_url">
            <value>https://lh3.googleusercontent.com/p/AF1QipN32KftdrbjrcJDsM1VVc2bgeWU7PSUDQctyX1D=w408-h272-k-no</value>
          </Data>
          <Data name="additional">
            <value/>
          </Data>
          <Data name="website">
            <value>http://plesnagrupatim.rs/</value>
          </Data>
          <Data name="parent_place">
            <value/>
          </Data>
          <Data name="additional_urls">
            <value>[]</value>
          </Data>
        </ExtendedData>
        <Point>
          <coordinates>
            20.4561747,44.7544511,0
          </coordinates>
        </Point>
      </Placemark>
      <Placemark>
        <name>Plesna škola Aurora</name>
        <description><![CDATA[﻿id: 68f2f6f517de0681a60e3f23<br>category: Dance school<br>address_full: Ustanička 189, Beograd 11000, Serbia<br>district: <br>address: Ustanička 189<br>city: Belgrade<br>index: 11000<br>country: RS<br>phone: +381 69 2881776<br>location: 44.7826465,20.509782<br>reting: 4,9<br>place_id: ChIJSUOOzZZwWkcRNquVk0z_QwE<br>tags: ["Dance school","Dance club"]<br>search_url: https://www.google.com/maps/search/?api=1&query=Plesna%20%C5%A1kola%20Aurora&query_place_id=ChIJSUOOzZZwWkcRNquVk0z_QwE<br>map_url: https://www.google.com/maps/search/dance%20school/@44.40470424682504,20.91062925,10z?hl=en<br>main_category: dance school<br>image_url: https://lh3.googleusercontent.com/p/AF1QipMbnQiMT_jvlB5FjEq_ywH7LwwejyS8_cDDPbdH=w408-h271-k-no<br>additional: <br>website: http://www.aurora.org.rs/<br>parent_place: <br>additional_urls: []]]></description>
        <styleUrl>#icon-1899-FF5252-labelson</styleUrl>
        <ExtendedData>
          <Data name="﻿id">
            <value>68f2f6f517de0681a60e3f23</value>
          </Data>
          <Data name="category">
            <value>Dance school</value>
          </Data>
          <Data name="address_full">
            <value>Ustanička 189, Beograd 11000, Serbia</value>
          </Data>
          <Data name="district">
            <value/>
          </Data>
          <Data name="address">
            <value>Ustanička 189</value>
          </Data>
          <Data name="city">
            <value>Belgrade</value>
          </Data>
          <Data name="index">
            <value>11000.0</value>
          </Data>
          <Data name="country">
            <value>RS</value>
          </Data>
          <Data name="phone">
            <value>+381 69 2881776</value>
          </Data>
          <Data name="location">
            <value>44.7826465,20.509782</value>
          </Data>
          <Data name="reting">
            <value>4.9</value>
          </Data>
          <Data name="place_id">
            <value>ChIJSUOOzZZwWkcRNquVk0z_QwE</value>
          </Data>
          <Data name="tags">
            <value><![CDATA[["Dance school","Dance club"]]]></value>
          </Data>
          <Data name="search_url">
            <value><![CDATA[https://www.google.com/maps/search/?api=1&query=Plesna%20%C5%A1kola%20Aurora&query_place_id=ChIJSUOOzZZwWkcRNquVk0z_QwE]]></value>
          </Data>
          <Data name="map_url">
            <value>https://www.google.com/maps/search/dance%20school/@44.40470424682504,20.91062925,10z?hl=en</value>
          </Data>
          <Data name="main_category">
            <value>dance school</value>
          </Data>
          <Data name="image_url">
            <value>https://lh3.googleusercontent.com/p/AF1QipMbnQiMT_jvlB5FjEq_ywH7LwwejyS8_cDDPbdH=w408-h271-k-no</value>
          </Data>
          <Data name="additional">
            <value/>
          </Data>
          <Data name="website">
            <value>http://www.aurora.org.rs/</value>
          </Data>
          <Data name="parent_place">
            <value/>
          </Data>
          <Data name="additional_urls">
            <value>[]</value>
          </Data>
        </ExtendedData>
        <Point>
          <coordinates>
            20.509782,44.7826465,0
          </coordinates>
        </Point>
      </Placemark>
      <Placemark>
        <name>PLESNA ŠKOLA ART OF DANCE</name>
        <description><![CDATA[﻿id: 68f2f6f517de0681a60e3f24<br>category: Dance school<br>address_full: Požeška 41, Beograd 11030, Serbia<br>district: <br>address: Požeška 41<br>city: Belgrade<br>index: 11030<br>country: RS<br>phone: +381 63 271486<br>location: 44.7822864,20.4194928<br>reting: 4,8<br>place_id: ChIJ5Sb5YdBvWkcRtx4qxUyL6sc<br>tags: ["Dance school"]<br>search_url: https://www.google.com/maps/search/?api=1&query=PLESNA%20%C5%A0KOLA%20ART%20OF%20DANCE&query_place_id=ChIJ5Sb5YdBvWkcRtx4qxUyL6sc<br>map_url: https://www.google.com/maps/search/dance%20school/@44.40470424682504,20.91062925,10z?hl=en<br>main_category: dance school<br>image_url: https://lh3.googleusercontent.com/gps-cs-s/AC9h4nrHXQsjZZ3pdkdK_09T2dD7DDbukjGch7M75AkkiTm0MxI-iLJRC5ljJNjHYX6lFDKcXaDons8C5DcSlRgjHy9Cdmd4KmVxX6mCa3OylBTk4OnZsbf42WuSXr7iByzw5Ru13Uqfdw=w408-h306-k-no<br>additional: <br>website: http://www.artofdance.org.rs/<br>parent_place: <br>additional_urls: []]]></description>
        <styleUrl>#icon-1899-FF5252-labelson</styleUrl>
        <ExtendedData>
          <Data name="﻿id">
            <value>68f2f6f517de0681a60e3f24</value>
          </Data>
          <Data name="category">
            <value>Dance school</value>
          </Data>
          <Data name="address_full">
            <value>Požeška 41, Beograd 11030, Serbia</value>
          </Data>
          <Data name="district">
            <value/>
          </Data>
          <Data name="address">
            <value>Požeška 41</value>
          </Data>
          <Data name="city">
            <value>Belgrade</value>
          </Data>
          <Data name="index">
            <value>11030.0</value>
          </Data>
          <Data name="country">
            <value>RS</value>
          </Data>
          <Data name="phone">
            <value>+381 63 271486</value>
          </Data>
          <Data name="location">
            <value>44.7822864,20.4194928</value>
          </Data>
          <Data name="reting">
            <value>4.8</value>
          </Data>
          <Data name="place_id">
            <value>ChIJ5Sb5YdBvWkcRtx4qxUyL6sc</value>
          </Data>
          <Data name="tags">
            <value><![CDATA[["Dance school"]]]></value>
          </Data>
          <Data name="search_url">
            <value><![CDATA[https://www.google.com/maps/search/?api=1&query=PLESNA%20%C5%A0KOLA%20ART%20OF%20DANCE&query_place_id=ChIJ5Sb5YdBvWkcRtx4qxUyL6sc]]></value>
          </Data>
          <Data name="map_url">
            <value>https://www.google.com/maps/search/dance%20school/@44.40470424682504,20.91062925,10z?hl=en</value>
          </Data>
          <Data name="main_category">
            <value>dance school</value>
          </Data>
          <Data name="image_url">
            <value>https://lh3.googleusercontent.com/gps-cs-s/AC9h4nrHXQsjZZ3pdkdK_09T2dD7DDbukjGch7M75AkkiTm0MxI-iLJRC5ljJNjHYX6lFDKcXaDons8C5DcSlRgjHy9Cdmd4KmVxX6mCa3OylBTk4OnZsbf42WuSXr7iByzw5Ru13Uqfdw=w408-h306-k-no</value>
          </Data>
          <Data name="additional">
            <value/>
          </Data>
          <Data name="website">
            <value>http://www.artofdance.org.rs/</value>
          </Data>
          <Data name="parent_place">
            <value/>
          </Data>
          <Data name="additional_urls">
            <value>[]</value>
          </Data>
        </ExtendedData>
        <Point>
          <coordinates>
            20.4194928,44.7822864,0
          </coordinates>
        </Point>
      </Placemark>
      <Placemark>
        <name>PLESNA ŠKOLA ZA DECU ART OF DANCE</name>
        <description><![CDATA[﻿id: 68f2f6f517de0681a60e3f25<br>category: Dance school<br>address_full: Požeška 80, Beograd 11030, Serbia<br>district: <br>address: Požeška 80<br>city: Belgrade<br>index: 11030<br>country: RS<br>phone: +381 63 339710<br>location: 44.7788565,20.4151787<br>reting: 5<br>place_id: ChIJVVXlGNJvWkcRMhevpFJ06jA<br>tags: ["Dance school"]<br>search_url: https://www.google.com/maps/search/?api=1&query=PLESNA%20%C5%A0KOLA%20ZA%20DECU%20ART%20OF%20DANCE&query_place_id=ChIJVVXlGNJvWkcRMhevpFJ06jA<br>map_url: https://www.google.com/maps/search/dance%20school/@44.40470424682504,20.91062925,10z?hl=en<br>main_category: dance school<br>image_url: https://streetviewpixels-pa.googleapis.com/v1/thumbnail?panoid=fCXgon8pRjr0AivB2jmAPg&cb_client=search.gws-prod.gps&w=408&h=240&yaw=306.96704&pitch=0&thumbfov=100<br>additional: <br>website: http://www.artofdance.org.rs/<br>parent_place: <br>additional_urls: []]]></description>
        <styleUrl>#icon-1899-FF5252-labelson</styleUrl>
        <ExtendedData>
          <Data name="﻿id">
            <value>68f2f6f517de0681a60e3f25</value>
          </Data>
          <Data name="category">
            <value>Dance school</value>
          </Data>
          <Data name="address_full">
            <value>Požeška 80, Beograd 11030, Serbia</value>
          </Data>
          <Data name="district">
            <value/>
          </Data>
          <Data name="address">
            <value>Požeška 80</value>
          </Data>
          <Data name="city">
            <value>Belgrade</value>
          </Data>
          <Data name="index">
            <value>11030.0</value>
          </Data>
          <Data name="country">
            <value>RS</value>
          </Data>
          <Data name="phone">
            <value>+381 63 339710</value>
          </Data>
          <Data name="location">
            <value>44.7788565,20.4151787</value>
          </Data>
          <Data name="reting">
            <value>5.0</value>
          </Data>
          <Data name="place_id">
            <value>ChIJVVXlGNJvWkcRMhevpFJ06jA</value>
          </Data>
          <Data name="tags">
            <value><![CDATA[["Dance school"]]]></value>
          </Data>
          <Data name="search_url">
            <value><![CDATA[https://www.google.com/maps/search/?api=1&query=PLESNA%20%C5%A0KOLA%20ZA%20DECU%20ART%20OF%20DANCE&query_place_id=ChIJVVXlGNJvWkcRMhevpFJ06jA]]></value>
          </Data>
          <Data name="map_url">
            <value>https://www.google.com/maps/search/dance%20school/@44.40470424682504,20.91062925,10z?hl=en</value>
          </Data>
          <Data name="main_category">
            <value>dance school</value>
          </Data>
          <Data name="image_url">
            <value><![CDATA[https://streetviewpixels-pa.googleapis.com/v1/thumbnail?panoid=fCXgon8pRjr0AivB2jmAPg&cb_client=search.gws-prod.gps&w=408&h=240&yaw=306.96704&pitch=0&thumbfov=100]]></value>
          </Data>
          <Data name="additional">
            <value/>
          </Data>
          <Data name="website">
            <value>http://www.artofdance.org.rs/</value>
          </Data>
          <Data name="parent_place">
            <value/>
          </Data>
          <Data name="additional_urls">
            <value>[]</value>
          </Data>
        </ExtendedData>
        <Point>
          <coordinates>
            20.4151787,44.7788565,0
          </coordinates>
        </Point>
      </Placemark>
      <Placemark>
        <name>Plesni klub PRO</name>
        <description><![CDATA[﻿id: 68f2f6f517de0681a60e3f26<br>category: Dance school<br>address_full: Georgija Ostrogorskog 24b, Beograd 11090, Serbia<br>district: <br>address: Georgija Ostrogorskog 24b<br>city: Belgrade<br>index: 11090<br>country: RS<br>phone: +381 64 9887611<br>location: 44.7221231,20.4210153<br>reting: 5<br>place_id: ChIJ5c9m3PCgmmARoZHMVBicNTI<br>tags: ["Dance school"]<br>search_url: https://www.google.com/maps/search/?api=1&query=Plesni%20klub%20PRO&query_place_id=ChIJ5c9m3PCgmmARoZHMVBicNTI<br>map_url: https://www.google.com/maps/search/dance%20school/@44.40470424682504,20.91062925,10z?hl=en<br>main_category: dance school<br>image_url: https://lh3.googleusercontent.com/p/AF1QipMDmwQtmuSuCCZ5wfRAXw02QirbZWWJBwLuLOt4=w408-h306-k-no<br>additional: <br>website: <br>parent_place: <br>additional_urls: []]]></description>
        <styleUrl>#icon-1899-FF5252-labelson</styleUrl>
        <ExtendedData>
          <Data name="﻿id">
            <value>68f2f6f517de0681a60e3f26</value>
          </Data>
          <Data name="category">
            <value>Dance school</value>
          </Data>
          <Data name="address_full">
            <value>Georgija Ostrogorskog 24b, Beograd 11090, Serbia</value>
          </Data>
          <Data name="district">
            <value/>
          </Data>
          <Data name="address">
            <value>Georgija Ostrogorskog 24b</value>
          </Data>
          <Data name="city">
            <value>Belgrade</value>
          </Data>
          <Data name="index">
            <value>11090.0</value>
          </Data>
          <Data name="country">
            <value>RS</value>
          </Data>
          <Data name="phone">
            <value>+381 64 9887611</value>
          </Data>
          <Data name="location">
            <value>44.7221231,20.4210153</value>
          </Data>
          <Data name="reting">
            <value>5.0</value>
          </Data>
          <Data name="place_id">
            <value>ChIJ5c9m3PCgmmARoZHMVBicNTI</value>
          </Data>
          <Data name="tags">
            <value><![CDATA[["Dance school"]]]></value>
          </Data>
          <Data name="search_url">
            <value><![CDATA[https://www.google.com/maps/search/?api=1&query=Plesni%20klub%20PRO&query_place_id=ChIJ5c9m3PCgmmARoZHMVBicNTI]]></value>
          </Data>
          <Data name="map_url">
            <value>https://www.google.com/maps/search/dance%20school/@44.40470424682504,20.91062925,10z?hl=en</value>
          </Data>
          <Data name="main_category">
            <value>dance school</value>
          </Data>
          <Data name="image_url">
            <value>https://lh3.googleusercontent.com/p/AF1QipMDmwQtmuSuCCZ5wfRAXw02QirbZWWJBwLuLOt4=w408-h306-k-no</value>
          </Data>
          <Data name="additional">
            <value/>
          </Data>
          <Data name="website">
            <value/>
          </Data>
          <Data name="parent_place">
            <value/>
          </Data>
          <Data name="additional_urls">
            <value>[]</value>
          </Data>
        </ExtendedData>
        <Point>
          <coordinates>
            20.4210153,44.7221231,0
          </coordinates>
        </Point>
      </Placemark>
      <Placemark>
        <name>Dance Factory</name>
        <description><![CDATA[﻿id: 68f2f6f517de0681a60e3f27<br>category: Dance school<br>address_full: Porodice Trajković 21, Beograd, Serbia<br>district: <br>address: Porodice Trajković 21<br>city: Belgrade<br>index: <br>country: RS<br>phone: +381 63 1155751<br>location: 44.75219,20.48911<br>reting: 5<br>place_id: ChIJnxMLbgBxWkcRvhBChy9uhA4<br>tags: ["Dance school"]<br>search_url: https://www.google.com/maps/search/?api=1&query=Dance%20Factory&query_place_id=ChIJnxMLbgBxWkcRvhBChy9uhA4<br>map_url: https://www.google.com/maps/search/dance%20school/@44.40470424682504,20.91062925,10z?hl=en<br>main_category: dance school<br>image_url: https://lh3.googleusercontent.com/gps-cs-s/AC9h4noZzzemD4eo-9vHfSuEZEe-MchjECAkv8qLor0BmLP1K4WAoBtBoptUhOqaAeQ4wVfmVxROC07M7PxoghhyRdwOGUQQJ837veRStsjFxcOiQg_oCxr8JGfU_F4rBH5A8Ao4k9lMPA=w408-h256-k-no<br>additional: <br>website: https://www.instagram.com/dancefactorydf?igsh=bmowbGJlcXFqdjU2<br>parent_place: <br>additional_urls: []]]></description>
        <styleUrl>#icon-1899-FF5252-labelson</styleUrl>
        <ExtendedData>
          <Data name="﻿id">
            <value>68f2f6f517de0681a60e3f27</value>
          </Data>
          <Data name="category">
            <value>Dance school</value>
          </Data>
          <Data name="address_full">
            <value>Porodice Trajković 21, Beograd, Serbia</value>
          </Data>
          <Data name="district">
            <value/>
          </Data>
          <Data name="address">
            <value>Porodice Trajković 21</value>
          </Data>
          <Data name="city">
            <value>Belgrade</value>
          </Data>
          <Data name="index">
            <value/>
          </Data>
          <Data name="country">
            <value>RS</value>
          </Data>
          <Data name="phone">
            <value>+381 63 1155751</value>
          </Data>
          <Data name="location">
            <value>44.75219,20.48911</value>
          </Data>
          <Data name="reting">
            <value>5.0</value>
          </Data>
          <Data name="place_id">
            <value>ChIJnxMLbgBxWkcRvhBChy9uhA4</value>
          </Data>
          <Data name="tags">
            <value><![CDATA[["Dance school"]]]></value>
          </Data>
          <Data name="search_url">
            <value><![CDATA[https://www.google.com/maps/search/?api=1&query=Dance%20Factory&query_place_id=ChIJnxMLbgBxWkcRvhBChy9uhA4]]></value>
          </Data>
          <Data name="map_url">
            <value>https://www.google.com/maps/search/dance%20school/@44.40470424682504,20.91062925,10z?hl=en</value>
          </Data>
          <Data name="main_category">
            <value>dance school</value>
          </Data>
          <Data name="image_url">
            <value>https://lh3.googleusercontent.com/gps-cs-s/AC9h4noZzzemD4eo-9vHfSuEZEe-MchjECAkv8qLor0BmLP1K4WAoBtBoptUhOqaAeQ4wVfmVxROC07M7PxoghhyRdwOGUQQJ837veRStsjFxcOiQg_oCxr8JGfU_F4rBH5A8Ao4k9lMPA=w408-h256-k-no</value>
          </Data>
          <Data name="additional">
            <value/>
          </Data>
          <Data name="website">
            <value>https://www.instagram.com/dancefactorydf?igsh=bmowbGJlcXFqdjU2</value>
          </Data>
          <Data name="parent_place">
            <value/>
          </Data>
          <Data name="additional_urls">
            <value>[]</value>
          </Data>
        </ExtendedData>
        <Point>
          <coordinates>
            20.48911,44.75219,0
          </coordinates>
        </Point>
      </Placemark>
      <Placemark>
        <name>Just dance Beograd</name>
        <description><![CDATA[﻿id: 68f2f6f517de0681a60e3f28<br>category: Dance school<br>address_full: Bulevar Oslobođenja 293, Beograd, Serbia<br>district: <br>address: Bulevar Oslobođenja 293<br>city: Belgrade<br>index: <br>country: RS<br>phone: +381 63 7727886<br>location: 44.7649827,20.4784944<br>reting: 4,9<br>place_id: ChIJBRQswwZxWkcRLUU71OFYQ5c<br>tags: ["Dance school"]<br>search_url: https://www.google.com/maps/search/?api=1&query=Just%20dance%20Beograd&query_place_id=ChIJBRQswwZxWkcRLUU71OFYQ5c<br>map_url: https://www.google.com/maps/search/dance%20school/@44.40470424682504,20.91062925,10z?hl=en<br>main_category: dance school<br>image_url: https://lh3.googleusercontent.com/p/AF1QipPfvZI6qiFb73LTVu1UrM_7mnBz1E70_n2hWe6O=w630-h240-k-no<br>additional: <br>website: http://justdance.rs/<br>parent_place: <br>additional_urls: []]]></description>
        <styleUrl>#icon-1899-FF5252-labelson</styleUrl>
        <ExtendedData>
          <Data name="﻿id">
            <value>68f2f6f517de0681a60e3f28</value>
          </Data>
          <Data name="category">
            <value>Dance school</value>
          </Data>
          <Data name="address_full">
            <value>Bulevar Oslobođenja 293, Beograd, Serbia</value>
          </Data>
          <Data name="district">
            <value/>
          </Data>
          <Data name="address">
            <value>Bulevar Oslobođenja 293</value>
          </Data>
          <Data name="city">
            <value>Belgrade</value>
          </Data>
          <Data name="index">
            <value/>
          </Data>
          <Data name="country">
            <value>RS</value>
          </Data>
          <Data name="phone">
            <value>+381 63 7727886</value>
          </Data>
          <Data name="location">
            <value>44.7649827,20.4784944</value>
          </Data>
          <Data name="reting">
            <value>4.9</value>
          </Data>
          <Data name="place_id">
            <value>ChIJBRQswwZxWkcRLUU71OFYQ5c</value>
          </Data>
          <Data name="tags">
            <value><![CDATA[["Dance school"]]]></value>
          </Data>
          <Data name="search_url">
            <value><![CDATA[https://www.google.com/maps/search/?api=1&query=Just%20dance%20Beograd&query_place_id=ChIJBRQswwZxWkcRLUU71OFYQ5c]]></value>
          </Data>
          <Data name="map_url">
            <value>https://www.google.com/maps/search/dance%20school/@44.40470424682504,20.91062925,10z?hl=en</value>
          </Data>
          <Data name="main_category">
            <value>dance school</value>
          </Data>
          <Data name="image_url">
            <value>https://lh3.googleusercontent.com/p/AF1QipPfvZI6qiFb73LTVu1UrM_7mnBz1E70_n2hWe6O=w630-h240-k-no</value>
          </Data>
          <Data name="additional">
            <value/>
          </Data>
          <Data name="website">
            <value>http://justdance.rs/</value>
          </Data>
          <Data name="parent_place">
            <value/>
          </Data>
          <Data name="additional_urls">
            <value>[]</value>
          </Data>
        </ExtendedData>
        <Point>
          <coordinates>
            20.4784944,44.7649827,0
          </coordinates>
        </Point>
      </Placemark>
      <Placemark>
        <name><![CDATA[COTK "Desanka Đorđević"]]></name>
        <description><![CDATA[﻿id: 68f2f6f517de0681a60e3f2a<br>category: Dance school<br>address_full: Mihajla Valtrovića 36a, Beograd 11000, Serbia<br>district: <br>address: Mihajla Valtrovića 36a<br>city: Belgrade<br>index: 11000<br>country: RS<br>phone: +381 64 2299155<br>location: 44.7602792,20.4085186<br>reting: 5<br>place_id: ChIJm8qnf8hvWkcRB8hqynFj8ko<br>tags: ["Dance school"]<br>search_url: https://www.google.com/maps/search/?api=1&query=COTK%20%22Desanka%20%C4%90or%C4%91evi%C4%87%22&query_place_id=ChIJm8qnf8hvWkcRB8hqynFj8ko<br>map_url: https://www.google.com/maps/search/dance%20school/@44.40470424682504,20.91062925,10z?hl=en<br>main_category: dance school<br>image_url: https://lh3.googleusercontent.com/p/AF1QipMY67MGTklCpgNKEt4ejZm3_7ufo84RZ8XrYsW6=w408-h410-k-no<br>additional: <br>website: <br>parent_place: <br>additional_urls: []]]></description>
        <styleUrl>#icon-1899-FF5252-labelson</styleUrl>
        <ExtendedData>
          <Data name="﻿id">
            <value>68f2f6f517de0681a60e3f2a</value>
          </Data>
          <Data name="category">
            <value>Dance school</value>
          </Data>
          <Data name="address_full">
            <value>Mihajla Valtrovića 36a, Beograd 11000, Serbia</value>
          </Data>
          <Data name="district">
            <value/>
          </Data>
          <Data name="address">
            <value>Mihajla Valtrovića 36a</value>
          </Data>
          <Data name="city">
            <value>Belgrade</value>
          </Data>
          <Data name="index">
            <value>11000.0</value>
          </Data>
          <Data name="country">
            <value>RS</value>
          </Data>
          <Data name="phone">
            <value>+381 64 2299155</value>
          </Data>
          <Data name="location">
            <value>44.7602792,20.4085186</value>
          </Data>
          <Data name="reting">
            <value>5.0</value>
          </Data>
          <Data name="place_id">
            <value>ChIJm8qnf8hvWkcRB8hqynFj8ko</value>
          </Data>
          <Data name="tags">
            <value><![CDATA[["Dance school"]]]></value>
          </Data>
          <Data name="search_url">
            <value><![CDATA[https://www.google.com/maps/search/?api=1&query=COTK%20%22Desanka%20%C4%90or%C4%91evi%C4%87%22&query_place_id=ChIJm8qnf8hvWkcRB8hqynFj8ko]]></value>
          </Data>
          <Data name="map_url">
            <value>https://www.google.com/maps/search/dance%20school/@44.40470424682504,20.91062925,10z?hl=en</value>
          </Data>
          <Data name="main_category">
            <value>dance school</value>
          </Data>
          <Data name="image_url">
            <value>https://lh3.googleusercontent.com/p/AF1QipMY67MGTklCpgNKEt4ejZm3_7ufo84RZ8XrYsW6=w408-h410-k-no</value>
          </Data>
          <Data name="additional">
            <value/>
          </Data>
          <Data name="website">
            <value/>
          </Data>
          <Data name="parent_place">
            <value/>
          </Data>
          <Data name="additional_urls">
            <value>[]</value>
          </Data>
        </ExtendedData>
        <Point>
          <coordinates>
            20.4085186,44.7602792,0
          </coordinates>
        </Point>
      </Placemark>
      <Placemark>
        <name>Škola baleta - Dance Plus by Olja Matkovic</name>
        <description><![CDATA[﻿id: 68f2f6f517de0681a60e3f30<br>category: Ballet school<br>address_full: Bulevar despota Stefana 68a, Beograd, Serbia<br>district: <br>address: Bulevar despota Stefana 68a<br>city: Belgrade<br>index: <br>country: RS<br>phone: +381 65 3044040<br>location: 44.8167097,20.4762503<br>reting: 5<br>place_id: ChIJFyWmKdR7WkcRloJHzwzWJ8k<br>tags: ["Ballet school","Dance company","Dance school"]<br>search_url: https://www.google.com/maps/search/?api=1&query=%C5%A0kola%20baleta%20-%20Dance%20Plus%20by%20Olja%20Matkovic&query_place_id=ChIJFyWmKdR7WkcRloJHzwzWJ8k<br>map_url: https://www.google.com/maps/search/dance%20school/@44.40470424682504,18.865870764713478,10z?hl=en<br>main_category: dance school<br>image_url: https://lh3.googleusercontent.com/p/AF1QipPI6JeH4GBza0MIGBwV6rx9eUqOaEW2m7bd01rj=w648-h240-k-no<br>additional: <br>website: https://www.dance-plus.net/<br>parent_place: <br>additional_urls: []]]></description>
        <styleUrl>#icon-1899-FF5252-labelson</styleUrl>
        <ExtendedData>
          <Data name="﻿id">
            <value>68f2f6f517de0681a60e3f30</value>
          </Data>
          <Data name="category">
            <value>Ballet school</value>
          </Data>
          <Data name="address_full">
            <value>Bulevar despota Stefana 68a, Beograd, Serbia</value>
          </Data>
          <Data name="district">
            <value/>
          </Data>
          <Data name="address">
            <value>Bulevar despota Stefana 68a</value>
          </Data>
          <Data name="city">
            <value>Belgrade</value>
          </Data>
          <Data name="index">
            <value/>
          </Data>
          <Data name="country">
            <value>RS</value>
          </Data>
          <Data name="phone">
            <value>+381 65 3044040</value>
          </Data>
          <Data name="location">
            <value>44.8167097,20.4762503</value>
          </Data>
          <Data name="reting">
            <value>5.0</value>
          </Data>
          <Data name="place_id">
            <value>ChIJFyWmKdR7WkcRloJHzwzWJ8k</value>
          </Data>
          <Data name="tags">
            <value><![CDATA[["Ballet school","Dance company","Dance school"]]]></value>
          </Data>
          <Data name="search_url">
            <value><![CDATA[https://www.google.com/maps/search/?api=1&query=%C5%A0kola%20baleta%20-%20Dance%20Plus%20by%20Olja%20Matkovic&query_place_id=ChIJFyWmKdR7WkcRloJHzwzWJ8k]]></value>
          </Data>
          <Data name="map_url">
            <value>https://www.google.com/maps/search/dance%20school/@44.40470424682504,18.865870764713478,10z?hl=en</value>
          </Data>
          <Data name="main_category">
            <value>dance school</value>
          </Data>
          <Data name="image_url">
            <value>https://lh3.googleusercontent.com/p/AF1QipPI6JeH4GBza0MIGBwV6rx9eUqOaEW2m7bd01rj=w648-h240-k-no</value>
          </Data>
          <Data name="additional">
            <value/>
          </Data>
          <Data name="website">
            <value>https://www.dance-plus.net/</value>
          </Data>
          <Data name="parent_place">
            <value/>
          </Data>
          <Data name="additional_urls">
            <value>[]</value>
          </Data>
        </ExtendedData>
        <Point>
          <coordinates>
            20.4762503,44.8167097,0
          </coordinates>
        </Point>
      </Placemark>
      <Placemark>
        <name>Dancity Dance Studio</name>
        <description><![CDATA[﻿id: 68f2f6f517de0681a60e3f32<br>category: Dance school<br>address_full: Bulevar Milutina Milankovića 120d, Beograd 11070, Serbia<br>district: New Belgrade<br>address: Bulevar Milutina Milankovića 120d<br>city: Belgrade<br>index: 11070<br>country: RS<br>phone: +381 62 8103028<br>location: 44.8124248,20.4120478<br>reting: 5<br>place_id: ChIJuSEk8DF7WkcRAIQ7Lub2-Uk<br>tags: ["Dance school"]<br>search_url: https://www.google.com/maps/search/?api=1&query=Dancity%20Dance%20Studio&query_place_id=ChIJuSEk8DF7WkcRAIQ7Lub2-Uk<br>map_url: https://www.google.com/maps/search/dance%20school/@44.40470424682504,18.865870764713478,10z?hl=en<br>main_category: dance school<br>image_url: https://lh3.googleusercontent.com/p/AF1QipNrGtojswbNY7N7h39ZDGs2zrmtJadPJrkXgs2s=w408-h408-k-no<br>additional: <br>website: http://www.dancity.rs/<br>parent_place: Una Saga Serbica<br>additional_urls: []]]></description>
        <styleUrl>#icon-1899-FF5252-labelson</styleUrl>
        <ExtendedData>
          <Data name="﻿id">
            <value>68f2f6f517de0681a60e3f32</value>
          </Data>
          <Data name="category">
            <value>Dance school</value>
          </Data>
          <Data name="address_full">
            <value>Bulevar Milutina Milankovića 120d, Beograd 11070, Serbia</value>
          </Data>
          <Data name="district">
            <value>New Belgrade</value>
          </Data>
          <Data name="address">
            <value>Bulevar Milutina Milankovića 120d</value>
          </Data>
          <Data name="city">
            <value>Belgrade</value>
          </Data>
          <Data name="index">
            <value>11070.0</value>
          </Data>
          <Data name="country">
            <value>RS</value>
          </Data>
          <Data name="phone">
            <value>+381 62 8103028</value>
          </Data>
          <Data name="location">
            <value>44.8124248,20.4120478</value>
          </Data>
          <Data name="reting">
            <value>5.0</value>
          </Data>
          <Data name="place_id">
            <value>ChIJuSEk8DF7WkcRAIQ7Lub2-Uk</value>
          </Data>
          <Data name="tags">
            <value><![CDATA[["Dance school"]]]></value>
          </Data>
          <Data name="search_url">
            <value><![CDATA[https://www.google.com/maps/search/?api=1&query=Dancity%20Dance%20Studio&query_place_id=ChIJuSEk8DF7WkcRAIQ7Lub2-Uk]]></value>
          </Data>
          <Data name="map_url">
            <value>https://www.google.com/maps/search/dance%20school/@44.40470424682504,18.865870764713478,10z?hl=en</value>
          </Data>
          <Data name="main_category">
            <value>dance school</value>
          </Data>
          <Data name="image_url">
            <value>https://lh3.googleusercontent.com/p/AF1QipNrGtojswbNY7N7h39ZDGs2zrmtJadPJrkXgs2s=w408-h408-k-no</value>
          </Data>
          <Data name="additional">
            <value/>
          </Data>
          <Data name="website">
            <value>http://www.dancity.rs/</value>
          </Data>
          <Data name="parent_place">
            <value>Una Saga Serbica</value>
          </Data>
          <Data name="additional_urls">
            <value>[]</value>
          </Data>
        </ExtendedData>
        <Point>
          <coordinates>
            20.4120478,44.8124248,0
          </coordinates>
        </Point>
      </Placemark>
      <Placemark>
        <name>RIS dance studio</name>
        <description><![CDATA[﻿id: 68f2f6f517de0681a60e3f34<br>category: Dance school<br>address_full: Vojvode Bogdana 37, Beograd 11000, Serbia<br>district: <br>address: Vojvode Bogdana 37<br>city: Belgrade<br>index: 11000<br>country: RS<br>phone: +381 60 6351704<br>location: 44.8026828,20.485573<br>reting: 4,5<br>place_id: ChIJkxrTv5h6WkcRvtu4ZWBVyqs<br>tags: ["Dance school","Dance company"]<br>search_url: https://www.google.com/maps/search/?api=1&query=RIS%20dance%20studio&query_place_id=ChIJkxrTv5h6WkcRvtu4ZWBVyqs<br>map_url: https://www.google.com/maps/search/dance%20school/@44.40470424682504,18.865870764713478,10z?hl=en<br>main_category: dance school<br>image_url: https://lh3.googleusercontent.com/p/AF1QipNh8Erhorfh7987cNOHW6_y42yK7YkOGw_zC0KV=w408-h368-k-no<br>additional: RIS studio plesa<br>website: https://www.facebook.com/studioplesaris/timeline<br>parent_place: <br>additional_urls: []]]></description>
        <styleUrl>#icon-1899-FF5252-labelson</styleUrl>
        <ExtendedData>
          <Data name="﻿id">
            <value>68f2f6f517de0681a60e3f34</value>
          </Data>
          <Data name="category">
            <value>Dance school</value>
          </Data>
          <Data name="address_full">
            <value>Vojvode Bogdana 37, Beograd 11000, Serbia</value>
          </Data>
          <Data name="district">
            <value/>
          </Data>
          <Data name="address">
            <value>Vojvode Bogdana 37</value>
          </Data>
          <Data name="city">
            <value>Belgrade</value>
          </Data>
          <Data name="index">
            <value>11000.0</value>
          </Data>
          <Data name="country">
            <value>RS</value>
          </Data>
          <Data name="phone">
            <value>+381 60 6351704</value>
          </Data>
          <Data name="location">
            <value>44.8026828,20.485573</value>
          </Data>
          <Data name="reting">
            <value>4.5</value>
          </Data>
          <Data name="place_id">
            <value>ChIJkxrTv5h6WkcRvtu4ZWBVyqs</value>
          </Data>
          <Data name="tags">
            <value><![CDATA[["Dance school","Dance company"]]]></value>
          </Data>
          <Data name="search_url">
            <value><![CDATA[https://www.google.com/maps/search/?api=1&query=RIS%20dance%20studio&query_place_id=ChIJkxrTv5h6WkcRvtu4ZWBVyqs]]></value>
          </Data>
          <Data name="map_url">
            <value>https://www.google.com/maps/search/dance%20school/@44.40470424682504,18.865870764713478,10z?hl=en</value>
          </Data>
          <Data name="main_category">
            <value>dance school</value>
          </Data>
          <Data name="image_url">
            <value>https://lh3.googleusercontent.com/p/AF1QipNh8Erhorfh7987cNOHW6_y42yK7YkOGw_zC0KV=w408-h368-k-no</value>
          </Data>
          <Data name="additional">
            <value>RIS studio plesa</value>
          </Data>
          <Data name="website">
            <value>https://www.facebook.com/studioplesaris/timeline</value>
          </Data>
          <Data name="parent_place">
            <value/>
          </Data>
          <Data name="additional_urls">
            <value>[]</value>
          </Data>
        </ExtendedData>
        <Point>
          <coordinates>
            20.485573,44.8026828,0
          </coordinates>
        </Point>
      </Placemark>
      <Placemark>
        <name>Tango Studio</name>
        <description><![CDATA[﻿id: 68f2f6f517de0681a60e3f35<br>category: Dance school<br>address_full: Grčića Milenka 94, Beograd 11050, Serbia<br>district: <br>address: Grčića Milenka 94<br>city: Belgrade<br>index: 11050<br>country: RS<br>phone: +381 60 4383573<br>location: 44.7857169,20.4866157<br>reting: 4,8<br>place_id: ChIJq6r-LmJwWkcRcn4c2CK0lbQ<br>tags: ["Dance school"]<br>search_url: https://www.google.com/maps/search/?api=1&query=Tango%20Studio&query_place_id=ChIJq6r-LmJwWkcRcn4c2CK0lbQ<br>map_url: https://www.google.com/maps/search/dance%20school/@44.40470424682504,19.88825000735674,10z?hl=en<br>main_category: dance school<br>image_url: https://lh3.googleusercontent.com/gps-cs-s/AC9h4no6qpvq6O_AjrHIQOBQ-4LcP6NKzKj7Cpz1vD93b3SX_acl3KYWtK8b7IWVrmgkw-eOB_Y74pChQ04Ef-jiueZzWJGJX7Gq02yEWwvrhNEjTEjXTVBHhuOo18Cu6aywDpHH-Bur00tgeEdl=w408-h544-k-no<br>additional: <br>website: <br>parent_place: <br>additional_urls: []]]></description>
        <styleUrl>#icon-1899-FF5252-labelson</styleUrl>
        <ExtendedData>
          <Data name="﻿id">
            <value>68f2f6f517de0681a60e3f35</value>
          </Data>
          <Data name="category">
            <value>Dance school</value>
          </Data>
          <Data name="address_full">
            <value>Grčića Milenka 94, Beograd 11050, Serbia</value>
          </Data>
          <Data name="district">
            <value/>
          </Data>
          <Data name="address">
            <value>Grčića Milenka 94</value>
          </Data>
          <Data name="city">
            <value>Belgrade</value>
          </Data>
          <Data name="index">
            <value>11050.0</value>
          </Data>
          <Data name="country">
            <value>RS</value>
          </Data>
          <Data name="phone">
            <value>+381 60 4383573</value>
          </Data>
          <Data name="location">
            <value>44.7857169,20.4866157</value>
          </Data>
          <Data name="reting">
            <value>4.8</value>
          </Data>
          <Data name="place_id">
            <value>ChIJq6r-LmJwWkcRcn4c2CK0lbQ</value>
          </Data>
          <Data name="tags">
            <value><![CDATA[["Dance school"]]]></value>
          </Data>
          <Data name="search_url">
            <value><![CDATA[https://www.google.com/maps/search/?api=1&query=Tango%20Studio&query_place_id=ChIJq6r-LmJwWkcRcn4c2CK0lbQ]]></value>
          </Data>
          <Data name="map_url">
            <value>https://www.google.com/maps/search/dance%20school/@44.40470424682504,19.88825000735674,10z?hl=en</value>
          </Data>
          <Data name="main_category">
            <value>dance school</value>
          </Data>
          <Data name="image_url">
            <value>https://lh3.googleusercontent.com/gps-cs-s/AC9h4no6qpvq6O_AjrHIQOBQ-4LcP6NKzKj7Cpz1vD93b3SX_acl3KYWtK8b7IWVrmgkw-eOB_Y74pChQ04Ef-jiueZzWJGJX7Gq02yEWwvrhNEjTEjXTVBHhuOo18Cu6aywDpHH-Bur00tgeEdl=w408-h544-k-no</value>
          </Data>
          <Data name="additional">
            <value/>
          </Data>
          <Data name="website">
            <value/>
          </Data>
          <Data name="parent_place">
            <value/>
          </Data>
          <Data name="additional_urls">
            <value>[]</value>
          </Data>
        </ExtendedData>
        <Point>
          <coordinates>
            20.4866157,44.7857169,0
          </coordinates>
        </Point>
      </Placemark>
      <Placemark>
        <name>Primera Dance School - Salsa Primera</name>
        <description><![CDATA[﻿id: 68f2f6f517de0681a60e3f36<br>category: Salsa classes<br>address_full: Francuska 26, Beograd 11000, Serbia<br>district: Stari Grad<br>address: Francuska 26<br>city: Belgrade<br>index: 11000<br>country: RS<br>phone: +381 61 1841632<br>location: 44.8188358,20.4647725<br>reting: 4,9<br>place_id: ChIJofR4lZh6WkcRaje9LegWixU<br>tags: ["Salsa classes","Dance school"]<br>search_url: https://www.google.com/maps/search/?api=1&query=Primera%20Dance%20School%20-%20Salsa%20Primera&query_place_id=ChIJofR4lZh6WkcRaje9LegWixU<br>map_url: https://www.google.com/maps/search/dance%20school/@44.40470424682504,21.93300849264326,10z?hl=en<br>main_category: dance school<br>image_url: https://lh3.googleusercontent.com/gps-cs-s/AC9h4nqU2ANL10rwq2QyWvW0-cZ4221Q8oWBoQAetmJgVMCSwXK2XXa5KIhaWNaAYFcqM6XMkptgPAlVXQ_NdkzORlRwE1eQLr-RuJzBatJp97D59V--AzMc_DTtk0XWOOE48gx7epHb=w408-h306-k-no<br>additional: <br>website: <br>parent_place: <br>additional_urls: [{"name":"salsaprimera.com","url":"http://www.salsaprimera.com/?gl_pgs=6.0"}]]]></description>
        <styleUrl>#icon-1899-FF5252-labelson</styleUrl>
        <ExtendedData>
          <Data name="﻿id">
            <value>68f2f6f517de0681a60e3f36</value>
          </Data>
          <Data name="category">
            <value>Salsa classes</value>
          </Data>
          <Data name="address_full">
            <value>Francuska 26, Beograd 11000, Serbia</value>
          </Data>
          <Data name="district">
            <value>Stari Grad</value>
          </Data>
          <Data name="address">
            <value>Francuska 26</value>
          </Data>
          <Data name="city">
            <value>Belgrade</value>
          </Data>
          <Data name="index">
            <value>11000.0</value>
          </Data>
          <Data name="country">
            <value>RS</value>
          </Data>
          <Data name="phone">
            <value>+381 61 1841632</value>
          </Data>
          <Data name="location">
            <value>44.8188358,20.4647725</value>
          </Data>
          <Data name="reting">
            <value>4.9</value>
          </Data>
          <Data name="place_id">
            <value>ChIJofR4lZh6WkcRaje9LegWixU</value>
          </Data>
          <Data name="tags">
            <value><![CDATA[["Salsa classes","Dance school"]]]></value>
          </Data>
          <Data name="search_url">
            <value><![CDATA[https://www.google.com/maps/search/?api=1&query=Primera%20Dance%20School%20-%20Salsa%20Primera&query_place_id=ChIJofR4lZh6WkcRaje9LegWixU]]></value>
          </Data>
          <Data name="map_url">
            <value>https://www.google.com/maps/search/dance%20school/@44.40470424682504,21.93300849264326,10z?hl=en</value>
          </Data>
          <Data name="main_category">
            <value>dance school</value>
          </Data>
          <Data name="image_url">
            <value>https://lh3.googleusercontent.com/gps-cs-s/AC9h4nqU2ANL10rwq2QyWvW0-cZ4221Q8oWBoQAetmJgVMCSwXK2XXa5KIhaWNaAYFcqM6XMkptgPAlVXQ_NdkzORlRwE1eQLr-RuJzBatJp97D59V--AzMc_DTtk0XWOOE48gx7epHb=w408-h306-k-no</value>
          </Data>
          <Data name="additional">
            <value/>
          </Data>
          <Data name="website">
            <value/>
          </Data>
          <Data name="parent_place">
            <value/>
          </Data>
          <Data name="additional_urls">
            <value><![CDATA[[{"name":"salsaprimera.com","url":"http://www.salsaprimera.com/?gl_pgs=6.0"}]]]></value>
          </Data>
        </ExtendedData>
        <Point>
          <coordinates>
            20.4647725,44.8188358,0
          </coordinates>
        </Point>
      </Placemark>
      <Placemark>
        <name>National Foundation For Dance</name>
        <description><![CDATA[﻿id: 68f2f6f517de0681a60e3f37<br>category: Dance school<br>address_full: Kolarčeva 3, Beograd 11000, Serbia<br>district: Stari Grad<br>address: Kolarčeva 3<br>city: Belgrade<br>index: 11000<br>country: RS<br>phone: <br>location: 44.8148426,20.4605095<br>reting: 5<br>place_id: ChIJ5XGttph7WkcRFtYYGykOyS4<br>tags: ["Dance school"]<br>search_url: https://www.google.com/maps/search/?api=1&query=National%20Foundation%20For%20Dance&query_place_id=ChIJ5XGttph7WkcRFtYYGykOyS4<br>map_url: https://www.google.com/maps/search/dance%20school/@44.40470424682504,21.93300849264326,10z?hl=en<br>main_category: dance school<br>image_url: https://lh3.googleusercontent.com/gps-cs-s/AC9h4nrU0VYtz9MSDpGfqqK9jYF751VyJg72bcvtkH80Ue-MquVvVHnHA1NOu7kc2-io9A-7sj_o3RPjwN8e3ayIrZIZmWjqyBWUe8itkYoGdOjJRlUcFyw198Rp1_HLLvA0OTmqLJFi=w408-h240-k-no-pi-0.112540185-ya359.91248-ro-0-fo100<br>additional: <br>website: <br>parent_place: <br>additional_urls: []]]></description>
        <styleUrl>#icon-1899-FF5252-labelson</styleUrl>
        <ExtendedData>
          <Data name="﻿id">
            <value>68f2f6f517de0681a60e3f37</value>
          </Data>
          <Data name="category">
            <value>Dance school</value>
          </Data>
          <Data name="address_full">
            <value>Kolarčeva 3, Beograd 11000, Serbia</value>
          </Data>
          <Data name="district">
            <value>Stari Grad</value>
          </Data>
          <Data name="address">
            <value>Kolarčeva 3</value>
          </Data>
          <Data name="city">
            <value>Belgrade</value>
          </Data>
          <Data name="index">
            <value>11000.0</value>
          </Data>
          <Data name="country">
            <value>RS</value>
          </Data>
          <Data name="phone">
            <value/>
          </Data>
          <Data name="location">
            <value>44.8148426,20.4605095</value>
          </Data>
          <Data name="reting">
            <value>5.0</value>
          </Data>
          <Data name="place_id">
            <value>ChIJ5XGttph7WkcRFtYYGykOyS4</value>
          </Data>
          <Data name="tags">
            <value><![CDATA[["Dance school"]]]></value>
          </Data>
          <Data name="search_url">
            <value><![CDATA[https://www.google.com/maps/search/?api=1&query=National%20Foundation%20For%20Dance&query_place_id=ChIJ5XGttph7WkcRFtYYGykOyS4]]></value>
          </Data>
          <Data name="map_url">
            <value>https://www.google.com/maps/search/dance%20school/@44.40470424682504,21.93300849264326,10z?hl=en</value>
          </Data>
          <Data name="main_category">
            <value>dance school</value>
          </Data>
          <Data name="image_url">
            <value>https://lh3.googleusercontent.com/gps-cs-s/AC9h4nrU0VYtz9MSDpGfqqK9jYF751VyJg72bcvtkH80Ue-MquVvVHnHA1NOu7kc2-io9A-7sj_o3RPjwN8e3ayIrZIZmWjqyBWUe8itkYoGdOjJRlUcFyw198Rp1_HLLvA0OTmqLJFi=w408-h240-k-no-pi-0.112540185-ya359.91248-ro-0-fo100</value>
          </Data>
          <Data name="additional">
            <value/>
          </Data>
          <Data name="website">
            <value/>
          </Data>
          <Data name="parent_place">
            <value/>
          </Data>
          <Data name="additional_urls">
            <value>[]</value>
          </Data>
        </ExtendedData>
        <Point>
          <coordinates>
            20.4605095,44.8148426,0
          </coordinates>
        </Point>
      </Placemark>
      <Placemark>
        <name>One Step Dance</name>
        <description><![CDATA[﻿id: 68f2f6f517de0681a60e3f3b<br>category: Dance school<br>address_full: Bulevar despota Stefana 68a, Beograd, Serbia<br>district: <br>address: Bulevar despota Stefana 68a<br>city: Belgrade<br>index: <br>country: RS<br>phone: <br>location: 44.816644,20.4762572<br>reting: 5<br>place_id: ChIJIyhEYgB7WkcR3hqSCkvWwlw<br>tags: ["Dance school"]<br>search_url: https://www.google.com/maps/search/?api=1&query=One%20Step%20Dance&query_place_id=ChIJIyhEYgB7WkcR3hqSCkvWwlw<br>map_url: https://www.google.com/maps/search/dance%20school/@45.16610084047514,20.91062925,10z?hl=en<br>main_category: dance school<br>image_url: https://lh3.googleusercontent.com/gps-cs-s/AC9h4noO7sD-KFZHBMCBpwjBDy_04d6qsHASClfkKjsZokTZtgFMsk3rwlsbcN0CzZJOBmp681BK0hajC3pt4yLutcd6Pkp5PymysOBQstSCZXUJOE9LgOYgjqKzxRGaytcXn1oIYEQ=w408-h544-k-no<br>additional: <br>website: https://www.instagram.com/one.step.dance<br>parent_place: <br>additional_urls: []]]></description>
        <styleUrl>#icon-1899-FF5252-labelson</styleUrl>
        <ExtendedData>
          <Data name="﻿id">
            <value>68f2f6f517de0681a60e3f3b</value>
          </Data>
          <Data name="category">
            <value>Dance school</value>
          </Data>
          <Data name="address_full">
            <value>Bulevar despota Stefana 68a, Beograd, Serbia</value>
          </Data>
          <Data name="district">
            <value/>
          </Data>
          <Data name="address">
            <value>Bulevar despota Stefana 68a</value>
          </Data>
          <Data name="city">
            <value>Belgrade</value>
          </Data>
          <Data name="index">
            <value/>
          </Data>
          <Data name="country">
            <value>RS</value>
          </Data>
          <Data name="phone">
            <value/>
          </Data>
          <Data name="location">
            <value>44.816644,20.4762572</value>
          </Data>
          <Data name="reting">
            <value>5.0</value>
          </Data>
          <Data name="place_id">
            <value>ChIJIyhEYgB7WkcR3hqSCkvWwlw</value>
          </Data>
          <Data name="tags">
            <value><![CDATA[["Dance school"]]]></value>
          </Data>
          <Data name="search_url">
            <value><![CDATA[https://www.google.com/maps/search/?api=1&query=One%20Step%20Dance&query_place_id=ChIJIyhEYgB7WkcR3hqSCkvWwlw]]></value>
          </Data>
          <Data name="map_url">
            <value>https://www.google.com/maps/search/dance%20school/@45.16610084047514,20.91062925,10z?hl=en</value>
          </Data>
          <Data name="main_category">
            <value>dance school</value>
          </Data>
          <Data name="image_url">
            <value>https://lh3.googleusercontent.com/gps-cs-s/AC9h4noO7sD-KFZHBMCBpwjBDy_04d6qsHASClfkKjsZokTZtgFMsk3rwlsbcN0CzZJOBmp681BK0hajC3pt4yLutcd6Pkp5PymysOBQstSCZXUJOE9LgOYgjqKzxRGaytcXn1oIYEQ=w408-h544-k-no</value>
          </Data>
          <Data name="additional">
            <value/>
          </Data>
          <Data name="website">
            <value>https://www.instagram.com/one.step.dance</value>
          </Data>
          <Data name="parent_place">
            <value/>
          </Data>
          <Data name="additional_urls">
            <value>[]</value>
          </Data>
        </ExtendedData>
        <Point>
          <coordinates>
            20.4762572,44.816644,0
          </coordinates>
        </Point>
      </Placemark>
      <Placemark>
        <name>Pole Dance Akademija</name>
        <description><![CDATA[﻿id: 68f2f6f517de0681a60e3f3c<br>category: Dance school<br>address_full: Lomina 14, Beograd, Serbia<br>district: Savski Venac<br>address: Lomina 14<br>city: Belgrade<br>index: <br>country: RS<br>phone: +381 62 241510<br>location: 44.8117064,20.4573729<br>reting: 5<br>place_id: ChIJQzGUQkxlWkcRu7jrBZ7BVI0<br>tags: ["Dance school"]<br>search_url: https://www.google.com/maps/search/?api=1&query=Pole%20Dance%20Akademija&query_place_id=ChIJQzGUQkxlWkcRu7jrBZ7BVI0<br>map_url: https://www.google.com/maps/search/dance%20school/@45.16610084047514,20.91062925,10z?hl=en<br>main_category: dance school<br>image_url: https://lh3.googleusercontent.com/gps-cs-s/AC9h4nrNIlp1JgYMKQ0p5W9Y5dT-8BLY28yB-HFk0tEYDhOJo3SL9nWJXTcS19gHiOUsTrEgEDT-7wAioelR40IgCoWXmKw8RWEfeuSOo5dBAw6BSnHOh90jZGIrz4fXic0fmVPTz1QN=w426-h240-k-no<br>additional: <br>website: http://www.poledanceakademija.com/<br>parent_place: <br>additional_urls: []]]></description>
        <styleUrl>#icon-1899-FF5252-labelson</styleUrl>
        <ExtendedData>
          <Data name="﻿id">
            <value>68f2f6f517de0681a60e3f3c</value>
          </Data>
          <Data name="category">
            <value>Dance school</value>
          </Data>
          <Data name="address_full">
            <value>Lomina 14, Beograd, Serbia</value>
          </Data>
          <Data name="district">
            <value>Savski Venac</value>
          </Data>
          <Data name="address">
            <value>Lomina 14</value>
          </Data>
          <Data name="city">
            <value>Belgrade</value>
          </Data>
          <Data name="index">
            <value/>
          </Data>
          <Data name="country">
            <value>RS</value>
          </Data>
          <Data name="phone">
            <value>+381 62 241510</value>
          </Data>
          <Data name="location">
            <value>44.8117064,20.4573729</value>
          </Data>
          <Data name="reting">
            <value>5.0</value>
          </Data>
          <Data name="place_id">
            <value>ChIJQzGUQkxlWkcRu7jrBZ7BVI0</value>
          </Data>
          <Data name="tags">
            <value><![CDATA[["Dance school"]]]></value>
          </Data>
          <Data name="search_url">
            <value><![CDATA[https://www.google.com/maps/search/?api=1&query=Pole%20Dance%20Akademija&query_place_id=ChIJQzGUQkxlWkcRu7jrBZ7BVI0]]></value>
          </Data>
          <Data name="map_url">
            <value>https://www.google.com/maps/search/dance%20school/@45.16610084047514,20.91062925,10z?hl=en</value>
          </Data>
          <Data name="main_category">
            <value>dance school</value>
          </Data>
          <Data name="image_url">
            <value>https://lh3.googleusercontent.com/gps-cs-s/AC9h4nrNIlp1JgYMKQ0p5W9Y5dT-8BLY28yB-HFk0tEYDhOJo3SL9nWJXTcS19gHiOUsTrEgEDT-7wAioelR40IgCoWXmKw8RWEfeuSOo5dBAw6BSnHOh90jZGIrz4fXic0fmVPTz1QN=w426-h240-k-no</value>
          </Data>
          <Data name="additional">
            <value/>
          </Data>
          <Data name="website">
            <value>http://www.poledanceakademija.com/</value>
          </Data>
          <Data name="parent_place">
            <value/>
          </Data>
          <Data name="additional_urls">
            <value>[]</value>
          </Data>
        </ExtendedData>
        <Point>
          <coordinates>
            20.4573729,44.8117064,0
          </coordinates>
        </Point>
      </Placemark>
      <Placemark>
        <name>LS Dance Studio</name>
        <description><![CDATA[﻿id: 68f2f6f517de0681a60e3f3d<br>category: Dance school<br>address_full: Raška Dimitrijevića 72, Beograd, Serbia<br>district: New Belgrade<br>address: Raška Dimitrijevića 72<br>city: Belgrade<br>index: <br>country: RS<br>phone: +381 62 717602<br>location: 44.8126686,20.3727724<br>reting: <br>place_id: ChIJVWYe_KhvWkcR2HUKFv-sA0Y<br>tags: ["Dance school"]<br>search_url: https://www.google.com/maps/search/?api=1&query=LS%20Dance%20Studio&query_place_id=ChIJVWYe_KhvWkcR2HUKFv-sA0Y<br>map_url: https://www.google.com/maps/search/dance%20school/@45.16610084047514,20.91062925,10z?hl=en<br>main_category: dance school<br>image_url: https://lh3.googleusercontent.com/p/AF1QipPVxSV6ZAuzIGF-ElU8dz24eEZOmEtpapVyyzC7=w408-h612-k-no<br>additional: <br>website: <br>parent_place: <br>additional_urls: [{"name":"instagram.com","url":"https://www.instagram.com/aleksaysara/"}]]]></description>
        <styleUrl>#icon-1899-FF5252-labelson</styleUrl>
        <ExtendedData>
          <Data name="﻿id">
            <value>68f2f6f517de0681a60e3f3d</value>
          </Data>
          <Data name="category">
            <value>Dance school</value>
          </Data>
          <Data name="address_full">
            <value>Raška Dimitrijevića 72, Beograd, Serbia</value>
          </Data>
          <Data name="district">
            <value>New Belgrade</value>
          </Data>
          <Data name="address">
            <value>Raška Dimitrijevića 72</value>
          </Data>
          <Data name="city">
            <value>Belgrade</value>
          </Data>
          <Data name="index">
            <value/>
          </Data>
          <Data name="country">
            <value>RS</value>
          </Data>
          <Data name="phone">
            <value>+381 62 717602</value>
          </Data>
          <Data name="location">
            <value>44.8126686,20.3727724</value>
          </Data>
          <Data name="reting">
            <value/>
          </Data>
          <Data name="place_id">
            <value>ChIJVWYe_KhvWkcR2HUKFv-sA0Y</value>
          </Data>
          <Data name="tags">
            <value><![CDATA[["Dance school"]]]></value>
          </Data>
          <Data name="search_url">
            <value><![CDATA[https://www.google.com/maps/search/?api=1&query=LS%20Dance%20Studio&query_place_id=ChIJVWYe_KhvWkcR2HUKFv-sA0Y]]></value>
          </Data>
          <Data name="map_url">
            <value>https://www.google.com/maps/search/dance%20school/@45.16610084047514,20.91062925,10z?hl=en</value>
          </Data>
          <Data name="main_category">
            <value>dance school</value>
          </Data>
          <Data name="image_url">
            <value>https://lh3.googleusercontent.com/p/AF1QipPVxSV6ZAuzIGF-ElU8dz24eEZOmEtpapVyyzC7=w408-h612-k-no</value>
          </Data>
          <Data name="additional">
            <value/>
          </Data>
          <Data name="website">
            <value/>
          </Data>
          <Data name="parent_place">
            <value/>
          </Data>
          <Data name="additional_urls">
            <value><![CDATA[[{"name":"instagram.com","url":"https://www.instagram.com/aleksaysara/"}]]]></value>
          </Data>
        </ExtendedData>
        <Point>
          <coordinates>
            20.3727724,44.8126686,0
          </coordinates>
        </Point>
      </Placemark>
      <Placemark>
        <name>Latin Dance Studio</name>
        <description><![CDATA[﻿id: 68f2f6f517de0681a60e3f3e<br>category: Dance school<br>address_full: Resavska 28, Beograd 11000, Serbia<br>district: Vračar<br>address: Resavska 28<br>city: Belgrade<br>index: 11000<br>country: RS<br>phone: +381 64 3452431<br>location: 44.8076372,20.4653493<br>reting: 4,8<br>place_id: ChIJbdrLFUplWkcRMqq67oMB2wY<br>tags: ["Dance school"]<br>search_url: https://www.google.com/maps/search/?api=1&query=Latin%20Dance%20Studio&query_place_id=ChIJbdrLFUplWkcRMqq67oMB2wY<br>map_url: https://www.google.com/maps/search/dance%20school/@45.16610084047514,20.91062925,10z?hl=en<br>main_category: dance school<br>image_url: https://lh3.googleusercontent.com/p/AF1QipPCxGrAzh_lsd6e2s014L_qgyrtW9IK7sXw-yJK=w408-h455-k-no<br>additional: <br>website: https://www.instagram.com/latin.dance.studio/<br>parent_place: <br>additional_urls: []]]></description>
        <styleUrl>#icon-1899-FF5252-labelson</styleUrl>
        <ExtendedData>
          <Data name="﻿id">
            <value>68f2f6f517de0681a60e3f3e</value>
          </Data>
          <Data name="category">
            <value>Dance school</value>
          </Data>
          <Data name="address_full">
            <value>Resavska 28, Beograd 11000, Serbia</value>
          </Data>
          <Data name="district">
            <value>Vračar</value>
          </Data>
          <Data name="address">
            <value>Resavska 28</value>
          </Data>
          <Data name="city">
            <value>Belgrade</value>
          </Data>
          <Data name="index">
            <value>11000.0</value>
          </Data>
          <Data name="country">
            <value>RS</value>
          </Data>
          <Data name="phone">
            <value>+381 64 3452431</value>
          </Data>
          <Data name="location">
            <value>44.8076372,20.4653493</value>
          </Data>
          <Data name="reting">
            <value>4.8</value>
          </Data>
          <Data name="place_id">
            <value>ChIJbdrLFUplWkcRMqq67oMB2wY</value>
          </Data>
          <Data name="tags">
            <value><![CDATA[["Dance school"]]]></value>
          </Data>
          <Data name="search_url">
            <value><![CDATA[https://www.google.com/maps/search/?api=1&query=Latin%20Dance%20Studio&query_place_id=ChIJbdrLFUplWkcRMqq67oMB2wY]]></value>
          </Data>
          <Data name="map_url">
            <value>https://www.google.com/maps/search/dance%20school/@45.16610084047514,20.91062925,10z?hl=en</value>
          </Data>
          <Data name="main_category">
            <value>dance school</value>
          </Data>
          <Data name="image_url">
            <value>https://lh3.googleusercontent.com/p/AF1QipPCxGrAzh_lsd6e2s014L_qgyrtW9IK7sXw-yJK=w408-h455-k-no</value>
          </Data>
          <Data name="additional">
            <value/>
          </Data>
          <Data name="website">
            <value>https://www.instagram.com/latin.dance.studio/</value>
          </Data>
          <Data name="parent_place">
            <value/>
          </Data>
          <Data name="additional_urls">
            <value>[]</value>
          </Data>
        </ExtendedData>
        <Point>
          <coordinates>
            20.4653493,44.8076372,0
          </coordinates>
        </Point>
      </Placemark>
      <Placemark>
        <name>Beogradski Igrački Centar</name>
        <description><![CDATA[﻿id: 68f2f6f517de0681a60e3f40<br>category: Dance school<br>address_full: Antifašističke borbe 71a, Beograd 11070, Serbia<br>district: New Belgrade<br>address: Antifašističke borbe 71a<br>city: Belgrade<br>index: 11070<br>country: RS<br>phone: +381 64 2986092<br>location: 44.8088258,20.4218724<br>reting: 4,4<br>place_id: ChIJFdtA0vRvWkcRl2LfaTFn4qQ<br>tags: ["Dance school"]<br>search_url: https://www.google.com/maps/search/?api=1&query=Beogradski%20Igra%C4%8Dki%20Centar&query_place_id=ChIJFdtA0vRvWkcRl2LfaTFn4qQ<br>map_url: https://www.google.com/maps/search/dance%20school/@45.16610084047514,20.91062925,10z?hl=en<br>main_category: dance school<br>image_url: https://lh3.googleusercontent.com/gps-cs-s/AC9h4nrnN6QfIvVIR6GxU01rkDrTaAPMSFEZpfpK4RXdIpdo1kZS-boxIN-ZNJuLtnupR6R9HrRvHLCX7VyxPA0B4xcLDKx7Moq5TQhhOXamTInDBPvrDhTRkj4WB2XOfx1iVeHqLado0g=w408-h276-k-no<br>additional: <br>website: http://www.bicdance.com/<br>parent_place: <br>additional_urls: []]]></description>
        <styleUrl>#icon-1899-FF5252-labelson</styleUrl>
        <ExtendedData>
          <Data name="﻿id">
            <value>68f2f6f517de0681a60e3f40</value>
          </Data>
          <Data name="category">
            <value>Dance school</value>
          </Data>
          <Data name="address_full">
            <value>Antifašističke borbe 71a, Beograd 11070, Serbia</value>
          </Data>
          <Data name="district">
            <value>New Belgrade</value>
          </Data>
          <Data name="address">
            <value>Antifašističke borbe 71a</value>
          </Data>
          <Data name="city">
            <value>Belgrade</value>
          </Data>
          <Data name="index">
            <value>11070.0</value>
          </Data>
          <Data name="country">
            <value>RS</value>
          </Data>
          <Data name="phone">
            <value>+381 64 2986092</value>
          </Data>
          <Data name="location">
            <value>44.8088258,20.4218724</value>
          </Data>
          <Data name="reting">
            <value>4.4</value>
          </Data>
          <Data name="place_id">
            <value>ChIJFdtA0vRvWkcRl2LfaTFn4qQ</value>
          </Data>
          <Data name="tags">
            <value><![CDATA[["Dance school"]]]></value>
          </Data>
          <Data name="search_url">
            <value><![CDATA[https://www.google.com/maps/search/?api=1&query=Beogradski%20Igra%C4%8Dki%20Centar&query_place_id=ChIJFdtA0vRvWkcRl2LfaTFn4qQ]]></value>
          </Data>
          <Data name="map_url">
            <value>https://www.google.com/maps/search/dance%20school/@45.16610084047514,20.91062925,10z?hl=en</value>
          </Data>
          <Data name="main_category">
            <value>dance school</value>
          </Data>
          <Data name="image_url">
            <value>https://lh3.googleusercontent.com/gps-cs-s/AC9h4nrnN6QfIvVIR6GxU01rkDrTaAPMSFEZpfpK4RXdIpdo1kZS-boxIN-ZNJuLtnupR6R9HrRvHLCX7VyxPA0B4xcLDKx7Moq5TQhhOXamTInDBPvrDhTRkj4WB2XOfx1iVeHqLado0g=w408-h276-k-no</value>
          </Data>
          <Data name="additional">
            <value/>
          </Data>
          <Data name="website">
            <value>http://www.bicdance.com/</value>
          </Data>
          <Data name="parent_place">
            <value/>
          </Data>
          <Data name="additional_urls">
            <value>[]</value>
          </Data>
        </ExtendedData>
        <Point>
          <coordinates>
            20.4218724,44.8088258,0
          </coordinates>
        </Point>
      </Placemark>
      <Placemark>
        <name>Pole Dance House</name>
        <description><![CDATA[﻿id: 68f2f6f517de0681a60e3f41<br>category: Dance school<br>address_full: Gavrila Principa 16, Beograd, Serbia<br>district: Savski Venac<br>address: Gavrila Principa 16<br>city: Belgrade<br>index: <br>country: RS<br>phone: <br>location: 44.8131778,20.4546792<br>reting: 5<br>place_id: ChIJzRtMaQB7WkcRsMJluNQpA1E<br>tags: ["Dance school"]<br>search_url: https://www.google.com/maps/search/?api=1&query=Pole%20Dance%20House&query_place_id=ChIJzRtMaQB7WkcRsMJluNQpA1E<br>map_url: https://www.google.com/maps/search/dance%20school/@45.16610084047514,20.91062925,10z?hl=en<br>main_category: dance school<br>image_url: https://lh3.googleusercontent.com/gps-cs-s/AC9h4notwxwAzeFker1zOgUtmVcQu2-lrqZ6i85AGKDlOsebBY_AoemaECwY-SkN7yfrSPpBwpqlUv7YDitDzu2CxdzLNf801RBVDI2Uw9xM6Ss992EUGOqFn1uPW4rCADbuCGZhz4DnXA=w408-h544-k-no<br>additional: <br>website: https://www.instagram.com/pole_dance_house<br>parent_place: <br>additional_urls: []]]></description>
        <styleUrl>#icon-1899-FF5252-labelson</styleUrl>
        <ExtendedData>
          <Data name="﻿id">
            <value>68f2f6f517de0681a60e3f41</value>
          </Data>
          <Data name="category">
            <value>Dance school</value>
          </Data>
          <Data name="address_full">
            <value>Gavrila Principa 16, Beograd, Serbia</value>
          </Data>
          <Data name="district">
            <value>Savski Venac</value>
          </Data>
          <Data name="address">
            <value>Gavrila Principa 16</value>
          </Data>
          <Data name="city">
            <value>Belgrade</value>
          </Data>
          <Data name="index">
            <value/>
          </Data>
          <Data name="country">
            <value>RS</value>
          </Data>
          <Data name="phone">
            <value/>
          </Data>
          <Data name="location">
            <value>44.8131778,20.4546792</value>
          </Data>
          <Data name="reting">
            <value>5.0</value>
          </Data>
          <Data name="place_id">
            <value>ChIJzRtMaQB7WkcRsMJluNQpA1E</value>
          </Data>
          <Data name="tags">
            <value><![CDATA[["Dance school"]]]></value>
          </Data>
          <Data name="search_url">
            <value><![CDATA[https://www.google.com/maps/search/?api=1&query=Pole%20Dance%20House&query_place_id=ChIJzRtMaQB7WkcRsMJluNQpA1E]]></value>
          </Data>
          <Data name="map_url">
            <value>https://www.google.com/maps/search/dance%20school/@45.16610084047514,20.91062925,10z?hl=en</value>
          </Data>
          <Data name="main_category">
            <value>dance school</value>
          </Data>
          <Data name="image_url">
            <value>https://lh3.googleusercontent.com/gps-cs-s/AC9h4notwxwAzeFker1zOgUtmVcQu2-lrqZ6i85AGKDlOsebBY_AoemaECwY-SkN7yfrSPpBwpqlUv7YDitDzu2CxdzLNf801RBVDI2Uw9xM6Ss992EUGOqFn1uPW4rCADbuCGZhz4DnXA=w408-h544-k-no</value>
          </Data>
          <Data name="additional">
            <value/>
          </Data>
          <Data name="website">
            <value>https://www.instagram.com/pole_dance_house</value>
          </Data>
          <Data name="parent_place">
            <value/>
          </Data>
          <Data name="additional_urls">
            <value>[]</value>
          </Data>
        </ExtendedData>
        <Point>
          <coordinates>
            20.4546792,44.8131778,0
          </coordinates>
        </Point>
      </Placemark>
      <Placemark>
        <name>Al Centro plesna škola</name>
        <description><![CDATA[﻿id: 68f2f6f517de0681a60e3f42<br>category: Dance school<br>address_full: Balkanska 4, Beograd 11000, Serbia<br>district: Stari Grad<br>address: Balkanska 4<br>city: Belgrade<br>index: 11000<br>country: RS<br>phone: +381 65 2009023<br>location: 44.8124999,20.4601298<br>reting: 4,6<br>place_id: ChIJb9fJEAZwWkcRbIFbf_Cxfi4<br>tags: ["Dance school"]<br>search_url: https://www.google.com/maps/search/?api=1&query=Al%20Centro%20plesna%20%C5%A1kola&query_place_id=ChIJb9fJEAZwWkcRbIFbf_Cxfi4<br>map_url: https://www.google.com/maps/search/dance%20school/@45.16610084047514,20.91062925,10z?hl=en<br>main_category: dance school<br>image_url: https://lh3.googleusercontent.com/p/AF1QipPo5NYGewx43EqTK9UxYu-DNKB9sYZfzjVX7SY=w408-h270-k-no<br>additional: <br>website: http://alcentro.rs/<br>parent_place: <br>additional_urls: []]]></description>
        <styleUrl>#icon-1899-FF5252-labelson</styleUrl>
        <ExtendedData>
          <Data name="﻿id">
            <value>68f2f6f517de0681a60e3f42</value>
          </Data>
          <Data name="category">
            <value>Dance school</value>
          </Data>
          <Data name="address_full">
            <value>Balkanska 4, Beograd 11000, Serbia</value>
          </Data>
          <Data name="district">
            <value>Stari Grad</value>
          </Data>
          <Data name="address">
            <value>Balkanska 4</value>
          </Data>
          <Data name="city">
            <value>Belgrade</value>
          </Data>
          <Data name="index">
            <value>11000.0</value>
          </Data>
          <Data name="country">
            <value>RS</value>
          </Data>
          <Data name="phone">
            <value>+381 65 2009023</value>
          </Data>
          <Data name="location">
            <value>44.8124999,20.4601298</value>
          </Data>
          <Data name="reting">
            <value>4.6</value>
          </Data>
          <Data name="place_id">
            <value>ChIJb9fJEAZwWkcRbIFbf_Cxfi4</value>
          </Data>
          <Data name="tags">
            <value><![CDATA[["Dance school"]]]></value>
          </Data>
          <Data name="search_url">
            <value><![CDATA[https://www.google.com/maps/search/?api=1&query=Al%20Centro%20plesna%20%C5%A1kola&query_place_id=ChIJb9fJEAZwWkcRbIFbf_Cxfi4]]></value>
          </Data>
          <Data name="map_url">
            <value>https://www.google.com/maps/search/dance%20school/@45.16610084047514,20.91062925,10z?hl=en</value>
          </Data>
          <Data name="main_category">
            <value>dance school</value>
          </Data>
          <Data name="image_url">
            <value>https://lh3.googleusercontent.com/p/AF1QipPo5NYGewx43EqTK9UxYu-DNKB9sYZfzjVX7SY=w408-h270-k-no</value>
          </Data>
          <Data name="additional">
            <value/>
          </Data>
          <Data name="website">
            <value>http://alcentro.rs/</value>
          </Data>
          <Data name="parent_place">
            <value/>
          </Data>
          <Data name="additional_urls">
            <value>[]</value>
          </Data>
        </ExtendedData>
        <Point>
          <coordinates>
            20.4601298,44.8124999,0
          </coordinates>
        </Point>
      </Placemark>
      <Placemark>
        <name>Klub Fiesta Beograd</name>
        <description><![CDATA[﻿id: 68f2f6f517de0681a60e3f43<br>category: Dance school<br>address_full: 11000, Golsvordijeva 13, Beograd 11000, Serbia<br>district: Vračar<br>address: 11000, Golsvordijeva 13<br>city: Belgrade<br>index: 11000<br>country: RS<br>phone: <br>location: 44.802979,20.476299<br>reting: 4,7<br>place_id: ChIJDaBfpZ96WkcRwz2TEQK_JTs<br>tags: ["Dance school"]<br>search_url: https://www.google.com/maps/search/?api=1&query=Klub%20Fiesta%20Beograd&query_place_id=ChIJDaBfpZ96WkcRwz2TEQK_JTs<br>map_url: https://www.google.com/maps/search/dance%20school/@45.16610084047514,20.91062925,10z?hl=en<br>main_category: dance school<br>image_url: https://streetviewpixels-pa.googleapis.com/v1/thumbnail?panoid=Q3ScQFOsvGkDVgpOTpIqGQ&cb_client=search.gws-prod.gps&w=408&h=240&yaw=351.00598&pitch=0&thumbfov=100<br>additional: <br>website: https://www.facebook.com/fiestaklub/<br>parent_place: <br>additional_urls: []]]></description>
        <styleUrl>#icon-1899-FF5252-labelson</styleUrl>
        <ExtendedData>
          <Data name="﻿id">
            <value>68f2f6f517de0681a60e3f43</value>
          </Data>
          <Data name="category">
            <value>Dance school</value>
          </Data>
          <Data name="address_full">
            <value>11000, Golsvordijeva 13, Beograd 11000, Serbia</value>
          </Data>
          <Data name="district">
            <value>Vračar</value>
          </Data>
          <Data name="address">
            <value>11000, Golsvordijeva 13</value>
          </Data>
          <Data name="city">
            <value>Belgrade</value>
          </Data>
          <Data name="index">
            <value>11000.0</value>
          </Data>
          <Data name="country">
            <value>RS</value>
          </Data>
          <Data name="phone">
            <value/>
          </Data>
          <Data name="location">
            <value>44.802979,20.476299</value>
          </Data>
          <Data name="reting">
            <value>4.7</value>
          </Data>
          <Data name="place_id">
            <value>ChIJDaBfpZ96WkcRwz2TEQK_JTs</value>
          </Data>
          <Data name="tags">
            <value><![CDATA[["Dance school"]]]></value>
          </Data>
          <Data name="search_url">
            <value><![CDATA[https://www.google.com/maps/search/?api=1&query=Klub%20Fiesta%20Beograd&query_place_id=ChIJDaBfpZ96WkcRwz2TEQK_JTs]]></value>
          </Data>
          <Data name="map_url">
            <value>https://www.google.com/maps/search/dance%20school/@45.16610084047514,20.91062925,10z?hl=en</value>
          </Data>
          <Data name="main_category">
            <value>dance school</value>
          </Data>
          <Data name="image_url">
            <value><![CDATA[https://streetviewpixels-pa.googleapis.com/v1/thumbnail?panoid=Q3ScQFOsvGkDVgpOTpIqGQ&cb_client=search.gws-prod.gps&w=408&h=240&yaw=351.00598&pitch=0&thumbfov=100]]></value>
          </Data>
          <Data name="additional">
            <value/>
          </Data>
          <Data name="website">
            <value>https://www.facebook.com/fiestaklub/</value>
          </Data>
          <Data name="parent_place">
            <value/>
          </Data>
          <Data name="additional_urls">
            <value>[]</value>
          </Data>
        </ExtendedData>
        <Point>
          <coordinates>
            20.476299,44.802979,0
          </coordinates>
        </Point>
      </Placemark>
      <Placemark>
        <name>Salsa Familia</name>
        <description><![CDATA[﻿id: 68f2f6f517de0681a60e3f44<br>category: Dance school<br>address_full: OŠ "Drinka Pavlović, Kosovska 19, Beograd 11000, Serbia<br>district: Stari Grad<br>address: OŠ "Drinka Pavlović, Kosovska 19<br>city: Belgrade<br>index: 11000<br>country: RS<br>phone: +381 65 9159115<br>location: 44.8132759,20.4651278<br>reting: 5<br>place_id: ChIJ0YkPuGJ7WkcRJndATce8oGQ<br>tags: ["Dance school"]<br>search_url: https://www.google.com/maps/search/?api=1&query=Salsa%20Familia&query_place_id=ChIJ0YkPuGJ7WkcRJndATce8oGQ<br>map_url: https://www.google.com/maps/search/dance%20school/@45.16610084047514,20.91062925,10z?hl=en<br>main_category: dance school<br>image_url: https://lh3.googleusercontent.com/gps-cs-s/AC9h4nrkxMI8isHFiNVivl7CI82OJaqwPEK_E1XM91FKNwEEgt9kQh9sO6gaqhCzBaALSclIVFAjGvEtmrQW31dC6wc-NoXVJ-deFWCAsOvKGT9vVpfmQd-eAyV9ZbA7SREFTIEumfqsxQ=w408-h275-k-no<br>additional: <br>website: https://skolasalse.com/<br>parent_place: <br>additional_urls: []]]></description>
        <styleUrl>#icon-1899-FF5252-labelson</styleUrl>
        <ExtendedData>
          <Data name="﻿id">
            <value>68f2f6f517de0681a60e3f44</value>
          </Data>
          <Data name="category">
            <value>Dance school</value>
          </Data>
          <Data name="address_full">
            <value><![CDATA[OŠ "Drinka Pavlović, Kosovska 19, Beograd 11000, Serbia]]></value>
          </Data>
          <Data name="district">
            <value>Stari Grad</value>
          </Data>
          <Data name="address">
            <value><![CDATA[OŠ "Drinka Pavlović, Kosovska 19]]></value>
          </Data>
          <Data name="city">
            <value>Belgrade</value>
          </Data>
          <Data name="index">
            <value>11000.0</value>
          </Data>
          <Data name="country">
            <value>RS</value>
          </Data>
          <Data name="phone">
            <value>+381 65 9159115</value>
          </Data>
          <Data name="location">
            <value>44.8132759,20.4651278</value>
          </Data>
          <Data name="reting">
            <value>5.0</value>
          </Data>
          <Data name="place_id">
            <value>ChIJ0YkPuGJ7WkcRJndATce8oGQ</value>
          </Data>
          <Data name="tags">
            <value><![CDATA[["Dance school"]]]></value>
          </Data>
          <Data name="search_url">
            <value><![CDATA[https://www.google.com/maps/search/?api=1&query=Salsa%20Familia&query_place_id=ChIJ0YkPuGJ7WkcRJndATce8oGQ]]></value>
          </Data>
          <Data name="map_url">
            <value>https://www.google.com/maps/search/dance%20school/@45.16610084047514,20.91062925,10z?hl=en</value>
          </Data>
          <Data name="main_category">
            <value>dance school</value>
          </Data>
          <Data name="image_url">
            <value>https://lh3.googleusercontent.com/gps-cs-s/AC9h4nrkxMI8isHFiNVivl7CI82OJaqwPEK_E1XM91FKNwEEgt9kQh9sO6gaqhCzBaALSclIVFAjGvEtmrQW31dC6wc-NoXVJ-deFWCAsOvKGT9vVpfmQd-eAyV9ZbA7SREFTIEumfqsxQ=w408-h275-k-no</value>
          </Data>
          <Data name="additional">
            <value/>
          </Data>
          <Data name="website">
            <value>https://skolasalse.com/</value>
          </Data>
          <Data name="parent_place">
            <value/>
          </Data>
          <Data name="additional_urls">
            <value>[]</value>
          </Data>
        </ExtendedData>
        <Point>
          <coordinates>
            20.4651278,44.8132759,0
          </coordinates>
        </Point>
      </Placemark>
      <Placemark>
        <name><![CDATA[КУД "Корени"]]></name>
        <description><![CDATA[﻿id: 68f2f6f517de0681a60e3f45<br>category: Dance school<br>address_full: Mitropolita Petra 8, Beograd 11000, Serbia<br>district: <br>address: Mitropolita Petra 8<br>city: Belgrade<br>index: 11000<br>country: RS<br>phone: +381 69 2210852<br>location: 44.816644,20.4856021<br>reting: 5<br>place_id: ChIJJ0WitJl7WkcRujEVmhqzrEM<br>tags: ["Dance school"]<br>search_url: https://www.google.com/maps/search/?api=1&query=%D0%9A%D0%A3%D0%94%20%22%D0%9A%D0%BE%D1%80%D0%B5%D0%BD%D0%B8%22&query_place_id=ChIJJ0WitJl7WkcRujEVmhqzrEM<br>map_url: https://www.google.com/maps/search/dance%20school/@45.16610084047514,20.91062925,10z?hl=en<br>main_category: dance school<br>image_url: https://lh3.googleusercontent.com/p/AF1QipPfgbHPdDP32T9s5g3Vmg5h7HV0dvzpm70sd71l=w408-h271-k-no<br>additional: <br>website: http://www.kudkoreni.rs/<br>parent_place: <br>additional_urls: []]]></description>
        <styleUrl>#icon-1899-FF5252-labelson</styleUrl>
        <ExtendedData>
          <Data name="﻿id">
            <value>68f2f6f517de0681a60e3f45</value>
          </Data>
          <Data name="category">
            <value>Dance school</value>
          </Data>
          <Data name="address_full">
            <value>Mitropolita Petra 8, Beograd 11000, Serbia</value>
          </Data>
          <Data name="district">
            <value/>
          </Data>
          <Data name="address">
            <value>Mitropolita Petra 8</value>
          </Data>
          <Data name="city">
            <value>Belgrade</value>
          </Data>
          <Data name="index">
            <value>11000.0</value>
          </Data>
          <Data name="country">
            <value>RS</value>
          </Data>
          <Data name="phone">
            <value>+381 69 2210852</value>
          </Data>
          <Data name="location">
            <value>44.816644,20.4856021</value>
          </Data>
          <Data name="reting">
            <value>5.0</value>
          </Data>
          <Data name="place_id">
            <value>ChIJJ0WitJl7WkcRujEVmhqzrEM</value>
          </Data>
          <Data name="tags">
            <value><![CDATA[["Dance school"]]]></value>
          </Data>
          <Data name="search_url">
            <value><![CDATA[https://www.google.com/maps/search/?api=1&query=%D0%9A%D0%A3%D0%94%20%22%D0%9A%D0%BE%D1%80%D0%B5%D0%BD%D0%B8%22&query_place_id=ChIJJ0WitJl7WkcRujEVmhqzrEM]]></value>
          </Data>
          <Data name="map_url">
            <value>https://www.google.com/maps/search/dance%20school/@45.16610084047514,20.91062925,10z?hl=en</value>
          </Data>
          <Data name="main_category">
            <value>dance school</value>
          </Data>
          <Data name="image_url">
            <value>https://lh3.googleusercontent.com/p/AF1QipPfgbHPdDP32T9s5g3Vmg5h7HV0dvzpm70sd71l=w408-h271-k-no</value>
          </Data>
          <Data name="additional">
            <value/>
          </Data>
          <Data name="website">
            <value>http://www.kudkoreni.rs/</value>
          </Data>
          <Data name="parent_place">
            <value/>
          </Data>
          <Data name="additional_urls">
            <value>[]</value>
          </Data>
        </ExtendedData>
        <Point>
          <coordinates>
            20.4856021,44.816644,0
          </coordinates>
        </Point>
      </Placemark>
      <Placemark>
        <name>Flamenko centar</name>
        <description><![CDATA[﻿id: 68f2f6f517de0681a60e3f46<br>category: Dance school<br>address_full: Sarajevska 54, Beograd 11000, Serbia<br>district: Savski Venac<br>address: Sarajevska 54<br>city: Belgrade<br>index: 11000<br>country: RS<br>phone: +381 64 2095533<br>location: 44.8018897,20.4526824<br>reting: 5<br>place_id: ChIJ3SLVsQZwWkcRoW4qecffBx8<br>tags: ["Dance school"]<br>search_url: https://www.google.com/maps/search/?api=1&query=Flamenko%20centar&query_place_id=ChIJ3SLVsQZwWkcRoW4qecffBx8<br>map_url: https://www.google.com/maps/search/dance%20school/@45.16610084047514,20.91062925,10z?hl=en<br>main_category: dance school<br>image_url: https://streetviewpixels-pa.googleapis.com/v1/thumbnail?panoid=60fJrFE6Oee1uIVkjufjJg&cb_client=search.gws-prod.gps&w=408&h=240&yaw=295.88724&pitch=0&thumbfov=100<br>additional: <br>website: http://flamenkocentar.com/kontakt/<br>parent_place: <br>additional_urls: []]]></description>
        <styleUrl>#icon-1899-FF5252-labelson</styleUrl>
        <ExtendedData>
          <Data name="﻿id">
            <value>68f2f6f517de0681a60e3f46</value>
          </Data>
          <Data name="category">
            <value>Dance school</value>
          </Data>
          <Data name="address_full">
            <value>Sarajevska 54, Beograd 11000, Serbia</value>
          </Data>
          <Data name="district">
            <value>Savski Venac</value>
          </Data>
          <Data name="address">
            <value>Sarajevska 54</value>
          </Data>
          <Data name="city">
            <value>Belgrade</value>
          </Data>
          <Data name="index">
            <value>11000.0</value>
          </Data>
          <Data name="country">
            <value>RS</value>
          </Data>
          <Data name="phone">
            <value>+381 64 2095533</value>
          </Data>
          <Data name="location">
            <value>44.8018897,20.4526824</value>
          </Data>
          <Data name="reting">
            <value>5.0</value>
          </Data>
          <Data name="place_id">
            <value>ChIJ3SLVsQZwWkcRoW4qecffBx8</value>
          </Data>
          <Data name="tags">
            <value><![CDATA[["Dance school"]]]></value>
          </Data>
          <Data name="search_url">
            <value><![CDATA[https://www.google.com/maps/search/?api=1&query=Flamenko%20centar&query_place_id=ChIJ3SLVsQZwWkcRoW4qecffBx8]]></value>
          </Data>
          <Data name="map_url">
            <value>https://www.google.com/maps/search/dance%20school/@45.16610084047514,20.91062925,10z?hl=en</value>
          </Data>
          <Data name="main_category">
            <value>dance school</value>
          </Data>
          <Data name="image_url">
            <value><![CDATA[https://streetviewpixels-pa.googleapis.com/v1/thumbnail?panoid=60fJrFE6Oee1uIVkjufjJg&cb_client=search.gws-prod.gps&w=408&h=240&yaw=295.88724&pitch=0&thumbfov=100]]></value>
          </Data>
          <Data name="additional">
            <value/>
          </Data>
          <Data name="website">
            <value>http://flamenkocentar.com/kontakt/</value>
          </Data>
          <Data name="parent_place">
            <value/>
          </Data>
          <Data name="additional_urls">
            <value>[]</value>
          </Data>
        </ExtendedData>
        <Point>
          <coordinates>
            20.4526824,44.8018897,0
          </coordinates>
        </Point>
      </Placemark>
      <Placemark>
        <name>Studio Ojdana</name>
        <description><![CDATA[﻿id: 68f2f6f517de0681a60e3f47<br>category: Dance school<br>address_full: Kraljevića Marka 5, Beograd 11000, Serbia<br>district: Savski Venac<br>address: Kraljevića Marka 5<br>city: Belgrade<br>index: 11000<br>country: RS<br>phone: +381 64 2095533<br>location: 44.813566,20.4528147<br>reting: 5<br>place_id: ChIJlbHj2gBlWkcREVRrP3OSc00<br>tags: ["Dance school"]<br>search_url: https://www.google.com/maps/search/?api=1&query=Studio%20Ojdana&query_place_id=ChIJlbHj2gBlWkcREVRrP3OSc00<br>map_url: https://www.google.com/maps/search/dance%20school/@45.16610084047514,20.91062925,10z?hl=en<br>main_category: dance school<br>image_url: https://lh3.googleusercontent.com/p/AF1QipNtmChauPLPA6QrFTErNR1Ql1YrdEUKkdmRPQC_=w426-h240-k-no<br>additional: <br>website: https://www.instagram.com/studio_ojdana?igsh=a2ZxNzB2cWswb3Jl<br>parent_place: <br>additional_urls: []]]></description>
        <styleUrl>#icon-1899-FF5252-labelson</styleUrl>
        <ExtendedData>
          <Data name="﻿id">
            <value>68f2f6f517de0681a60e3f47</value>
          </Data>
          <Data name="category">
            <value>Dance school</value>
          </Data>
          <Data name="address_full">
            <value>Kraljevića Marka 5, Beograd 11000, Serbia</value>
          </Data>
          <Data name="district">
            <value>Savski Venac</value>
          </Data>
          <Data name="address">
            <value>Kraljevića Marka 5</value>
          </Data>
          <Data name="city">
            <value>Belgrade</value>
          </Data>
          <Data name="index">
            <value>11000.0</value>
          </Data>
          <Data name="country">
            <value>RS</value>
          </Data>
          <Data name="phone">
            <value>+381 64 2095533</value>
          </Data>
          <Data name="location">
            <value>44.813566,20.4528147</value>
          </Data>
          <Data name="reting">
            <value>5.0</value>
          </Data>
          <Data name="place_id">
            <value>ChIJlbHj2gBlWkcREVRrP3OSc00</value>
          </Data>
          <Data name="tags">
            <value><![CDATA[["Dance school"]]]></value>
          </Data>
          <Data name="search_url">
            <value><![CDATA[https://www.google.com/maps/search/?api=1&query=Studio%20Ojdana&query_place_id=ChIJlbHj2gBlWkcREVRrP3OSc00]]></value>
          </Data>
          <Data name="map_url">
            <value>https://www.google.com/maps/search/dance%20school/@45.16610084047514,20.91062925,10z?hl=en</value>
          </Data>
          <Data name="main_category">
            <value>dance school</value>
          </Data>
          <Data name="image_url">
            <value>https://lh3.googleusercontent.com/p/AF1QipNtmChauPLPA6QrFTErNR1Ql1YrdEUKkdmRPQC_=w426-h240-k-no</value>
          </Data>
          <Data name="additional">
            <value/>
          </Data>
          <Data name="website">
            <value>https://www.instagram.com/studio_ojdana?igsh=a2ZxNzB2cWswb3Jl</value>
          </Data>
          <Data name="parent_place">
            <value/>
          </Data>
          <Data name="additional_urls">
            <value>[]</value>
          </Data>
        </ExtendedData>
        <Point>
          <coordinates>
            20.4528147,44.813566,0
          </coordinates>
        </Point>
      </Placemark>
      <Placemark>
        <name>Plesni Klub TIM</name>
        <description><![CDATA[﻿id: 68f2f6f517de0681a60e3f48<br>category: Dance school<br>address_full: Jurija Gagarina 151, Beograd, Serbia<br>district: New Belgrade<br>address: Jurija Gagarina 151<br>city: Belgrade<br>index: <br>country: RS<br>phone: +381 62 1686770<br>location: 44.8019568,20.3869021<br>reting: 4,6<br>place_id: ChIJGxkaIwtvWkcRSOtIfNEBaW8<br>tags: ["Dance school"]<br>search_url: https://www.google.com/maps/search/?api=1&query=Plesni%20Klub%20TIM&query_place_id=ChIJGxkaIwtvWkcRSOtIfNEBaW8<br>map_url: https://www.google.com/maps/search/dance%20school/@45.16610084047514,20.91062925,10z?hl=en<br>main_category: dance school<br>image_url: https://lh3.googleusercontent.com/p/AF1QipOtkmKEw1z1cUjP6ywpK2KeMhngqEQd_KneOqiS=w408-h271-k-no<br>additional: Plesna Grupa TIM - Novi Beograd<br>website: https://plesnagrupatim.rs/<br>parent_place: Shopping center Piramida<br>additional_urls: []]]></description>
        <styleUrl>#icon-1899-FF5252-labelson</styleUrl>
        <ExtendedData>
          <Data name="﻿id">
            <value>68f2f6f517de0681a60e3f48</value>
          </Data>
          <Data name="category">
            <value>Dance school</value>
          </Data>
          <Data name="address_full">
            <value>Jurija Gagarina 151, Beograd, Serbia</value>
          </Data>
          <Data name="district">
            <value>New Belgrade</value>
          </Data>
          <Data name="address">
            <value>Jurija Gagarina 151</value>
          </Data>
          <Data name="city">
            <value>Belgrade</value>
          </Data>
          <Data name="index">
            <value/>
          </Data>
          <Data name="country">
            <value>RS</value>
          </Data>
          <Data name="phone">
            <value>+381 62 1686770</value>
          </Data>
          <Data name="location">
            <value>44.8019568,20.3869021</value>
          </Data>
          <Data name="reting">
            <value>4.6</value>
          </Data>
          <Data name="place_id">
            <value>ChIJGxkaIwtvWkcRSOtIfNEBaW8</value>
          </Data>
          <Data name="tags">
            <value><![CDATA[["Dance school"]]]></value>
          </Data>
          <Data name="search_url">
            <value><![CDATA[https://www.google.com/maps/search/?api=1&query=Plesni%20Klub%20TIM&query_place_id=ChIJGxkaIwtvWkcRSOtIfNEBaW8]]></value>
          </Data>
          <Data name="map_url">
            <value>https://www.google.com/maps/search/dance%20school/@45.16610084047514,20.91062925,10z?hl=en</value>
          </Data>
          <Data name="main_category">
            <value>dance school</value>
          </Data>
          <Data name="image_url">
            <value>https://lh3.googleusercontent.com/p/AF1QipOtkmKEw1z1cUjP6ywpK2KeMhngqEQd_KneOqiS=w408-h271-k-no</value>
          </Data>
          <Data name="additional">
            <value>Plesna Grupa TIM - Novi Beograd</value>
          </Data>
          <Data name="website">
            <value>https://plesnagrupatim.rs/</value>
          </Data>
          <Data name="parent_place">
            <value>Shopping center Piramida</value>
          </Data>
          <Data name="additional_urls">
            <value>[]</value>
          </Data>
        </ExtendedData>
        <Point>
          <coordinates>
            20.3869021,44.8019568,0
          </coordinates>
        </Point>
      </Placemark>
      <Placemark>
        <name>Naučite orijentalni trbušni ples u Beogradu</name>
        <description><![CDATA[﻿id: 68f2f6f517de0681a60e3f49<br>category: Dance school<br>address_full: Stjepana Ljubiše 23, Beograd 11120, Serbia<br>district: <br>address: Stjepana Ljubiše 23<br>city: Belgrade<br>index: 11120<br>country: RS<br>phone: +381 63 8860178<br>location: 44.8072259,20.4837166<br>reting: 5<br>place_id: ChIJy2rKe5l6WkcRq20ERpi2u7g<br>tags: ["Dance school"]<br>search_url: https://www.google.com/maps/search/?api=1&query=Nau%C4%8Dite%20orijentalni%20trbu%C5%A1ni%20ples%20u%20Beogradu&query_place_id=ChIJy2rKe5l6WkcRq20ERpi2u7g<br>map_url: https://www.google.com/maps/search/dance%20school/@45.16610084047514,20.91062925,10z?hl=en<br>main_category: dance school<br>image_url: https://streetviewpixels-pa.googleapis.com/v1/thumbnail?panoid=u4KgK1lL1X9TdqO1QiNhIA&cb_client=search.gws-prod.gps&w=408&h=240&yaw=59.815304&pitch=0&thumbfov=100<br>additional: <br>website: <br>parent_place: <br>additional_urls: []]]></description>
        <styleUrl>#icon-1899-FF5252-labelson</styleUrl>
        <ExtendedData>
          <Data name="﻿id">
            <value>68f2f6f517de0681a60e3f49</value>
          </Data>
          <Data name="category">
            <value>Dance school</value>
          </Data>
          <Data name="address_full">
            <value>Stjepana Ljubiše 23, Beograd 11120, Serbia</value>
          </Data>
          <Data name="district">
            <value/>
          </Data>
          <Data name="address">
            <value>Stjepana Ljubiše 23</value>
          </Data>
          <Data name="city">
            <value>Belgrade</value>
          </Data>
          <Data name="index">
            <value>11120.0</value>
          </Data>
          <Data name="country">
            <value>RS</value>
          </Data>
          <Data name="phone">
            <value>+381 63 8860178</value>
          </Data>
          <Data name="location">
            <value>44.8072259,20.4837166</value>
          </Data>
          <Data name="reting">
            <value>5.0</value>
          </Data>
          <Data name="place_id">
            <value>ChIJy2rKe5l6WkcRq20ERpi2u7g</value>
          </Data>
          <Data name="tags">
            <value><![CDATA[["Dance school"]]]></value>
          </Data>
          <Data name="search_url">
            <value><![CDATA[https://www.google.com/maps/search/?api=1&query=Nau%C4%8Dite%20orijentalni%20trbu%C5%A1ni%20ples%20u%20Beogradu&query_place_id=ChIJy2rKe5l6WkcRq20ERpi2u7g]]></value>
          </Data>
          <Data name="map_url">
            <value>https://www.google.com/maps/search/dance%20school/@45.16610084047514,20.91062925,10z?hl=en</value>
          </Data>
          <Data name="main_category">
            <value>dance school</value>
          </Data>
          <Data name="image_url">
            <value><![CDATA[https://streetviewpixels-pa.googleapis.com/v1/thumbnail?panoid=u4KgK1lL1X9TdqO1QiNhIA&cb_client=search.gws-prod.gps&w=408&h=240&yaw=59.815304&pitch=0&thumbfov=100]]></value>
          </Data>
          <Data name="additional">
            <value/>
          </Data>
          <Data name="website">
            <value/>
          </Data>
          <Data name="parent_place">
            <value/>
          </Data>
          <Data name="additional_urls">
            <value>[]</value>
          </Data>
        </ExtendedData>
        <Point>
          <coordinates>
            20.4837166,44.8072259,0
          </coordinates>
        </Point>
      </Placemark>
      <Placemark>
        <name>Plesna skola Beodance</name>
        <description><![CDATA[﻿id: 68f2f6f517de0681a60e3f4b<br>category: Dance school<br>address_full: Kralja Petra 70b, Beograd 11000, Serbia<br>district: Stari Grad<br>address: Kralja Petra 70b<br>city: Belgrade<br>index: 11000<br>country: RS<br>phone: +381 65 3283946<br>location: 44.8218857,20.4587016<br>reting: 4,7<br>place_id: ChIJDQ4P4EplWkcRTixNaA0wSkc<br>tags: ["Dance school"]<br>search_url: https://www.google.com/maps/search/?api=1&query=Plesna%20skola%20Beodance&query_place_id=ChIJDQ4P4EplWkcRTixNaA0wSkc<br>map_url: https://www.google.com/maps/search/dance%20school/@45.16610084047514,20.91062925,10z?hl=en<br>main_category: dance school<br>image_url: https://lh3.googleusercontent.com/gps-cs-s/AC9h4npOg4U2ow1uAqLB96FOd4RiimC6hrU1OYXPZVQ6PkC-TmsZ206WxlkAEvo8fPN8cZzoR1hSz79EEOO79ScQWmOSijSCSGQMiOY6BEvSO5sAgi_mCjcIhsFCKgeL7922gzy41i5M7g=w426-h240-k-no<br>additional: <br>website: http://beodance.co.rs/<br>parent_place: <br>additional_urls: []]]></description>
        <styleUrl>#icon-1899-FF5252-labelson</styleUrl>
        <ExtendedData>
          <Data name="﻿id">
            <value>68f2f6f517de0681a60e3f4b</value>
          </Data>
          <Data name="category">
            <value>Dance school</value>
          </Data>
          <Data name="address_full">
            <value>Kralja Petra 70b, Beograd 11000, Serbia</value>
          </Data>
          <Data name="district">
            <value>Stari Grad</value>
          </Data>
          <Data name="address">
            <value>Kralja Petra 70b</value>
          </Data>
          <Data name="city">
            <value>Belgrade</value>
          </Data>
          <Data name="index">
            <value>11000.0</value>
          </Data>
          <Data name="country">
            <value>RS</value>
          </Data>
          <Data name="phone">
            <value>+381 65 3283946</value>
          </Data>
          <Data name="location">
            <value>44.8218857,20.4587016</value>
          </Data>
          <Data name="reting">
            <value>4.7</value>
          </Data>
          <Data name="place_id">
            <value>ChIJDQ4P4EplWkcRTixNaA0wSkc</value>
          </Data>
          <Data name="tags">
            <value><![CDATA[["Dance school"]]]></value>
          </Data>
          <Data name="search_url">
            <value><![CDATA[https://www.google.com/maps/search/?api=1&query=Plesna%20skola%20Beodance&query_place_id=ChIJDQ4P4EplWkcRTixNaA0wSkc]]></value>
          </Data>
          <Data name="map_url">
            <value>https://www.google.com/maps/search/dance%20school/@45.16610084047514,20.91062925,10z?hl=en</value>
          </Data>
          <Data name="main_category">
            <value>dance school</value>
          </Data>
          <Data name="image_url">
            <value>https://lh3.googleusercontent.com/gps-cs-s/AC9h4npOg4U2ow1uAqLB96FOd4RiimC6hrU1OYXPZVQ6PkC-TmsZ206WxlkAEvo8fPN8cZzoR1hSz79EEOO79ScQWmOSijSCSGQMiOY6BEvSO5sAgi_mCjcIhsFCKgeL7922gzy41i5M7g=w426-h240-k-no</value>
          </Data>
          <Data name="additional">
            <value/>
          </Data>
          <Data name="website">
            <value>http://beodance.co.rs/</value>
          </Data>
          <Data name="parent_place">
            <value/>
          </Data>
          <Data name="additional_urls">
            <value>[]</value>
          </Data>
        </ExtendedData>
        <Point>
          <coordinates>
            20.4587016,44.8218857,0
          </coordinates>
        </Point>
      </Placemark>
      <Placemark>
        <name>Exoteria</name>
        <description><![CDATA[﻿id: 68f2f6f517de0681a60e3f4c<br>category: Dance school<br>address_full: Knez-Miletina 11, Beograd 11000, Serbia<br>district: Stari Grad<br>address: Knez-Miletina 11<br>city: Belgrade<br>index: 11000<br>country: RS<br>phone: +381 63 7710715<br>location: 44.8185398,20.4693738<br>reting: 5<br>place_id: ChIJ7zj8q3F7WkcR1SMifHIDCmA<br>tags: ["Dance school"]<br>search_url: https://www.google.com/maps/search/?api=1&query=Exoteria&query_place_id=ChIJ7zj8q3F7WkcR1SMifHIDCmA<br>map_url: https://www.google.com/maps/search/dance%20school/@45.16610084047514,20.91062925,10z?hl=en<br>main_category: dance school<br>image_url: https://streetviewpixels-pa.googleapis.com/v1/thumbnail?panoid=CZInVIOosLzvI24A5DqWfQ&cb_client=search.gws-prod.gps&w=408&h=240&yaw=328.75513&pitch=0&thumbfov=100<br>additional: <br>website: <br>parent_place: <br>additional_urls: []]]></description>
        <styleUrl>#icon-1899-FF5252-labelson</styleUrl>
        <ExtendedData>
          <Data name="﻿id">
            <value>68f2f6f517de0681a60e3f4c</value>
          </Data>
          <Data name="category">
            <value>Dance school</value>
          </Data>
          <Data name="address_full">
            <value>Knez-Miletina 11, Beograd 11000, Serbia</value>
          </Data>
          <Data name="district">
            <value>Stari Grad</value>
          </Data>
          <Data name="address">
            <value>Knez-Miletina 11</value>
          </Data>
          <Data name="city">
            <value>Belgrade</value>
          </Data>
          <Data name="index">
            <value>11000.0</value>
          </Data>
          <Data name="country">
            <value>RS</value>
          </Data>
          <Data name="phone">
            <value>+381 63 7710715</value>
          </Data>
          <Data name="location">
            <value>44.8185398,20.4693738</value>
          </Data>
          <Data name="reting">
            <value>5.0</value>
          </Data>
          <Data name="place_id">
            <value>ChIJ7zj8q3F7WkcR1SMifHIDCmA</value>
          </Data>
          <Data name="tags">
            <value><![CDATA[["Dance school"]]]></value>
          </Data>
          <Data name="search_url">
            <value><![CDATA[https://www.google.com/maps/search/?api=1&query=Exoteria&query_place_id=ChIJ7zj8q3F7WkcR1SMifHIDCmA]]></value>
          </Data>
          <Data name="map_url">
            <value>https://www.google.com/maps/search/dance%20school/@45.16610084047514,20.91062925,10z?hl=en</value>
          </Data>
          <Data name="main_category">
            <value>dance school</value>
          </Data>
          <Data name="image_url">
            <value><![CDATA[https://streetviewpixels-pa.googleapis.com/v1/thumbnail?panoid=CZInVIOosLzvI24A5DqWfQ&cb_client=search.gws-prod.gps&w=408&h=240&yaw=328.75513&pitch=0&thumbfov=100]]></value>
          </Data>
          <Data name="additional">
            <value/>
          </Data>
          <Data name="website">
            <value/>
          </Data>
          <Data name="parent_place">
            <value/>
          </Data>
          <Data name="additional_urls">
            <value>[]</value>
          </Data>
        </ExtendedData>
        <Point>
          <coordinates>
            20.4693738,44.8185398,0
          </coordinates>
        </Point>
      </Placemark>
      <Placemark>
        <name><![CDATA[KUD "Despot Stefan"]]></name>
        <description><![CDATA[﻿id: 68f2f6f517de0681a60e3f4d<br>category: Dance school<br>address_full: Belgrade, Serbia<br>district: Karaburma<br>address: <br>city: Belgrade<br>index: <br>country: RS<br>phone: +381 69 660816<br>location: 44.8133525,20.5072471<br>reting: 5<br>place_id: ChIJM96FYK97WkcRCbPfsESo4hc<br>tags: ["Dance school"]<br>search_url: https://www.google.com/maps/search/?api=1&query=KUD%20%22Despot%20Stefan%22&query_place_id=ChIJM96FYK97WkcRCbPfsESo4hc<br>map_url: https://www.google.com/maps/search/dance%20school/@45.16610084047514,20.91062925,10z?hl=en<br>main_category: dance school<br>image_url: https://lh3.googleusercontent.com/p/AF1QipNZvzVj11qXwvONgBnQmNf4JbnAn3gmEC7TW9AS=w408-h408-k-no<br>additional: <br>website: https://m.facebook.com/kuddespotstefan/<br>parent_place: <br>additional_urls: []]]></description>
        <styleUrl>#icon-1899-FF5252-labelson</styleUrl>
        <ExtendedData>
          <Data name="﻿id">
            <value>68f2f6f517de0681a60e3f4d</value>
          </Data>
          <Data name="category">
            <value>Dance school</value>
          </Data>
          <Data name="address_full">
            <value>Belgrade, Serbia</value>
          </Data>
          <Data name="district">
            <value>Karaburma</value>
          </Data>
          <Data name="address">
            <value/>
          </Data>
          <Data name="city">
            <value>Belgrade</value>
          </Data>
          <Data name="index">
            <value/>
          </Data>
          <Data name="country">
            <value>RS</value>
          </Data>
          <Data name="phone">
            <value>+381 69 660816</value>
          </Data>
          <Data name="location">
            <value>44.8133525,20.5072471</value>
          </Data>
          <Data name="reting">
            <value>5.0</value>
          </Data>
          <Data name="place_id">
            <value>ChIJM96FYK97WkcRCbPfsESo4hc</value>
          </Data>
          <Data name="tags">
            <value><![CDATA[["Dance school"]]]></value>
          </Data>
          <Data name="search_url">
            <value><![CDATA[https://www.google.com/maps/search/?api=1&query=KUD%20%22Despot%20Stefan%22&query_place_id=ChIJM96FYK97WkcRCbPfsESo4hc]]></value>
          </Data>
          <Data name="map_url">
            <value>https://www.google.com/maps/search/dance%20school/@45.16610084047514,20.91062925,10z?hl=en</value>
          </Data>
          <Data name="main_category">
            <value>dance school</value>
          </Data>
          <Data name="image_url">
            <value>https://lh3.googleusercontent.com/p/AF1QipNZvzVj11qXwvONgBnQmNf4JbnAn3gmEC7TW9AS=w408-h408-k-no</value>
          </Data>
          <Data name="additional">
            <value/>
          </Data>
          <Data name="website">
            <value>https://m.facebook.com/kuddespotstefan/</value>
          </Data>
          <Data name="parent_place">
            <value/>
          </Data>
          <Data name="additional_urls">
            <value>[]</value>
          </Data>
        </ExtendedData>
        <Point>
          <coordinates>
            20.5072471,44.8133525,0
          </coordinates>
        </Point>
      </Placemark>
      <Placemark>
        <name>Theatre 78</name>
        <description><![CDATA[﻿id: 68f2f6f517de0681a60e3f4e<br>category: Performing arts theater<br>address_full: Resavska 78, Beograd, Serbia<br>district: Savski Venac<br>address: Resavska 78<br>city: Belgrade<br>index: <br>country: RS<br>phone: +381 11 3615307<br>location: 44.8014382,20.4573651<br>reting: 4,5<br>place_id: ChIJqXtwdghwWkcRG64o0D4yEKY<br>tags: ["Performing arts theater","Dance school"]<br>search_url: https://www.google.com/maps/search/?api=1&query=Theatre%2078&query_place_id=ChIJqXtwdghwWkcRG64o0D4yEKY<br>map_url: https://www.google.com/maps/search/dance%20school/@45.16610084047514,20.91062925,10z?hl=en<br>main_category: dance school<br>image_url: https://lh3.googleusercontent.com/gps-cs-s/AC9h4nqgxSp0-qjI6DWTUgItX3x-kWkrfcEOIARtYMUMmutiTxnWju-u4SFjr8pH3n4QE3ah_u5D6a3hvak8GPaCu__OQmvlLxa3a5pTfJPlojcDYjf7nYYYOm8BHP4AKK1v2j_1yEBN5w=w426-h240-k-no<br>additional: Театар 78<br>website: http://www.teatar78.com/<br>parent_place: <br>additional_urls: []]]></description>
        <styleUrl>#icon-1899-FF5252-labelson</styleUrl>
        <ExtendedData>
          <Data name="﻿id">
            <value>68f2f6f517de0681a60e3f4e</value>
          </Data>
          <Data name="category">
            <value>Performing arts theater</value>
          </Data>
          <Data name="address_full">
            <value>Resavska 78, Beograd, Serbia</value>
          </Data>
          <Data name="district">
            <value>Savski Venac</value>
          </Data>
          <Data name="address">
            <value>Resavska 78</value>
          </Data>
          <Data name="city">
            <value>Belgrade</value>
          </Data>
          <Data name="index">
            <value/>
          </Data>
          <Data name="country">
            <value>RS</value>
          </Data>
          <Data name="phone">
            <value>+381 11 3615307</value>
          </Data>
          <Data name="location">
            <value>44.8014382,20.4573651</value>
          </Data>
          <Data name="reting">
            <value>4.5</value>
          </Data>
          <Data name="place_id">
            <value>ChIJqXtwdghwWkcRG64o0D4yEKY</value>
          </Data>
          <Data name="tags">
            <value><![CDATA[["Performing arts theater","Dance school"]]]></value>
          </Data>
          <Data name="search_url">
            <value><![CDATA[https://www.google.com/maps/search/?api=1&query=Theatre%2078&query_place_id=ChIJqXtwdghwWkcRG64o0D4yEKY]]></value>
          </Data>
          <Data name="map_url">
            <value>https://www.google.com/maps/search/dance%20school/@45.16610084047514,20.91062925,10z?hl=en</value>
          </Data>
          <Data name="main_category">
            <value>dance school</value>
          </Data>
          <Data name="image_url">
            <value>https://lh3.googleusercontent.com/gps-cs-s/AC9h4nqgxSp0-qjI6DWTUgItX3x-kWkrfcEOIARtYMUMmutiTxnWju-u4SFjr8pH3n4QE3ah_u5D6a3hvak8GPaCu__OQmvlLxa3a5pTfJPlojcDYjf7nYYYOm8BHP4AKK1v2j_1yEBN5w=w426-h240-k-no</value>
          </Data>
          <Data name="additional">
            <value>Театар 78</value>
          </Data>
          <Data name="website">
            <value>http://www.teatar78.com/</value>
          </Data>
          <Data name="parent_place">
            <value/>
          </Data>
          <Data name="additional_urls">
            <value>[]</value>
          </Data>
        </ExtendedData>
        <Point>
          <coordinates>
            20.4573651,44.8014382,0
          </coordinates>
        </Point>
      </Placemark>
      <Placemark>
        <name>Škola baleta Katarina Gromilić</name>
        <description><![CDATA[﻿id: 68f2f6f517de0681a60e3f4f<br>category: Dance school<br>address_full: Gandijeva 106b, Beograd 11000, Serbia<br>district: New Belgrade<br>address: Gandijeva 106b<br>city: Belgrade<br>index: 11000<br>country: RS<br>phone: +381 65 6153951<br>location: 44.8045677,20.3866882<br>reting: <br>place_id: ChIJi5CyhSl7WkcR2ycaY6TRVLg<br>tags: ["Dance school"]<br>search_url: https://www.google.com/maps/search/?api=1&query=%C5%A0kola%20baleta%20Katarina%20Gromili%C4%87&query_place_id=ChIJi5CyhSl7WkcR2ycaY6TRVLg<br>map_url: https://www.google.com/maps/search/dance%20school/@45.16610084047514,20.91062925,10z?hl=en<br>main_category: dance school<br>image_url: https://streetviewpixels-pa.googleapis.com/v1/thumbnail?panoid=64Z-4ley0O3b4LDXzFRb8A&cb_client=search.gws-prod.gps&w=408&h=240&yaw=2.4677606&pitch=0&thumbfov=100<br>additional: <br>website: https://skolabaletakatarinagromilic.rs/<br>parent_place: <br>additional_urls: []]]></description>
        <styleUrl>#icon-1899-FF5252-labelson</styleUrl>
        <ExtendedData>
          <Data name="﻿id">
            <value>68f2f6f517de0681a60e3f4f</value>
          </Data>
          <Data name="category">
            <value>Dance school</value>
          </Data>
          <Data name="address_full">
            <value>Gandijeva 106b, Beograd 11000, Serbia</value>
          </Data>
          <Data name="district">
            <value>New Belgrade</value>
          </Data>
          <Data name="address">
            <value>Gandijeva 106b</value>
          </Data>
          <Data name="city">
            <value>Belgrade</value>
          </Data>
          <Data name="index">
            <value>11000.0</value>
          </Data>
          <Data name="country">
            <value>RS</value>
          </Data>
          <Data name="phone">
            <value>+381 65 6153951</value>
          </Data>
          <Data name="location">
            <value>44.8045677,20.3866882</value>
          </Data>
          <Data name="reting">
            <value/>
          </Data>
          <Data name="place_id">
            <value>ChIJi5CyhSl7WkcR2ycaY6TRVLg</value>
          </Data>
          <Data name="tags">
            <value><![CDATA[["Dance school"]]]></value>
          </Data>
          <Data name="search_url">
            <value><![CDATA[https://www.google.com/maps/search/?api=1&query=%C5%A0kola%20baleta%20Katarina%20Gromili%C4%87&query_place_id=ChIJi5CyhSl7WkcR2ycaY6TRVLg]]></value>
          </Data>
          <Data name="map_url">
            <value>https://www.google.com/maps/search/dance%20school/@45.16610084047514,20.91062925,10z?hl=en</value>
          </Data>
          <Data name="main_category">
            <value>dance school</value>
          </Data>
          <Data name="image_url">
            <value><![CDATA[https://streetviewpixels-pa.googleapis.com/v1/thumbnail?panoid=64Z-4ley0O3b4LDXzFRb8A&cb_client=search.gws-prod.gps&w=408&h=240&yaw=2.4677606&pitch=0&thumbfov=100]]></value>
          </Data>
          <Data name="additional">
            <value/>
          </Data>
          <Data name="website">
            <value>https://skolabaletakatarinagromilic.rs/</value>
          </Data>
          <Data name="parent_place">
            <value/>
          </Data>
          <Data name="additional_urls">
            <value>[]</value>
          </Data>
        </ExtendedData>
        <Point>
          <coordinates>
            20.3866882,44.8045677,0
          </coordinates>
        </Point>
      </Placemark>
      <Placemark>
        <name>Plesni Studio Sidro</name>
        <description><![CDATA[﻿id: 68f2f6f517de0681a60e3f50<br>category: Dance school<br>address_full: Štrosmajerova 4, Beograd, Serbia<br>district: Zemun<br>address: Štrosmajerova 4<br>city: Belgrade<br>index: <br>country: RS<br>phone: <br>location: 44.842775,20.4118622<br>reting: <br>place_id: ChIJYWc-HhNlWkcR4NmIT1oO1f0<br>tags: ["Dance school"]<br>search_url: https://www.google.com/maps/search/?api=1&query=Plesni%20Studio%20Sidro&query_place_id=ChIJYWc-HhNlWkcR4NmIT1oO1f0<br>map_url: https://www.google.com/maps/search/dance%20school/@45.16610084047514,20.91062925,10z?hl=en<br>main_category: dance school<br>image_url: https://streetviewpixels-pa.googleapis.com/v1/thumbnail?panoid=cgAzUSGzdMS_6DuJzkboyQ&cb_client=search.gws-prod.gps&w=408&h=240&yaw=329.68213&pitch=0&thumbfov=100<br>additional: <br>website: <br>parent_place: <br>additional_urls: []]]></description>
        <styleUrl>#icon-1899-FF5252-labelson</styleUrl>
        <ExtendedData>
          <Data name="﻿id">
            <value>68f2f6f517de0681a60e3f50</value>
          </Data>
          <Data name="category">
            <value>Dance school</value>
          </Data>
          <Data name="address_full">
            <value>Štrosmajerova 4, Beograd, Serbia</value>
          </Data>
          <Data name="district">
            <value>Zemun</value>
          </Data>
          <Data name="address">
            <value>Štrosmajerova 4</value>
          </Data>
          <Data name="city">
            <value>Belgrade</value>
          </Data>
          <Data name="index">
            <value/>
          </Data>
          <Data name="country">
            <value>RS</value>
          </Data>
          <Data name="phone">
            <value/>
          </Data>
          <Data name="location">
            <value>44.842775,20.4118622</value>
          </Data>
          <Data name="reting">
            <value/>
          </Data>
          <Data name="place_id">
            <value>ChIJYWc-HhNlWkcR4NmIT1oO1f0</value>
          </Data>
          <Data name="tags">
            <value><![CDATA[["Dance school"]]]></value>
          </Data>
          <Data name="search_url">
            <value><![CDATA[https://www.google.com/maps/search/?api=1&query=Plesni%20Studio%20Sidro&query_place_id=ChIJYWc-HhNlWkcR4NmIT1oO1f0]]></value>
          </Data>
          <Data name="map_url">
            <value>https://www.google.com/maps/search/dance%20school/@45.16610084047514,20.91062925,10z?hl=en</value>
          </Data>
          <Data name="main_category">
            <value>dance school</value>
          </Data>
          <Data name="image_url">
            <value><![CDATA[https://streetviewpixels-pa.googleapis.com/v1/thumbnail?panoid=cgAzUSGzdMS_6DuJzkboyQ&cb_client=search.gws-prod.gps&w=408&h=240&yaw=329.68213&pitch=0&thumbfov=100]]></value>
          </Data>
          <Data name="additional">
            <value/>
          </Data>
          <Data name="website">
            <value/>
          </Data>
          <Data name="parent_place">
            <value/>
          </Data>
          <Data name="additional_urls">
            <value>[]</value>
          </Data>
        </ExtendedData>
        <Point>
          <coordinates>
            20.4118622,44.842775,0
          </coordinates>
        </Point>
      </Placemark>
      <Placemark>
        <name>Plesa škola DANTE</name>
        <description><![CDATA[﻿id: 68f2f6f517de0681a60e3f51<br>category: Dance school<br>address_full: Vojvode Micka Krstića 1, Beograd, Serbia<br>district: Karaburma<br>address: Vojvode Micka Krstića 1<br>city: Belgrade<br>index: <br>country: RS<br>phone: +381 69 1722627<br>location: 44.8165383,20.5050534<br>reting: <br>place_id: ChIJ99ruVgB7WkcRgN8zB8lHCcs<br>tags: ["Dance school"]<br>search_url: https://www.google.com/maps/search/?api=1&query=Plesa%20%C5%A1kola%20DANTE&query_place_id=ChIJ99ruVgB7WkcRgN8zB8lHCcs<br>map_url: https://www.google.com/maps/search/dance%20school/@45.16610084047514,20.91062925,10z?hl=en<br>main_category: dance school<br>image_url: <br>additional: <br>website: <br>parent_place: <br>additional_urls: []]]></description>
        <styleUrl>#icon-1899-FF5252-labelson</styleUrl>
        <ExtendedData>
          <Data name="﻿id">
            <value>68f2f6f517de0681a60e3f51</value>
          </Data>
          <Data name="category">
            <value>Dance school</value>
          </Data>
          <Data name="address_full">
            <value>Vojvode Micka Krstića 1, Beograd, Serbia</value>
          </Data>
          <Data name="district">
            <value>Karaburma</value>
          </Data>
          <Data name="address">
            <value>Vojvode Micka Krstića 1</value>
          </Data>
          <Data name="city">
            <value>Belgrade</value>
          </Data>
          <Data name="index">
            <value/>
          </Data>
          <Data name="country">
            <value>RS</value>
          </Data>
          <Data name="phone">
            <value>+381 69 1722627</value>
          </Data>
          <Data name="location">
            <value>44.8165383,20.5050534</value>
          </Data>
          <Data name="reting">
            <value/>
          </Data>
          <Data name="place_id">
            <value>ChIJ99ruVgB7WkcRgN8zB8lHCcs</value>
          </Data>
          <Data name="tags">
            <value><![CDATA[["Dance school"]]]></value>
          </Data>
          <Data name="search_url">
            <value><![CDATA[https://www.google.com/maps/search/?api=1&query=Plesa%20%C5%A1kola%20DANTE&query_place_id=ChIJ99ruVgB7WkcRgN8zB8lHCcs]]></value>
          </Data>
          <Data name="map_url">
            <value>https://www.google.com/maps/search/dance%20school/@45.16610084047514,20.91062925,10z?hl=en</value>
          </Data>
          <Data name="main_category">
            <value>dance school</value>
          </Data>
          <Data name="image_url">
            <value/>
          </Data>
          <Data name="additional">
            <value/>
          </Data>
          <Data name="website">
            <value/>
          </Data>
          <Data name="parent_place">
            <value/>
          </Data>
          <Data name="additional_urls">
            <value>[]</value>
          </Data>
        </ExtendedData>
        <Point>
          <coordinates>
            20.5050534,44.8165383,0
          </coordinates>
        </Point>
      </Placemark>
      <Placemark>
        <name>Tango Natural</name>
        <description><![CDATA[﻿id: 68f2f6f517de0681a60e3f52<br>category: Dance school<br>address_full: Resavska 28, Beograd 11000, Serbia<br>district: Vračar<br>address: Resavska 28<br>city: Belgrade<br>index: 11000<br>country: RS<br>phone: +381 60 4447130<br>location: 44.8076394,20.4653514<br>reting: 4,9<br>place_id: ChIJJZv23Dh7WkcR3RnTaKSu20s<br>tags: ["Dance school"]<br>search_url: https://www.google.com/maps/search/?api=1&query=Tango%20Natural&query_place_id=ChIJJZv23Dh7WkcR3RnTaKSu20s<br>map_url: https://www.google.com/maps/search/dance%20school/@45.16610084047514,20.91062925,10z?hl=en<br>main_category: dance school<br>image_url: https://lh3.googleusercontent.com/p/AF1QipN7kVDs1vedmsJAWTFDakFawg-WsLR0CeGE3ydI=w408-h276-k-no<br>additional: <br>website: http://www.tangonatural.com/<br>parent_place: <br>additional_urls: []]]></description>
        <styleUrl>#icon-1899-FF5252-labelson</styleUrl>
        <ExtendedData>
          <Data name="﻿id">
            <value>68f2f6f517de0681a60e3f52</value>
          </Data>
          <Data name="category">
            <value>Dance school</value>
          </Data>
          <Data name="address_full">
            <value>Resavska 28, Beograd 11000, Serbia</value>
          </Data>
          <Data name="district">
            <value>Vračar</value>
          </Data>
          <Data name="address">
            <value>Resavska 28</value>
          </Data>
          <Data name="city">
            <value>Belgrade</value>
          </Data>
          <Data name="index">
            <value>11000.0</value>
          </Data>
          <Data name="country">
            <value>RS</value>
          </Data>
          <Data name="phone">
            <value>+381 60 4447130</value>
          </Data>
          <Data name="location">
            <value>44.8076394,20.4653514</value>
          </Data>
          <Data name="reting">
            <value>4.9</value>
          </Data>
          <Data name="place_id">
            <value>ChIJJZv23Dh7WkcR3RnTaKSu20s</value>
          </Data>
          <Data name="tags">
            <value><![CDATA[["Dance school"]]]></value>
          </Data>
          <Data name="search_url">
            <value><![CDATA[https://www.google.com/maps/search/?api=1&query=Tango%20Natural&query_place_id=ChIJJZv23Dh7WkcR3RnTaKSu20s]]></value>
          </Data>
          <Data name="map_url">
            <value>https://www.google.com/maps/search/dance%20school/@45.16610084047514,20.91062925,10z?hl=en</value>
          </Data>
          <Data name="main_category">
            <value>dance school</value>
          </Data>
          <Data name="image_url">
            <value>https://lh3.googleusercontent.com/p/AF1QipN7kVDs1vedmsJAWTFDakFawg-WsLR0CeGE3ydI=w408-h276-k-no</value>
          </Data>
          <Data name="additional">
            <value/>
          </Data>
          <Data name="website">
            <value>http://www.tangonatural.com/</value>
          </Data>
          <Data name="parent_place">
            <value/>
          </Data>
          <Data name="additional_urls">
            <value>[]</value>
          </Data>
        </ExtendedData>
        <Point>
          <coordinates>
            20.4653514,44.8076394,0
          </coordinates>
        </Point>
      </Placemark>
      <Placemark>
        <name>INjoy Dance Studio</name>
        <description><![CDATA[﻿id: 68f2f6f517de0681a60e3f54<br>category: Dance school<br>address_full: Gandijeva 106b, Beograd 11070, Serbia<br>district: New Belgrade<br>address: Gandijeva 106b<br>city: Belgrade<br>index: 11070<br>country: RS<br>phone: +381 69 8668155<br>location: 44.8045677,20.3866882<br>reting: <br>place_id: ChIJ4w9nHWRvWkcRt2ebHMUARMQ<br>tags: ["Dance school"]<br>search_url: https://www.google.com/maps/search/?api=1&query=INjoy%20Dance%20Studio&query_place_id=ChIJ4w9nHWRvWkcRt2ebHMUARMQ<br>map_url: https://www.google.com/maps/search/dance%20school/@45.16610084047514,20.91062925,10z?hl=en<br>main_category: dance school<br>image_url: https://lh3.googleusercontent.com/p/AF1QipPSCwWTK5ogF_lJMntzeH6Mq3d5sCcAq1-IaGzF=w408-h272-k-no<br>additional: <br>website: http://www.facebook.com/injoybeograd<br>parent_place: <br>additional_urls: []]]></description>
        <styleUrl>#icon-1899-FF5252-labelson</styleUrl>
        <ExtendedData>
          <Data name="﻿id">
            <value>68f2f6f517de0681a60e3f54</value>
          </Data>
          <Data name="category">
            <value>Dance school</value>
          </Data>
          <Data name="address_full">
            <value>Gandijeva 106b, Beograd 11070, Serbia</value>
          </Data>
          <Data name="district">
            <value>New Belgrade</value>
          </Data>
          <Data name="address">
            <value>Gandijeva 106b</value>
          </Data>
          <Data name="city">
            <value>Belgrade</value>
          </Data>
          <Data name="index">
            <value>11070.0</value>
          </Data>
          <Data name="country">
            <value>RS</value>
          </Data>
          <Data name="phone">
            <value>+381 69 8668155</value>
          </Data>
          <Data name="location">
            <value>44.8045677,20.3866882</value>
          </Data>
          <Data name="reting">
            <value/>
          </Data>
          <Data name="place_id">
            <value>ChIJ4w9nHWRvWkcRt2ebHMUARMQ</value>
          </Data>
          <Data name="tags">
            <value><![CDATA[["Dance school"]]]></value>
          </Data>
          <Data name="search_url">
            <value><![CDATA[https://www.google.com/maps/search/?api=1&query=INjoy%20Dance%20Studio&query_place_id=ChIJ4w9nHWRvWkcRt2ebHMUARMQ]]></value>
          </Data>
          <Data name="map_url">
            <value>https://www.google.com/maps/search/dance%20school/@45.16610084047514,20.91062925,10z?hl=en</value>
          </Data>
          <Data name="main_category">
            <value>dance school</value>
          </Data>
          <Data name="image_url">
            <value>https://lh3.googleusercontent.com/p/AF1QipPSCwWTK5ogF_lJMntzeH6Mq3d5sCcAq1-IaGzF=w408-h272-k-no</value>
          </Data>
          <Data name="additional">
            <value/>
          </Data>
          <Data name="website">
            <value>http://www.facebook.com/injoybeograd</value>
          </Data>
          <Data name="parent_place">
            <value/>
          </Data>
          <Data name="additional_urls">
            <value>[]</value>
          </Data>
        </ExtendedData>
        <Point>
          <coordinates>
            20.3866882,44.8045677,0
          </coordinates>
        </Point>
      </Placemark>
      <Placemark>
        <name>Prva Akademija Irskog Plesa RIDAS</name>
        <description><![CDATA[﻿id: 68f2f6f517de0681a60e3f55<br>category: Dance school<br>address_full: Resavska 28, Beograd 11000, Serbia<br>district: Vračar<br>address: Resavska 28<br>city: Belgrade<br>index: 11000<br>country: RS<br>phone: +381 69 3204454<br>location: 44.8075779,20.4652747<br>reting: <br>place_id: ChIJ66el8Kd6WkcRapiJXThekL0<br>tags: ["Dance school"]<br>search_url: https://www.google.com/maps/search/?api=1&query=Prva%20Akademija%20Irskog%20Plesa%20RIDAS&query_place_id=ChIJ66el8Kd6WkcRapiJXThekL0<br>map_url: https://www.google.com/maps/search/dance%20school/@45.16610084047514,20.91062925,10z?hl=en<br>main_category: dance school<br>image_url: https://lh3.googleusercontent.com/gps-cs-s/AC9h4npnHVNGQUpeNdHVq-aihtvmJbp-IAiMXme_oP2WMsWYeCoTkXpSYU5gnELCG__s9b0F7h8xEvDJmlwx3htQNoTEsCc5J698CVviBLvd15y7XFYCWzPrZ1EWBxyjSYzUZuxSHLF7=w408-h280-k-no<br>additional: <br>website: <br>parent_place: <br>additional_urls: []]]></description>
        <styleUrl>#icon-1899-FF5252-labelson</styleUrl>
        <ExtendedData>
          <Data name="﻿id">
            <value>68f2f6f517de0681a60e3f55</value>
          </Data>
          <Data name="category">
            <value>Dance school</value>
          </Data>
          <Data name="address_full">
            <value>Resavska 28, Beograd 11000, Serbia</value>
          </Data>
          <Data name="district">
            <value>Vračar</value>
          </Data>
          <Data name="address">
            <value>Resavska 28</value>
          </Data>
          <Data name="city">
            <value>Belgrade</value>
          </Data>
          <Data name="index">
            <value>11000.0</value>
          </Data>
          <Data name="country">
            <value>RS</value>
          </Data>
          <Data name="phone">
            <value>+381 69 3204454</value>
          </Data>
          <Data name="location">
            <value>44.8075779,20.4652747</value>
          </Data>
          <Data name="reting">
            <value/>
          </Data>
          <Data name="place_id">
            <value>ChIJ66el8Kd6WkcRapiJXThekL0</value>
          </Data>
          <Data name="tags">
            <value><![CDATA[["Dance school"]]]></value>
          </Data>
          <Data name="search_url">
            <value><![CDATA[https://www.google.com/maps/search/?api=1&query=Prva%20Akademija%20Irskog%20Plesa%20RIDAS&query_place_id=ChIJ66el8Kd6WkcRapiJXThekL0]]></value>
          </Data>
          <Data name="map_url">
            <value>https://www.google.com/maps/search/dance%20school/@45.16610084047514,20.91062925,10z?hl=en</value>
          </Data>
          <Data name="main_category">
            <value>dance school</value>
          </Data>
          <Data name="image_url">
            <value>https://lh3.googleusercontent.com/gps-cs-s/AC9h4npnHVNGQUpeNdHVq-aihtvmJbp-IAiMXme_oP2WMsWYeCoTkXpSYU5gnELCG__s9b0F7h8xEvDJmlwx3htQNoTEsCc5J698CVviBLvd15y7XFYCWzPrZ1EWBxyjSYzUZuxSHLF7=w408-h280-k-no</value>
          </Data>
          <Data name="additional">
            <value/>
          </Data>
          <Data name="website">
            <value/>
          </Data>
          <Data name="parent_place">
            <value/>
          </Data>
          <Data name="additional_urls">
            <value>[]</value>
          </Data>
        </ExtendedData>
        <Point>
          <coordinates>
            20.4652747,44.8075779,0
          </coordinates>
        </Point>
      </Placemark>
      <Placemark>
        <name>Sensual Fusion</name>
        <description><![CDATA[﻿id: 68f2f6f517de0681a60e3f56<br>category: Dance school<br>address_full: Dobračina 30a, Beograd, Serbia<br>district: Stari Grad<br>address: Dobračina 30a<br>city: Belgrade<br>index: <br>country: RS<br>phone: +381 64 3639912<br>location: 44.8193081,20.4626038<br>reting: 5<br>place_id: ChIJpYzJcbR6WkcR8Kdr8WmySIs<br>tags: ["Dance school"]<br>search_url: https://www.google.com/maps/search/?api=1&query=Sensual%20Fusion&query_place_id=ChIJpYzJcbR6WkcR8Kdr8WmySIs<br>map_url: https://www.google.com/maps/search/dance%20school/@45.16610084047514,20.91062925,10z?hl=en<br>main_category: dance school<br>image_url: https://lh3.googleusercontent.com/gps-cs-s/AC9h4np6doBIFnmAgW3K7LB2OrF_HNKsc3eTtK63iViA_a3JnEmMhL7MJY1Qd-03p9Uoo4kBHiE_LsajffBAqYvMxBJRx-I2eITQeoIGsgY4-y-BvicGmdSHyrBE3rN3945Yv3sSh2ViBg=w408-h306-k-no<br>additional: <br>website: <br>parent_place: <br>additional_urls: []]]></description>
        <styleUrl>#icon-1899-FF5252-labelson</styleUrl>
        <ExtendedData>
          <Data name="﻿id">
            <value>68f2f6f517de0681a60e3f56</value>
          </Data>
          <Data name="category">
            <value>Dance school</value>
          </Data>
          <Data name="address_full">
            <value>Dobračina 30a, Beograd, Serbia</value>
          </Data>
          <Data name="district">
            <value>Stari Grad</value>
          </Data>
          <Data name="address">
            <value>Dobračina 30a</value>
          </Data>
          <Data name="city">
            <value>Belgrade</value>
          </Data>
          <Data name="index">
            <value/>
          </Data>
          <Data name="country">
            <value>RS</value>
          </Data>
          <Data name="phone">
            <value>+381 64 3639912</value>
          </Data>
          <Data name="location">
            <value>44.8193081,20.4626038</value>
          </Data>
          <Data name="reting">
            <value>5.0</value>
          </Data>
          <Data name="place_id">
            <value>ChIJpYzJcbR6WkcR8Kdr8WmySIs</value>
          </Data>
          <Data name="tags">
            <value><![CDATA[["Dance school"]]]></value>
          </Data>
          <Data name="search_url">
            <value><![CDATA[https://www.google.com/maps/search/?api=1&query=Sensual%20Fusion&query_place_id=ChIJpYzJcbR6WkcR8Kdr8WmySIs]]></value>
          </Data>
          <Data name="map_url">
            <value>https://www.google.com/maps/search/dance%20school/@45.16610084047514,20.91062925,10z?hl=en</value>
          </Data>
          <Data name="main_category">
            <value>dance school</value>
          </Data>
          <Data name="image_url">
            <value>https://lh3.googleusercontent.com/gps-cs-s/AC9h4np6doBIFnmAgW3K7LB2OrF_HNKsc3eTtK63iViA_a3JnEmMhL7MJY1Qd-03p9Uoo4kBHiE_LsajffBAqYvMxBJRx-I2eITQeoIGsgY4-y-BvicGmdSHyrBE3rN3945Yv3sSh2ViBg=w408-h306-k-no</value>
          </Data>
          <Data name="additional">
            <value/>
          </Data>
          <Data name="website">
            <value/>
          </Data>
          <Data name="parent_place">
            <value/>
          </Data>
          <Data name="additional_urls">
            <value>[]</value>
          </Data>
        </ExtendedData>
        <Point>
          <coordinates>
            20.4626038,44.8193081,0
          </coordinates>
        </Point>
      </Placemark>
      <Placemark>
        <name><![CDATA[Етноансамбл ,,Корени"]]></name>
        <description><![CDATA[﻿id: 68f2f6f517de0681a60e3f58<br>category: Dance school<br>address_full: Sterijina, Beograd 11000, Serbia<br>district: <br>address: Sterijina<br>city: Belgrade<br>index: 11000<br>country: RS<br>phone: <br>location: 44.8165562,20.4827817<br>reting: <br>place_id: ChIJQU0TNwB7WkcRuxV_uKoVdaA<br>tags: ["Dance school"]<br>search_url: https://www.google.com/maps/search/?api=1&query=%D0%95%D1%82%D0%BD%D0%BE%D0%B0%D0%BD%D1%81%D0%B0%D0%BC%D0%B1%D0%BB%20%2C%2C%D0%9A%D0%BE%D1%80%D0%B5%D0%BD%D0%B8%22&query_place_id=ChIJQU0TNwB7WkcRuxV_uKoVdaA<br>map_url: https://www.google.com/maps/search/dance%20school/@45.16610084047514,20.91062925,10z?hl=en<br>main_category: dance school<br>image_url: https://streetviewpixels-pa.googleapis.com/v1/thumbnail?panoid=Bq6hlWUCyJEdCvQi68wh9w&cb_client=search.gws-prod.gps&w=408&h=240&yaw=39.350758&pitch=0&thumbfov=100<br>additional: <br>website: <br>parent_place: <br>additional_urls: []]]></description>
        <styleUrl>#icon-1899-FF5252-labelson</styleUrl>
        <ExtendedData>
          <Data name="﻿id">
            <value>68f2f6f517de0681a60e3f58</value>
          </Data>
          <Data name="category">
            <value>Dance school</value>
          </Data>
          <Data name="address_full">
            <value>Sterijina, Beograd 11000, Serbia</value>
          </Data>
          <Data name="district">
            <value/>
          </Data>
          <Data name="address">
            <value>Sterijina</value>
          </Data>
          <Data name="city">
            <value>Belgrade</value>
          </Data>
          <Data name="index">
            <value>11000.0</value>
          </Data>
          <Data name="country">
            <value>RS</value>
          </Data>
          <Data name="phone">
            <value/>
          </Data>
          <Data name="location">
            <value>44.8165562,20.4827817</value>
          </Data>
          <Data name="reting">
            <value/>
          </Data>
          <Data name="place_id">
            <value>ChIJQU0TNwB7WkcRuxV_uKoVdaA</value>
          </Data>
          <Data name="tags">
            <value><![CDATA[["Dance school"]]]></value>
          </Data>
          <Data name="search_url">
            <value><![CDATA[https://www.google.com/maps/search/?api=1&query=%D0%95%D1%82%D0%BD%D0%BE%D0%B0%D0%BD%D1%81%D0%B0%D0%BC%D0%B1%D0%BB%20%2C%2C%D0%9A%D0%BE%D1%80%D0%B5%D0%BD%D0%B8%22&query_place_id=ChIJQU0TNwB7WkcRuxV_uKoVdaA]]></value>
          </Data>
          <Data name="map_url">
            <value>https://www.google.com/maps/search/dance%20school/@45.16610084047514,20.91062925,10z?hl=en</value>
          </Data>
          <Data name="main_category">
            <value>dance school</value>
          </Data>
          <Data name="image_url">
            <value><![CDATA[https://streetviewpixels-pa.googleapis.com/v1/thumbnail?panoid=Bq6hlWUCyJEdCvQi68wh9w&cb_client=search.gws-prod.gps&w=408&h=240&yaw=39.350758&pitch=0&thumbfov=100]]></value>
          </Data>
          <Data name="additional">
            <value/>
          </Data>
          <Data name="website">
            <value/>
          </Data>
          <Data name="parent_place">
            <value/>
          </Data>
          <Data name="additional_urls">
            <value>[]</value>
          </Data>
        </ExtendedData>
        <Point>
          <coordinates>
            20.4827817,44.8165562,0
          </coordinates>
        </Point>
      </Placemark>
      <Placemark>
        <name>Bolero Skola Flamenka</name>
        <description><![CDATA[﻿id: 68f2f6f517de0681a60e3f59<br>category: Dance school<br>address_full: Čika-Ljubina 19, Beograd 11000, Serbia<br>district: Stari Grad<br>address: Čika-Ljubina 19<br>city: Belgrade<br>index: 11000<br>country: RS<br>phone: +381 11 3034182<br>location: 44.817643,20.4573011<br>reting: <br>place_id: ChIJd_YqKbN6WkcR17G6n4AtIos<br>tags: ["Dance school"]<br>search_url: https://www.google.com/maps/search/?api=1&query=Bolero%20Skola%20Flamenka&query_place_id=ChIJd_YqKbN6WkcR17G6n4AtIos<br>map_url: https://www.google.com/maps/search/dance%20school/@45.16610084047514,20.91062925,10z?hl=en<br>main_category: dance school<br>image_url: https://streetviewpixels-pa.googleapis.com/v1/thumbnail?panoid=S8RcuY3zkfED_4FlXCle0g&cb_client=search.gws-prod.gps&w=408&h=240&yaw=189.8967&pitch=0&thumbfov=100<br>additional: <br>website: http://flamenkoskola-bolero.com/kontakt/<br>parent_place: Cervantes Institute - Spanish Cultural Center<br>additional_urls: []]]></description>
        <styleUrl>#icon-1899-FF5252-labelson</styleUrl>
        <ExtendedData>
          <Data name="﻿id">
            <value>68f2f6f517de0681a60e3f59</value>
          </Data>
          <Data name="category">
            <value>Dance school</value>
          </Data>
          <Data name="address_full">
            <value>Čika-Ljubina 19, Beograd 11000, Serbia</value>
          </Data>
          <Data name="district">
            <value>Stari Grad</value>
          </Data>
          <Data name="address">
            <value>Čika-Ljubina 19</value>
          </Data>
          <Data name="city">
            <value>Belgrade</value>
          </Data>
          <Data name="index">
            <value>11000.0</value>
          </Data>
          <Data name="country">
            <value>RS</value>
          </Data>
          <Data name="phone">
            <value>+381 11 3034182</value>
          </Data>
          <Data name="location">
            <value>44.817643,20.4573011</value>
          </Data>
          <Data name="reting">
            <value/>
          </Data>
          <Data name="place_id">
            <value>ChIJd_YqKbN6WkcR17G6n4AtIos</value>
          </Data>
          <Data name="tags">
            <value><![CDATA[["Dance school"]]]></value>
          </Data>
          <Data name="search_url">
            <value><![CDATA[https://www.google.com/maps/search/?api=1&query=Bolero%20Skola%20Flamenka&query_place_id=ChIJd_YqKbN6WkcR17G6n4AtIos]]></value>
          </Data>
          <Data name="map_url">
            <value>https://www.google.com/maps/search/dance%20school/@45.16610084047514,20.91062925,10z?hl=en</value>
          </Data>
          <Data name="main_category">
            <value>dance school</value>
          </Data>
          <Data name="image_url">
            <value><![CDATA[https://streetviewpixels-pa.googleapis.com/v1/thumbnail?panoid=S8RcuY3zkfED_4FlXCle0g&cb_client=search.gws-prod.gps&w=408&h=240&yaw=189.8967&pitch=0&thumbfov=100]]></value>
          </Data>
          <Data name="additional">
            <value/>
          </Data>
          <Data name="website">
            <value>http://flamenkoskola-bolero.com/kontakt/</value>
          </Data>
          <Data name="parent_place">
            <value>Cervantes Institute - Spanish Cultural Center</value>
          </Data>
          <Data name="additional_urls">
            <value>[]</value>
          </Data>
        </ExtendedData>
        <Point>
          <coordinates>
            20.4573011,44.817643,0
          </coordinates>
        </Point>
      </Placemark>
      <Placemark>
        <name>Plešem život u sebi</name>
        <description><![CDATA[﻿id: 68f2f6f517de0681a60e3f5a<br>category: Dance school<br>address_full: Poenkareova 32, Beograd, Serbia<br>district: <br>address: Poenkareova 32<br>city: Belgrade<br>index: <br>country: RS<br>phone: <br>location: 44.8190529,20.4887838<br>reting: <br>place_id: ChIJvbM8OgB7WkcRUjDy3Vy-Rq8<br>tags: ["Dance school"]<br>search_url: https://www.google.com/maps/search/?api=1&query=Ple%C5%A1em%20%C5%BEivot%20u%20sebi&query_place_id=ChIJvbM8OgB7WkcRUjDy3Vy-Rq8<br>map_url: https://www.google.com/maps/search/dance%20school/@45.16610084047514,20.91062925,10z?hl=en<br>main_category: dance school<br>image_url: https://streetviewpixels-pa.googleapis.com/v1/thumbnail?panoid=XLs2NI0job0AC3Y7nUYpBQ&cb_client=search.gws-prod.gps&w=408&h=240&yaw=169.89563&pitch=0&thumbfov=100<br>additional: <br>website: <br>parent_place: <br>additional_urls: []]]></description>
        <styleUrl>#icon-1899-FF5252-labelson</styleUrl>
        <ExtendedData>
          <Data name="﻿id">
            <value>68f2f6f517de0681a60e3f5a</value>
          </Data>
          <Data name="category">
            <value>Dance school</value>
          </Data>
          <Data name="address_full">
            <value>Poenkareova 32, Beograd, Serbia</value>
          </Data>
          <Data name="district">
            <value/>
          </Data>
          <Data name="address">
            <value>Poenkareova 32</value>
          </Data>
          <Data name="city">
            <value>Belgrade</value>
          </Data>
          <Data name="index">
            <value/>
          </Data>
          <Data name="country">
            <value>RS</value>
          </Data>
          <Data name="phone">
            <value/>
          </Data>
          <Data name="location">
            <value>44.8190529,20.4887838</value>
          </Data>
          <Data name="reting">
            <value/>
          </Data>
          <Data name="place_id">
            <value>ChIJvbM8OgB7WkcRUjDy3Vy-Rq8</value>
          </Data>
          <Data name="tags">
            <value><![CDATA[["Dance school"]]]></value>
          </Data>
          <Data name="search_url">
            <value><![CDATA[https://www.google.com/maps/search/?api=1&query=Ple%C5%A1em%20%C5%BEivot%20u%20sebi&query_place_id=ChIJvbM8OgB7WkcRUjDy3Vy-Rq8]]></value>
          </Data>
          <Data name="map_url">
            <value>https://www.google.com/maps/search/dance%20school/@45.16610084047514,20.91062925,10z?hl=en</value>
          </Data>
          <Data name="main_category">
            <value>dance school</value>
          </Data>
          <Data name="image_url">
            <value><![CDATA[https://streetviewpixels-pa.googleapis.com/v1/thumbnail?panoid=XLs2NI0job0AC3Y7nUYpBQ&cb_client=search.gws-prod.gps&w=408&h=240&yaw=169.89563&pitch=0&thumbfov=100]]></value>
          </Data>
          <Data name="additional">
            <value/>
          </Data>
          <Data name="website">
            <value/>
          </Data>
          <Data name="parent_place">
            <value/>
          </Data>
          <Data name="additional_urls">
            <value>[]</value>
          </Data>
        </ExtendedData>
        <Point>
          <coordinates>
            20.4887838,44.8190529,0
          </coordinates>
        </Point>
      </Placemark>
      <Placemark>
        <name>Forró Juntinho</name>
        <description><![CDATA[﻿id: 68f2f6f517de0681a60e3f5c<br>category: Dance school<br>address_full: Kraljevića Marka 5, Beograd 11000, Serbia<br>district: Savski Venac<br>address: Kraljevića Marka 5<br>city: Belgrade<br>index: 11000<br>country: RS<br>phone: +381 65 2776043<br>location: 44.813566,20.4528147<br>reting: <br>place_id: ChIJgfiH3XxlWkcR2VIf97yQVm4<br>tags: ["Dance school"]<br>search_url: https://www.google.com/maps/search/?api=1&query=Forr%C3%B3%20Juntinho&query_place_id=ChIJgfiH3XxlWkcR2VIf97yQVm4<br>map_url: https://www.google.com/maps/search/dance%20school/@45.16610084047514,20.91062925,10z?hl=en<br>main_category: dance school<br>image_url: https://streetviewpixels-pa.googleapis.com/v1/thumbnail?panoid=ky1lqK2tdSM-Fzq4hw1EfA&cb_client=search.gws-prod.gps&w=408&h=240&yaw=342.34036&pitch=0&thumbfov=100<br>additional: <br>website: https://www.instagram.com/forro_juntinho<br>parent_place: <br>additional_urls: []]]></description>
        <styleUrl>#icon-1899-FF5252-labelson</styleUrl>
        <ExtendedData>
          <Data name="﻿id">
            <value>68f2f6f517de0681a60e3f5c</value>
          </Data>
          <Data name="category">
            <value>Dance school</value>
          </Data>
          <Data name="address_full">
            <value>Kraljevića Marka 5, Beograd 11000, Serbia</value>
          </Data>
          <Data name="district">
            <value>Savski Venac</value>
          </Data>
          <Data name="address">
            <value>Kraljevića Marka 5</value>
          </Data>
          <Data name="city">
            <value>Belgrade</value>
          </Data>
          <Data name="index">
            <value>11000.0</value>
          </Data>
          <Data name="country">
            <value>RS</value>
          </Data>
          <Data name="phone">
            <value>+381 65 2776043</value>
          </Data>
          <Data name="location">
            <value>44.813566,20.4528147</value>
          </Data>
          <Data name="reting">
            <value/>
          </Data>
          <Data name="place_id">
            <value>ChIJgfiH3XxlWkcR2VIf97yQVm4</value>
          </Data>
          <Data name="tags">
            <value><![CDATA[["Dance school"]]]></value>
          </Data>
          <Data name="search_url">
            <value><![CDATA[https://www.google.com/maps/search/?api=1&query=Forr%C3%B3%20Juntinho&query_place_id=ChIJgfiH3XxlWkcR2VIf97yQVm4]]></value>
          </Data>
          <Data name="map_url">
            <value>https://www.google.com/maps/search/dance%20school/@45.16610084047514,20.91062925,10z?hl=en</value>
          </Data>
          <Data name="main_category">
            <value>dance school</value>
          </Data>
          <Data name="image_url">
            <value><![CDATA[https://streetviewpixels-pa.googleapis.com/v1/thumbnail?panoid=ky1lqK2tdSM-Fzq4hw1EfA&cb_client=search.gws-prod.gps&w=408&h=240&yaw=342.34036&pitch=0&thumbfov=100]]></value>
          </Data>
          <Data name="additional">
            <value/>
          </Data>
          <Data name="website">
            <value>https://www.instagram.com/forro_juntinho</value>
          </Data>
          <Data name="parent_place">
            <value/>
          </Data>
          <Data name="additional_urls">
            <value>[]</value>
          </Data>
        </ExtendedData>
        <Point>
          <coordinates>
            20.4528147,44.813566,0
          </coordinates>
        </Point>
      </Placemark>
      <Placemark>
        <name>Plesna škola New Edition</name>
        <description><![CDATA[﻿id: 68f2f6f517de0681a60e3f5d<br>category: Dance school<br>address_full: Resavska 28, Beograd 11000, Serbia<br>district: Vračar<br>address: Resavska 28<br>city: Belgrade<br>index: 11000<br>country: RS<br>phone: +381 69 1049993<br>location: 44.8076332,20.4653435<br>reting: <br>place_id: ChIJ7doPbKZ6WkcRkXN5ns3235g<br>tags: ["Dance school"]<br>search_url: https://www.google.com/maps/search/?api=1&query=Plesna%20%C5%A1kola%20New%20Edition&query_place_id=ChIJ7doPbKZ6WkcRkXN5ns3235g<br>map_url: https://www.google.com/maps/search/dance%20school/@45.16610084047514,20.91062925,10z?hl=en<br>main_category: dance school<br>image_url: https://streetviewpixels-pa.googleapis.com/v1/thumbnail?panoid=DbLgOjwBx965Smup9LTv1g&cb_client=search.gws-prod.gps&w=408&h=240&yaw=331.21027&pitch=0&thumbfov=100<br>additional: <br>website: <br>parent_place: <br>additional_urls: []]]></description>
        <styleUrl>#icon-1899-FF5252-labelson</styleUrl>
        <ExtendedData>
          <Data name="﻿id">
            <value>68f2f6f517de0681a60e3f5d</value>
          </Data>
          <Data name="category">
            <value>Dance school</value>
          </Data>
          <Data name="address_full">
            <value>Resavska 28, Beograd 11000, Serbia</value>
          </Data>
          <Data name="district">
            <value>Vračar</value>
          </Data>
          <Data name="address">
            <value>Resavska 28</value>
          </Data>
          <Data name="city">
            <value>Belgrade</value>
          </Data>
          <Data name="index">
            <value>11000.0</value>
          </Data>
          <Data name="country">
            <value>RS</value>
          </Data>
          <Data name="phone">
            <value>+381 69 1049993</value>
          </Data>
          <Data name="location">
            <value>44.8076332,20.4653435</value>
          </Data>
          <Data name="reting">
            <value/>
          </Data>
          <Data name="place_id">
            <value>ChIJ7doPbKZ6WkcRkXN5ns3235g</value>
          </Data>
          <Data name="tags">
            <value><![CDATA[["Dance school"]]]></value>
          </Data>
          <Data name="search_url">
            <value><![CDATA[https://www.google.com/maps/search/?api=1&query=Plesna%20%C5%A1kola%20New%20Edition&query_place_id=ChIJ7doPbKZ6WkcRkXN5ns3235g]]></value>
          </Data>
          <Data name="map_url">
            <value>https://www.google.com/maps/search/dance%20school/@45.16610084047514,20.91062925,10z?hl=en</value>
          </Data>
          <Data name="main_category">
            <value>dance school</value>
          </Data>
          <Data name="image_url">
            <value><![CDATA[https://streetviewpixels-pa.googleapis.com/v1/thumbnail?panoid=DbLgOjwBx965Smup9LTv1g&cb_client=search.gws-prod.gps&w=408&h=240&yaw=331.21027&pitch=0&thumbfov=100]]></value>
          </Data>
          <Data name="additional">
            <value/>
          </Data>
          <Data name="website">
            <value/>
          </Data>
          <Data name="parent_place">
            <value/>
          </Data>
          <Data name="additional_urls">
            <value>[]</value>
          </Data>
        </ExtendedData>
        <Point>
          <coordinates>
            20.4653435,44.8076332,0
          </coordinates>
        </Point>
      </Placemark>
      <Placemark>
        <name>Nedjma</name>
        <description><![CDATA[﻿id: 68f2f6f517de0681a60e3f5e<br>category: Dance school<br>address_full: Dobračina 30a, Beograd, Serbia<br>district: Stari Grad<br>address: Dobračina 30a<br>city: Belgrade<br>index: <br>country: RS<br>phone: +381 64 1229231<br>location: 44.8193477,20.4625647<br>reting: 5<br>place_id: ChIJV9YxcLR6WkcRQvvp1sgxFSc<br>tags: ["Dance school"]<br>search_url: https://www.google.com/maps/search/?api=1&query=Nedjma&query_place_id=ChIJV9YxcLR6WkcRQvvp1sgxFSc<br>map_url: https://www.google.com/maps/search/dance%20school/@45.16610084047514,20.91062925,10z?hl=en<br>main_category: dance school<br>image_url: https://streetviewpixels-pa.googleapis.com/v1/thumbnail?panoid=IUkUpjaxtaumBP_MjS6sBw&cb_client=search.gws-prod.gps&w=408&h=240&yaw=95.310936&pitch=0&thumbfov=100<br>additional: <br>website: http://nedjma.rs/kontakt/<br>parent_place: <br>additional_urls: []]]></description>
        <styleUrl>#icon-1899-FF5252-labelson</styleUrl>
        <ExtendedData>
          <Data name="﻿id">
            <value>68f2f6f517de0681a60e3f5e</value>
          </Data>
          <Data name="category">
            <value>Dance school</value>
          </Data>
          <Data name="address_full">
            <value>Dobračina 30a, Beograd, Serbia</value>
          </Data>
          <Data name="district">
            <value>Stari Grad</value>
          </Data>
          <Data name="address">
            <value>Dobračina 30a</value>
          </Data>
          <Data name="city">
            <value>Belgrade</value>
          </Data>
          <Data name="index">
            <value/>
          </Data>
          <Data name="country">
            <value>RS</value>
          </Data>
          <Data name="phone">
            <value>+381 64 1229231</value>
          </Data>
          <Data name="location">
            <value>44.8193477,20.4625647</value>
          </Data>
          <Data name="reting">
            <value>5.0</value>
          </Data>
          <Data name="place_id">
            <value>ChIJV9YxcLR6WkcRQvvp1sgxFSc</value>
          </Data>
          <Data name="tags">
            <value><![CDATA[["Dance school"]]]></value>
          </Data>
          <Data name="search_url">
            <value><![CDATA[https://www.google.com/maps/search/?api=1&query=Nedjma&query_place_id=ChIJV9YxcLR6WkcRQvvp1sgxFSc]]></value>
          </Data>
          <Data name="map_url">
            <value>https://www.google.com/maps/search/dance%20school/@45.16610084047514,20.91062925,10z?hl=en</value>
          </Data>
          <Data name="main_category">
            <value>dance school</value>
          </Data>
          <Data name="image_url">
            <value><![CDATA[https://streetviewpixels-pa.googleapis.com/v1/thumbnail?panoid=IUkUpjaxtaumBP_MjS6sBw&cb_client=search.gws-prod.gps&w=408&h=240&yaw=95.310936&pitch=0&thumbfov=100]]></value>
          </Data>
          <Data name="additional">
            <value/>
          </Data>
          <Data name="website">
            <value>http://nedjma.rs/kontakt/</value>
          </Data>
          <Data name="parent_place">
            <value/>
          </Data>
          <Data name="additional_urls">
            <value>[]</value>
          </Data>
        </ExtendedData>
        <Point>
          <coordinates>
            20.4625647,44.8193477,0
          </coordinates>
        </Point>
      </Placemark>
      <Placemark>
        <name><![CDATA[Baletski studio "Pirueta"]]></name>
        <description><![CDATA[﻿id: 68f2f6f517de0681a60e3f60<br>category: Ballet theater<br>address_full: Jurija Gagarina 221, Beograd 11070, Serbia<br>district: New Belgrade<br>address: Jurija Gagarina 221<br>city: Belgrade<br>index: 11070<br>country: RS<br>phone: +381 63 1115292<br>location: 44.7974791,20.3776734<br>reting: 4,4<br>place_id: ChIJI1A5Zn9vWkcRzdiogg6hwRo<br>tags: ["Ballet theater","Dance school"]<br>search_url: https://www.google.com/maps/search/?api=1&query=Baletski%20studio%20%22Pirueta%22&query_place_id=ChIJI1A5Zn9vWkcRzdiogg6hwRo<br>map_url: https://www.google.com/maps/search/dance%20school/@45.16610084047514,20.91062925,10z?hl=en<br>main_category: dance school<br>image_url: <br>additional: <br>website: <br>parent_place: <br>additional_urls: []]]></description>
        <styleUrl>#icon-1899-FF5252-labelson</styleUrl>
        <ExtendedData>
          <Data name="﻿id">
            <value>68f2f6f517de0681a60e3f60</value>
          </Data>
          <Data name="category">
            <value>Ballet theater</value>
          </Data>
          <Data name="address_full">
            <value>Jurija Gagarina 221, Beograd 11070, Serbia</value>
          </Data>
          <Data name="district">
            <value>New Belgrade</value>
          </Data>
          <Data name="address">
            <value>Jurija Gagarina 221</value>
          </Data>
          <Data name="city">
            <value>Belgrade</value>
          </Data>
          <Data name="index">
            <value>11070.0</value>
          </Data>
          <Data name="country">
            <value>RS</value>
          </Data>
          <Data name="phone">
            <value>+381 63 1115292</value>
          </Data>
          <Data name="location">
            <value>44.7974791,20.3776734</value>
          </Data>
          <Data name="reting">
            <value>4.4</value>
          </Data>
          <Data name="place_id">
            <value>ChIJI1A5Zn9vWkcRzdiogg6hwRo</value>
          </Data>
          <Data name="tags">
            <value><![CDATA[["Ballet theater","Dance school"]]]></value>
          </Data>
          <Data name="search_url">
            <value><![CDATA[https://www.google.com/maps/search/?api=1&query=Baletski%20studio%20%22Pirueta%22&query_place_id=ChIJI1A5Zn9vWkcRzdiogg6hwRo]]></value>
          </Data>
          <Data name="map_url">
            <value>https://www.google.com/maps/search/dance%20school/@45.16610084047514,20.91062925,10z?hl=en</value>
          </Data>
          <Data name="main_category">
            <value>dance school</value>
          </Data>
          <Data name="image_url">
            <value/>
          </Data>
          <Data name="additional">
            <value/>
          </Data>
          <Data name="website">
            <value/>
          </Data>
          <Data name="parent_place">
            <value/>
          </Data>
          <Data name="additional_urls">
            <value>[]</value>
          </Data>
        </ExtendedData>
        <Point>
          <coordinates>
            20.3776734,44.7974791,0
          </coordinates>
        </Point>
      </Placemark>
      <Placemark>
        <name><![CDATA[KUD "Lira folklor"]]></name>
        <description><![CDATA[﻿id: 68f2f6f517de0681a60e3f62<br>category: Dance school<br>address_full: Mitropolita Petra 8, Beograd 11000, Serbia<br>district: <br>address: Mitropolita Petra 8<br>city: Belgrade<br>index: 11000<br>country: RS<br>phone: +381 63 396859<br>location: 44.8165259,20.4854579<br>reting: 4,4<br>place_id: ChIJg7RVmZV6WkcRaak2Js9Xjoc<br>tags: ["Dance school","Cultural association","Instruction"]<br>search_url: https://www.google.com/maps/search/?api=1&query=KUD%20%22Lira%20folklor%22&query_place_id=ChIJg7RVmZV6WkcRaak2Js9Xjoc<br>map_url: https://www.google.com/maps/search/dance%20school/@45.16610084047514,20.91062925,10z?hl=en<br>main_category: dance school<br>image_url: https://lh3.googleusercontent.com/p/AF1QipMu5Zh-NThhwYbrKWsbpxkx8ZKEkc7T483yNLo=w408-h270-k-no<br>additional: КУД "Лира фолклор"<br>website: https://www.facebook.com/lirafolklor<br>parent_place: <br>additional_urls: []]]></description>
        <styleUrl>#icon-1899-FF5252-labelson</styleUrl>
        <ExtendedData>
          <Data name="﻿id">
            <value>68f2f6f517de0681a60e3f62</value>
          </Data>
          <Data name="category">
            <value>Dance school</value>
          </Data>
          <Data name="address_full">
            <value>Mitropolita Petra 8, Beograd 11000, Serbia</value>
          </Data>
          <Data name="district">
            <value/>
          </Data>
          <Data name="address">
            <value>Mitropolita Petra 8</value>
          </Data>
          <Data name="city">
            <value>Belgrade</value>
          </Data>
          <Data name="index">
            <value>11000.0</value>
          </Data>
          <Data name="country">
            <value>RS</value>
          </Data>
          <Data name="phone">
            <value>+381 63 396859</value>
          </Data>
          <Data name="location">
            <value>44.8165259,20.4854579</value>
          </Data>
          <Data name="reting">
            <value>4.4</value>
          </Data>
          <Data name="place_id">
            <value>ChIJg7RVmZV6WkcRaak2Js9Xjoc</value>
          </Data>
          <Data name="tags">
            <value><![CDATA[["Dance school","Cultural association","Instruction"]]]></value>
          </Data>
          <Data name="search_url">
            <value><![CDATA[https://www.google.com/maps/search/?api=1&query=KUD%20%22Lira%20folklor%22&query_place_id=ChIJg7RVmZV6WkcRaak2Js9Xjoc]]></value>
          </Data>
          <Data name="map_url">
            <value>https://www.google.com/maps/search/dance%20school/@45.16610084047514,20.91062925,10z?hl=en</value>
          </Data>
          <Data name="main_category">
            <value>dance school</value>
          </Data>
          <Data name="image_url">
            <value>https://lh3.googleusercontent.com/p/AF1QipMu5Zh-NThhwYbrKWsbpxkx8ZKEkc7T483yNLo=w408-h270-k-no</value>
          </Data>
          <Data name="additional">
            <value><![CDATA[КУД "Лира фолклор"]]></value>
          </Data>
          <Data name="website">
            <value>https://www.facebook.com/lirafolklor</value>
          </Data>
          <Data name="parent_place">
            <value/>
          </Data>
          <Data name="additional_urls">
            <value>[]</value>
          </Data>
        </ExtendedData>
        <Point>
          <coordinates>
            20.4854579,44.8165259,0
          </coordinates>
        </Point>
      </Placemark>
      <Placemark>
        <name><![CDATA[Swing'n'Roll - plesna škola]]></name>
        <description><![CDATA[﻿id: 68f2f6f517de0681a60e3f63<br>category: Dance school<br>address_full: Dobračina 30B, Beograd, Serbia<br>district: Stari Grad<br>address: Dobračina 30B<br>city: Belgrade<br>index: <br>country: RS<br>phone: +381 64 1178151<br>location: 44.8193478,20.4625648<br>reting: 5<br>place_id: ChIJuxRPTK97WkcR9vCEKKE_0gA<br>tags: ["Dance school"]<br>search_url: https://www.google.com/maps/search/?api=1&query=Swing'n'Roll%20-%20plesna%20%C5%A1kola&query_place_id=ChIJuxRPTK97WkcR9vCEKKE_0gA<br>map_url: https://www.google.com/maps/search/dance%20school/@45.16610084047514,20.91062925,10z?hl=en<br>main_category: dance school<br>image_url: https://lh3.googleusercontent.com/p/AF1QipNMi_f2Mex_B_jOcBjKph6HzZwrnK7nxams0VrV=w408-h242-k-no<br>additional: <br>website: http://swingplesbeograd.rs/<br>parent_place: <br>additional_urls: []]]></description>
        <styleUrl>#icon-1899-FF5252-labelson</styleUrl>
        <ExtendedData>
          <Data name="﻿id">
            <value>68f2f6f517de0681a60e3f63</value>
          </Data>
          <Data name="category">
            <value>Dance school</value>
          </Data>
          <Data name="address_full">
            <value>Dobračina 30B, Beograd, Serbia</value>
          </Data>
          <Data name="district">
            <value>Stari Grad</value>
          </Data>
          <Data name="address">
            <value>Dobračina 30B</value>
          </Data>
          <Data name="city">
            <value>Belgrade</value>
          </Data>
          <Data name="index">
            <value/>
          </Data>
          <Data name="country">
            <value>RS</value>
          </Data>
          <Data name="phone">
            <value>+381 64 1178151</value>
          </Data>
          <Data name="location">
            <value>44.8193478,20.4625648</value>
          </Data>
          <Data name="reting">
            <value>5.0</value>
          </Data>
          <Data name="place_id">
            <value>ChIJuxRPTK97WkcR9vCEKKE_0gA</value>
          </Data>
          <Data name="tags">
            <value><![CDATA[["Dance school"]]]></value>
          </Data>
          <Data name="search_url">
            <value><![CDATA[https://www.google.com/maps/search/?api=1&query=Swing'n'Roll%20-%20plesna%20%C5%A1kola&query_place_id=ChIJuxRPTK97WkcR9vCEKKE_0gA]]></value>
          </Data>
          <Data name="map_url">
            <value>https://www.google.com/maps/search/dance%20school/@45.16610084047514,20.91062925,10z?hl=en</value>
          </Data>
          <Data name="main_category">
            <value>dance school</value>
          </Data>
          <Data name="image_url">
            <value>https://lh3.googleusercontent.com/p/AF1QipNMi_f2Mex_B_jOcBjKph6HzZwrnK7nxams0VrV=w408-h242-k-no</value>
          </Data>
          <Data name="additional">
            <value/>
          </Data>
          <Data name="website">
            <value>http://swingplesbeograd.rs/</value>
          </Data>
          <Data name="parent_place">
            <value/>
          </Data>
          <Data name="additional_urls">
            <value>[]</value>
          </Data>
        </ExtendedData>
        <Point>
          <coordinates>
            20.4625648,44.8193478,0
          </coordinates>
        </Point>
      </Placemark>
      <Placemark>
        <name>Aruena</name>
        <description><![CDATA[﻿id: 68f2f6f517de0681a60e3f65<br>category: Dance school<br>address_full: preko puta broja 4 (Fitnes centar Oaza, Milorada Šapčanina 8, Beograd, Serbia<br>district: <br>address: preko puta broja 4 (Fitnes centar Oaza, Milorada Šapčanina 8<br>city: Belgrade<br>index: <br>country: RS<br>phone: +381 63 8349721<br>location: 44.8048672,20.4826877<br>reting: 4,9<br>place_id: ChIJCdIqhZ56WkcREvPScQa2rkQ<br>tags: ["Dance school"]<br>search_url: https://www.google.com/maps/search/?api=1&query=Aruena&query_place_id=ChIJCdIqhZ56WkcREvPScQa2rkQ<br>map_url: https://www.google.com/maps/search/dance%20school/@45.16610084047514,20.91062925,10z?hl=en<br>main_category: dance school<br>image_url: https://streetviewpixels-pa.googleapis.com/v1/thumbnail?panoid=EMdSieqMuQKKOa_sEk-pdQ&cb_client=search.gws-prod.gps&w=408&h=240&yaw=152.764&pitch=0&thumbfov=100<br>additional: <br>website: http://www.aruenaorijentalniples.com/<br>parent_place: <br>additional_urls: []]]></description>
        <styleUrl>#icon-1899-FF5252-labelson</styleUrl>
        <ExtendedData>
          <Data name="﻿id">
            <value>68f2f6f517de0681a60e3f65</value>
          </Data>
          <Data name="category">
            <value>Dance school</value>
          </Data>
          <Data name="address_full">
            <value>preko puta broja 4 (Fitnes centar Oaza, Milorada Šapčanina 8, Beograd, Serbia</value>
          </Data>
          <Data name="district">
            <value/>
          </Data>
          <Data name="address">
            <value>preko puta broja 4 (Fitnes centar Oaza, Milorada Šapčanina 8</value>
          </Data>
          <Data name="city">
            <value>Belgrade</value>
          </Data>
          <Data name="index">
            <value/>
          </Data>
          <Data name="country">
            <value>RS</value>
          </Data>
          <Data name="phone">
            <value>+381 63 8349721</value>
          </Data>
          <Data name="location">
            <value>44.8048672,20.4826877</value>
          </Data>
          <Data name="reting">
            <value>4.9</value>
          </Data>
          <Data name="place_id">
            <value>ChIJCdIqhZ56WkcREvPScQa2rkQ</value>
          </Data>
          <Data name="tags">
            <value><![CDATA[["Dance school"]]]></value>
          </Data>
          <Data name="search_url">
            <value><![CDATA[https://www.google.com/maps/search/?api=1&query=Aruena&query_place_id=ChIJCdIqhZ56WkcREvPScQa2rkQ]]></value>
          </Data>
          <Data name="map_url">
            <value>https://www.google.com/maps/search/dance%20school/@45.16610084047514,20.91062925,10z?hl=en</value>
          </Data>
          <Data name="main_category">
            <value>dance school</value>
          </Data>
          <Data name="image_url">
            <value><![CDATA[https://streetviewpixels-pa.googleapis.com/v1/thumbnail?panoid=EMdSieqMuQKKOa_sEk-pdQ&cb_client=search.gws-prod.gps&w=408&h=240&yaw=152.764&pitch=0&thumbfov=100]]></value>
          </Data>
          <Data name="additional">
            <value/>
          </Data>
          <Data name="website">
            <value>http://www.aruenaorijentalniples.com/</value>
          </Data>
          <Data name="parent_place">
            <value/>
          </Data>
          <Data name="additional_urls">
            <value>[]</value>
          </Data>
        </ExtendedData>
        <Point>
          <coordinates>
            20.4826877,44.8048672,0
          </coordinates>
        </Point>
      </Placemark>
      <Placemark>
        <name>Koloseum</name>
        <description><![CDATA[﻿id: 68f2f6f517de0681a60e3f66<br>category: Dance school<br>address_full: Nehruova 57, Beograd 11070, Serbia<br>district: New Belgrade<br>address: Nehruova 57<br>city: Belgrade<br>index: 11070<br>country: RS<br>phone: +381 11 3187758<br>location: 44.8058846,20.3777331<br>reting: 4,5<br>place_id: ChIJU8tG-nFvWkcR3F2RyDO9U6k<br>tags: ["Dance school"]<br>search_url: https://www.google.com/maps/search/?api=1&query=Koloseum&query_place_id=ChIJU8tG-nFvWkcR3F2RyDO9U6k<br>map_url: https://www.google.com/maps/search/dance%20school/@45.16610084047514,20.91062925,10z?hl=en<br>main_category: dance school<br>image_url: https://streetviewpixels-pa.googleapis.com/v1/thumbnail?panoid=Xt9lCwsPuljbuwBgYm-PYA&cb_client=search.gws-prod.gps&w=408&h=240&yaw=254.67184&pitch=0&thumbfov=100<br>additional: KOLOSEUM<br>website: <br>parent_place: <br>additional_urls: []]]></description>
        <styleUrl>#icon-1899-FF5252-labelson</styleUrl>
        <ExtendedData>
          <Data name="﻿id">
            <value>68f2f6f517de0681a60e3f66</value>
          </Data>
          <Data name="category">
            <value>Dance school</value>
          </Data>
          <Data name="address_full">
            <value>Nehruova 57, Beograd 11070, Serbia</value>
          </Data>
          <Data name="district">
            <value>New Belgrade</value>
          </Data>
          <Data name="address">
            <value>Nehruova 57</value>
          </Data>
          <Data name="city">
            <value>Belgrade</value>
          </Data>
          <Data name="index">
            <value>11070.0</value>
          </Data>
          <Data name="country">
            <value>RS</value>
          </Data>
          <Data name="phone">
            <value>+381 11 3187758</value>
          </Data>
          <Data name="location">
            <value>44.8058846,20.3777331</value>
          </Data>
          <Data name="reting">
            <value>4.5</value>
          </Data>
          <Data name="place_id">
            <value>ChIJU8tG-nFvWkcR3F2RyDO9U6k</value>
          </Data>
          <Data name="tags">
            <value><![CDATA[["Dance school"]]]></value>
          </Data>
          <Data name="search_url">
            <value><![CDATA[https://www.google.com/maps/search/?api=1&query=Koloseum&query_place_id=ChIJU8tG-nFvWkcR3F2RyDO9U6k]]></value>
          </Data>
          <Data name="map_url">
            <value>https://www.google.com/maps/search/dance%20school/@45.16610084047514,20.91062925,10z?hl=en</value>
          </Data>
          <Data name="main_category">
            <value>dance school</value>
          </Data>
          <Data name="image_url">
            <value><![CDATA[https://streetviewpixels-pa.googleapis.com/v1/thumbnail?panoid=Xt9lCwsPuljbuwBgYm-PYA&cb_client=search.gws-prod.gps&w=408&h=240&yaw=254.67184&pitch=0&thumbfov=100]]></value>
          </Data>
          <Data name="additional">
            <value>KOLOSEUM</value>
          </Data>
          <Data name="website">
            <value/>
          </Data>
          <Data name="parent_place">
            <value/>
          </Data>
          <Data name="additional_urls">
            <value>[]</value>
          </Data>
        </ExtendedData>
        <Point>
          <coordinates>
            20.3777331,44.8058846,0
          </coordinates>
        </Point>
      </Placemark>
      <Placemark>
        <name>Universal Mix Dance - UMD</name>
        <description><![CDATA[﻿id: 68f2f6f517de0681a60e3f68<br>category: Dance school<br>address_full: Resavska 28, Beograd 11000, Serbia<br>district: Vračar<br>address: Resavska 28<br>city: Belgrade<br>index: 11000<br>country: RS<br>phone: +381 64 9879228<br>location: 44.8076332,20.4653435<br>reting: 5<br>place_id: ChIJ35QBawZ7WkcR7Qa3h2Uc_lg<br>tags: ["Dance school"]<br>search_url: https://www.google.com/maps/search/?api=1&query=Universal%20Mix%20Dance%20-%20UMD&query_place_id=ChIJ35QBawZ7WkcR7Qa3h2Uc_lg<br>map_url: https://www.google.com/maps/search/dance%20school/@45.16610084047514,20.91062925,10z?hl=en<br>main_category: dance school<br>image_url: https://lh3.googleusercontent.com/gps-cs-s/AC9h4nquBAHFoNLzxs1SX-FK1KuqSkJrmh_bjg9iIvVLZ0A5RGp2XwNC_SscywxQ3f5Jt5kiqQdPc0gC3GOOmMphGjpnOKNrO1MZm40Ru6DHjV18sLpyezAUloBvDNUhJVxSdQ35U6IlBg=w408-h408-k-no<br>additional: <br>website: https://joyful-strudel-470b9b.netlify.app/<br>parent_place: <br>additional_urls: []]]></description>
        <styleUrl>#icon-1899-FF5252-labelson</styleUrl>
        <ExtendedData>
          <Data name="﻿id">
            <value>68f2f6f517de0681a60e3f68</value>
          </Data>
          <Data name="category">
            <value>Dance school</value>
          </Data>
          <Data name="address_full">
            <value>Resavska 28, Beograd 11000, Serbia</value>
          </Data>
          <Data name="district">
            <value>Vračar</value>
          </Data>
          <Data name="address">
            <value>Resavska 28</value>
          </Data>
          <Data name="city">
            <value>Belgrade</value>
          </Data>
          <Data name="index">
            <value>11000.0</value>
          </Data>
          <Data name="country">
            <value>RS</value>
          </Data>
          <Data name="phone">
            <value>+381 64 9879228</value>
          </Data>
          <Data name="location">
            <value>44.8076332,20.4653435</value>
          </Data>
          <Data name="reting">
            <value>5.0</value>
          </Data>
          <Data name="place_id">
            <value>ChIJ35QBawZ7WkcR7Qa3h2Uc_lg</value>
          </Data>
          <Data name="tags">
            <value><![CDATA[["Dance school"]]]></value>
          </Data>
          <Data name="search_url">
            <value><![CDATA[https://www.google.com/maps/search/?api=1&query=Universal%20Mix%20Dance%20-%20UMD&query_place_id=ChIJ35QBawZ7WkcR7Qa3h2Uc_lg]]></value>
          </Data>
          <Data name="map_url">
            <value>https://www.google.com/maps/search/dance%20school/@45.16610084047514,20.91062925,10z?hl=en</value>
          </Data>
          <Data name="main_category">
            <value>dance school</value>
          </Data>
          <Data name="image_url">
            <value>https://lh3.googleusercontent.com/gps-cs-s/AC9h4nquBAHFoNLzxs1SX-FK1KuqSkJrmh_bjg9iIvVLZ0A5RGp2XwNC_SscywxQ3f5Jt5kiqQdPc0gC3GOOmMphGjpnOKNrO1MZm40Ru6DHjV18sLpyezAUloBvDNUhJVxSdQ35U6IlBg=w408-h408-k-no</value>
          </Data>
          <Data name="additional">
            <value/>
          </Data>
          <Data name="website">
            <value>https://joyful-strudel-470b9b.netlify.app/</value>
          </Data>
          <Data name="parent_place">
            <value/>
          </Data>
          <Data name="additional_urls">
            <value>[]</value>
          </Data>
        </ExtendedData>
        <Point>
          <coordinates>
            20.4653435,44.8076332,0
          </coordinates>
        </Point>
      </Placemark>
      <Placemark>
        <name>PLESNA ŠKOLA ART OF DANCE</name>
        <description><![CDATA[﻿id: 68f2f6f517de0681a60e3f69<br>category: Dance school<br>address_full: Dobračina 30a, Beograd 11000, Serbia<br>district: Stari Grad<br>address: Dobračina 30a<br>city: Belgrade<br>index: 11000<br>country: RS<br>phone: +381 63 271486<br>location: 44.8193477,20.4625647<br>reting: 5<br>place_id: ChIJxS3Jq917WkcRNKMN7WB4pPw<br>tags: ["Dance school"]<br>search_url: https://www.google.com/maps/search/?api=1&query=PLESNA%20%C5%A0KOLA%20ART%20OF%20DANCE&query_place_id=ChIJxS3Jq917WkcRNKMN7WB4pPw<br>map_url: https://www.google.com/maps/search/dance%20school/@45.16610084047514,20.91062925,10z?hl=en<br>main_category: dance school<br>image_url: https://streetviewpixels-pa.googleapis.com/v1/thumbnail?panoid=IUkUpjaxtaumBP_MjS6sBw&cb_client=search.gws-prod.gps&w=408&h=240&yaw=95.310936&pitch=0&thumbfov=100<br>additional: <br>website: http://www.artofdance.org.rs/<br>parent_place: <br>additional_urls: []]]></description>
        <styleUrl>#icon-1899-FF5252-labelson</styleUrl>
        <ExtendedData>
          <Data name="﻿id">
            <value>68f2f6f517de0681a60e3f69</value>
          </Data>
          <Data name="category">
            <value>Dance school</value>
          </Data>
          <Data name="address_full">
            <value>Dobračina 30a, Beograd 11000, Serbia</value>
          </Data>
          <Data name="district">
            <value>Stari Grad</value>
          </Data>
          <Data name="address">
            <value>Dobračina 30a</value>
          </Data>
          <Data name="city">
            <value>Belgrade</value>
          </Data>
          <Data name="index">
            <value>11000.0</value>
          </Data>
          <Data name="country">
            <value>RS</value>
          </Data>
          <Data name="phone">
            <value>+381 63 271486</value>
          </Data>
          <Data name="location">
            <value>44.8193477,20.4625647</value>
          </Data>
          <Data name="reting">
            <value>5.0</value>
          </Data>
          <Data name="place_id">
            <value>ChIJxS3Jq917WkcRNKMN7WB4pPw</value>
          </Data>
          <Data name="tags">
            <value><![CDATA[["Dance school"]]]></value>
          </Data>
          <Data name="search_url">
            <value><![CDATA[https://www.google.com/maps/search/?api=1&query=PLESNA%20%C5%A0KOLA%20ART%20OF%20DANCE&query_place_id=ChIJxS3Jq917WkcRNKMN7WB4pPw]]></value>
          </Data>
          <Data name="map_url">
            <value>https://www.google.com/maps/search/dance%20school/@45.16610084047514,20.91062925,10z?hl=en</value>
          </Data>
          <Data name="main_category">
            <value>dance school</value>
          </Data>
          <Data name="image_url">
            <value><![CDATA[https://streetviewpixels-pa.googleapis.com/v1/thumbnail?panoid=IUkUpjaxtaumBP_MjS6sBw&cb_client=search.gws-prod.gps&w=408&h=240&yaw=95.310936&pitch=0&thumbfov=100]]></value>
          </Data>
          <Data name="additional">
            <value/>
          </Data>
          <Data name="website">
            <value>http://www.artofdance.org.rs/</value>
          </Data>
          <Data name="parent_place">
            <value/>
          </Data>
          <Data name="additional_urls">
            <value>[]</value>
          </Data>
        </ExtendedData>
        <Point>
          <coordinates>
            20.4625647,44.8193477,0
          </coordinates>
        </Point>
      </Placemark>
      <Placemark>
        <name>Dance Station CENTAR</name>
        <description><![CDATA[﻿id: 68f2f6f517de0681a60e3f6a<br>category: Dance school<br>address_full: Džordža Vašingtona 3, Beograd 11000, Serbia<br>district: Stari Grad<br>address: Džordža Vašingtona 3<br>city: Belgrade<br>index: 11000<br>country: RS<br>phone: +381 65 9455045<br>location: 44.8175433,20.4683713<br>reting: <br>place_id: ChIJ40aQVKF7WkcRbMM4swTYPXc<br>tags: ["Dance school"]<br>search_url: https://www.google.com/maps/search/?api=1&query=Dance%20Station%20CENTAR&query_place_id=ChIJ40aQVKF7WkcRbMM4swTYPXc<br>map_url: https://www.google.com/maps/search/dance%20school/@45.16610084047514,20.91062925,10z?hl=en<br>main_category: dance school<br>image_url: https://streetviewpixels-pa.googleapis.com/v1/thumbnail?panoid=bgKv3HABh8srczY0TqNLsQ&cb_client=search.gws-prod.gps&w=408&h=240&yaw=45.448177&pitch=0&thumbfov=100<br>additional: <br>website: https://www.dancestation.rs/<br>parent_place: <br>additional_urls: []]]></description>
        <styleUrl>#icon-1899-FF5252-labelson</styleUrl>
        <ExtendedData>
          <Data name="﻿id">
            <value>68f2f6f517de0681a60e3f6a</value>
          </Data>
          <Data name="category">
            <value>Dance school</value>
          </Data>
          <Data name="address_full">
            <value>Džordža Vašingtona 3, Beograd 11000, Serbia</value>
          </Data>
          <Data name="district">
            <value>Stari Grad</value>
          </Data>
          <Data name="address">
            <value>Džordža Vašingtona 3</value>
          </Data>
          <Data name="city">
            <value>Belgrade</value>
          </Data>
          <Data name="index">
            <value>11000.0</value>
          </Data>
          <Data name="country">
            <value>RS</value>
          </Data>
          <Data name="phone">
            <value>+381 65 9455045</value>
          </Data>
          <Data name="location">
            <value>44.8175433,20.4683713</value>
          </Data>
          <Data name="reting">
            <value/>
          </Data>
          <Data name="place_id">
            <value>ChIJ40aQVKF7WkcRbMM4swTYPXc</value>
          </Data>
          <Data name="tags">
            <value><![CDATA[["Dance school"]]]></value>
          </Data>
          <Data name="search_url">
            <value><![CDATA[https://www.google.com/maps/search/?api=1&query=Dance%20Station%20CENTAR&query_place_id=ChIJ40aQVKF7WkcRbMM4swTYPXc]]></value>
          </Data>
          <Data name="map_url">
            <value>https://www.google.com/maps/search/dance%20school/@45.16610084047514,20.91062925,10z?hl=en</value>
          </Data>
          <Data name="main_category">
            <value>dance school</value>
          </Data>
          <Data name="image_url">
            <value><![CDATA[https://streetviewpixels-pa.googleapis.com/v1/thumbnail?panoid=bgKv3HABh8srczY0TqNLsQ&cb_client=search.gws-prod.gps&w=408&h=240&yaw=45.448177&pitch=0&thumbfov=100]]></value>
          </Data>
          <Data name="additional">
            <value/>
          </Data>
          <Data name="website">
            <value>https://www.dancestation.rs/</value>
          </Data>
          <Data name="parent_place">
            <value/>
          </Data>
          <Data name="additional_urls">
            <value>[]</value>
          </Data>
        </ExtendedData>
        <Point>
          <coordinates>
            20.4683713,44.8175433,0
          </coordinates>
        </Point>
      </Placemark>
      <Placemark>
        <name>DARE TO DANCE MODERNI PLESOVI</name>
        <description><![CDATA[﻿id: 68f2f6f517de0681a60e3f6c<br>category: Dance school<br>address_full: Асоцијација спортских центара Србије, Стари ДИФ, Deligradska 27, Beograd 11000, Serbia<br>district: Savski Venac<br>address: Асоцијација спортских центара Србије, Стари ДИФ, Deligradska 27<br>city: Belgrade<br>index: 11000<br>country: RS<br>phone: +381 66 5051622<br>location: 44.799996,20.4632705<br>reting: 3<br>place_id: ChIJo-fqGRpxWkcRBZq-kp2I1g0<br>tags: ["Dance school"]<br>search_url: https://www.google.com/maps/search/?api=1&query=DARE%20TO%20DANCE%20MODERNI%20PLESOVI&query_place_id=ChIJo-fqGRpxWkcRBZq-kp2I1g0<br>map_url: https://www.google.com/maps/search/dance%20school/@45.16610084047514,20.91062925,10z?hl=en<br>main_category: dance school<br>image_url: https://streetviewpixels-pa.googleapis.com/v1/thumbnail?panoid=dci0ZZweS871EeDc6uXBEA&cb_client=search.gws-prod.gps&w=408&h=240&yaw=140.38434&pitch=0&thumbfov=100<br>additional: <br>website: <br>parent_place: Gradski centar za fizičku kulturu<br>additional_urls: []]]></description>
        <styleUrl>#icon-1899-FF5252-labelson</styleUrl>
        <ExtendedData>
          <Data name="﻿id">
            <value>68f2f6f517de0681a60e3f6c</value>
          </Data>
          <Data name="category">
            <value>Dance school</value>
          </Data>
          <Data name="address_full">
            <value>Асоцијација спортских центара Србије, Стари ДИФ, Deligradska 27, Beograd 11000, Serbia</value>
          </Data>
          <Data name="district">
            <value>Savski Venac</value>
          </Data>
          <Data name="address">
            <value>Асоцијација спортских центара Србије, Стари ДИФ, Deligradska 27</value>
          </Data>
          <Data name="city">
            <value>Belgrade</value>
          </Data>
          <Data name="index">
            <value>11000.0</value>
          </Data>
          <Data name="country">
            <value>RS</value>
          </Data>
          <Data name="phone">
            <value>+381 66 5051622</value>
          </Data>
          <Data name="location">
            <value>44.799996,20.4632705</value>
          </Data>
          <Data name="reting">
            <value>3.0</value>
          </Data>
          <Data name="place_id">
            <value>ChIJo-fqGRpxWkcRBZq-kp2I1g0</value>
          </Data>
          <Data name="tags">
            <value><![CDATA[["Dance school"]]]></value>
          </Data>
          <Data name="search_url">
            <value><![CDATA[https://www.google.com/maps/search/?api=1&query=DARE%20TO%20DANCE%20MODERNI%20PLESOVI&query_place_id=ChIJo-fqGRpxWkcRBZq-kp2I1g0]]></value>
          </Data>
          <Data name="map_url">
            <value>https://www.google.com/maps/search/dance%20school/@45.16610084047514,20.91062925,10z?hl=en</value>
          </Data>
          <Data name="main_category">
            <value>dance school</value>
          </Data>
          <Data name="image_url">
            <value><![CDATA[https://streetviewpixels-pa.googleapis.com/v1/thumbnail?panoid=dci0ZZweS871EeDc6uXBEA&cb_client=search.gws-prod.gps&w=408&h=240&yaw=140.38434&pitch=0&thumbfov=100]]></value>
          </Data>
          <Data name="additional">
            <value/>
          </Data>
          <Data name="website">
            <value/>
          </Data>
          <Data name="parent_place">
            <value>Gradski centar za fizičku kulturu</value>
          </Data>
          <Data name="additional_urls">
            <value>[]</value>
          </Data>
        </ExtendedData>
        <Point>
          <coordinates>
            20.4632705,44.799996,0
          </coordinates>
        </Point>
      </Placemark>
      <Placemark>
        <name>Amateur Ballet Academy</name>
        <description><![CDATA[﻿id: 68f2f6f517de0681a60e3f6e<br>category: Dance school<br>address_full: Kraljice Natalije 46, Beograd 11000, Serbia<br>district: Savski Venac<br>address: Kraljice Natalije 46<br>city: Belgrade<br>index: 11000<br>country: RS<br>phone: +381 66 5651787<br>location: 44.8109972,20.4593436<br>reting: <br>place_id: ChIJVW-0r_N7WkcRitPcKfN2kDM<br>tags: ["Dance school"]<br>search_url: https://www.google.com/maps/search/?api=1&query=Amateur%20Ballet%20Academy&query_place_id=ChIJVW-0r_N7WkcRitPcKfN2kDM<br>map_url: https://www.google.com/maps/search/dance%20school/@45.16610084047514,20.91062925,10z?hl=en<br>main_category: dance school<br>image_url: https://lh3.googleusercontent.com/p/AF1QipMly_X2FgZdfHIMUXCb6F0UQfL6O11nLOjCPEN5=w408-h544-k-no<br>additional: <br>website: https://www.amateurballet-serbia.com/<br>parent_place: <br>additional_urls: []]]></description>
        <styleUrl>#icon-1899-FF5252-labelson</styleUrl>
        <ExtendedData>
          <Data name="﻿id">
            <value>68f2f6f517de0681a60e3f6e</value>
          </Data>
          <Data name="category">
            <value>Dance school</value>
          </Data>
          <Data name="address_full">
            <value>Kraljice Natalije 46, Beograd 11000, Serbia</value>
          </Data>
          <Data name="district">
            <value>Savski Venac</value>
          </Data>
          <Data name="address">
            <value>Kraljice Natalije 46</value>
          </Data>
          <Data name="city">
            <value>Belgrade</value>
          </Data>
          <Data name="index">
            <value>11000.0</value>
          </Data>
          <Data name="country">
            <value>RS</value>
          </Data>
          <Data name="phone">
            <value>+381 66 5651787</value>
          </Data>
          <Data name="location">
            <value>44.8109972,20.4593436</value>
          </Data>
          <Data name="reting">
            <value/>
          </Data>
          <Data name="place_id">
            <value>ChIJVW-0r_N7WkcRitPcKfN2kDM</value>
          </Data>
          <Data name="tags">
            <value><![CDATA[["Dance school"]]]></value>
          </Data>
          <Data name="search_url">
            <value><![CDATA[https://www.google.com/maps/search/?api=1&query=Amateur%20Ballet%20Academy&query_place_id=ChIJVW-0r_N7WkcRitPcKfN2kDM]]></value>
          </Data>
          <Data name="map_url">
            <value>https://www.google.com/maps/search/dance%20school/@45.16610084047514,20.91062925,10z?hl=en</value>
          </Data>
          <Data name="main_category">
            <value>dance school</value>
          </Data>
          <Data name="image_url">
            <value>https://lh3.googleusercontent.com/p/AF1QipMly_X2FgZdfHIMUXCb6F0UQfL6O11nLOjCPEN5=w408-h544-k-no</value>
          </Data>
          <Data name="additional">
            <value/>
          </Data>
          <Data name="website">
            <value>https://www.amateurballet-serbia.com/</value>
          </Data>
          <Data name="parent_place">
            <value/>
          </Data>
          <Data name="additional_urls">
            <value>[]</value>
          </Data>
        </ExtendedData>
        <Point>
          <coordinates>
            20.4593436,44.8109972,0
          </coordinates>
        </Point>
      </Placemark>
      <Placemark>
        <name>Plesna Grupa BAM</name>
        <description><![CDATA[﻿id: 68f2f6f517de0681a60e3f6f<br>category: Dance school<br>address_full: Dr Ivana Ribara 55, Beograd 11070, Serbia<br>district: New Belgrade<br>address: Dr Ivana Ribara 55<br>city: Belgrade<br>index: 11070<br>country: RS<br>phone: +381 63 8141948<br>location: 44.8033902,20.3698067<br>reting: 5<br>place_id: ChIJ7epC76NvWkcRL2Sn4Fx0cH0<br>tags: ["Dance school"]<br>search_url: https://www.google.com/maps/search/?api=1&query=Plesna%20Grupa%20BAM&query_place_id=ChIJ7epC76NvWkcRL2Sn4Fx0cH0<br>map_url: https://www.google.com/maps/search/dance%20school/@45.16610084047514,20.91062925,10z?hl=en<br>main_category: dance school<br>image_url: https://lh3.googleusercontent.com/p/AF1QipOvDULvb8Uj_iVAzErYLbvbhyIsXGaggspqmMt4=w408-h347-k-no<br>additional: <br>website: <br>parent_place: <br>additional_urls: []]]></description>
        <styleUrl>#icon-1899-FF5252-labelson</styleUrl>
        <ExtendedData>
          <Data name="﻿id">
            <value>68f2f6f517de0681a60e3f6f</value>
          </Data>
          <Data name="category">
            <value>Dance school</value>
          </Data>
          <Data name="address_full">
            <value>Dr Ivana Ribara 55, Beograd 11070, Serbia</value>
          </Data>
          <Data name="district">
            <value>New Belgrade</value>
          </Data>
          <Data name="address">
            <value>Dr Ivana Ribara 55</value>
          </Data>
          <Data name="city">
            <value>Belgrade</value>
          </Data>
          <Data name="index">
            <value>11070.0</value>
          </Data>
          <Data name="country">
            <value>RS</value>
          </Data>
          <Data name="phone">
            <value>+381 63 8141948</value>
          </Data>
          <Data name="location">
            <value>44.8033902,20.3698067</value>
          </Data>
          <Data name="reting">
            <value>5.0</value>
          </Data>
          <Data name="place_id">
            <value>ChIJ7epC76NvWkcRL2Sn4Fx0cH0</value>
          </Data>
          <Data name="tags">
            <value><![CDATA[["Dance school"]]]></value>
          </Data>
          <Data name="search_url">
            <value><![CDATA[https://www.google.com/maps/search/?api=1&query=Plesna%20Grupa%20BAM&query_place_id=ChIJ7epC76NvWkcRL2Sn4Fx0cH0]]></value>
          </Data>
          <Data name="map_url">
            <value>https://www.google.com/maps/search/dance%20school/@45.16610084047514,20.91062925,10z?hl=en</value>
          </Data>
          <Data name="main_category">
            <value>dance school</value>
          </Data>
          <Data name="image_url">
            <value>https://lh3.googleusercontent.com/p/AF1QipOvDULvb8Uj_iVAzErYLbvbhyIsXGaggspqmMt4=w408-h347-k-no</value>
          </Data>
          <Data name="additional">
            <value/>
          </Data>
          <Data name="website">
            <value/>
          </Data>
          <Data name="parent_place">
            <value/>
          </Data>
          <Data name="additional_urls">
            <value>[]</value>
          </Data>
        </ExtendedData>
        <Point>
          <coordinates>
            20.3698067,44.8033902,0
          </coordinates>
        </Point>
      </Placemark>
      <Placemark>
        <name>плесна школа</name>
        <description><![CDATA[﻿id: 68f2f6f517de0681a60e3f70<br>category: Dance school<br>address_full: Mije Kovačevića 7, Beograd 11000, Serbia<br>district: <br>address: Mije Kovačevića 7<br>city: Belgrade<br>index: 11000<br>country: RS<br>phone: +55 31 93304-3413<br>location: 44.8155731,20.4921301<br>reting: 5<br>place_id: ChIJcz2_m2J7WkcRGBlQ_eLyqJA<br>tags: ["Dance school"]<br>search_url: https://www.google.com/maps/search/?api=1&query=%D0%BF%D0%BB%D0%B5%D1%81%D0%BD%D0%B0%20%D1%88%D0%BA%D0%BE%D0%BB%D0%B0&query_place_id=ChIJcz2_m2J7WkcRGBlQ_eLyqJA<br>map_url: https://www.google.com/maps/search/dance%20school/@45.16610084047514,20.91062925,10z?hl=en<br>main_category: dance school<br>image_url: https://streetviewpixels-pa.googleapis.com/v1/thumbnail?panoid=5dQAc7QaiD6_IpNnVa-bDQ&cb_client=search.gws-prod.gps&w=408&h=240&yaw=38.498066&pitch=0&thumbfov=100<br>additional: <br>website: <br>parent_place: <br>additional_urls: []]]></description>
        <styleUrl>#icon-1899-FF5252-labelson</styleUrl>
        <ExtendedData>
          <Data name="﻿id">
            <value>68f2f6f517de0681a60e3f70</value>
          </Data>
          <Data name="category">
            <value>Dance school</value>
          </Data>
          <Data name="address_full">
            <value>Mije Kovačevića 7, Beograd 11000, Serbia</value>
          </Data>
          <Data name="district">
            <value/>
          </Data>
          <Data name="address">
            <value>Mije Kovačevića 7</value>
          </Data>
          <Data name="city">
            <value>Belgrade</value>
          </Data>
          <Data name="index">
            <value>11000.0</value>
          </Data>
          <Data name="country">
            <value>RS</value>
          </Data>
          <Data name="phone">
            <value>+55 31 93304-3413</value>
          </Data>
          <Data name="location">
            <value>44.8155731,20.4921301</value>
          </Data>
          <Data name="reting">
            <value>5.0</value>
          </Data>
          <Data name="place_id">
            <value>ChIJcz2_m2J7WkcRGBlQ_eLyqJA</value>
          </Data>
          <Data name="tags">
            <value><![CDATA[["Dance school"]]]></value>
          </Data>
          <Data name="search_url">
            <value><![CDATA[https://www.google.com/maps/search/?api=1&query=%D0%BF%D0%BB%D0%B5%D1%81%D0%BD%D0%B0%20%D1%88%D0%BA%D0%BE%D0%BB%D0%B0&query_place_id=ChIJcz2_m2J7WkcRGBlQ_eLyqJA]]></value>
          </Data>
          <Data name="map_url">
            <value>https://www.google.com/maps/search/dance%20school/@45.16610084047514,20.91062925,10z?hl=en</value>
          </Data>
          <Data name="main_category">
            <value>dance school</value>
          </Data>
          <Data name="image_url">
            <value><![CDATA[https://streetviewpixels-pa.googleapis.com/v1/thumbnail?panoid=5dQAc7QaiD6_IpNnVa-bDQ&cb_client=search.gws-prod.gps&w=408&h=240&yaw=38.498066&pitch=0&thumbfov=100]]></value>
          </Data>
          <Data name="additional">
            <value/>
          </Data>
          <Data name="website">
            <value/>
          </Data>
          <Data name="parent_place">
            <value/>
          </Data>
          <Data name="additional_urls">
            <value>[]</value>
          </Data>
        </ExtendedData>
        <Point>
          <coordinates>
            20.4921301,44.8155731,0
          </coordinates>
        </Point>
      </Placemark>
      <Placemark>
        <name>Baletski studio Step</name>
        <description><![CDATA[﻿id: 68f2f6f517de0681a60e3f71<br>category: Dance school<br>address_full: Servantesova 19, Beograd, Serbia<br>district: Zemun<br>address: Servantesova 19<br>city: Belgrade<br>index: <br>country: RS<br>phone: +381 60 3307971<br>location: 44.848928,20.361201<br>reting: 4,8<br>place_id: ChIJ3TKqgDtdWkcRKpPIEFHisiY<br>tags: ["Dance school","Children's home"]<br>search_url: https://www.google.com/maps/search/?api=1&query=Baletski%20studio%20Step&query_place_id=ChIJ3TKqgDtdWkcRKpPIEFHisiY<br>map_url: https://www.google.com/maps/search/dance%20school/@45.16610084047514,20.91062925,10z?hl=en<br>main_category: dance school<br>image_url: https://lh3.googleusercontent.com/p/AF1QipNC4qxnM4vbppdEc_wtfRumG09vHieVbunVHm7a=w408-h408-k-no<br>additional: <br>website: <br>parent_place: <br>additional_urls: []]]></description>
        <styleUrl>#icon-1899-FF5252-labelson</styleUrl>
        <ExtendedData>
          <Data name="﻿id">
            <value>68f2f6f517de0681a60e3f71</value>
          </Data>
          <Data name="category">
            <value>Dance school</value>
          </Data>
          <Data name="address_full">
            <value>Servantesova 19, Beograd, Serbia</value>
          </Data>
          <Data name="district">
            <value>Zemun</value>
          </Data>
          <Data name="address">
            <value>Servantesova 19</value>
          </Data>
          <Data name="city">
            <value>Belgrade</value>
          </Data>
          <Data name="index">
            <value/>
          </Data>
          <Data name="country">
            <value>RS</value>
          </Data>
          <Data name="phone">
            <value>+381 60 3307971</value>
          </Data>
          <Data name="location">
            <value>44.848928,20.361201</value>
          </Data>
          <Data name="reting">
            <value>4.8</value>
          </Data>
          <Data name="place_id">
            <value>ChIJ3TKqgDtdWkcRKpPIEFHisiY</value>
          </Data>
          <Data name="tags">
            <value><![CDATA[["Dance school","Children's home"]]]></value>
          </Data>
          <Data name="search_url">
            <value><![CDATA[https://www.google.com/maps/search/?api=1&query=Baletski%20studio%20Step&query_place_id=ChIJ3TKqgDtdWkcRKpPIEFHisiY]]></value>
          </Data>
          <Data name="map_url">
            <value>https://www.google.com/maps/search/dance%20school/@45.16610084047514,20.91062925,10z?hl=en</value>
          </Data>
          <Data name="main_category">
            <value>dance school</value>
          </Data>
          <Data name="image_url">
            <value>https://lh3.googleusercontent.com/p/AF1QipNC4qxnM4vbppdEc_wtfRumG09vHieVbunVHm7a=w408-h408-k-no</value>
          </Data>
          <Data name="additional">
            <value/>
          </Data>
          <Data name="website">
            <value/>
          </Data>
          <Data name="parent_place">
            <value/>
          </Data>
          <Data name="additional_urls">
            <value>[]</value>
          </Data>
        </ExtendedData>
        <Point>
          <coordinates>
            20.361201,44.848928,0
          </coordinates>
        </Point>
      </Placemark>
      <Placemark>
        <name>Pole Plus Studio</name>
        <description><![CDATA[﻿id: 68f2f6f517de0681a60e3f72<br>category: Dance school<br>address_full: Lomina 63, Beograd 11000, Serbia<br>district: Savski Venac<br>address: Lomina 63<br>city: Belgrade<br>index: 11000<br>country: RS<br>phone: +381 60 0999367<br>location: 44.8103764,20.4590324<br>reting: 5<br>place_id: ChIJtzGSEx17WkcRW3lV-njVKWg<br>tags: ["Dance school"]<br>search_url: https://www.google.com/maps/search/?api=1&query=Pole%20Plus%20Studio&query_place_id=ChIJtzGSEx17WkcRW3lV-njVKWg<br>map_url: https://www.google.com/maps/search/dance%20school/@45.16610084047514,20.91062925,10z?hl=en<br>main_category: dance school<br>image_url: https://lh3.googleusercontent.com/p/AF1QipNWdfvrc6ZlZkxvAH0yoHEgCN4Am2XWHYLdS-yF=w408-h272-k-no<br>additional: <br>website: <br>parent_place: <br>additional_urls: []]]></description>
        <styleUrl>#icon-1899-FF5252-labelson</styleUrl>
        <ExtendedData>
          <Data name="﻿id">
            <value>68f2f6f517de0681a60e3f72</value>
          </Data>
          <Data name="category">
            <value>Dance school</value>
          </Data>
          <Data name="address_full">
            <value>Lomina 63, Beograd 11000, Serbia</value>
          </Data>
          <Data name="district">
            <value>Savski Venac</value>
          </Data>
          <Data name="address">
            <value>Lomina 63</value>
          </Data>
          <Data name="city">
            <value>Belgrade</value>
          </Data>
          <Data name="index">
            <value>11000.0</value>
          </Data>
          <Data name="country">
            <value>RS</value>
          </Data>
          <Data name="phone">
            <value>+381 60 0999367</value>
          </Data>
          <Data name="location">
            <value>44.8103764,20.4590324</value>
          </Data>
          <Data name="reting">
            <value>5.0</value>
          </Data>
          <Data name="place_id">
            <value>ChIJtzGSEx17WkcRW3lV-njVKWg</value>
          </Data>
          <Data name="tags">
            <value><![CDATA[["Dance school"]]]></value>
          </Data>
          <Data name="search_url">
            <value><![CDATA[https://www.google.com/maps/search/?api=1&query=Pole%20Plus%20Studio&query_place_id=ChIJtzGSEx17WkcRW3lV-njVKWg]]></value>
          </Data>
          <Data name="map_url">
            <value>https://www.google.com/maps/search/dance%20school/@45.16610084047514,20.91062925,10z?hl=en</value>
          </Data>
          <Data name="main_category">
            <value>dance school</value>
          </Data>
          <Data name="image_url">
            <value>https://lh3.googleusercontent.com/p/AF1QipNWdfvrc6ZlZkxvAH0yoHEgCN4Am2XWHYLdS-yF=w408-h272-k-no</value>
          </Data>
          <Data name="additional">
            <value/>
          </Data>
          <Data name="website">
            <value/>
          </Data>
          <Data name="parent_place">
            <value/>
          </Data>
          <Data name="additional_urls">
            <value>[]</value>
          </Data>
        </ExtendedData>
        <Point>
          <coordinates>
            20.4590324,44.8103764,0
          </coordinates>
        </Point>
      </Placemark>
      <Placemark>
        <name>Bounce plesni studio</name>
        <description><![CDATA[﻿id: 68f2f6f517de0681a60e3f73<br>category: Dance school<br>address_full: Radoslava Grujića 21a, Beograd 11000, Serbia<br>district: Vračar<br>address: Radoslava Grujića 21a<br>city: Belgrade<br>index: 11000<br>country: RS<br>phone: +381 63 7616681<br>location: 44.800456,20.479857<br>reting: 5<br>place_id: ChIJs4TDezFxWkcRFlC2SWedwVs<br>tags: ["Dance school"]<br>search_url: https://www.google.com/maps/search/?api=1&query=Bounce%20plesni%20studio&query_place_id=ChIJs4TDezFxWkcRFlC2SWedwVs<br>map_url: https://www.google.com/maps/search/dance%20school/@45.16610084047514,20.91062925,10z?hl=en<br>main_category: dance school<br>image_url: https://lh3.googleusercontent.com/gps-cs-s/AC9h4nr7dtEG89JdSyO1iDYczkVXwON9RkmjNlj7XxaSUaoG9kbPx_lemiqjQhbwN1EEHDYah0JpdUnPehoUVPNn6uKyYUE_h2DHHmD2pUk3t-WRhzNe_oO1IL8gV8ozBImz_S7og2L3qx7gATUO=w408-h601-k-no<br>additional: <br>website: https://bouncedancers.wordpress.com/<br>parent_place: <br>additional_urls: []]]></description>
        <styleUrl>#icon-1899-FF5252-labelson</styleUrl>
        <ExtendedData>
          <Data name="﻿id">
            <value>68f2f6f517de0681a60e3f73</value>
          </Data>
          <Data name="category">
            <value>Dance school</value>
          </Data>
          <Data name="address_full">
            <value>Radoslava Grujića 21a, Beograd 11000, Serbia</value>
          </Data>
          <Data name="district">
            <value>Vračar</value>
          </Data>
          <Data name="address">
            <value>Radoslava Grujića 21a</value>
          </Data>
          <Data name="city">
            <value>Belgrade</value>
          </Data>
          <Data name="index">
            <value>11000.0</value>
          </Data>
          <Data name="country">
            <value>RS</value>
          </Data>
          <Data name="phone">
            <value>+381 63 7616681</value>
          </Data>
          <Data name="location">
            <value>44.800456,20.479857</value>
          </Data>
          <Data name="reting">
            <value>5.0</value>
          </Data>
          <Data name="place_id">
            <value>ChIJs4TDezFxWkcRFlC2SWedwVs</value>
          </Data>
          <Data name="tags">
            <value><![CDATA[["Dance school"]]]></value>
          </Data>
          <Data name="search_url">
            <value><![CDATA[https://www.google.com/maps/search/?api=1&query=Bounce%20plesni%20studio&query_place_id=ChIJs4TDezFxWkcRFlC2SWedwVs]]></value>
          </Data>
          <Data name="map_url">
            <value>https://www.google.com/maps/search/dance%20school/@45.16610084047514,20.91062925,10z?hl=en</value>
          </Data>
          <Data name="main_category">
            <value>dance school</value>
          </Data>
          <Data name="image_url">
            <value>https://lh3.googleusercontent.com/gps-cs-s/AC9h4nr7dtEG89JdSyO1iDYczkVXwON9RkmjNlj7XxaSUaoG9kbPx_lemiqjQhbwN1EEHDYah0JpdUnPehoUVPNn6uKyYUE_h2DHHmD2pUk3t-WRhzNe_oO1IL8gV8ozBImz_S7og2L3qx7gATUO=w408-h601-k-no</value>
          </Data>
          <Data name="additional">
            <value/>
          </Data>
          <Data name="website">
            <value>https://bouncedancers.wordpress.com/</value>
          </Data>
          <Data name="parent_place">
            <value/>
          </Data>
          <Data name="additional_urls">
            <value>[]</value>
          </Data>
        </ExtendedData>
        <Point>
          <coordinates>
            20.479857,44.800456,0
          </coordinates>
        </Point>
      </Placemark>
      <Placemark>
        <name>Danza del Arte Belgrado</name>
        <description><![CDATA[﻿id: 68f2f6f517de0681a60e3f74<br>category: Dance school<br>address_full: Resavska 16, Beograd 11000, Serbia<br>district: Vračar<br>address: Resavska 16<br>city: Belgrade<br>index: 11000<br>country: RS<br>phone: +381 65 5544455<br>location: 44.808567,20.4665041<br>reting: 4,7<br>place_id: ChIJrbiw-q56WkcRHiprkhF5q2I<br>tags: ["Dance school"]<br>search_url: https://www.google.com/maps/search/?api=1&query=Danza%20del%20Arte%20Belgrado&query_place_id=ChIJrbiw-q56WkcRHiprkhF5q2I<br>map_url: https://www.google.com/maps/search/dance%20school/@45.16610084047514,20.91062925,10z?hl=en<br>main_category: dance school<br>image_url: https://lh3.googleusercontent.com/gps-cs-s/AC9h4nrW6cCQP0ppgXXkK45u0u5ragxyiDPCeTT7PxxM0FI_cw1nvJXowgUgPibC3dEwuhzWCNLC8lZ0qYiYpfqk2bqgUmpmBxME-hm2EwBMpzQoSqXnVqBL03TGNNzWdENngDbiAUtw=w426-h240-k-no<br>additional: <br>website: https://www.facebook.com/DanzadelArte/<br>parent_place: <br>additional_urls: []]]></description>
        <styleUrl>#icon-1899-FF5252-labelson</styleUrl>
        <ExtendedData>
          <Data name="﻿id">
            <value>68f2f6f517de0681a60e3f74</value>
          </Data>
          <Data name="category">
            <value>Dance school</value>
          </Data>
          <Data name="address_full">
            <value>Resavska 16, Beograd 11000, Serbia</value>
          </Data>
          <Data name="district">
            <value>Vračar</value>
          </Data>
          <Data name="address">
            <value>Resavska 16</value>
          </Data>
          <Data name="city">
            <value>Belgrade</value>
          </Data>
          <Data name="index">
            <value>11000.0</value>
          </Data>
          <Data name="country">
            <value>RS</value>
          </Data>
          <Data name="phone">
            <value>+381 65 5544455</value>
          </Data>
          <Data name="location">
            <value>44.808567,20.4665041</value>
          </Data>
          <Data name="reting">
            <value>4.7</value>
          </Data>
          <Data name="place_id">
            <value>ChIJrbiw-q56WkcRHiprkhF5q2I</value>
          </Data>
          <Data name="tags">
            <value><![CDATA[["Dance school"]]]></value>
          </Data>
          <Data name="search_url">
            <value><![CDATA[https://www.google.com/maps/search/?api=1&query=Danza%20del%20Arte%20Belgrado&query_place_id=ChIJrbiw-q56WkcRHiprkhF5q2I]]></value>
          </Data>
          <Data name="map_url">
            <value>https://www.google.com/maps/search/dance%20school/@45.16610084047514,20.91062925,10z?hl=en</value>
          </Data>
          <Data name="main_category">
            <value>dance school</value>
          </Data>
          <Data name="image_url">
            <value>https://lh3.googleusercontent.com/gps-cs-s/AC9h4nrW6cCQP0ppgXXkK45u0u5ragxyiDPCeTT7PxxM0FI_cw1nvJXowgUgPibC3dEwuhzWCNLC8lZ0qYiYpfqk2bqgUmpmBxME-hm2EwBMpzQoSqXnVqBL03TGNNzWdENngDbiAUtw=w426-h240-k-no</value>
          </Data>
          <Data name="additional">
            <value/>
          </Data>
          <Data name="website">
            <value>https://www.facebook.com/DanzadelArte/</value>
          </Data>
          <Data name="parent_place">
            <value/>
          </Data>
          <Data name="additional_urls">
            <value>[]</value>
          </Data>
        </ExtendedData>
        <Point>
          <coordinates>
            20.4665041,44.808567,0
          </coordinates>
        </Point>
      </Placemark>
      <Placemark>
        <name>Femme Space</name>
        <description><![CDATA[﻿id: 68f2f6f517de0681a60e3f75<br>category: Dance school<br>address_full: Braće Nedić 24, Beograd 11000, Serbia<br>district: Vračar<br>address: Braće Nedić 24<br>city: Belgrade<br>index: 11000<br>country: RS<br>phone: +381 65 8397311<br>location: 44.8050555,20.4718267<br>reting: 5<br>place_id: ChIJJfqcQMl7WkcRMGtZ91T84vA<br>tags: ["Dance school","Ballet school","Fitness center","Yoga studio"]<br>search_url: https://www.google.com/maps/search/?api=1&query=Femme%20Space&query_place_id=ChIJJfqcQMl7WkcRMGtZ91T84vA<br>map_url: https://www.google.com/maps/search/dance%20school/@45.16610084047514,20.91062925,10z?hl=en<br>main_category: dance school<br>image_url: https://streetviewpixels-pa.googleapis.com/v1/thumbnail?panoid=Xexag7JhWAmmUYUJwWyIwQ&cb_client=search.gws-prod.gps&w=408&h=240&yaw=333.9762&pitch=0&thumbfov=100<br>additional: <br>website: https://linktr.ee/femme_space<br>parent_place: <br>additional_urls: []]]></description>
        <styleUrl>#icon-1899-FF5252-labelson</styleUrl>
        <ExtendedData>
          <Data name="﻿id">
            <value>68f2f6f517de0681a60e3f75</value>
          </Data>
          <Data name="category">
            <value>Dance school</value>
          </Data>
          <Data name="address_full">
            <value>Braće Nedić 24, Beograd 11000, Serbia</value>
          </Data>
          <Data name="district">
            <value>Vračar</value>
          </Data>
          <Data name="address">
            <value>Braće Nedić 24</value>
          </Data>
          <Data name="city">
            <value>Belgrade</value>
          </Data>
          <Data name="index">
            <value>11000.0</value>
          </Data>
          <Data name="country">
            <value>RS</value>
          </Data>
          <Data name="phone">
            <value>+381 65 8397311</value>
          </Data>
          <Data name="location">
            <value>44.8050555,20.4718267</value>
          </Data>
          <Data name="reting">
            <value>5.0</value>
          </Data>
          <Data name="place_id">
            <value>ChIJJfqcQMl7WkcRMGtZ91T84vA</value>
          </Data>
          <Data name="tags">
            <value><![CDATA[["Dance school","Ballet school","Fitness center","Yoga studio"]]]></value>
          </Data>
          <Data name="search_url">
            <value><![CDATA[https://www.google.com/maps/search/?api=1&query=Femme%20Space&query_place_id=ChIJJfqcQMl7WkcRMGtZ91T84vA]]></value>
          </Data>
          <Data name="map_url">
            <value>https://www.google.com/maps/search/dance%20school/@45.16610084047514,20.91062925,10z?hl=en</value>
          </Data>
          <Data name="main_category">
            <value>dance school</value>
          </Data>
          <Data name="image_url">
            <value><![CDATA[https://streetviewpixels-pa.googleapis.com/v1/thumbnail?panoid=Xexag7JhWAmmUYUJwWyIwQ&cb_client=search.gws-prod.gps&w=408&h=240&yaw=333.9762&pitch=0&thumbfov=100]]></value>
          </Data>
          <Data name="additional">
            <value/>
          </Data>
          <Data name="website">
            <value>https://linktr.ee/femme_space</value>
          </Data>
          <Data name="parent_place">
            <value/>
          </Data>
          <Data name="additional_urls">
            <value>[]</value>
          </Data>
        </ExtendedData>
        <Point>
          <coordinates>
            20.4718267,44.8050555,0
          </coordinates>
        </Point>
      </Placemark>
      <Placemark>
        <name>Plesna skola Black Squad / BLACK SQUAD SPACE</name>
        <description><![CDATA[﻿id: 68f2f6f517de0681a60e3f76<br>category: Dance school<br>address_full: Popova bara nova 102. 20, Beograd 11211, Serbia<br>district: <br>address: Popova bara nova 102. 20<br>city: Belgrade<br>index: 11211<br>country: RS<br>phone: +381 60 0343422<br>location: 44.874367,20.4720979<br>reting: 4,1<br>place_id: ChIJZ4s_LkBhWkcR_YStS53KBnk<br>tags: ["Dance school"]<br>search_url: https://www.google.com/maps/search/?api=1&query=Plesna%20skola%20Black%20Squad%20%2F%20BLACK%20SQUAD%20SPACE&query_place_id=ChIJZ4s_LkBhWkcR_YStS53KBnk<br>map_url: https://www.google.com/maps/search/dance%20school/@45.16610084047514,20.91062925,10z?hl=en<br>main_category: dance school<br>image_url: https://lh3.googleusercontent.com/gps-cs-s/AC9h4nqxyEsZG1Ab6OhcwrJKb2yJfwryjORVa1xnK4zlgpwYd6ujESa25g1GIWAfff2B3fUdigXJxzEWxqP9gOZm_o6TXz849CIT5OkGg0ciT4RmcA8faBkPdh04u43trpLFVQb7UPI=w408-h306-k-no<br>additional: BLACK SQUAD SPACE<br>website: <br>parent_place: <br>additional_urls: []]]></description>
        <styleUrl>#icon-1899-FF5252-labelson</styleUrl>
        <ExtendedData>
          <Data name="﻿id">
            <value>68f2f6f517de0681a60e3f76</value>
          </Data>
          <Data name="category">
            <value>Dance school</value>
          </Data>
          <Data name="address_full">
            <value>Popova bara nova 102. 20, Beograd 11211, Serbia</value>
          </Data>
          <Data name="district">
            <value/>
          </Data>
          <Data name="address">
            <value>Popova bara nova 102. 20</value>
          </Data>
          <Data name="city">
            <value>Belgrade</value>
          </Data>
          <Data name="index">
            <value>11211.0</value>
          </Data>
          <Data name="country">
            <value>RS</value>
          </Data>
          <Data name="phone">
            <value>+381 60 0343422</value>
          </Data>
          <Data name="location">
            <value>44.874367,20.4720979</value>
          </Data>
          <Data name="reting">
            <value>4.1</value>
          </Data>
          <Data name="place_id">
            <value>ChIJZ4s_LkBhWkcR_YStS53KBnk</value>
          </Data>
          <Data name="tags">
            <value><![CDATA[["Dance school"]]]></value>
          </Data>
          <Data name="search_url">
            <value><![CDATA[https://www.google.com/maps/search/?api=1&query=Plesna%20skola%20Black%20Squad%20%2F%20BLACK%20SQUAD%20SPACE&query_place_id=ChIJZ4s_LkBhWkcR_YStS53KBnk]]></value>
          </Data>
          <Data name="map_url">
            <value>https://www.google.com/maps/search/dance%20school/@45.16610084047514,20.91062925,10z?hl=en</value>
          </Data>
          <Data name="main_category">
            <value>dance school</value>
          </Data>
          <Data name="image_url">
            <value>https://lh3.googleusercontent.com/gps-cs-s/AC9h4nqxyEsZG1Ab6OhcwrJKb2yJfwryjORVa1xnK4zlgpwYd6ujESa25g1GIWAfff2B3fUdigXJxzEWxqP9gOZm_o6TXz849CIT5OkGg0ciT4RmcA8faBkPdh04u43trpLFVQb7UPI=w408-h306-k-no</value>
          </Data>
          <Data name="additional">
            <value>BLACK SQUAD SPACE</value>
          </Data>
          <Data name="website">
            <value/>
          </Data>
          <Data name="parent_place">
            <value/>
          </Data>
          <Data name="additional_urls">
            <value>[]</value>
          </Data>
        </ExtendedData>
        <Point>
          <coordinates>
            20.4720979,44.874367,0
          </coordinates>
        </Point>
      </Placemark>
      <Placemark>
        <name>UV DANCE ANIMATORI</name>
        <description><![CDATA[﻿id: 68f2f6f517de0681a60e3f77<br>category: Children's club<br>address_full: Resavska 28, Beograd 11000, Serbia<br>district: Vračar<br>address: Resavska 28<br>city: Belgrade<br>index: 11000<br>country: RS<br>phone: +381 69 1000001<br>location: 44.8076783,20.4654008<br>reting: 5<br>place_id: ChIJKebva6Z6WkcRfCM-WXXv1v8<br>tags: ["Children's club","Dance club","Dance school","Entertainment agency","Event management company"]<br>search_url: https://www.google.com/maps/search/?api=1&query=UV%20DANCE%20ANIMATORI&query_place_id=ChIJKebva6Z6WkcRfCM-WXXv1v8<br>map_url: https://www.google.com/maps/search/dance%20school/@45.16610084047514,20.91062925,10z?hl=en<br>main_category: dance school<br>image_url: https://lh3.googleusercontent.com/p/AF1QipMPxfCCT2pqfiyJyjmHRN9ZGIRoiIozmlDYVt20=w426-h240-k-no<br>additional: <br>website: http://www.uvdance.rs/<br>parent_place: <br>additional_urls: [{"name":"animatori.rs","url":"http://www.animatori.rs/"}]]]></description>
        <styleUrl>#icon-1899-FF5252-labelson</styleUrl>
        <ExtendedData>
          <Data name="﻿id">
            <value>68f2f6f517de0681a60e3f77</value>
          </Data>
          <Data name="category">
            <value><![CDATA[Children's club]]></value>
          </Data>
          <Data name="address_full">
            <value>Resavska 28, Beograd 11000, Serbia</value>
          </Data>
          <Data name="district">
            <value>Vračar</value>
          </Data>
          <Data name="address">
            <value>Resavska 28</value>
          </Data>
          <Data name="city">
            <value>Belgrade</value>
          </Data>
          <Data name="index">
            <value>11000.0</value>
          </Data>
          <Data name="country">
            <value>RS</value>
          </Data>
          <Data name="phone">
            <value>+381 69 1000001</value>
          </Data>
          <Data name="location">
            <value>44.8076783,20.4654008</value>
          </Data>
          <Data name="reting">
            <value>5.0</value>
          </Data>
          <Data name="place_id">
            <value>ChIJKebva6Z6WkcRfCM-WXXv1v8</value>
          </Data>
          <Data name="tags">
            <value><![CDATA[["Children's club","Dance club","Dance school","Entertainment agency","Event management company"]]]></value>
          </Data>
          <Data name="search_url">
            <value><![CDATA[https://www.google.com/maps/search/?api=1&query=UV%20DANCE%20ANIMATORI&query_place_id=ChIJKebva6Z6WkcRfCM-WXXv1v8]]></value>
          </Data>
          <Data name="map_url">
            <value>https://www.google.com/maps/search/dance%20school/@45.16610084047514,20.91062925,10z?hl=en</value>
          </Data>
          <Data name="main_category">
            <value>dance school</value>
          </Data>
          <Data name="image_url">
            <value>https://lh3.googleusercontent.com/p/AF1QipMPxfCCT2pqfiyJyjmHRN9ZGIRoiIozmlDYVt20=w426-h240-k-no</value>
          </Data>
          <Data name="additional">
            <value/>
          </Data>
          <Data name="website">
            <value>http://www.uvdance.rs/</value>
          </Data>
          <Data name="parent_place">
            <value/>
          </Data>
          <Data name="additional_urls">
            <value><![CDATA[[{"name":"animatori.rs","url":"http://www.animatori.rs/"}]]]></value>
          </Data>
        </ExtendedData>
        <Point>
          <coordinates>
            20.4654008,44.8076783,0
          </coordinates>
        </Point>
      </Placemark>
      <Placemark>
        <name>Jay Jagannath School of Odissi Dance</name>
        <description><![CDATA[﻿id: 68f2f6f517de0681a60e3f79<br>category: Dance school<br>address_full: Kraljevića Marka 4-8, Beograd 11080, Serbia<br>district: Savski Venac<br>address: Kraljevića Marka 4-8<br>city: Belgrade<br>index: 11080<br>country: RS<br>phone: +381 61 6113589<br>location: 44.813453,20.453355<br>reting: 5<br>place_id: ChIJtadKJm1lWkcRymMLWdoI7F4<br>tags: ["Dance school"]<br>search_url: https://www.google.com/maps/search/?api=1&query=Jay%20Jagannath%20School%20of%20Odissi%20Dance&query_place_id=ChIJtadKJm1lWkcRymMLWdoI7F4<br>map_url: https://www.google.com/maps/search/dance%20school/@45.16610084047514,20.91062925,10z?hl=en<br>main_category: dance school<br>image_url: https://lh3.googleusercontent.com/p/AF1QipN8bDjOAu8KLybvnA64r0PIdS0sX9aZTPnML07q=w426-h240-k-no<br>additional: <br>website: <br>parent_place: Imperia Apartments<br>additional_urls: []]]></description>
        <styleUrl>#icon-1899-FF5252-labelson</styleUrl>
        <ExtendedData>
          <Data name="﻿id">
            <value>68f2f6f517de0681a60e3f79</value>
          </Data>
          <Data name="category">
            <value>Dance school</value>
          </Data>
          <Data name="address_full">
            <value>Kraljevića Marka 4-8, Beograd 11080, Serbia</value>
          </Data>
          <Data name="district">
            <value>Savski Venac</value>
          </Data>
          <Data name="address">
            <value>Kraljevića Marka 4-8</value>
          </Data>
          <Data name="city">
            <value>Belgrade</value>
          </Data>
          <Data name="index">
            <value>11080.0</value>
          </Data>
          <Data name="country">
            <value>RS</value>
          </Data>
          <Data name="phone">
            <value>+381 61 6113589</value>
          </Data>
          <Data name="location">
            <value>44.813453,20.453355</value>
          </Data>
          <Data name="reting">
            <value>5.0</value>
          </Data>
          <Data name="place_id">
            <value>ChIJtadKJm1lWkcRymMLWdoI7F4</value>
          </Data>
          <Data name="tags">
            <value><![CDATA[["Dance school"]]]></value>
          </Data>
          <Data name="search_url">
            <value><![CDATA[https://www.google.com/maps/search/?api=1&query=Jay%20Jagannath%20School%20of%20Odissi%20Dance&query_place_id=ChIJtadKJm1lWkcRymMLWdoI7F4]]></value>
          </Data>
          <Data name="map_url">
            <value>https://www.google.com/maps/search/dance%20school/@45.16610084047514,20.91062925,10z?hl=en</value>
          </Data>
          <Data name="main_category">
            <value>dance school</value>
          </Data>
          <Data name="image_url">
            <value>https://lh3.googleusercontent.com/p/AF1QipN8bDjOAu8KLybvnA64r0PIdS0sX9aZTPnML07q=w426-h240-k-no</value>
          </Data>
          <Data name="additional">
            <value/>
          </Data>
          <Data name="website">
            <value/>
          </Data>
          <Data name="parent_place">
            <value>Imperia Apartments</value>
          </Data>
          <Data name="additional_urls">
            <value>[]</value>
          </Data>
        </ExtendedData>
        <Point>
          <coordinates>
            20.453355,44.813453,0
          </coordinates>
        </Point>
      </Placemark>
      <Placemark>
        <name>Invictus Pole Dance</name>
        <description><![CDATA[﻿id: 68f2f6f517de0681a60e3f7a<br>category: Dance school<br>address_full: Palmira Toljatija 5, Beograd 11000, Serbia<br>district: New Belgrade<br>address: Palmira Toljatija 5<br>city: Belgrade<br>index: 11000<br>country: RS<br>phone: +381 66 6842887<br>location: 44.8292235,20.4127458<br>reting: 5<br>place_id: ChIJo8orgbt7WkcRXGnvZVYGU04<br>tags: ["Dance school","Fitness center"]<br>search_url: https://www.google.com/maps/search/?api=1&query=Invictus%20Pole%20Dance&query_place_id=ChIJo8orgbt7WkcRXGnvZVYGU04<br>map_url: https://www.google.com/maps/search/dance%20school/@45.16610084047514,20.91062925,10z?hl=en<br>main_category: dance school<br>image_url: https://lh3.googleusercontent.com/p/AF1QipN4EJE9iVNdOHT1MQd9SAznmlW6zr4IufAJYjsV=w426-h240-k-no<br>additional: <br>website: https://invictuspoledance.com/<br>parent_place: Stari Merkator Shopping Center<br>additional_urls: []]]></description>
        <styleUrl>#icon-1899-FF5252-labelson</styleUrl>
        <ExtendedData>
          <Data name="﻿id">
            <value>68f2f6f517de0681a60e3f7a</value>
          </Data>
          <Data name="category">
            <value>Dance school</value>
          </Data>
          <Data name="address_full">
            <value>Palmira Toljatija 5, Beograd 11000, Serbia</value>
          </Data>
          <Data name="district">
            <value>New Belgrade</value>
          </Data>
          <Data name="address">
            <value>Palmira Toljatija 5</value>
          </Data>
          <Data name="city">
            <value>Belgrade</value>
          </Data>
          <Data name="index">
            <value>11000.0</value>
          </Data>
          <Data name="country">
            <value>RS</value>
          </Data>
          <Data name="phone">
            <value>+381 66 6842887</value>
          </Data>
          <Data name="location">
            <value>44.8292235,20.4127458</value>
          </Data>
          <Data name="reting">
            <value>5.0</value>
          </Data>
          <Data name="place_id">
            <value>ChIJo8orgbt7WkcRXGnvZVYGU04</value>
          </Data>
          <Data name="tags">
            <value><![CDATA[["Dance school","Fitness center"]]]></value>
          </Data>
          <Data name="search_url">
            <value><![CDATA[https://www.google.com/maps/search/?api=1&query=Invictus%20Pole%20Dance&query_place_id=ChIJo8orgbt7WkcRXGnvZVYGU04]]></value>
          </Data>
          <Data name="map_url">
            <value>https://www.google.com/maps/search/dance%20school/@45.16610084047514,20.91062925,10z?hl=en</value>
          </Data>
          <Data name="main_category">
            <value>dance school</value>
          </Data>
          <Data name="image_url">
            <value>https://lh3.googleusercontent.com/p/AF1QipN4EJE9iVNdOHT1MQd9SAznmlW6zr4IufAJYjsV=w426-h240-k-no</value>
          </Data>
          <Data name="additional">
            <value/>
          </Data>
          <Data name="website">
            <value>https://invictuspoledance.com/</value>
          </Data>
          <Data name="parent_place">
            <value>Stari Merkator Shopping Center</value>
          </Data>
          <Data name="additional_urls">
            <value>[]</value>
          </Data>
        </ExtendedData>
        <Point>
          <coordinates>
            20.4127458,44.8292235,0
          </coordinates>
        </Point>
      </Placemark>
      <Placemark>
        <name><![CDATA[Plesna škola "Sanja & Dejan"]]></name>
        <description><![CDATA[﻿id: 68f2f6f517de0681a60e3f7b<br>category: Dance school<br>address_full: Deligradska 27, Beograd 11000, Serbia<br>district: Savski Venac<br>address: Deligradska 27<br>city: Belgrade<br>index: 11000<br>country: RS<br>phone: +381 63 8847897<br>location: 44.7999711,20.463254<br>reting: 5<br>place_id: ChIJF6lqJLqwVUcR6cbn6ofdF6s<br>tags: ["Dance school"]<br>search_url: https://www.google.com/maps/search/?api=1&query=Plesna%20%C5%A1kola%20%22Sanja%20%26%20Dejan%22&query_place_id=ChIJF6lqJLqwVUcR6cbn6ofdF6s<br>map_url: https://www.google.com/maps/search/dance%20school/@45.16610084047514,20.91062925,10z?hl=en<br>main_category: dance school<br>image_url: https://lh3.googleusercontent.com/p/AF1QipMr0TNdbGZGU7uhn--afmCuipy5iU_9jFXC4hq2=w408-h725-k-no<br>additional: <br>website: <br>parent_place: <br>additional_urls: []]]></description>
        <styleUrl>#icon-1899-FF5252-labelson</styleUrl>
        <ExtendedData>
          <Data name="﻿id">
            <value>68f2f6f517de0681a60e3f7b</value>
          </Data>
          <Data name="category">
            <value>Dance school</value>
          </Data>
          <Data name="address_full">
            <value>Deligradska 27, Beograd 11000, Serbia</value>
          </Data>
          <Data name="district">
            <value>Savski Venac</value>
          </Data>
          <Data name="address">
            <value>Deligradska 27</value>
          </Data>
          <Data name="city">
            <value>Belgrade</value>
          </Data>
          <Data name="index">
            <value>11000.0</value>
          </Data>
          <Data name="country">
            <value>RS</value>
          </Data>
          <Data name="phone">
            <value>+381 63 8847897</value>
          </Data>
          <Data name="location">
            <value>44.7999711,20.463254</value>
          </Data>
          <Data name="reting">
            <value>5.0</value>
          </Data>
          <Data name="place_id">
            <value>ChIJF6lqJLqwVUcR6cbn6ofdF6s</value>
          </Data>
          <Data name="tags">
            <value><![CDATA[["Dance school"]]]></value>
          </Data>
          <Data name="search_url">
            <value><![CDATA[https://www.google.com/maps/search/?api=1&query=Plesna%20%C5%A1kola%20%22Sanja%20%26%20Dejan%22&query_place_id=ChIJF6lqJLqwVUcR6cbn6ofdF6s]]></value>
          </Data>
          <Data name="map_url">
            <value>https://www.google.com/maps/search/dance%20school/@45.16610084047514,20.91062925,10z?hl=en</value>
          </Data>
          <Data name="main_category">
            <value>dance school</value>
          </Data>
          <Data name="image_url">
            <value>https://lh3.googleusercontent.com/p/AF1QipMr0TNdbGZGU7uhn--afmCuipy5iU_9jFXC4hq2=w408-h725-k-no</value>
          </Data>
          <Data name="additional">
            <value/>
          </Data>
          <Data name="website">
            <value/>
          </Data>
          <Data name="parent_place">
            <value/>
          </Data>
          <Data name="additional_urls">
            <value>[]</value>
          </Data>
        </ExtendedData>
        <Point>
          <coordinates>
            20.463254,44.7999711,0
          </coordinates>
        </Point>
      </Placemark>
      <Placemark>
        <name>Timbao Salsa School</name>
        <description><![CDATA[﻿id: 68f2f6f517de0681a60e3f7c<br>category: Dance school<br>address_full: Makedonska 1, Tc Staklenac 2 sprat, Beograd, Serbia<br>district: Stari Grad<br>address: Makedonska 1, Tc Staklenac 2 sprat<br>city: Belgrade<br>index: <br>country: RS<br>phone: +381 66 8488000<br>location: 44.816067,20.461727<br>reting: 4,9<br>place_id: ChIJt_UwMLJ6WkcRo02xFwJDM0M<br>tags: ["Dance school","Dance company","Entertainment agency","Salsa classes"]<br>search_url: https://www.google.com/maps/search/?api=1&query=Timbao%20Salsa%20School&query_place_id=ChIJt_UwMLJ6WkcRo02xFwJDM0M<br>map_url: https://www.google.com/maps/search/dance%20school/@45.16610084047514,20.91062925,10z?hl=en<br>main_category: dance school<br>image_url: https://lh3.googleusercontent.com/p/AF1QipNo4Fka2mHZK9sh-m5pYXgifQ3MzC5O14V3kNOG=w408-h544-k-no<br>additional: Tимбао Школа Салсе<br>website: http://www.timbaocubano.rs/<br>parent_place: <br>additional_urls: []]]></description>
        <styleUrl>#icon-1899-FF5252-labelson</styleUrl>
        <ExtendedData>
          <Data name="﻿id">
            <value>68f2f6f517de0681a60e3f7c</value>
          </Data>
          <Data name="category">
            <value>Dance school</value>
          </Data>
          <Data name="address_full">
            <value>Makedonska 1, Tc Staklenac 2 sprat, Beograd, Serbia</value>
          </Data>
          <Data name="district">
            <value>Stari Grad</value>
          </Data>
          <Data name="address">
            <value>Makedonska 1, Tc Staklenac 2 sprat</value>
          </Data>
          <Data name="city">
            <value>Belgrade</value>
          </Data>
          <Data name="index">
            <value/>
          </Data>
          <Data name="country">
            <value>RS</value>
          </Data>
          <Data name="phone">
            <value>+381 66 8488000</value>
          </Data>
          <Data name="location">
            <value>44.816067,20.461727</value>
          </Data>
          <Data name="reting">
            <value>4.9</value>
          </Data>
          <Data name="place_id">
            <value>ChIJt_UwMLJ6WkcRo02xFwJDM0M</value>
          </Data>
          <Data name="tags">
            <value><![CDATA[["Dance school","Dance company","Entertainment agency","Salsa classes"]]]></value>
          </Data>
          <Data name="search_url">
            <value><![CDATA[https://www.google.com/maps/search/?api=1&query=Timbao%20Salsa%20School&query_place_id=ChIJt_UwMLJ6WkcRo02xFwJDM0M]]></value>
          </Data>
          <Data name="map_url">
            <value>https://www.google.com/maps/search/dance%20school/@45.16610084047514,20.91062925,10z?hl=en</value>
          </Data>
          <Data name="main_category">
            <value>dance school</value>
          </Data>
          <Data name="image_url">
            <value>https://lh3.googleusercontent.com/p/AF1QipNo4Fka2mHZK9sh-m5pYXgifQ3MzC5O14V3kNOG=w408-h544-k-no</value>
          </Data>
          <Data name="additional">
            <value>Tимбао Школа Салсе</value>
          </Data>
          <Data name="website">
            <value>http://www.timbaocubano.rs/</value>
          </Data>
          <Data name="parent_place">
            <value/>
          </Data>
          <Data name="additional_urls">
            <value>[]</value>
          </Data>
        </ExtendedData>
        <Point>
          <coordinates>
            20.461727,44.816067,0
          </coordinates>
        </Point>
      </Placemark>
      <Placemark>
        <name>Shuffle dance Beograd</name>
        <description><![CDATA[﻿id: 68f2f6f517de0681a60e3f7d<br>category: Dance school<br>address_full: Gradski Park 2 Sportski centar Pinki, drugi sprat, Beograd 200139, Serbia<br>district: Zemun<br>address: Gradski Park 2 Sportski centar Pinki, drugi sprat<br>city: Belgrade<br>index: 200139<br>country: RS<br>phone: +381 61 1029490<br>location: 44.841218,20.4113589<br>reting: 5<br>place_id: ChIJn2tUXNFlWkcR3OG-guF98Wg<br>tags: ["Dance school"]<br>search_url: https://www.google.com/maps/search/?api=1&query=Shuffle%20dance%20Beograd&query_place_id=ChIJn2tUXNFlWkcR3OG-guF98Wg<br>map_url: https://www.google.com/maps/search/dance%20school/@45.16610084047514,20.91062925,10z?hl=en<br>main_category: dance school<br>image_url: https://lh3.googleusercontent.com/p/AF1QipNkItS2dFgJKPmVAxSSFom87uq3uuY8ij6XrEt-=w408-h272-k-no<br>additional: <br>website: https://www.instagram.com/shuffledancebalkan/<br>parent_place: <br>additional_urls: []]]></description>
        <styleUrl>#icon-1899-FF5252-labelson</styleUrl>
        <ExtendedData>
          <Data name="﻿id">
            <value>68f2f6f517de0681a60e3f7d</value>
          </Data>
          <Data name="category">
            <value>Dance school</value>
          </Data>
          <Data name="address_full">
            <value>Gradski Park 2 Sportski centar Pinki, drugi sprat, Beograd 200139, Serbia</value>
          </Data>
          <Data name="district">
            <value>Zemun</value>
          </Data>
          <Data name="address">
            <value>Gradski Park 2 Sportski centar Pinki, drugi sprat</value>
          </Data>
          <Data name="city">
            <value>Belgrade</value>
          </Data>
          <Data name="index">
            <value>200139.0</value>
          </Data>
          <Data name="country">
            <value>RS</value>
          </Data>
          <Data name="phone">
            <value>+381 61 1029490</value>
          </Data>
          <Data name="location">
            <value>44.841218,20.4113589</value>
          </Data>
          <Data name="reting">
            <value>5.0</value>
          </Data>
          <Data name="place_id">
            <value>ChIJn2tUXNFlWkcR3OG-guF98Wg</value>
          </Data>
          <Data name="tags">
            <value><![CDATA[["Dance school"]]]></value>
          </Data>
          <Data name="search_url">
            <value><![CDATA[https://www.google.com/maps/search/?api=1&query=Shuffle%20dance%20Beograd&query_place_id=ChIJn2tUXNFlWkcR3OG-guF98Wg]]></value>
          </Data>
          <Data name="map_url">
            <value>https://www.google.com/maps/search/dance%20school/@45.16610084047514,20.91062925,10z?hl=en</value>
          </Data>
          <Data name="main_category">
            <value>dance school</value>
          </Data>
          <Data name="image_url">
            <value>https://lh3.googleusercontent.com/p/AF1QipNkItS2dFgJKPmVAxSSFom87uq3uuY8ij6XrEt-=w408-h272-k-no</value>
          </Data>
          <Data name="additional">
            <value/>
          </Data>
          <Data name="website">
            <value>https://www.instagram.com/shuffledancebalkan/</value>
          </Data>
          <Data name="parent_place">
            <value/>
          </Data>
          <Data name="additional_urls">
            <value>[]</value>
          </Data>
        </ExtendedData>
        <Point>
          <coordinates>
            20.4113589,44.841218,0
          </coordinates>
        </Point>
      </Placemark>
      <Placemark>
        <name><![CDATA[Chic'a go! Studio]]></name>
        <description><![CDATA[﻿id: 68f2f6f517de0681a60e3f7e<br>category: Dance school<br>address_full: Nušićeva 8, Beograd, Serbia<br>district: Stari Grad<br>address: Nušićeva 8<br>city: Belgrade<br>index: <br>country: RS<br>phone: +381 63 1917443<br>location: 44.813842,20.4620701<br>reting: 5<br>place_id: ChIJERG8Vwt7WkcRJ9Fe0Ffrf0c<br>tags: ["Dance school","Fitness center"]<br>search_url: https://www.google.com/maps/search/?api=1&query=Chic'a%20go!%20Studio&query_place_id=ChIJERG8Vwt7WkcRJ9Fe0Ffrf0c<br>map_url: https://www.google.com/maps/search/dance%20school/@45.16610084047514,20.91062925,10z?hl=en<br>main_category: dance school<br>image_url: https://lh3.googleusercontent.com/gps-cs-s/AC9h4nohykjxtjc-LpJydk-RVmQYfgmgXeD42za5Mvkh1V470eOMhPJHpghYzjS83UUVeKtQgkcBTLuWseDJkIAILkKwOSPHwNpSqRUn5xsRGjvcEX1XFPA9dkcJYFZ_Dt4n8hYT9zEM=w408-h272-k-no<br>additional: <br>website: https://chic-a-go.studio/<br>parent_place: <br>additional_urls: []]]></description>
        <styleUrl>#icon-1899-FF5252-labelson</styleUrl>
        <ExtendedData>
          <Data name="﻿id">
            <value>68f2f6f517de0681a60e3f7e</value>
          </Data>
          <Data name="category">
            <value>Dance school</value>
          </Data>
          <Data name="address_full">
            <value>Nušićeva 8, Beograd, Serbia</value>
          </Data>
          <Data name="district">
            <value>Stari Grad</value>
          </Data>
          <Data name="address">
            <value>Nušićeva 8</value>
          </Data>
          <Data name="city">
            <value>Belgrade</value>
          </Data>
          <Data name="index">
            <value/>
          </Data>
          <Data name="country">
            <value>RS</value>
          </Data>
          <Data name="phone">
            <value>+381 63 1917443</value>
          </Data>
          <Data name="location">
            <value>44.813842,20.4620701</value>
          </Data>
          <Data name="reting">
            <value>5.0</value>
          </Data>
          <Data name="place_id">
            <value>ChIJERG8Vwt7WkcRJ9Fe0Ffrf0c</value>
          </Data>
          <Data name="tags">
            <value><![CDATA[["Dance school","Fitness center"]]]></value>
          </Data>
          <Data name="search_url">
            <value><![CDATA[https://www.google.com/maps/search/?api=1&query=Chic'a%20go!%20Studio&query_place_id=ChIJERG8Vwt7WkcRJ9Fe0Ffrf0c]]></value>
          </Data>
          <Data name="map_url">
            <value>https://www.google.com/maps/search/dance%20school/@45.16610084047514,20.91062925,10z?hl=en</value>
          </Data>
          <Data name="main_category">
            <value>dance school</value>
          </Data>
          <Data name="image_url">
            <value>https://lh3.googleusercontent.com/gps-cs-s/AC9h4nohykjxtjc-LpJydk-RVmQYfgmgXeD42za5Mvkh1V470eOMhPJHpghYzjS83UUVeKtQgkcBTLuWseDJkIAILkKwOSPHwNpSqRUn5xsRGjvcEX1XFPA9dkcJYFZ_Dt4n8hYT9zEM=w408-h272-k-no</value>
          </Data>
          <Data name="additional">
            <value/>
          </Data>
          <Data name="website">
            <value>https://chic-a-go.studio/</value>
          </Data>
          <Data name="parent_place">
            <value/>
          </Data>
          <Data name="additional_urls">
            <value>[]</value>
          </Data>
        </ExtendedData>
        <Point>
          <coordinates>
            20.4620701,44.813842,0
          </coordinates>
        </Point>
      </Placemark>
      <Placemark>
        <name>Elite Society</name>
        <description><![CDATA[﻿id: 68f2f6f517de0681a60e3f7f<br>category: Dance school<br>address_full: Kralja Milana 4, Beograd 11000, Serbia<br>district: Stari Grad<br>address: Kralja Milana 4<br>city: Belgrade<br>index: 11000<br>country: RS<br>phone: +381 66 125622<br>location: 44.8108558,20.4619877<br>reting: 5<br>place_id: ChIJv8cW4656WkcRNQropbmUNuM<br>tags: ["Dance school"]<br>search_url: https://www.google.com/maps/search/?api=1&query=Elite%20Society&query_place_id=ChIJv8cW4656WkcRNQropbmUNuM<br>map_url: https://www.google.com/maps/search/dance%20school/@45.16610084047514,20.91062925,10z?hl=en<br>main_category: dance school<br>image_url: https://streetviewpixels-pa.googleapis.com/v1/thumbnail?panoid=CwOlOHGKUxNpf-cRpFemsw&cb_client=search.gws-prod.gps&w=408&h=240&yaw=242.46964&pitch=0&thumbfov=100<br>additional: <br>website: http://www.navidiku.rs/firme/plesne-skole-beograd/plesna-skola-elite-society<br>parent_place: <br>additional_urls: []]]></description>
        <styleUrl>#icon-1899-FF5252-labelson</styleUrl>
        <ExtendedData>
          <Data name="﻿id">
            <value>68f2f6f517de0681a60e3f7f</value>
          </Data>
          <Data name="category">
            <value>Dance school</value>
          </Data>
          <Data name="address_full">
            <value>Kralja Milana 4, Beograd 11000, Serbia</value>
          </Data>
          <Data name="district">
            <value>Stari Grad</value>
          </Data>
          <Data name="address">
            <value>Kralja Milana 4</value>
          </Data>
          <Data name="city">
            <value>Belgrade</value>
          </Data>
          <Data name="index">
            <value>11000.0</value>
          </Data>
          <Data name="country">
            <value>RS</value>
          </Data>
          <Data name="phone">
            <value>+381 66 125622</value>
          </Data>
          <Data name="location">
            <value>44.8108558,20.4619877</value>
          </Data>
          <Data name="reting">
            <value>5.0</value>
          </Data>
          <Data name="place_id">
            <value>ChIJv8cW4656WkcRNQropbmUNuM</value>
          </Data>
          <Data name="tags">
            <value><![CDATA[["Dance school"]]]></value>
          </Data>
          <Data name="search_url">
            <value><![CDATA[https://www.google.com/maps/search/?api=1&query=Elite%20Society&query_place_id=ChIJv8cW4656WkcRNQropbmUNuM]]></value>
          </Data>
          <Data name="map_url">
            <value>https://www.google.com/maps/search/dance%20school/@45.16610084047514,20.91062925,10z?hl=en</value>
          </Data>
          <Data name="main_category">
            <value>dance school</value>
          </Data>
          <Data name="image_url">
            <value><![CDATA[https://streetviewpixels-pa.googleapis.com/v1/thumbnail?panoid=CwOlOHGKUxNpf-cRpFemsw&cb_client=search.gws-prod.gps&w=408&h=240&yaw=242.46964&pitch=0&thumbfov=100]]></value>
          </Data>
          <Data name="additional">
            <value/>
          </Data>
          <Data name="website">
            <value>http://www.navidiku.rs/firme/plesne-skole-beograd/plesna-skola-elite-society</value>
          </Data>
          <Data name="parent_place">
            <value/>
          </Data>
          <Data name="additional_urls">
            <value>[]</value>
          </Data>
        </ExtendedData>
        <Point>
          <coordinates>
            20.4619877,44.8108558,0
          </coordinates>
        </Point>
      </Placemark>
      <Placemark>
        <name><![CDATA[Solo - ballet & stretching]]></name>
        <description><![CDATA[﻿id: 68f2f6f517de0681a60e3f80<br>category: Dance school<br>address_full: Braće Nedić 19, Beograd 11000, Serbia<br>district: Vračar<br>address: Braće Nedić 19<br>city: Belgrade<br>index: 11000<br>country: RS<br>phone: +381 69 1932307<br>location: 44.8051055,20.4724204<br>reting: 4,6<br>place_id: ChIJg1OfBCN7WkcRfsLmEr3GuP8<br>tags: ["Dance school"]<br>search_url: https://www.google.com/maps/search/?api=1&query=Solo%20-%20ballet%20%26%20stretching&query_place_id=ChIJg1OfBCN7WkcRfsLmEr3GuP8<br>map_url: https://www.google.com/maps/search/dance%20school/@45.16610084047514,20.91062925,10z?hl=en<br>main_category: dance school<br>image_url: https://lh3.googleusercontent.com/p/AF1QipMfDlkyQoYfMXo5xaLkWESVQLuJGU585gtVJx7s=w408-h544-k-no<br>additional: <br>website: https://www.instagram.com/solo_ballet_belgrade?igsh=MTY1MG40bmZqemIwZQ==<br>parent_place: <br>additional_urls: []]]></description>
        <styleUrl>#icon-1899-FF5252-labelson</styleUrl>
        <ExtendedData>
          <Data name="﻿id">
            <value>68f2f6f517de0681a60e3f80</value>
          </Data>
          <Data name="category">
            <value>Dance school</value>
          </Data>
          <Data name="address_full">
            <value>Braće Nedić 19, Beograd 11000, Serbia</value>
          </Data>
          <Data name="district">
            <value>Vračar</value>
          </Data>
          <Data name="address">
            <value>Braće Nedić 19</value>
          </Data>
          <Data name="city">
            <value>Belgrade</value>
          </Data>
          <Data name="index">
            <value>11000.0</value>
          </Data>
          <Data name="country">
            <value>RS</value>
          </Data>
          <Data name="phone">
            <value>+381 69 1932307</value>
          </Data>
          <Data name="location">
            <value>44.8051055,20.4724204</value>
          </Data>
          <Data name="reting">
            <value>4.6</value>
          </Data>
          <Data name="place_id">
            <value>ChIJg1OfBCN7WkcRfsLmEr3GuP8</value>
          </Data>
          <Data name="tags">
            <value><![CDATA[["Dance school"]]]></value>
          </Data>
          <Data name="search_url">
            <value><![CDATA[https://www.google.com/maps/search/?api=1&query=Solo%20-%20ballet%20%26%20stretching&query_place_id=ChIJg1OfBCN7WkcRfsLmEr3GuP8]]></value>
          </Data>
          <Data name="map_url">
            <value>https://www.google.com/maps/search/dance%20school/@45.16610084047514,20.91062925,10z?hl=en</value>
          </Data>
          <Data name="main_category">
            <value>dance school</value>
          </Data>
          <Data name="image_url">
            <value>https://lh3.googleusercontent.com/p/AF1QipMfDlkyQoYfMXo5xaLkWESVQLuJGU585gtVJx7s=w408-h544-k-no</value>
          </Data>
          <Data name="additional">
            <value/>
          </Data>
          <Data name="website">
            <value>https://www.instagram.com/solo_ballet_belgrade?igsh=MTY1MG40bmZqemIwZQ==</value>
          </Data>
          <Data name="parent_place">
            <value/>
          </Data>
          <Data name="additional_urls">
            <value>[]</value>
          </Data>
        </ExtendedData>
        <Point>
          <coordinates>
            20.4724204,44.8051055,0
          </coordinates>
        </Point>
      </Placemark>
      <Placemark>
        <name><![CDATA[Hoppin' Swing - Swing ples Beograd]]></name>
        <description><![CDATA[﻿id: 68f2f6f517de0681a60e3f81<br>category: Dance school<br>address_full: Dobračina 30a, Beograd 11000, Serbia<br>district: Stari Grad<br>address: Dobračina 30a<br>city: Belgrade<br>index: 11000<br>country: RS<br>phone: +381 63 8381469<br>location: 44.8193477,20.4625647<br>reting: 5<br>place_id: ChIJjZr1Vup7WkcRWIHQnGjedPk<br>tags: ["Dance school"]<br>search_url: https://www.google.com/maps/search/?api=1&query=Hoppin'%20Swing%20-%20Swing%20ples%20Beograd&query_place_id=ChIJjZr1Vup7WkcRWIHQnGjedPk<br>map_url: https://www.google.com/maps/search/dance%20school/@45.16610084047514,20.91062925,10z?hl=en<br>main_category: dance school<br>image_url: https://lh3.googleusercontent.com/gps-cs-s/AC9h4npCYi4nzJ-URObed_8oALqksnZV-RxojoDSUNKxnntwcfH_NuXKIlemwTgtUVtLQbYDWzc8eB9FtVCRRJ40hm6hhGoxHPjcTF1OnL8lUE-smL-LGo41zAYXP9UWPwjP3JuIlvG_=w408-h544-k-no<br>additional: <br>website: https://www.lindyhopbeograd.com/?utm_source=google&utm_medium=wix_google_business_profile&utm_campaign=6189202914141106855<br>parent_place: <br>additional_urls: []]]></description>
        <styleUrl>#icon-1899-FF5252-labelson</styleUrl>
        <ExtendedData>
          <Data name="﻿id">
            <value>68f2f6f517de0681a60e3f81</value>
          </Data>
          <Data name="category">
            <value>Dance school</value>
          </Data>
          <Data name="address_full">
            <value>Dobračina 30a, Beograd 11000, Serbia</value>
          </Data>
          <Data name="district">
            <value>Stari Grad</value>
          </Data>
          <Data name="address">
            <value>Dobračina 30a</value>
          </Data>
          <Data name="city">
            <value>Belgrade</value>
          </Data>
          <Data name="index">
            <value>11000.0</value>
          </Data>
          <Data name="country">
            <value>RS</value>
          </Data>
          <Data name="phone">
            <value>+381 63 8381469</value>
          </Data>
          <Data name="location">
            <value>44.8193477,20.4625647</value>
          </Data>
          <Data name="reting">
            <value>5.0</value>
          </Data>
          <Data name="place_id">
            <value>ChIJjZr1Vup7WkcRWIHQnGjedPk</value>
          </Data>
          <Data name="tags">
            <value><![CDATA[["Dance school"]]]></value>
          </Data>
          <Data name="search_url">
            <value><![CDATA[https://www.google.com/maps/search/?api=1&query=Hoppin'%20Swing%20-%20Swing%20ples%20Beograd&query_place_id=ChIJjZr1Vup7WkcRWIHQnGjedPk]]></value>
          </Data>
          <Data name="map_url">
            <value>https://www.google.com/maps/search/dance%20school/@45.16610084047514,20.91062925,10z?hl=en</value>
          </Data>
          <Data name="main_category">
            <value>dance school</value>
          </Data>
          <Data name="image_url">
            <value>https://lh3.googleusercontent.com/gps-cs-s/AC9h4npCYi4nzJ-URObed_8oALqksnZV-RxojoDSUNKxnntwcfH_NuXKIlemwTgtUVtLQbYDWzc8eB9FtVCRRJ40hm6hhGoxHPjcTF1OnL8lUE-smL-LGo41zAYXP9UWPwjP3JuIlvG_=w408-h544-k-no</value>
          </Data>
          <Data name="additional">
            <value/>
          </Data>
          <Data name="website">
            <value><![CDATA[https://www.lindyhopbeograd.com/?utm_source=google&utm_medium=wix_google_business_profile&utm_campaign=6189202914141106855]]></value>
          </Data>
          <Data name="parent_place">
            <value/>
          </Data>
          <Data name="additional_urls">
            <value>[]</value>
          </Data>
        </ExtendedData>
        <Point>
          <coordinates>
            20.4625647,44.8193477,0
          </coordinates>
        </Point>
      </Placemark>
      <Placemark>
        <name>Dance studio</name>
        <description><![CDATA[﻿id: 68f2f6f517de0681a60e3f82<br>category: Dance school<br>address_full: Crnogorska 1, Beograd 11000, Serbia<br>district: Savski Venac<br>address: Crnogorska 1<br>city: Belgrade<br>index: 11000<br>country: RS<br>phone: +381 63 329625<br>location: 44.8143033,20.4523595<br>reting: 5<br>place_id: ChIJlZAlsPZlWkcRYjpDJojafg4<br>tags: ["Dance school"]<br>search_url: https://www.google.com/maps/search/?api=1&query=Dance%20studio&query_place_id=ChIJlZAlsPZlWkcRYjpDJojafg4<br>map_url: https://www.google.com/maps/search/dance%20school/@45.16610084047514,20.91062925,10z?hl=en<br>main_category: dance school<br>image_url: https://lh3.googleusercontent.com/p/AF1QipPOtmoxT-hfTnuOrH6o-S8UGNJ9_h5uwrGsFJFp=w408-h418-k-no<br>additional: Плесни студио Latina Blanca<br>website: https://latinablanca.jimdofree.com/<br>parent_place: <br>additional_urls: [{"name":"jimdofree.com","url":"https://latinablanca.jimdofree.com/"}]]]></description>
        <styleUrl>#icon-1899-FF5252-labelson</styleUrl>
        <ExtendedData>
          <Data name="﻿id">
            <value>68f2f6f517de0681a60e3f82</value>
          </Data>
          <Data name="category">
            <value>Dance school</value>
          </Data>
          <Data name="address_full">
            <value>Crnogorska 1, Beograd 11000, Serbia</value>
          </Data>
          <Data name="district">
            <value>Savski Venac</value>
          </Data>
          <Data name="address">
            <value>Crnogorska 1</value>
          </Data>
          <Data name="city">
            <value>Belgrade</value>
          </Data>
          <Data name="index">
            <value>11000.0</value>
          </Data>
          <Data name="country">
            <value>RS</value>
          </Data>
          <Data name="phone">
            <value>+381 63 329625</value>
          </Data>
          <Data name="location">
            <value>44.8143033,20.4523595</value>
          </Data>
          <Data name="reting">
            <value>5.0</value>
          </Data>
          <Data name="place_id">
            <value>ChIJlZAlsPZlWkcRYjpDJojafg4</value>
          </Data>
          <Data name="tags">
            <value><![CDATA[["Dance school"]]]></value>
          </Data>
          <Data name="search_url">
            <value><![CDATA[https://www.google.com/maps/search/?api=1&query=Dance%20studio&query_place_id=ChIJlZAlsPZlWkcRYjpDJojafg4]]></value>
          </Data>
          <Data name="map_url">
            <value>https://www.google.com/maps/search/dance%20school/@45.16610084047514,20.91062925,10z?hl=en</value>
          </Data>
          <Data name="main_category">
            <value>dance school</value>
          </Data>
          <Data name="image_url">
            <value>https://lh3.googleusercontent.com/p/AF1QipPOtmoxT-hfTnuOrH6o-S8UGNJ9_h5uwrGsFJFp=w408-h418-k-no</value>
          </Data>
          <Data name="additional">
            <value>Плесни студио Latina Blanca</value>
          </Data>
          <Data name="website">
            <value>https://latinablanca.jimdofree.com/</value>
          </Data>
          <Data name="parent_place">
            <value/>
          </Data>
          <Data name="additional_urls">
            <value><![CDATA[[{"name":"jimdofree.com","url":"https://latinablanca.jimdofree.com/"}]]]></value>
          </Data>
        </ExtendedData>
        <Point>
          <coordinates>
            20.4523595,44.8143033,0
          </coordinates>
        </Point>
      </Placemark>
      <Placemark>
        <name>Dance Factory</name>
        <description><![CDATA[﻿id: 68f2f6f517de0681a60e3f83<br>category: Dance school<br>address_full: ground floor, Dobračina 30a, Beograd 11000, Serbia<br>district: Stari Grad<br>address: ground floor, Dobračina 30a<br>city: Belgrade<br>index: 11000<br>country: RS<br>phone: +381 63 1155751<br>location: 44.8192328,20.4625383<br>reting: 4,5<br>place_id: ChIJLfcAcbR6WkcRqak9Ylcj0pQ<br>tags: ["Dance school"]<br>search_url: https://www.google.com/maps/search/?api=1&query=Dance%20Factory&query_place_id=ChIJLfcAcbR6WkcRqak9Ylcj0pQ<br>map_url: https://www.google.com/maps/search/dance%20school/@45.16610084047514,20.91062925,10z?hl=en<br>main_category: dance school<br>image_url: https://lh3.googleusercontent.com/gps-cs-s/AC9h4nqX8mwuO4g3KZM1B2e0aQq15Y1g6GzHjJmxTPVyiDh9T6TCbmqsEJqH4n9kS1mO6TwTkDncU5iy1QbO0l_jxVBxQUBZ8-6AFoS-ZemOznMY-mxLq_uLvggONNVUT-LWXBJqdaGl4g=w408-h544-k-no<br>additional: <br>website: http://www.dancefactory.rs/<br>parent_place: <br>additional_urls: []]]></description>
        <styleUrl>#icon-1899-FF5252-labelson</styleUrl>
        <ExtendedData>
          <Data name="﻿id">
            <value>68f2f6f517de0681a60e3f83</value>
          </Data>
          <Data name="category">
            <value>Dance school</value>
          </Data>
          <Data name="address_full">
            <value>ground floor, Dobračina 30a, Beograd 11000, Serbia</value>
          </Data>
          <Data name="district">
            <value>Stari Grad</value>
          </Data>
          <Data name="address">
            <value>ground floor, Dobračina 30a</value>
          </Data>
          <Data name="city">
            <value>Belgrade</value>
          </Data>
          <Data name="index">
            <value>11000.0</value>
          </Data>
          <Data name="country">
            <value>RS</value>
          </Data>
          <Data name="phone">
            <value>+381 63 1155751</value>
          </Data>
          <Data name="location">
            <value>44.8192328,20.4625383</value>
          </Data>
          <Data name="reting">
            <value>4.5</value>
          </Data>
          <Data name="place_id">
            <value>ChIJLfcAcbR6WkcRqak9Ylcj0pQ</value>
          </Data>
          <Data name="tags">
            <value><![CDATA[["Dance school"]]]></value>
          </Data>
          <Data name="search_url">
            <value><![CDATA[https://www.google.com/maps/search/?api=1&query=Dance%20Factory&query_place_id=ChIJLfcAcbR6WkcRqak9Ylcj0pQ]]></value>
          </Data>
          <Data name="map_url">
            <value>https://www.google.com/maps/search/dance%20school/@45.16610084047514,20.91062925,10z?hl=en</value>
          </Data>
          <Data name="main_category">
            <value>dance school</value>
          </Data>
          <Data name="image_url">
            <value>https://lh3.googleusercontent.com/gps-cs-s/AC9h4nqX8mwuO4g3KZM1B2e0aQq15Y1g6GzHjJmxTPVyiDh9T6TCbmqsEJqH4n9kS1mO6TwTkDncU5iy1QbO0l_jxVBxQUBZ8-6AFoS-ZemOznMY-mxLq_uLvggONNVUT-LWXBJqdaGl4g=w408-h544-k-no</value>
          </Data>
          <Data name="additional">
            <value/>
          </Data>
          <Data name="website">
            <value>http://www.dancefactory.rs/</value>
          </Data>
          <Data name="parent_place">
            <value/>
          </Data>
          <Data name="additional_urls">
            <value>[]</value>
          </Data>
        </ExtendedData>
        <Point>
          <coordinates>
            20.4625383,44.8192328,0
          </coordinates>
        </Point>
      </Placemark>
      <Placemark>
        <name><![CDATA[Performa fitness & dance]]></name>
        <description><![CDATA[﻿id: 68f2f6f517de0681a60e3f84<br>category: Dance school<br>address_full: Bulevar Arsenija Čarnojevica 94, Beograd 11070, Serbia<br>district: New Belgrade<br>address: Bulevar Arsenija Čarnojevica 94<br>city: Belgrade<br>index: 11070<br>country: RS<br>phone: +381 66 8890053<br>location: 44.8157318,20.4174969<br>reting: 4,8<br>place_id: ChIJ28H-sWNlWkcRpUxKg_8N2Tg<br>tags: ["Dance school","Physical fitness program"]<br>search_url: https://www.google.com/maps/search/?api=1&query=Performa%20fitness%20%26%20dance&query_place_id=ChIJ28H-sWNlWkcRpUxKg_8N2Tg<br>map_url: https://www.google.com/maps/search/dance%20school/@45.16610084047514,20.91062925,10z?hl=en<br>main_category: dance school<br>image_url: https://lh3.googleusercontent.com/p/AF1QipO93gZHd1L0emEnsAyLGBZoS63ea22FEVEmXHZU=w408-h272-k-no<br>additional: <br>website: http://dance.performafitnes.rs/<br>parent_place: <br>additional_urls: []]]></description>
        <styleUrl>#icon-1899-FF5252-labelson</styleUrl>
        <ExtendedData>
          <Data name="﻿id">
            <value>68f2f6f517de0681a60e3f84</value>
          </Data>
          <Data name="category">
            <value>Dance school</value>
          </Data>
          <Data name="address_full">
            <value>Bulevar Arsenija Čarnojevica 94, Beograd 11070, Serbia</value>
          </Data>
          <Data name="district">
            <value>New Belgrade</value>
          </Data>
          <Data name="address">
            <value>Bulevar Arsenija Čarnojevica 94</value>
          </Data>
          <Data name="city">
            <value>Belgrade</value>
          </Data>
          <Data name="index">
            <value>11070.0</value>
          </Data>
          <Data name="country">
            <value>RS</value>
          </Data>
          <Data name="phone">
            <value>+381 66 8890053</value>
          </Data>
          <Data name="location">
            <value>44.8157318,20.4174969</value>
          </Data>
          <Data name="reting">
            <value>4.8</value>
          </Data>
          <Data name="place_id">
            <value>ChIJ28H-sWNlWkcRpUxKg_8N2Tg</value>
          </Data>
          <Data name="tags">
            <value><![CDATA[["Dance school","Physical fitness program"]]]></value>
          </Data>
          <Data name="search_url">
            <value><![CDATA[https://www.google.com/maps/search/?api=1&query=Performa%20fitness%20%26%20dance&query_place_id=ChIJ28H-sWNlWkcRpUxKg_8N2Tg]]></value>
          </Data>
          <Data name="map_url">
            <value>https://www.google.com/maps/search/dance%20school/@45.16610084047514,20.91062925,10z?hl=en</value>
          </Data>
          <Data name="main_category">
            <value>dance school</value>
          </Data>
          <Data name="image_url">
            <value>https://lh3.googleusercontent.com/p/AF1QipO93gZHd1L0emEnsAyLGBZoS63ea22FEVEmXHZU=w408-h272-k-no</value>
          </Data>
          <Data name="additional">
            <value/>
          </Data>
          <Data name="website">
            <value>http://dance.performafitnes.rs/</value>
          </Data>
          <Data name="parent_place">
            <value/>
          </Data>
          <Data name="additional_urls">
            <value>[]</value>
          </Data>
        </ExtendedData>
        <Point>
          <coordinates>
            20.4174969,44.8157318,0
          </coordinates>
        </Point>
      </Placemark>
      <Placemark>
        <name>Plesna Skola Escape Stari Grad</name>
        <description><![CDATA[﻿id: 68f2f6f517de0681a60e3f85<br>category: Dance school<br>address_full: Dobračina 30a, Beograd 11000, Serbia<br>district: Stari Grad<br>address: Dobračina 30a<br>city: Belgrade<br>index: 11000<br>country: RS<br>phone: +381 69 1114319<br>location: 44.8193279,20.4625845<br>reting: 5<br>place_id: ChIJD2VbnmZ7WkcREoFw5my5-Fk<br>tags: ["Dance school"]<br>search_url: https://www.google.com/maps/search/?api=1&query=Plesna%20Skola%20Escape%20Stari%20Grad&query_place_id=ChIJD2VbnmZ7WkcREoFw5my5-Fk<br>map_url: https://www.google.com/maps/search/dance%20school/@45.16610084047514,20.91062925,10z?hl=en<br>main_category: dance school<br>image_url: https://lh3.googleusercontent.com/p/AF1QipMGQgCXgmaX3ys-ZWyZsffC_9QCp6Aw9NXQoQU5=w408-h612-k-no<br>additional: <br>website: https://escapedance.com/<br>parent_place: <br>additional_urls: []]]></description>
        <styleUrl>#icon-1899-FF5252-labelson</styleUrl>
        <ExtendedData>
          <Data name="﻿id">
            <value>68f2f6f517de0681a60e3f85</value>
          </Data>
          <Data name="category">
            <value>Dance school</value>
          </Data>
          <Data name="address_full">
            <value>Dobračina 30a, Beograd 11000, Serbia</value>
          </Data>
          <Data name="district">
            <value>Stari Grad</value>
          </Data>
          <Data name="address">
            <value>Dobračina 30a</value>
          </Data>
          <Data name="city">
            <value>Belgrade</value>
          </Data>
          <Data name="index">
            <value>11000.0</value>
          </Data>
          <Data name="country">
            <value>RS</value>
          </Data>
          <Data name="phone">
            <value>+381 69 1114319</value>
          </Data>
          <Data name="location">
            <value>44.8193279,20.4625845</value>
          </Data>
          <Data name="reting">
            <value>5.0</value>
          </Data>
          <Data name="place_id">
            <value>ChIJD2VbnmZ7WkcREoFw5my5-Fk</value>
          </Data>
          <Data name="tags">
            <value><![CDATA[["Dance school"]]]></value>
          </Data>
          <Data name="search_url">
            <value><![CDATA[https://www.google.com/maps/search/?api=1&query=Plesna%20Skola%20Escape%20Stari%20Grad&query_place_id=ChIJD2VbnmZ7WkcREoFw5my5-Fk]]></value>
          </Data>
          <Data name="map_url">
            <value>https://www.google.com/maps/search/dance%20school/@45.16610084047514,20.91062925,10z?hl=en</value>
          </Data>
          <Data name="main_category">
            <value>dance school</value>
          </Data>
          <Data name="image_url">
            <value>https://lh3.googleusercontent.com/p/AF1QipMGQgCXgmaX3ys-ZWyZsffC_9QCp6Aw9NXQoQU5=w408-h612-k-no</value>
          </Data>
          <Data name="additional">
            <value/>
          </Data>
          <Data name="website">
            <value>https://escapedance.com/</value>
          </Data>
          <Data name="parent_place">
            <value/>
          </Data>
          <Data name="additional_urls">
            <value>[]</value>
          </Data>
        </ExtendedData>
        <Point>
          <coordinates>
            20.4625845,44.8193279,0
          </coordinates>
        </Point>
      </Placemark>
      <Placemark>
        <name><![CDATA[Solo - ballet & stretching]]></name>
        <description><![CDATA[﻿id: 68f2f6f517de0681a60e3f86<br>category: Dance school<br>address_full: Carigradska 19, Beograd 101216, Serbia<br>district: Stari Grad<br>address: Carigradska 19<br>city: Belgrade<br>index: 101216<br>country: RS<br>phone: +381 67 7602356<br>location: 44.8185236,20.4732921<br>reting: 5<br>place_id: ChIJFXmu3bF7WkcR8F912howN0M<br>tags: ["Dance school"]<br>search_url: https://www.google.com/maps/search/?api=1&query=Solo%20-%20ballet%20%26%20stretching&query_place_id=ChIJFXmu3bF7WkcR8F912howN0M<br>map_url: https://www.google.com/maps/search/dance%20school/@45.16610084047514,20.91062925,10z?hl=en<br>main_category: dance school<br>image_url: https://streetviewpixels-pa.googleapis.com/v1/thumbnail?panoid=EaKrmaDVelDPCnhCKIBn0A&cb_client=search.gws-prod.gps&w=408&h=240&yaw=314.34424&pitch=0&thumbfov=100<br>additional: <br>website: <br>parent_place: <br>additional_urls: []]]></description>
        <styleUrl>#icon-1899-FF5252-labelson</styleUrl>
        <ExtendedData>
          <Data name="﻿id">
            <value>68f2f6f517de0681a60e3f86</value>
          </Data>
          <Data name="category">
            <value>Dance school</value>
          </Data>
          <Data name="address_full">
            <value>Carigradska 19, Beograd 101216, Serbia</value>
          </Data>
          <Data name="district">
            <value>Stari Grad</value>
          </Data>
          <Data name="address">
            <value>Carigradska 19</value>
          </Data>
          <Data name="city">
            <value>Belgrade</value>
          </Data>
          <Data name="index">
            <value>101216.0</value>
          </Data>
          <Data name="country">
            <value>RS</value>
          </Data>
          <Data name="phone">
            <value>+381 67 7602356</value>
          </Data>
          <Data name="location">
            <value>44.8185236,20.4732921</value>
          </Data>
          <Data name="reting">
            <value>5.0</value>
          </Data>
          <Data name="place_id">
            <value>ChIJFXmu3bF7WkcR8F912howN0M</value>
          </Data>
          <Data name="tags">
            <value><![CDATA[["Dance school"]]]></value>
          </Data>
          <Data name="search_url">
            <value><![CDATA[https://www.google.com/maps/search/?api=1&query=Solo%20-%20ballet%20%26%20stretching&query_place_id=ChIJFXmu3bF7WkcR8F912howN0M]]></value>
          </Data>
          <Data name="map_url">
            <value>https://www.google.com/maps/search/dance%20school/@45.16610084047514,20.91062925,10z?hl=en</value>
          </Data>
          <Data name="main_category">
            <value>dance school</value>
          </Data>
          <Data name="image_url">
            <value><![CDATA[https://streetviewpixels-pa.googleapis.com/v1/thumbnail?panoid=EaKrmaDVelDPCnhCKIBn0A&cb_client=search.gws-prod.gps&w=408&h=240&yaw=314.34424&pitch=0&thumbfov=100]]></value>
          </Data>
          <Data name="additional">
            <value/>
          </Data>
          <Data name="website">
            <value/>
          </Data>
          <Data name="parent_place">
            <value/>
          </Data>
          <Data name="additional_urls">
            <value>[]</value>
          </Data>
        </ExtendedData>
        <Point>
          <coordinates>
            20.4732921,44.8185236,0
          </coordinates>
        </Point>
      </Placemark>
      <Placemark>
        <name>Space shuffle dance Beograd</name>
        <description><![CDATA[﻿id: 68f2f6f517de0681a60e3f87<br>category: Dance school<br>address_full: Kolarčeva 3, Beograd, Serbia<br>district: Stari Grad<br>address: Kolarčeva 3<br>city: Belgrade<br>index: <br>country: RS<br>phone: <br>location: 44.8153409,20.4606961<br>reting: 5<br>place_id: ChIJnY8glNJlWkcRjV9yt9_LuVU<br>tags: ["Dance school"]<br>search_url: https://www.google.com/maps/search/?api=1&query=Space%20shuffle%20dance%20Beograd&query_place_id=ChIJnY8glNJlWkcRjV9yt9_LuVU<br>map_url: https://www.google.com/maps/search/dance%20school/@45.16610084047514,20.91062925,10z?hl=en<br>main_category: dance school<br>image_url: https://lh3.googleusercontent.com/p/AF1QipOwW64_ZR2kGGabwzf7kUq2TxcRbc4hRgR3atHR=w408-h244-k-no<br>additional: <br>website: <br>parent_place: <br>additional_urls: []]]></description>
        <styleUrl>#icon-1899-FF5252-labelson</styleUrl>
        <ExtendedData>
          <Data name="﻿id">
            <value>68f2f6f517de0681a60e3f87</value>
          </Data>
          <Data name="category">
            <value>Dance school</value>
          </Data>
          <Data name="address_full">
            <value>Kolarčeva 3, Beograd, Serbia</value>
          </Data>
          <Data name="district">
            <value>Stari Grad</value>
          </Data>
          <Data name="address">
            <value>Kolarčeva 3</value>
          </Data>
          <Data name="city">
            <value>Belgrade</value>
          </Data>
          <Data name="index">
            <value/>
          </Data>
          <Data name="country">
            <value>RS</value>
          </Data>
          <Data name="phone">
            <value/>
          </Data>
          <Data name="location">
            <value>44.8153409,20.4606961</value>
          </Data>
          <Data name="reting">
            <value>5.0</value>
          </Data>
          <Data name="place_id">
            <value>ChIJnY8glNJlWkcRjV9yt9_LuVU</value>
          </Data>
          <Data name="tags">
            <value><![CDATA[["Dance school"]]]></value>
          </Data>
          <Data name="search_url">
            <value><![CDATA[https://www.google.com/maps/search/?api=1&query=Space%20shuffle%20dance%20Beograd&query_place_id=ChIJnY8glNJlWkcRjV9yt9_LuVU]]></value>
          </Data>
          <Data name="map_url">
            <value>https://www.google.com/maps/search/dance%20school/@45.16610084047514,20.91062925,10z?hl=en</value>
          </Data>
          <Data name="main_category">
            <value>dance school</value>
          </Data>
          <Data name="image_url">
            <value>https://lh3.googleusercontent.com/p/AF1QipOwW64_ZR2kGGabwzf7kUq2TxcRbc4hRgR3atHR=w408-h244-k-no</value>
          </Data>
          <Data name="additional">
            <value/>
          </Data>
          <Data name="website">
            <value/>
          </Data>
          <Data name="parent_place">
            <value/>
          </Data>
          <Data name="additional_urls">
            <value>[]</value>
          </Data>
        </ExtendedData>
        <Point>
          <coordinates>
            20.4606961,44.8153409,0
          </coordinates>
        </Point>
      </Placemark>
      <Placemark>
        <name>Irish dance school Belgrade</name>
        <description><![CDATA[﻿id: 68f2f6f517de0681a60e3f89<br>category: Dance school<br>address_full: Radoslava Grujića 21, Beograd, Serbia<br>district: Vračar<br>address: Radoslava Grujića 21<br>city: Belgrade<br>index: <br>country: RS<br>phone: +381 63 1604664<br>location: 44.8003406,20.4801634<br>reting: 5<br>place_id: ChIJsT0N7Zh6WkcRlHgskg0JPYM<br>tags: ["Dance school"]<br>search_url: https://www.google.com/maps/search/?api=1&query=Irish%20dance%20school%20Belgrade&query_place_id=ChIJsT0N7Zh6WkcRlHgskg0JPYM<br>map_url: https://www.google.com/maps/search/dance%20school/@44.8826087,20.302432661286836,14z?hl=en<br>main_category: dance school<br>image_url: https://lh3.googleusercontent.com/gps-cs-s/AC9h4nqMC9pzsHBefFSFIXuwbjgPSABRRGloTaokHm4CdIG4NDbscZQSgRZ4EYOP4JM7Hhyxy9UVCqdA_p3mDEN81HLS7zxGx2vAB-7WdkBvAItFo3dOxbgSc5IybDTMQ1Y09uoNA9pd=w408-h291-k-no<br>additional: <br>website: <br>parent_place: <br>additional_urls: []]]></description>
        <styleUrl>#icon-1899-FF5252-labelson</styleUrl>
        <ExtendedData>
          <Data name="﻿id">
            <value>68f2f6f517de0681a60e3f89</value>
          </Data>
          <Data name="category">
            <value>Dance school</value>
          </Data>
          <Data name="address_full">
            <value>Radoslava Grujića 21, Beograd, Serbia</value>
          </Data>
          <Data name="district">
            <value>Vračar</value>
          </Data>
          <Data name="address">
            <value>Radoslava Grujića 21</value>
          </Data>
          <Data name="city">
            <value>Belgrade</value>
          </Data>
          <Data name="index">
            <value/>
          </Data>
          <Data name="country">
            <value>RS</value>
          </Data>
          <Data name="phone">
            <value>+381 63 1604664</value>
          </Data>
          <Data name="location">
            <value>44.8003406,20.4801634</value>
          </Data>
          <Data name="reting">
            <value>5.0</value>
          </Data>
          <Data name="place_id">
            <value>ChIJsT0N7Zh6WkcRlHgskg0JPYM</value>
          </Data>
          <Data name="tags">
            <value><![CDATA[["Dance school"]]]></value>
          </Data>
          <Data name="search_url">
            <value><![CDATA[https://www.google.com/maps/search/?api=1&query=Irish%20dance%20school%20Belgrade&query_place_id=ChIJsT0N7Zh6WkcRlHgskg0JPYM]]></value>
          </Data>
          <Data name="map_url">
            <value>https://www.google.com/maps/search/dance%20school/@44.8826087,20.302432661286836,14z?hl=en</value>
          </Data>
          <Data name="main_category">
            <value>dance school</value>
          </Data>
          <Data name="image_url">
            <value>https://lh3.googleusercontent.com/gps-cs-s/AC9h4nqMC9pzsHBefFSFIXuwbjgPSABRRGloTaokHm4CdIG4NDbscZQSgRZ4EYOP4JM7Hhyxy9UVCqdA_p3mDEN81HLS7zxGx2vAB-7WdkBvAItFo3dOxbgSc5IybDTMQ1Y09uoNA9pd=w408-h291-k-no</value>
          </Data>
          <Data name="additional">
            <value/>
          </Data>
          <Data name="website">
            <value/>
          </Data>
          <Data name="parent_place">
            <value/>
          </Data>
          <Data name="additional_urls">
            <value>[]</value>
          </Data>
        </ExtendedData>
        <Point>
          <coordinates>
            20.4801634,44.8003406,0
          </coordinates>
        </Point>
      </Placemark>
      <Placemark>
        <name>Plesni klub Best</name>
        <description><![CDATA[﻿id: 68f2f6f517de0681a60e3fa2<br>category: Dance school<br>address_full: Olge Jovanović 18, Beograd, Serbia<br>district: <br>address: Olge Jovanović 18<br>city: Belgrade<br>index: <br>country: RS<br>phone: +381 60 5523289<br>location: 44.7916764,20.5051971<br>reting: 4,7<br>place_id: ChIJVSeyRi5yWkcRZsi_vG4cBbw<br>tags: ["Dance school"]<br>search_url: https://www.google.com/maps/search/?api=1&query=Plesni%20klub%20Best&query_place_id=ChIJVSeyRi5yWkcRZsi_vG4cBbw<br>map_url: https://www.google.com/maps/search/dance%20school/@44.815385750000004,20.559170872913462,13z?hl=en<br>main_category: dance school<br>image_url: https://lh3.googleusercontent.com/gps-cs-s/AC9h4nrozHmixMytQLe0DjWs1rVH-mz_QxQqPbvt8fTuseUxaJp7meygBqM5YzJD7nTVnvnq5X6nSwgJLtFIW5sZM8sS26Mp2xeNYuCRTD7cd8h7IfEke1TGoxU55uedcmyU_dRi3Rqz=w408-h306-k-no<br>additional: Plesni klub BEST<br>website: http://www.danceclubbest.com/<br>parent_place: <br>additional_urls: []]]></description>
        <styleUrl>#icon-1899-FF5252-labelson</styleUrl>
        <ExtendedData>
          <Data name="﻿id">
            <value>68f2f6f517de0681a60e3fa2</value>
          </Data>
          <Data name="category">
            <value>Dance school</value>
          </Data>
          <Data name="address_full">
            <value>Olge Jovanović 18, Beograd, Serbia</value>
          </Data>
          <Data name="district">
            <value/>
          </Data>
          <Data name="address">
            <value>Olge Jovanović 18</value>
          </Data>
          <Data name="city">
            <value>Belgrade</value>
          </Data>
          <Data name="index">
            <value/>
          </Data>
          <Data name="country">
            <value>RS</value>
          </Data>
          <Data name="phone">
            <value>+381 60 5523289</value>
          </Data>
          <Data name="location">
            <value>44.7916764,20.5051971</value>
          </Data>
          <Data name="reting">
            <value>4.7</value>
          </Data>
          <Data name="place_id">
            <value>ChIJVSeyRi5yWkcRZsi_vG4cBbw</value>
          </Data>
          <Data name="tags">
            <value><![CDATA[["Dance school"]]]></value>
          </Data>
          <Data name="search_url">
            <value><![CDATA[https://www.google.com/maps/search/?api=1&query=Plesni%20klub%20Best&query_place_id=ChIJVSeyRi5yWkcRZsi_vG4cBbw]]></value>
          </Data>
          <Data name="map_url">
            <value>https://www.google.com/maps/search/dance%20school/@44.815385750000004,20.559170872913462,13z?hl=en</value>
          </Data>
          <Data name="main_category">
            <value>dance school</value>
          </Data>
          <Data name="image_url">
            <value>https://lh3.googleusercontent.com/gps-cs-s/AC9h4nrozHmixMytQLe0DjWs1rVH-mz_QxQqPbvt8fTuseUxaJp7meygBqM5YzJD7nTVnvnq5X6nSwgJLtFIW5sZM8sS26Mp2xeNYuCRTD7cd8h7IfEke1TGoxU55uedcmyU_dRi3Rqz=w408-h306-k-no</value>
          </Data>
          <Data name="additional">
            <value>Plesni klub BEST</value>
          </Data>
          <Data name="website">
            <value>http://www.danceclubbest.com/</value>
          </Data>
          <Data name="parent_place">
            <value/>
          </Data>
          <Data name="additional_urls">
            <value>[]</value>
          </Data>
        </ExtendedData>
        <Point>
          <coordinates>
            20.5051971,44.7916764,0
          </coordinates>
        </Point>
      </Placemark>
      <Placemark>
        <name>Delight Pole Dance</name>
        <description><![CDATA[﻿id: 68f2f6f517de0681a60e3fa6<br>category: Dance school<br>address_full: Maksima Gorkog 57, Beograd 11118, Serbia<br>district: Vračar<br>address: Maksima Gorkog 57<br>city: Belgrade<br>index: 11118<br>country: RS<br>phone: +381 61 1977749<br>location: 44.7949423,20.4782907<br>reting: 5<br>place_id: ChIJnWN4VXBwWkcRTp7s4aMaecQ<br>tags: ["Dance school"]<br>search_url: https://www.google.com/maps/search/?api=1&query=Delight%20Pole%20Dance&query_place_id=ChIJnWN4VXBwWkcRTp7s4aMaecQ<br>map_url: https://www.google.com/maps/search/dance%20school/@44.815385750000004,20.559170872913462,13z?hl=en<br>main_category: dance school<br>image_url: https://lh3.googleusercontent.com/gps-cs-s/AC9h4nrFbjW3vCK3FFg3GR3pPEss21IMkmvmPwjbrfzsc7221H5A1smxUBd1NcroNGtQRICphVm2k2ON_loD776Gk7LC6Ri5mOKSrrUaweYZkJ_IFrmoBeZcSuOD6XzgwUgLzKG8-n_s=w408-h612-k-no<br>additional: <br>website: <br>parent_place: <br>additional_urls: []]]></description>
        <styleUrl>#icon-1899-FF5252-labelson</styleUrl>
        <ExtendedData>
          <Data name="﻿id">
            <value>68f2f6f517de0681a60e3fa6</value>
          </Data>
          <Data name="category">
            <value>Dance school</value>
          </Data>
          <Data name="address_full">
            <value>Maksima Gorkog 57, Beograd 11118, Serbia</value>
          </Data>
          <Data name="district">
            <value>Vračar</value>
          </Data>
          <Data name="address">
            <value>Maksima Gorkog 57</value>
          </Data>
          <Data name="city">
            <value>Belgrade</value>
          </Data>
          <Data name="index">
            <value>11118.0</value>
          </Data>
          <Data name="country">
            <value>RS</value>
          </Data>
          <Data name="phone">
            <value>+381 61 1977749</value>
          </Data>
          <Data name="location">
            <value>44.7949423,20.4782907</value>
          </Data>
          <Data name="reting">
            <value>5.0</value>
          </Data>
          <Data name="place_id">
            <value>ChIJnWN4VXBwWkcRTp7s4aMaecQ</value>
          </Data>
          <Data name="tags">
            <value><![CDATA[["Dance school"]]]></value>
          </Data>
          <Data name="search_url">
            <value><![CDATA[https://www.google.com/maps/search/?api=1&query=Delight%20Pole%20Dance&query_place_id=ChIJnWN4VXBwWkcRTp7s4aMaecQ]]></value>
          </Data>
          <Data name="map_url">
            <value>https://www.google.com/maps/search/dance%20school/@44.815385750000004,20.559170872913462,13z?hl=en</value>
          </Data>
          <Data name="main_category">
            <value>dance school</value>
          </Data>
          <Data name="image_url">
            <value>https://lh3.googleusercontent.com/gps-cs-s/AC9h4nrFbjW3vCK3FFg3GR3pPEss21IMkmvmPwjbrfzsc7221H5A1smxUBd1NcroNGtQRICphVm2k2ON_loD776Gk7LC6Ri5mOKSrrUaweYZkJ_IFrmoBeZcSuOD6XzgwUgLzKG8-n_s=w408-h612-k-no</value>
          </Data>
          <Data name="additional">
            <value/>
          </Data>
          <Data name="website">
            <value/>
          </Data>
          <Data name="parent_place">
            <value/>
          </Data>
          <Data name="additional_urls">
            <value>[]</value>
          </Data>
        </ExtendedData>
        <Point>
          <coordinates>
            20.4782907,44.7949423,0
          </coordinates>
        </Point>
      </Placemark>
      <Placemark>
        <name>Pole Dance Fitness Beograd</name>
        <description><![CDATA[﻿id: 68f2f6f517de0681a60e3fae<br>category: Dance school<br>address_full: Kneza Miloša 10, Beograd 11000, Serbia<br>district: Stari Grad<br>address: Kneza Miloša 10<br>city: Belgrade<br>index: 11000<br>country: RS<br>phone: +381 63 336798<br>location: 44.8086358,20.4636345<br>reting: 5<br>place_id: ChIJL17eKx1wWkcR1ZBx0POjhJc<br>tags: ["Dance school"]<br>search_url: https://www.google.com/maps/search/?api=1&query=Pole%20Dance%20Fitness%20Beograd&query_place_id=ChIJL17eKx1wWkcR1ZBx0POjhJc<br>map_url: https://www.google.com/maps/search/dance%20school/@44.40470424682504,18.865870764713478,10z?hl=en<br>main_category: dance school<br>image_url: https://lh3.googleusercontent.com/gps-cs-s/AC9h4npF2mVE85XXXXZvKfK5zIIq7CKofQdacizvV1V4dgKC4hH06P8BFZ-Hq2im9LBqyL_0WvDLyCYzKvKYiabv_S-O_vFz8T55AkF7SQTbh5unFSdrxIq5Ugsaks9AnGNFpxX_9doA=w408-h724-k-no<br>additional: <br>website: http://poledancefitness.rs/<br>parent_place: <br>additional_urls: []]]></description>
        <styleUrl>#icon-1899-FF5252-labelson</styleUrl>
        <ExtendedData>
          <Data name="﻿id">
            <value>68f2f6f517de0681a60e3fae</value>
          </Data>
          <Data name="category">
            <value>Dance school</value>
          </Data>
          <Data name="address_full">
            <value>Kneza Miloša 10, Beograd 11000, Serbia</value>
          </Data>
          <Data name="district">
            <value>Stari Grad</value>
          </Data>
          <Data name="address">
            <value>Kneza Miloša 10</value>
          </Data>
          <Data name="city">
            <value>Belgrade</value>
          </Data>
          <Data name="index">
            <value>11000.0</value>
          </Data>
          <Data name="country">
            <value>RS</value>
          </Data>
          <Data name="phone">
            <value>+381 63 336798</value>
          </Data>
          <Data name="location">
            <value>44.8086358,20.4636345</value>
          </Data>
          <Data name="reting">
            <value>5.0</value>
          </Data>
          <Data name="place_id">
            <value>ChIJL17eKx1wWkcR1ZBx0POjhJc</value>
          </Data>
          <Data name="tags">
            <value><![CDATA[["Dance school"]]]></value>
          </Data>
          <Data name="search_url">
            <value><![CDATA[https://www.google.com/maps/search/?api=1&query=Pole%20Dance%20Fitness%20Beograd&query_place_id=ChIJL17eKx1wWkcR1ZBx0POjhJc]]></value>
          </Data>
          <Data name="map_url">
            <value>https://www.google.com/maps/search/dance%20school/@44.40470424682504,18.865870764713478,10z?hl=en</value>
          </Data>
          <Data name="main_category">
            <value>dance school</value>
          </Data>
          <Data name="image_url">
            <value>https://lh3.googleusercontent.com/gps-cs-s/AC9h4npF2mVE85XXXXZvKfK5zIIq7CKofQdacizvV1V4dgKC4hH06P8BFZ-Hq2im9LBqyL_0WvDLyCYzKvKYiabv_S-O_vFz8T55AkF7SQTbh5unFSdrxIq5Ugsaks9AnGNFpxX_9doA=w408-h724-k-no</value>
          </Data>
          <Data name="additional">
            <value/>
          </Data>
          <Data name="website">
            <value>http://poledancefitness.rs/</value>
          </Data>
          <Data name="parent_place">
            <value/>
          </Data>
          <Data name="additional_urls">
            <value>[]</value>
          </Data>
        </ExtendedData>
        <Point>
          <coordinates>
            20.4636345,44.8086358,0
          </coordinates>
        </Point>
      </Placemark>
      <Placemark>
        <name>Shuffle dance Beograd</name>
        <description><![CDATA[﻿id: 68f2f6f517de0681a60e3fb3<br>category: Dance school<br>address_full: Bokeljska 2, Beograd 11000, Serbia<br>district: Vračar<br>address: Bokeljska 2<br>city: Belgrade<br>index: 11000<br>country: RS<br>phone: +381 61 1029490<br>location: 44.7918534,20.4675696<br>reting: 5<br>place_id: ChIJ16YrFQBxWkcRQXhTkLo6bUA<br>tags: ["Dance school"]<br>search_url: https://www.google.com/maps/search/?api=1&query=Shuffle%20dance%20Beograd&query_place_id=ChIJ16YrFQBxWkcRQXhTkLo6bUA<br>map_url: https://www.google.com/maps/search/ballroom%20dance%20instructor/@44.36704292934266,20.333489241236578,15z?hl=en<br>main_category: ballroom dance instructor<br>image_url: https://lh3.googleusercontent.com/p/AF1QipNdcJpzcaOIYtznl90PoBIvc87SkJvLoLA7e8rw=w408-h291-k-no<br>additional: <br>website: https://www.instagram.com/shuffledancebalkan/<br>parent_place: <br>additional_urls: []]]></description>
        <styleUrl>#icon-1899-FF5252-labelson</styleUrl>
        <ExtendedData>
          <Data name="﻿id">
            <value>68f2f6f517de0681a60e3fb3</value>
          </Data>
          <Data name="category">
            <value>Dance school</value>
          </Data>
          <Data name="address_full">
            <value>Bokeljska 2, Beograd 11000, Serbia</value>
          </Data>
          <Data name="district">
            <value>Vračar</value>
          </Data>
          <Data name="address">
            <value>Bokeljska 2</value>
          </Data>
          <Data name="city">
            <value>Belgrade</value>
          </Data>
          <Data name="index">
            <value>11000.0</value>
          </Data>
          <Data name="country">
            <value>RS</value>
          </Data>
          <Data name="phone">
            <value>+381 61 1029490</value>
          </Data>
          <Data name="location">
            <value>44.7918534,20.4675696</value>
          </Data>
          <Data name="reting">
            <value>5.0</value>
          </Data>
          <Data name="place_id">
            <value>ChIJ16YrFQBxWkcRQXhTkLo6bUA</value>
          </Data>
          <Data name="tags">
            <value><![CDATA[["Dance school"]]]></value>
          </Data>
          <Data name="search_url">
            <value><![CDATA[https://www.google.com/maps/search/?api=1&query=Shuffle%20dance%20Beograd&query_place_id=ChIJ16YrFQBxWkcRQXhTkLo6bUA]]></value>
          </Data>
          <Data name="map_url">
            <value>https://www.google.com/maps/search/ballroom%20dance%20instructor/@44.36704292934266,20.333489241236578,15z?hl=en</value>
          </Data>
          <Data name="main_category">
            <value>ballroom dance instructor</value>
          </Data>
          <Data name="image_url">
            <value>https://lh3.googleusercontent.com/p/AF1QipNdcJpzcaOIYtznl90PoBIvc87SkJvLoLA7e8rw=w408-h291-k-no</value>
          </Data>
          <Data name="additional">
            <value/>
          </Data>
          <Data name="website">
            <value>https://www.instagram.com/shuffledancebalkan/</value>
          </Data>
          <Data name="parent_place">
            <value/>
          </Data>
          <Data name="additional_urls">
            <value>[]</value>
          </Data>
        </ExtendedData>
        <Point>
          <coordinates>
            20.4675696,44.7918534,0
          </coordinates>
        </Point>
      </Placemark>
      <Placemark>
        <name><![CDATA[Plesna Škola "Cubanito" Beograd]]></name>
        <description><![CDATA[﻿id: 68f2f6f517de0681a60e3fb5<br>category: Dance school<br>address_full: Turgenjeva 10, Beograd 11000, Serbia<br>district: <br>address: Turgenjeva 10<br>city: Belgrade<br>index: 11000<br>country: RS<br>phone: +381 64 5030874<br>location: 44.7835999,20.4167679<br>reting: 4,9<br>place_id: ChIJb_lRZGZvWkcRKQtQqXoaLiM<br>tags: ["Dance school"]<br>search_url: https://www.google.com/maps/search/?api=1&query=Plesna%20%C5%A0kola%20%22Cubanito%22%20Beograd&query_place_id=ChIJb_lRZGZvWkcRKQtQqXoaLiM<br>map_url: https://www.google.com/maps/search/dance%20school/@44.66363883608569,20.29883404292777,15z?hl=en<br>main_category: dance school<br>image_url: https://streetviewpixels-pa.googleapis.com/v1/thumbnail?panoid=VaDfAQ8emULOrHHD3GSbFg&cb_client=search.gws-prod.gps&w=408&h=240&yaw=287.43805&pitch=0&thumbfov=100<br>additional: <br>website: https://cubanito-belgrado.netlify.app/<br>parent_place: <br>additional_urls: []]]></description>
        <styleUrl>#icon-1899-FF5252-labelson</styleUrl>
        <ExtendedData>
          <Data name="﻿id">
            <value>68f2f6f517de0681a60e3fb5</value>
          </Data>
          <Data name="category">
            <value>Dance school</value>
          </Data>
          <Data name="address_full">
            <value>Turgenjeva 10, Beograd 11000, Serbia</value>
          </Data>
          <Data name="district">
            <value/>
          </Data>
          <Data name="address">
            <value>Turgenjeva 10</value>
          </Data>
          <Data name="city">
            <value>Belgrade</value>
          </Data>
          <Data name="index">
            <value>11000.0</value>
          </Data>
          <Data name="country">
            <value>RS</value>
          </Data>
          <Data name="phone">
            <value>+381 64 5030874</value>
          </Data>
          <Data name="location">
            <value>44.7835999,20.4167679</value>
          </Data>
          <Data name="reting">
            <value>4.9</value>
          </Data>
          <Data name="place_id">
            <value>ChIJb_lRZGZvWkcRKQtQqXoaLiM</value>
          </Data>
          <Data name="tags">
            <value><![CDATA[["Dance school"]]]></value>
          </Data>
          <Data name="search_url">
            <value><![CDATA[https://www.google.com/maps/search/?api=1&query=Plesna%20%C5%A0kola%20%22Cubanito%22%20Beograd&query_place_id=ChIJb_lRZGZvWkcRKQtQqXoaLiM]]></value>
          </Data>
          <Data name="map_url">
            <value>https://www.google.com/maps/search/dance%20school/@44.66363883608569,20.29883404292777,15z?hl=en</value>
          </Data>
          <Data name="main_category">
            <value>dance school</value>
          </Data>
          <Data name="image_url">
            <value><![CDATA[https://streetviewpixels-pa.googleapis.com/v1/thumbnail?panoid=VaDfAQ8emULOrHHD3GSbFg&cb_client=search.gws-prod.gps&w=408&h=240&yaw=287.43805&pitch=0&thumbfov=100]]></value>
          </Data>
          <Data name="additional">
            <value/>
          </Data>
          <Data name="website">
            <value>https://cubanito-belgrado.netlify.app/</value>
          </Data>
          <Data name="parent_place">
            <value/>
          </Data>
          <Data name="additional_urls">
            <value>[]</value>
          </Data>
        </ExtendedData>
        <Point>
          <coordinates>
            20.4167679,44.7835999,0
          </coordinates>
        </Point>
      </Placemark>
      <Placemark>
        <name>Krisstal Dance Studio</name>
        <description><![CDATA[﻿id: 68f2f6f517de0681a60e3fb7<br>category: Dance school<br>address_full: Grčića Milenka 63a, Beograd 11000, Serbia<br>district: Vračar<br>address: Grčića Milenka 63a<br>city: Belgrade<br>index: 11000<br>country: RS<br>phone: +381 66 053891<br>location: 44.793728,20.4899906<br>reting: <br>place_id: ChIJZdM3fU9xWkcRn1l-9b3-n9o<br>tags: ["Dance school"]<br>search_url: https://www.google.com/maps/search/?api=1&query=Krisstal%20Dance%20Studio&query_place_id=ChIJZdM3fU9xWkcRn1l-9b3-n9o<br>map_url: https://www.google.com/maps/search/dance%20school/@44.80341058675194,20.232780563203562,15z?hl=en<br>main_category: dance school<br>image_url: <br>additional: <br>website: <br>parent_place: <br>additional_urls: []]]></description>
        <styleUrl>#icon-1899-FF5252-labelson</styleUrl>
        <ExtendedData>
          <Data name="﻿id">
            <value>68f2f6f517de0681a60e3fb7</value>
          </Data>
          <Data name="category">
            <value>Dance school</value>
          </Data>
          <Data name="address_full">
            <value>Grčića Milenka 63a, Beograd 11000, Serbia</value>
          </Data>
          <Data name="district">
            <value>Vračar</value>
          </Data>
          <Data name="address">
            <value>Grčića Milenka 63a</value>
          </Data>
          <Data name="city">
            <value>Belgrade</value>
          </Data>
          <Data name="index">
            <value>11000.0</value>
          </Data>
          <Data name="country">
            <value>RS</value>
          </Data>
          <Data name="phone">
            <value>+381 66 053891</value>
          </Data>
          <Data name="location">
            <value>44.793728,20.4899906</value>
          </Data>
          <Data name="reting">
            <value/>
          </Data>
          <Data name="place_id">
            <value>ChIJZdM3fU9xWkcRn1l-9b3-n9o</value>
          </Data>
          <Data name="tags">
            <value><![CDATA[["Dance school"]]]></value>
          </Data>
          <Data name="search_url">
            <value><![CDATA[https://www.google.com/maps/search/?api=1&query=Krisstal%20Dance%20Studio&query_place_id=ChIJZdM3fU9xWkcRn1l-9b3-n9o]]></value>
          </Data>
          <Data name="map_url">
            <value>https://www.google.com/maps/search/dance%20school/@44.80341058675194,20.232780563203562,15z?hl=en</value>
          </Data>
          <Data name="main_category">
            <value>dance school</value>
          </Data>
          <Data name="image_url">
            <value/>
          </Data>
          <Data name="additional">
            <value/>
          </Data>
          <Data name="website">
            <value/>
          </Data>
          <Data name="parent_place">
            <value/>
          </Data>
          <Data name="additional_urls">
            <value>[]</value>
          </Data>
        </ExtendedData>
        <Point>
          <coordinates>
            20.4899906,44.793728,0
          </coordinates>
        </Point>
      </Placemark>
      <Placemark>
        <name>Dance Station LION</name>
        <description><![CDATA[﻿id: 68f2f6f517de0681a60e3fb9<br>category: Dance school<br>address_full: Miodraga Petrovića Čkalje 1, Beograd 11050, Serbia<br>district: <br>address: Miodraga Petrovića Čkalje 1<br>city: Belgrade<br>index: 11050<br>country: RS<br>phone: +381 65 9455045<br>location: 44.7922423,20.5032416<br>reting: <br>place_id: ChIJhSEW9OFxWkcRXycrBWzAjJw<br>tags: ["Dance school"]<br>search_url: https://www.google.com/maps/search/?api=1&query=Dance%20Station%20LION&query_place_id=ChIJhSEW9OFxWkcRXycrBWzAjJw<br>map_url: https://www.google.com/maps/search/dance%20school/@44.793728,20.4899906,15.507878350354014z?hl=en<br>main_category: dance school<br>image_url: https://streetviewpixels-pa.googleapis.com/v1/thumbnail?panoid=keQVheRl9crsx4aAsm_U5w&cb_client=search.gws-prod.gps&w=408&h=240&yaw=54.83978&pitch=0&thumbfov=100<br>additional: <br>website: https://www.dancestation.rs/<br>parent_place: <br>additional_urls: []]]></description>
        <styleUrl>#icon-1899-FF5252-labelson</styleUrl>
        <ExtendedData>
          <Data name="﻿id">
            <value>68f2f6f517de0681a60e3fb9</value>
          </Data>
          <Data name="category">
            <value>Dance school</value>
          </Data>
          <Data name="address_full">
            <value>Miodraga Petrovića Čkalje 1, Beograd 11050, Serbia</value>
          </Data>
          <Data name="district">
            <value/>
          </Data>
          <Data name="address">
            <value>Miodraga Petrovića Čkalje 1</value>
          </Data>
          <Data name="city">
            <value>Belgrade</value>
          </Data>
          <Data name="index">
            <value>11050.0</value>
          </Data>
          <Data name="country">
            <value>RS</value>
          </Data>
          <Data name="phone">
            <value>+381 65 9455045</value>
          </Data>
          <Data name="location">
            <value>44.7922423,20.5032416</value>
          </Data>
          <Data name="reting">
            <value/>
          </Data>
          <Data name="place_id">
            <value>ChIJhSEW9OFxWkcRXycrBWzAjJw</value>
          </Data>
          <Data name="tags">
            <value><![CDATA[["Dance school"]]]></value>
          </Data>
          <Data name="search_url">
            <value><![CDATA[https://www.google.com/maps/search/?api=1&query=Dance%20Station%20LION&query_place_id=ChIJhSEW9OFxWkcRXycrBWzAjJw]]></value>
          </Data>
          <Data name="map_url">
            <value>https://www.google.com/maps/search/dance%20school/@44.793728,20.4899906,15.507878350354014z?hl=en</value>
          </Data>
          <Data name="main_category">
            <value>dance school</value>
          </Data>
          <Data name="image_url">
            <value><![CDATA[https://streetviewpixels-pa.googleapis.com/v1/thumbnail?panoid=keQVheRl9crsx4aAsm_U5w&cb_client=search.gws-prod.gps&w=408&h=240&yaw=54.83978&pitch=0&thumbfov=100]]></value>
          </Data>
          <Data name="additional">
            <value/>
          </Data>
          <Data name="website">
            <value>https://www.dancestation.rs/</value>
          </Data>
          <Data name="parent_place">
            <value/>
          </Data>
          <Data name="additional_urls">
            <value>[]</value>
          </Data>
        </ExtendedData>
        <Point>
          <coordinates>
            20.5032416,44.7922423,0
          </coordinates>
        </Point>
      </Placemark>
      <Placemark>
        <name>WANTED</name>
        <description><![CDATA[﻿id: 68f2f6f517de0681a60e3fba<br>category: Dance school<br>address_full: Bulevar kralja Aleksandra 320, Beograd, Serbia<br>district: <br>address: Bulevar kralja Aleksandra 320<br>city: Belgrade<br>index: <br>country: RS<br>phone: <br>location: 44.7943118,20.5008392<br>reting: 5<br>place_id: ChIJo7M2SABxWkcRAjJK8HsB9Nk<br>tags: ["Dance school"]<br>search_url: https://www.google.com/maps/search/?api=1&query=WANTED&query_place_id=ChIJo7M2SABxWkcRAjJK8HsB9Nk<br>map_url: https://www.google.com/maps/search/dance%20school/@44.793728,20.4899906,15.507878350354014z?hl=en<br>main_category: dance school<br>image_url: https://streetviewpixels-pa.googleapis.com/v1/thumbnail?panoid=rX6_DXF9B-1SoQsFIaUd4w&cb_client=search.gws-prod.gps&w=408&h=240&yaw=211.48955&pitch=0&thumbfov=100<br>additional: <br>website: https://www.instagram.com/wanted.officiall?igsh=OGQ5ZDc2ODk2ZA==<br>parent_place: <br>additional_urls: []]]></description>
        <styleUrl>#icon-1899-FF5252-labelson</styleUrl>
        <ExtendedData>
          <Data name="﻿id">
            <value>68f2f6f517de0681a60e3fba</value>
          </Data>
          <Data name="category">
            <value>Dance school</value>
          </Data>
          <Data name="address_full">
            <value>Bulevar kralja Aleksandra 320, Beograd, Serbia</value>
          </Data>
          <Data name="district">
            <value/>
          </Data>
          <Data name="address">
            <value>Bulevar kralja Aleksandra 320</value>
          </Data>
          <Data name="city">
            <value>Belgrade</value>
          </Data>
          <Data name="index">
            <value/>
          </Data>
          <Data name="country">
            <value>RS</value>
          </Data>
          <Data name="phone">
            <value/>
          </Data>
          <Data name="location">
            <value>44.7943118,20.5008392</value>
          </Data>
          <Data name="reting">
            <value>5.0</value>
          </Data>
          <Data name="place_id">
            <value>ChIJo7M2SABxWkcRAjJK8HsB9Nk</value>
          </Data>
          <Data name="tags">
            <value><![CDATA[["Dance school"]]]></value>
          </Data>
          <Data name="search_url">
            <value><![CDATA[https://www.google.com/maps/search/?api=1&query=WANTED&query_place_id=ChIJo7M2SABxWkcRAjJK8HsB9Nk]]></value>
          </Data>
          <Data name="map_url">
            <value>https://www.google.com/maps/search/dance%20school/@44.793728,20.4899906,15.507878350354014z?hl=en</value>
          </Data>
          <Data name="main_category">
            <value>dance school</value>
          </Data>
          <Data name="image_url">
            <value><![CDATA[https://streetviewpixels-pa.googleapis.com/v1/thumbnail?panoid=rX6_DXF9B-1SoQsFIaUd4w&cb_client=search.gws-prod.gps&w=408&h=240&yaw=211.48955&pitch=0&thumbfov=100]]></value>
          </Data>
          <Data name="additional">
            <value/>
          </Data>
          <Data name="website">
            <value>https://www.instagram.com/wanted.officiall?igsh=OGQ5ZDc2ODk2ZA==</value>
          </Data>
          <Data name="parent_place">
            <value/>
          </Data>
          <Data name="additional_urls">
            <value>[]</value>
          </Data>
        </ExtendedData>
        <Point>
          <coordinates>
            20.5008392,44.7943118,0
          </coordinates>
        </Point>
      </Placemark>
      <Placemark>
        <name>Dance Station VRAČAR</name>
        <description><![CDATA[﻿id: 68f2f6f517de0681a60e3fbb<br>category: Dance school<br>address_full: Timočka 24, Beograd 11000, Serbia<br>district: Vračar<br>address: Timočka 24<br>city: Belgrade<br>index: 11000<br>country: RS<br>phone: +381 65 9455045<br>location: 44.7957644,20.4863142<br>reting: <br>place_id: ChIJeU1_ETpxWkcRjracHHFC4xc<br>tags: ["Dance school"]<br>search_url: https://www.google.com/maps/search/?api=1&query=Dance%20Station%20VRA%C4%8CAR&query_place_id=ChIJeU1_ETpxWkcRjracHHFC4xc<br>map_url: https://www.google.com/maps/search/dance%20school/@44.793728,20.4899906,15.507878350354014z?hl=en<br>main_category: dance school<br>image_url: https://streetviewpixels-pa.googleapis.com/v1/thumbnail?panoid=VyepYs6Ip2IY7Jb5wfM-gw&cb_client=search.gws-prod.gps&w=408&h=240&yaw=186.92061&pitch=0&thumbfov=100<br>additional: <br>website: https://www.dancestation.rs/<br>parent_place: <br>additional_urls: []]]></description>
        <styleUrl>#icon-1899-FF5252-labelson</styleUrl>
        <ExtendedData>
          <Data name="﻿id">
            <value>68f2f6f517de0681a60e3fbb</value>
          </Data>
          <Data name="category">
            <value>Dance school</value>
          </Data>
          <Data name="address_full">
            <value>Timočka 24, Beograd 11000, Serbia</value>
          </Data>
          <Data name="district">
            <value>Vračar</value>
          </Data>
          <Data name="address">
            <value>Timočka 24</value>
          </Data>
          <Data name="city">
            <value>Belgrade</value>
          </Data>
          <Data name="index">
            <value>11000.0</value>
          </Data>
          <Data name="country">
            <value>RS</value>
          </Data>
          <Data name="phone">
            <value>+381 65 9455045</value>
          </Data>
          <Data name="location">
            <value>44.7957644,20.4863142</value>
          </Data>
          <Data name="reting">
            <value/>
          </Data>
          <Data name="place_id">
            <value>ChIJeU1_ETpxWkcRjracHHFC4xc</value>
          </Data>
          <Data name="tags">
            <value><![CDATA[["Dance school"]]]></value>
          </Data>
          <Data name="search_url">
            <value><![CDATA[https://www.google.com/maps/search/?api=1&query=Dance%20Station%20VRA%C4%8CAR&query_place_id=ChIJeU1_ETpxWkcRjracHHFC4xc]]></value>
          </Data>
          <Data name="map_url">
            <value>https://www.google.com/maps/search/dance%20school/@44.793728,20.4899906,15.507878350354014z?hl=en</value>
          </Data>
          <Data name="main_category">
            <value>dance school</value>
          </Data>
          <Data name="image_url">
            <value><![CDATA[https://streetviewpixels-pa.googleapis.com/v1/thumbnail?panoid=VyepYs6Ip2IY7Jb5wfM-gw&cb_client=search.gws-prod.gps&w=408&h=240&yaw=186.92061&pitch=0&thumbfov=100]]></value>
          </Data>
          <Data name="additional">
            <value/>
          </Data>
          <Data name="website">
            <value>https://www.dancestation.rs/</value>
          </Data>
          <Data name="parent_place">
            <value/>
          </Data>
          <Data name="additional_urls">
            <value>[]</value>
          </Data>
        </ExtendedData>
        <Point>
          <coordinates>
            20.4863142,44.7957644,0
          </coordinates>
        </Point>
      </Placemark>
      <Placemark>
        <name>Aleksandra Politopulos</name>
        <description><![CDATA[﻿id: 68f2f6f617de0681a60e3fbd<br>category: Dance school<br>address_full: Maleška, Beograd 116418, Serbia<br>district: Savski Venac<br>address: Maleška<br>city: Belgrade<br>index: <br>country: RS<br>phone: +381 69 8801002<br>location: 44.7939188,20.4570462<br>reting: 5<br>place_id: ChIJubIBsxFwWkcRiffn2UqZsJ8<br>tags: ["Dance school"]<br>search_url: https://www.google.com/maps/search/?api=1&query=Aleksandra%20Politopulos&query_place_id=ChIJubIBsxFwWkcRiffn2UqZsJ8<br>map_url: https://www.google.com/maps/search/dance%20school/@44.79728654397961,20.462975486591922,17z?hl=en<br>main_category: dance school<br>image_url: https://lh3.googleusercontent.com/gps-cs-s/AC9h4noSRMuKeWkVsi_hSQqTRVcRVCybfXgO9ay4WVbP-pr3ebcdmRzPZ1v8j1-hWJkIuvZ9sIL-aMuE1UMMQvrYDTl1SG56zv9fL2ZNfKURD_YFe7c2HGVEgDZPV7z00lWBm9-vT4Ra=w408-h267-k-no<br>additional: <br>website: <br>parent_place: <br>additional_urls: []]]></description>
        <styleUrl>#icon-1899-FF5252-labelson</styleUrl>
        <ExtendedData>
          <Data name="﻿id">
            <value>68f2f6f617de0681a60e3fbd</value>
          </Data>
          <Data name="category">
            <value>Dance school</value>
          </Data>
          <Data name="address_full">
            <value>Maleška, Beograd 116418, Serbia</value>
          </Data>
          <Data name="district">
            <value>Savski Venac</value>
          </Data>
          <Data name="address">
            <value>Maleška</value>
          </Data>
          <Data name="city">
            <value>Belgrade</value>
          </Data>
          <Data name="index">
            <value/>
          </Data>
          <Data name="country">
            <value>RS</value>
          </Data>
          <Data name="phone">
            <value>+381 69 8801002</value>
          </Data>
          <Data name="location">
            <value>44.7939188,20.4570462</value>
          </Data>
          <Data name="reting">
            <value>5.0</value>
          </Data>
          <Data name="place_id">
            <value>ChIJubIBsxFwWkcRiffn2UqZsJ8</value>
          </Data>
          <Data name="tags">
            <value><![CDATA[["Dance school"]]]></value>
          </Data>
          <Data name="search_url">
            <value><![CDATA[https://www.google.com/maps/search/?api=1&query=Aleksandra%20Politopulos&query_place_id=ChIJubIBsxFwWkcRiffn2UqZsJ8]]></value>
          </Data>
          <Data name="map_url">
            <value>https://www.google.com/maps/search/dance%20school/@44.79728654397961,20.462975486591922,17z?hl=en</value>
          </Data>
          <Data name="main_category">
            <value>dance school</value>
          </Data>
          <Data name="image_url">
            <value>https://lh3.googleusercontent.com/gps-cs-s/AC9h4noSRMuKeWkVsi_hSQqTRVcRVCybfXgO9ay4WVbP-pr3ebcdmRzPZ1v8j1-hWJkIuvZ9sIL-aMuE1UMMQvrYDTl1SG56zv9fL2ZNfKURD_YFe7c2HGVEgDZPV7z00lWBm9-vT4Ra=w408-h267-k-no</value>
          </Data>
          <Data name="additional">
            <value/>
          </Data>
          <Data name="website">
            <value/>
          </Data>
          <Data name="parent_place">
            <value/>
          </Data>
          <Data name="additional_urls">
            <value>[]</value>
          </Data>
        </ExtendedData>
        <Point>
          <coordinates>
            20.4570462,44.7939188,0
          </coordinates>
        </Point>
      </Placemark>
      <Placemark>
        <name>Futura-Dent</name>
        <description><![CDATA[﻿id: 68f2f6f617de0681a60e3fbe<br>category: Dentist<br>address_full: Nemanjina 40, Beograd, Serbia<br>district: Savski Venac<br>address: Nemanjina 40<br>city: Belgrade<br>index: <br>country: RS<br>phone: +381 63 263627<br>location: 44.8025896,20.4650643<br>reting: 5<br>place_id: ChIJx0ABFah6WkcRBakGCVtP26Y<br>tags: ["Dentist","Dance school"]<br>search_url: https://www.google.com/maps/search/?api=1&query=Futura-Dent&query_place_id=ChIJx0ABFah6WkcRBakGCVtP26Y<br>map_url: https://www.google.com/maps/search/dance%20school/@44.803382556020395,20.462975486591922,17z?hl=en<br>main_category: dance school<br>image_url: https://lh3.googleusercontent.com/gps-cs-s/AC9h4npa03q806HNQh7WqW50p9rIw7yPDggHfLhrQKJ9eA2J-e8t2OoWUP0AzX1YTVQGBl3nMNYCrJqavS9G6NT4gXv8dRlFRJOtNhNiBwgBCZTNXFJP8gtnzlOen1BmeDxxMNKh9KxY=w408-h544-k-no<br>additional: Stomatološka ordinacija FUTURA DENT<br>website: http://www.futuradent.com/<br>parent_place: <br>additional_urls: []]]></description>
        <styleUrl>#icon-1899-FF5252-labelson</styleUrl>
        <ExtendedData>
          <Data name="﻿id">
            <value>68f2f6f617de0681a60e3fbe</value>
          </Data>
          <Data name="category">
            <value>Dentist</value>
          </Data>
          <Data name="address_full">
            <value>Nemanjina 40, Beograd, Serbia</value>
          </Data>
          <Data name="district">
            <value>Savski Venac</value>
          </Data>
          <Data name="address">
            <value>Nemanjina 40</value>
          </Data>
          <Data name="city">
            <value>Belgrade</value>
          </Data>
          <Data name="index">
            <value/>
          </Data>
          <Data name="country">
            <value>RS</value>
          </Data>
          <Data name="phone">
            <value>+381 63 263627</value>
          </Data>
          <Data name="location">
            <value>44.8025896,20.4650643</value>
          </Data>
          <Data name="reting">
            <value>5.0</value>
          </Data>
          <Data name="place_id">
            <value>ChIJx0ABFah6WkcRBakGCVtP26Y</value>
          </Data>
          <Data name="tags">
            <value><![CDATA[["Dentist","Dance school"]]]></value>
          </Data>
          <Data name="search_url">
            <value><![CDATA[https://www.google.com/maps/search/?api=1&query=Futura-Dent&query_place_id=ChIJx0ABFah6WkcRBakGCVtP26Y]]></value>
          </Data>
          <Data name="map_url">
            <value>https://www.google.com/maps/search/dance%20school/@44.803382556020395,20.462975486591922,17z?hl=en</value>
          </Data>
          <Data name="main_category">
            <value>dance school</value>
          </Data>
          <Data name="image_url">
            <value>https://lh3.googleusercontent.com/gps-cs-s/AC9h4npa03q806HNQh7WqW50p9rIw7yPDggHfLhrQKJ9eA2J-e8t2OoWUP0AzX1YTVQGBl3nMNYCrJqavS9G6NT4gXv8dRlFRJOtNhNiBwgBCZTNXFJP8gtnzlOen1BmeDxxMNKh9KxY=w408-h544-k-no</value>
          </Data>
          <Data name="additional">
            <value>Stomatološka ordinacija FUTURA DENT</value>
          </Data>
          <Data name="website">
            <value>http://www.futuradent.com/</value>
          </Data>
          <Data name="parent_place">
            <value/>
          </Data>
          <Data name="additional_urls">
            <value>[]</value>
          </Data>
        </ExtendedData>
        <Point>
          <coordinates>
            20.4650643,44.8025896,0
          </coordinates>
        </Point>
      </Placemark>
      <Placemark>
        <name><![CDATA[Erin's Fiddle]]></name>
        <description><![CDATA[﻿id: 68f2f6f617de0681a60e3fbf<br>category: Dance school<br>address_full: Ozrenska 39, Beograd 11000, Serbia<br>district: <br>address: Ozrenska 39<br>city: Belgrade<br>index: 11000<br>country: RS<br>phone: +381 62 210040<br>location: 44.7834085,20.4860414<br>reting: <br>place_id: ChIJM9Thnj1xWkcR1zJ6IrdAkEU<br>tags: ["Dance school"]<br>search_url: https://www.google.com/maps/search/?api=1&query=Erin's%20Fiddle&query_place_id=ChIJM9Thnj1xWkcR1zJ6IrdAkEU<br>map_url: https://www.google.com/maps/search/dance%20school/@44.7837358985962,20.514200490476544,15z?hl=en<br>main_category: dance school<br>image_url: https://lh3.googleusercontent.com/p/AF1QipNUMezNQKoI6pjVI1f4LhusHGse0eDUoRUryqvK=w408-h272-k-no<br>additional: <br>website: <br>parent_place: <br>additional_urls: []]]></description>
        <styleUrl>#icon-1899-FF5252-labelson</styleUrl>
        <ExtendedData>
          <Data name="﻿id">
            <value>68f2f6f617de0681a60e3fbf</value>
          </Data>
          <Data name="category">
            <value>Dance school</value>
          </Data>
          <Data name="address_full">
            <value>Ozrenska 39, Beograd 11000, Serbia</value>
          </Data>
          <Data name="district">
            <value/>
          </Data>
          <Data name="address">
            <value>Ozrenska 39</value>
          </Data>
          <Data name="city">
            <value>Belgrade</value>
          </Data>
          <Data name="index">
            <value>11000.0</value>
          </Data>
          <Data name="country">
            <value>RS</value>
          </Data>
          <Data name="phone">
            <value>+381 62 210040</value>
          </Data>
          <Data name="location">
            <value>44.7834085,20.4860414</value>
          </Data>
          <Data name="reting">
            <value/>
          </Data>
          <Data name="place_id">
            <value>ChIJM9Thnj1xWkcR1zJ6IrdAkEU</value>
          </Data>
          <Data name="tags">
            <value><![CDATA[["Dance school"]]]></value>
          </Data>
          <Data name="search_url">
            <value><![CDATA[https://www.google.com/maps/search/?api=1&query=Erin's%20Fiddle&query_place_id=ChIJM9Thnj1xWkcR1zJ6IrdAkEU]]></value>
          </Data>
          <Data name="map_url">
            <value>https://www.google.com/maps/search/dance%20school/@44.7837358985962,20.514200490476544,15z?hl=en</value>
          </Data>
          <Data name="main_category">
            <value>dance school</value>
          </Data>
          <Data name="image_url">
            <value>https://lh3.googleusercontent.com/p/AF1QipNUMezNQKoI6pjVI1f4LhusHGse0eDUoRUryqvK=w408-h272-k-no</value>
          </Data>
          <Data name="additional">
            <value/>
          </Data>
          <Data name="website">
            <value/>
          </Data>
          <Data name="parent_place">
            <value/>
          </Data>
          <Data name="additional_urls">
            <value>[]</value>
          </Data>
        </ExtendedData>
        <Point>
          <coordinates>
            20.4860414,44.7834085,0
          </coordinates>
        </Point>
      </Placemark>
      <Placemark>
        <name>Kus Sládkovič Boľovce - Kud Sladkovič Boljevci</name>
        <description><![CDATA[﻿id: 68f2f6f517de0681a60e3fa0<br>category: Dance school<br>address_full: Braće Gavrajić 1, Boljevci 11275, Serbia<br>district: <br>address: Braće Gavrajić 1<br>city: Boljevci<br>index: 11275<br>country: RS<br>phone: <br>location: 44.7224328,20.2158887<br>reting: 5<br>place_id: ChIJt9VRiOJqWkcRKORSFQYDd8k<br>tags: ["Dance school"]<br>search_url: https://www.google.com/maps/search/?api=1&query=Kus%20Sl%C3%A1dkovi%C4%8D%20Bo%C4%BEovce%20-%20Kud%20Sladkovi%C4%8D%20Boljevci&query_place_id=ChIJt9VRiOJqWkcRKORSFQYDd8k<br>map_url: https://www.google.com/maps/search/dance%20school/@44.71807356912248,20.28541642708654,13z?hl=en<br>main_category: dance school<br>image_url: https://lh3.googleusercontent.com/p/AF1QipOQIbKMIz16NIvXWc9LmGwfc4hN5lsor3BYP4ME=w408-h306-k-no<br>additional: <br>website: <br>parent_place: <br>additional_urls: []]]></description>
        <styleUrl>#icon-1899-C2185B-labelson</styleUrl>
        <ExtendedData>
          <Data name="﻿id">
            <value>68f2f6f517de0681a60e3fa0</value>
          </Data>
          <Data name="category">
            <value>Dance school</value>
          </Data>
          <Data name="address_full">
            <value>Braće Gavrajić 1, Boljevci 11275, Serbia</value>
          </Data>
          <Data name="district">
            <value/>
          </Data>
          <Data name="address">
            <value>Braće Gavrajić 1</value>
          </Data>
          <Data name="city">
            <value>Boljevci</value>
          </Data>
          <Data name="index">
            <value>11275.0</value>
          </Data>
          <Data name="country">
            <value>RS</value>
          </Data>
          <Data name="phone">
            <value/>
          </Data>
          <Data name="location">
            <value>44.7224328,20.2158887</value>
          </Data>
          <Data name="reting">
            <value>5.0</value>
          </Data>
          <Data name="place_id">
            <value>ChIJt9VRiOJqWkcRKORSFQYDd8k</value>
          </Data>
          <Data name="tags">
            <value><![CDATA[["Dance school"]]]></value>
          </Data>
          <Data name="search_url">
            <value><![CDATA[https://www.google.com/maps/search/?api=1&query=Kus%20Sl%C3%A1dkovi%C4%8D%20Bo%C4%BEovce%20-%20Kud%20Sladkovi%C4%8D%20Boljevci&query_place_id=ChIJt9VRiOJqWkcRKORSFQYDd8k]]></value>
          </Data>
          <Data name="map_url">
            <value>https://www.google.com/maps/search/dance%20school/@44.71807356912248,20.28541642708654,13z?hl=en</value>
          </Data>
          <Data name="main_category">
            <value>dance school</value>
          </Data>
          <Data name="image_url">
            <value>https://lh3.googleusercontent.com/p/AF1QipOQIbKMIz16NIvXWc9LmGwfc4hN5lsor3BYP4ME=w408-h306-k-no</value>
          </Data>
          <Data name="additional">
            <value/>
          </Data>
          <Data name="website">
            <value/>
          </Data>
          <Data name="parent_place">
            <value/>
          </Data>
          <Data name="additional_urls">
            <value>[]</value>
          </Data>
        </ExtendedData>
        <Point>
          <coordinates>
            20.2158887,44.7224328,0
          </coordinates>
        </Point>
      </Placemark>
      <Placemark>
        <name>FuegoLoco Dance Center</name>
        <description><![CDATA[﻿id: 68f2f6f517de0681a60e3f2b<br>category: Dance school<br>address_full: 9593+89H, Rruga Rexhep Bislimi Ferizaj, (Perballe Eurogoma), Ferizaj 70000<br>district: <br>address: 9593+89H, Rruga Rexhep Bislimi Ferizaj, (Perballe Eurogoma)<br>city: Ferizaj<br>index: 70000<br>country: XK<br>phone: +383 49 589 501<br>location: 42.3683184,21.1534774<br>reting: 5<br>place_id: ChIJtdQW8nV_VBMRB6UykvTcupo<br>tags: ["Dance school"]<br>search_url: https://www.google.com/maps/search/?api=1&query=FuegoLoco%20Dance%20Center&query_place_id=ChIJtdQW8nV_VBMRB6UykvTcupo<br>map_url: https://www.google.com/maps/search/dance%20school/@42.12051446587475,20.91062925,10z?hl=en<br>main_category: dance school<br>image_url: <br>additional: <br>website: https://www.facebook.com/FuegoLocoe/<br>parent_place: <br>additional_urls: []]]></description>
        <styleUrl>#icon-1899-BDBDBD-labelson</styleUrl>
        <ExtendedData>
          <Data name="﻿id">
            <value>68f2f6f517de0681a60e3f2b</value>
          </Data>
          <Data name="category">
            <value>Dance school</value>
          </Data>
          <Data name="address_full">
            <value>9593+89H, Rruga Rexhep Bislimi Ferizaj, (Perballe Eurogoma), Ferizaj 70000</value>
          </Data>
          <Data name="district">
            <value/>
          </Data>
          <Data name="address">
            <value>9593+89H, Rruga Rexhep Bislimi Ferizaj, (Perballe Eurogoma)</value>
          </Data>
          <Data name="city">
            <value>Ferizaj</value>
          </Data>
          <Data name="index">
            <value>70000.0</value>
          </Data>
          <Data name="country">
            <value>XK</value>
          </Data>
          <Data name="phone">
            <value>+383 49 589 501</value>
          </Data>
          <Data name="location">
            <value>42.3683184,21.1534774</value>
          </Data>
          <Data name="reting">
            <value>5.0</value>
          </Data>
          <Data name="place_id">
            <value>ChIJtdQW8nV_VBMRB6UykvTcupo</value>
          </Data>
          <Data name="tags">
            <value><![CDATA[["Dance school"]]]></value>
          </Data>
          <Data name="search_url">
            <value><![CDATA[https://www.google.com/maps/search/?api=1&query=FuegoLoco%20Dance%20Center&query_place_id=ChIJtdQW8nV_VBMRB6UykvTcupo]]></value>
          </Data>
          <Data name="map_url">
            <value>https://www.google.com/maps/search/dance%20school/@42.12051446587475,20.91062925,10z?hl=en</value>
          </Data>
          <Data name="main_category">
            <value>dance school</value>
          </Data>
          <Data name="image_url">
            <value/>
          </Data>
          <Data name="additional">
            <value/>
          </Data>
          <Data name="website">
            <value>https://www.facebook.com/FuegoLocoe/</value>
          </Data>
          <Data name="parent_place">
            <value/>
          </Data>
          <Data name="additional_urls">
            <value>[]</value>
          </Data>
        </ExtendedData>
        <Point>
          <coordinates>
            21.1534774,42.3683184,0
          </coordinates>
        </Point>
      </Placemark>
      <Placemark>
        <name><![CDATA[Joy Dance & Sports - Fushë Kosovë]]></name>
        <description><![CDATA[﻿id: 68f2f6f517de0681a60e3efd<br>category: Dance company<br>address_full: Blloku E6, Nënë Tereza, Fushë Kosovë XK, Fushë 10000<br>district: <br>address: Blloku E6, Nënë Tereza, Fushë Kosovë XK<br>city: Fushë<br>index: 10000<br>country: XK<br>phone: +383 49 622 494<br>location: 42.6399595,21.1066714<br>reting: 5<br>place_id: ChIJv-5mEWCfVBMRFFNuJD19mBg<br>tags: ["Dance company","Aero dance class","Dance school","Fitness centre","Gym","Health consultant","Nutritionist","Personal trainer","Pilates studio","Yoga instructor"]<br>search_url: https://www.google.com/maps/search/?api=1&query=Joy%20Dance%20%26%20Sports%20-%20Fush%C3%AB%20Kosov%C3%AB&query_place_id=ChIJv-5mEWCfVBMRFFNuJD19mBg<br>map_url: https://www.google.com/maps/search/dance%20school/@42.881911059524846,21.93300849264326,10z?hl=en<br>main_category: dance school<br>image_url: https://lh3.googleusercontent.com/p/AF1QipOJ4HE79UcXD-8CfKCKW7S__D82YO3XZCE9QDsJ=w408-h456-k-no<br>additional: <br>website: <br>parent_place: <br>additional_urls: []]]></description>
        <styleUrl>#icon-1899-BDBDBD-labelson</styleUrl>
        <ExtendedData>
          <Data name="﻿id">
            <value>68f2f6f517de0681a60e3efd</value>
          </Data>
          <Data name="category">
            <value>Dance company</value>
          </Data>
          <Data name="address_full">
            <value>Blloku E6, Nënë Tereza, Fushë Kosovë XK, Fushë 10000</value>
          </Data>
          <Data name="district">
            <value/>
          </Data>
          <Data name="address">
            <value>Blloku E6, Nënë Tereza, Fushë Kosovë XK</value>
          </Data>
          <Data name="city">
            <value>Fushë</value>
          </Data>
          <Data name="index">
            <value>10000.0</value>
          </Data>
          <Data name="country">
            <value>XK</value>
          </Data>
          <Data name="phone">
            <value>+383 49 622 494</value>
          </Data>
          <Data name="location">
            <value>42.6399595,21.1066714</value>
          </Data>
          <Data name="reting">
            <value>5.0</value>
          </Data>
          <Data name="place_id">
            <value>ChIJv-5mEWCfVBMRFFNuJD19mBg</value>
          </Data>
          <Data name="tags">
            <value><![CDATA[["Dance company","Aero dance class","Dance school","Fitness centre","Gym","Health consultant","Nutritionist","Personal trainer","Pilates studio","Yoga instructor"]]]></value>
          </Data>
          <Data name="search_url">
            <value><![CDATA[https://www.google.com/maps/search/?api=1&query=Joy%20Dance%20%26%20Sports%20-%20Fush%C3%AB%20Kosov%C3%AB&query_place_id=ChIJv-5mEWCfVBMRFFNuJD19mBg]]></value>
          </Data>
          <Data name="map_url">
            <value>https://www.google.com/maps/search/dance%20school/@42.881911059524846,21.93300849264326,10z?hl=en</value>
          </Data>
          <Data name="main_category">
            <value>dance school</value>
          </Data>
          <Data name="image_url">
            <value>https://lh3.googleusercontent.com/p/AF1QipOJ4HE79UcXD-8CfKCKW7S__D82YO3XZCE9QDsJ=w408-h456-k-no</value>
          </Data>
          <Data name="additional">
            <value/>
          </Data>
          <Data name="website">
            <value/>
          </Data>
          <Data name="parent_place">
            <value/>
          </Data>
          <Data name="additional_urls">
            <value>[]</value>
          </Data>
        </ExtendedData>
        <Point>
          <coordinates>
            21.1066714,42.6399595,0
          </coordinates>
        </Point>
      </Placemark>
      <Placemark>
        <name>I dance</name>
        <description><![CDATA[﻿id: 68f2f6f517de0681a60e3f05<br>category: Dance school<br>address_full: Pallati i Kultures Asim Vokshi, Rruga e UÇK-së, Gjakovë 50000<br>district: <br>address: Pallati i Kultures Asim Vokshi, Rruga e UÇK-së<br>city: Gjakova<br>index: <br>country: XK<br>phone: <br>location: 42.384506,20.4305844<br>reting: <br>place_id: ChIJz34G052xUxMRxP832NctTpE<br>tags: ["Dance school"]<br>search_url: https://www.google.com/maps/search/?api=1&query=I%20dance&query_place_id=ChIJz34G052xUxMRxP832NctTpE<br>map_url: https://www.google.com/maps/search/dance%20school/@42.12051446587475,19.88825000735674,10z?hl=en<br>main_category: dance school<br>image_url: <br>additional: <br>website: <br>parent_place: <br>additional_urls: []]]></description>
        <styleUrl>#icon-1899-BDBDBD-labelson</styleUrl>
        <ExtendedData>
          <Data name="﻿id">
            <value>68f2f6f517de0681a60e3f05</value>
          </Data>
          <Data name="category">
            <value>Dance school</value>
          </Data>
          <Data name="address_full">
            <value>Pallati i Kultures Asim Vokshi, Rruga e UÇK-së, Gjakovë 50000</value>
          </Data>
          <Data name="district">
            <value/>
          </Data>
          <Data name="address">
            <value>Pallati i Kultures Asim Vokshi, Rruga e UÇK-së</value>
          </Data>
          <Data name="city">
            <value>Gjakova</value>
          </Data>
          <Data name="index">
            <value/>
          </Data>
          <Data name="country">
            <value>XK</value>
          </Data>
          <Data name="phone">
            <value/>
          </Data>
          <Data name="location">
            <value>42.384506,20.4305844</value>
          </Data>
          <Data name="reting">
            <value/>
          </Data>
          <Data name="place_id">
            <value>ChIJz34G052xUxMRxP832NctTpE</value>
          </Data>
          <Data name="tags">
            <value><![CDATA[["Dance school"]]]></value>
          </Data>
          <Data name="search_url">
            <value><![CDATA[https://www.google.com/maps/search/?api=1&query=I%20dance&query_place_id=ChIJz34G052xUxMRxP832NctTpE]]></value>
          </Data>
          <Data name="map_url">
            <value>https://www.google.com/maps/search/dance%20school/@42.12051446587475,19.88825000735674,10z?hl=en</value>
          </Data>
          <Data name="main_category">
            <value>dance school</value>
          </Data>
          <Data name="image_url">
            <value/>
          </Data>
          <Data name="additional">
            <value/>
          </Data>
          <Data name="website">
            <value/>
          </Data>
          <Data name="parent_place">
            <value/>
          </Data>
          <Data name="additional_urls">
            <value>[]</value>
          </Data>
        </ExtendedData>
        <Point>
          <coordinates>
            20.4305844,42.384506,0
          </coordinates>
        </Point>
      </Placemark>
      <Placemark>
        <name>Плесни клуб „Доминго“</name>
        <description><![CDATA[﻿id: 68f2f6f517de0681a60e3fb2<br>category: Dance school<br>address_full: Trg Kneza Mihaila 1, Gornji Milanovac 32300, Serbia<br>district: <br>address: Trg Kneza Mihaila 1<br>city: Gornji Milanovac<br>index: 32300<br>country: RS<br>phone: +381 60 4321433<br>location: 44.024304,20.459169<br>reting: <br>place_id: ChIJ4yi8bGxqV0cR7Uux9RhpRuA<br>tags: ["Dance school"]<br>search_url: https://www.google.com/maps/search/?api=1&query=%D0%9F%D0%BB%D0%B5%D1%81%D0%BD%D0%B8%20%D0%BA%D0%BB%D1%83%D0%B1%20%E2%80%9E%D0%94%D0%BE%D0%BC%D0%B8%D0%BD%D0%B3%D0%BE%E2%80%9C&query_place_id=ChIJ4yi8bGxqV0cR7Uux9RhpRuA<br>map_url: https://www.google.com/maps/search/dance%20school/@44.00047045965024,20.4468135501106,15z?hl=en<br>main_category: dance school<br>image_url: https://lh3.googleusercontent.com/p/AF1QipM3nTlKBlAwqSg8unSEB-SRNBEhKFMhDFhtcd1o=w408-h271-k-no<br>additional: <br>website: <br>parent_place: <br>additional_urls: []]]></description>
        <styleUrl>#icon-1899-BDBDBD-labelson</styleUrl>
        <ExtendedData>
          <Data name="﻿id">
            <value>68f2f6f517de0681a60e3fb2</value>
          </Data>
          <Data name="category">
            <value>Dance school</value>
          </Data>
          <Data name="address_full">
            <value>Trg Kneza Mihaila 1, Gornji Milanovac 32300, Serbia</value>
          </Data>
          <Data name="district">
            <value/>
          </Data>
          <Data name="address">
            <value>Trg Kneza Mihaila 1</value>
          </Data>
          <Data name="city">
            <value>Gornji Milanovac</value>
          </Data>
          <Data name="index">
            <value>32300.0</value>
          </Data>
          <Data name="country">
            <value>RS</value>
          </Data>
          <Data name="phone">
            <value>+381 60 4321433</value>
          </Data>
          <Data name="location">
            <value>44.024304,20.459169</value>
          </Data>
          <Data name="reting">
            <value/>
          </Data>
          <Data name="place_id">
            <value>ChIJ4yi8bGxqV0cR7Uux9RhpRuA</value>
          </Data>
          <Data name="tags">
            <value><![CDATA[["Dance school"]]]></value>
          </Data>
          <Data name="search_url">
            <value><![CDATA[https://www.google.com/maps/search/?api=1&query=%D0%9F%D0%BB%D0%B5%D1%81%D0%BD%D0%B8%20%D0%BA%D0%BB%D1%83%D0%B1%20%E2%80%9E%D0%94%D0%BE%D0%BC%D0%B8%D0%BD%D0%B3%D0%BE%E2%80%9C&query_place_id=ChIJ4yi8bGxqV0cR7Uux9RhpRuA]]></value>
          </Data>
          <Data name="map_url">
            <value>https://www.google.com/maps/search/dance%20school/@44.00047045965024,20.4468135501106,15z?hl=en</value>
          </Data>
          <Data name="main_category">
            <value>dance school</value>
          </Data>
          <Data name="image_url">
            <value>https://lh3.googleusercontent.com/p/AF1QipM3nTlKBlAwqSg8unSEB-SRNBEhKFMhDFhtcd1o=w408-h271-k-no</value>
          </Data>
          <Data name="additional">
            <value/>
          </Data>
          <Data name="website">
            <value/>
          </Data>
          <Data name="parent_place">
            <value/>
          </Data>
          <Data name="additional_urls">
            <value>[]</value>
          </Data>
        </ExtendedData>
        <Point>
          <coordinates>
            20.459169,44.024304,0
          </coordinates>
        </Point>
      </Placemark>
      <Placemark>
        <name><![CDATA[Plesna škola "DreamTeam UDC"]]></name>
        <description><![CDATA[﻿id: 68f2f6f517de0681a60e3f07<br>category: Dance school<br>address_full: Vuka Кaradzica 1, Jagodina 35000, Serbia<br>district: <br>address: Vuka Кaradzica 1<br>city: Jagodina<br>index: 35000<br>country: RS<br>phone: +381 63 8051533<br>location: 43.9793039,21.2591884<br>reting: 5<br>place_id: ChIJ-eWyNRXEVkcRCuY5JmFBJuk<br>tags: ["Dance school"]<br>search_url: https://www.google.com/maps/search/?api=1&query=Plesna%20%C5%A1kola%20%22DreamTeam%20UDC%22&query_place_id=ChIJ-eWyNRXEVkcRCuY5JmFBJuk<br>map_url: https://www.google.com/maps/search/dance%20school/@43.64330765317494,21.93300849264326,10z?hl=en<br>main_category: dance school<br>image_url: https://lh3.googleusercontent.com/gps-cs-s/AC9h4noMS0hpXHZtdKbYBZYAiFCr-bv-YrhbeNo7og9gfMqov9w7igDR7NwaqtKig6EnGdB6jMYJ7V5jTecn2LBIXtGR3aD0tDzzQuBbeVTKafj2TRwGPQA03ntcQkdeEqr2bmIXJnO0lQ=w426-h240-k-no<br>additional: <br>website: https://dreamteamudc.wixsite.com/website<br>parent_place: Poslovni centar ŽIR<br>additional_urls: []]]></description>
        <styleUrl>#icon-1899-BDBDBD-labelson</styleUrl>
        <ExtendedData>
          <Data name="﻿id">
            <value>68f2f6f517de0681a60e3f07</value>
          </Data>
          <Data name="category">
            <value>Dance school</value>
          </Data>
          <Data name="address_full">
            <value>Vuka Кaradzica 1, Jagodina 35000, Serbia</value>
          </Data>
          <Data name="district">
            <value/>
          </Data>
          <Data name="address">
            <value>Vuka Кaradzica 1</value>
          </Data>
          <Data name="city">
            <value>Jagodina</value>
          </Data>
          <Data name="index">
            <value>35000.0</value>
          </Data>
          <Data name="country">
            <value>RS</value>
          </Data>
          <Data name="phone">
            <value>+381 63 8051533</value>
          </Data>
          <Data name="location">
            <value>43.9793039,21.2591884</value>
          </Data>
          <Data name="reting">
            <value>5.0</value>
          </Data>
          <Data name="place_id">
            <value>ChIJ-eWyNRXEVkcRCuY5JmFBJuk</value>
          </Data>
          <Data name="tags">
            <value><![CDATA[["Dance school"]]]></value>
          </Data>
          <Data name="search_url">
            <value><![CDATA[https://www.google.com/maps/search/?api=1&query=Plesna%20%C5%A1kola%20%22DreamTeam%20UDC%22&query_place_id=ChIJ-eWyNRXEVkcRCuY5JmFBJuk]]></value>
          </Data>
          <Data name="map_url">
            <value>https://www.google.com/maps/search/dance%20school/@43.64330765317494,21.93300849264326,10z?hl=en</value>
          </Data>
          <Data name="main_category">
            <value>dance school</value>
          </Data>
          <Data name="image_url">
            <value>https://lh3.googleusercontent.com/gps-cs-s/AC9h4noMS0hpXHZtdKbYBZYAiFCr-bv-YrhbeNo7og9gfMqov9w7igDR7NwaqtKig6EnGdB6jMYJ7V5jTecn2LBIXtGR3aD0tDzzQuBbeVTKafj2TRwGPQA03ntcQkdeEqr2bmIXJnO0lQ=w426-h240-k-no</value>
          </Data>
          <Data name="additional">
            <value/>
          </Data>
          <Data name="website">
            <value>https://dreamteamudc.wixsite.com/website</value>
          </Data>
          <Data name="parent_place">
            <value>Poslovni centar ŽIR</value>
          </Data>
          <Data name="additional_urls">
            <value>[]</value>
          </Data>
        </ExtendedData>
        <Point>
          <coordinates>
            21.2591884,43.9793039,0
          </coordinates>
        </Point>
      </Placemark>
      <Placemark>
        <name>K.Beat Dance Studio</name>
        <description><![CDATA[﻿id: 68f2f6f517de0681a60e3faa<br>category: Dance school<br>address_full: Svetosavska 64, Kikinda, Serbia<br>district: <br>address: Svetosavska 64<br>city: Kikinda<br>index: <br>country: RS<br>phone: <br>location: 44.8459604,20.4984538<br>reting: 5<br>place_id: ChIJccFEUKV7WkcRefkzvPq6d9I<br>tags: ["Dance school"]<br>search_url: https://www.google.com/maps/search/?api=1&query=K.Beat%20Dance%20Studio&query_place_id=ChIJccFEUKV7WkcRefkzvPq6d9I<br>map_url: https://www.google.com/maps/search/dance%20school/@44.94280856041769,20.73332913610115,14z?hl=en<br>main_category: dance school<br>image_url: https://lh3.googleusercontent.com/p/AF1QipPemXz2_c5nFzd2Btl1liEPysnXtdc0XIwq7dMR=w408-h246-k-no<br>additional: <br>website: <br>parent_place: <br>additional_urls: []]]></description>
        <styleUrl>#icon-1899-BDBDBD-labelson</styleUrl>
        <ExtendedData>
          <Data name="﻿id">
            <value>68f2f6f517de0681a60e3faa</value>
          </Data>
          <Data name="category">
            <value>Dance school</value>
          </Data>
          <Data name="address_full">
            <value>Svetosavska 64, Kikinda, Serbia</value>
          </Data>
          <Data name="district">
            <value/>
          </Data>
          <Data name="address">
            <value>Svetosavska 64</value>
          </Data>
          <Data name="city">
            <value>Kikinda</value>
          </Data>
          <Data name="index">
            <value/>
          </Data>
          <Data name="country">
            <value>RS</value>
          </Data>
          <Data name="phone">
            <value/>
          </Data>
          <Data name="location">
            <value>44.8459604,20.4984538</value>
          </Data>
          <Data name="reting">
            <value>5.0</value>
          </Data>
          <Data name="place_id">
            <value>ChIJccFEUKV7WkcRefkzvPq6d9I</value>
          </Data>
          <Data name="tags">
            <value><![CDATA[["Dance school"]]]></value>
          </Data>
          <Data name="search_url">
            <value><![CDATA[https://www.google.com/maps/search/?api=1&query=K.Beat%20Dance%20Studio&query_place_id=ChIJccFEUKV7WkcRefkzvPq6d9I]]></value>
          </Data>
          <Data name="map_url">
            <value>https://www.google.com/maps/search/dance%20school/@44.94280856041769,20.73332913610115,14z?hl=en</value>
          </Data>
          <Data name="main_category">
            <value>dance school</value>
          </Data>
          <Data name="image_url">
            <value>https://lh3.googleusercontent.com/p/AF1QipPemXz2_c5nFzd2Btl1liEPysnXtdc0XIwq7dMR=w408-h246-k-no</value>
          </Data>
          <Data name="additional">
            <value/>
          </Data>
          <Data name="website">
            <value/>
          </Data>
          <Data name="parent_place">
            <value/>
          </Data>
          <Data name="additional_urls">
            <value>[]</value>
          </Data>
        </ExtendedData>
        <Point>
          <coordinates>
            20.4984538,44.8459604,0
          </coordinates>
        </Point>
      </Placemark>
      <Placemark>
        <name>Free Butoh School Kolut</name>
        <description><![CDATA[﻿id: 68f2f6f617de0681a60e3fbc<br>category: Dance school<br>address_full: Rade Končara 44, Kolut 25274, Serbia<br>district: <br>address: Rade Končara 44<br>city: Kolut<br>index: 25274<br>country: RS<br>phone: <br>location: 45.8889636,18.9181162<br>reting: <br>place_id: ChIJt4YeOL0tQ0cRit3pG0lPIes<br>tags: ["Dance school"]<br>search_url: https://www.google.com/maps/search/?api=1&query=Free%20Butoh%20School%20Kolut&query_place_id=ChIJt4YeOL0tQ0cRit3pG0lPIes<br>map_url: https://www.google.com/maps/search/dance%20school/@45.91538001089654,19.06775116933892,15z?hl=en<br>main_category: dance school<br>image_url: <br>additional: <br>website: http://freebutoh.com/<br>parent_place: <br>additional_urls: []]]></description>
        <styleUrl>#icon-1899-BDBDBD-labelson</styleUrl>
        <ExtendedData>
          <Data name="﻿id">
            <value>68f2f6f617de0681a60e3fbc</value>
          </Data>
          <Data name="category">
            <value>Dance school</value>
          </Data>
          <Data name="address_full">
            <value>Rade Končara 44, Kolut 25274, Serbia</value>
          </Data>
          <Data name="district">
            <value/>
          </Data>
          <Data name="address">
            <value>Rade Končara 44</value>
          </Data>
          <Data name="city">
            <value>Kolut</value>
          </Data>
          <Data name="index">
            <value>25274.0</value>
          </Data>
          <Data name="country">
            <value>RS</value>
          </Data>
          <Data name="phone">
            <value/>
          </Data>
          <Data name="location">
            <value>45.8889636,18.9181162</value>
          </Data>
          <Data name="reting">
            <value/>
          </Data>
          <Data name="place_id">
            <value>ChIJt4YeOL0tQ0cRit3pG0lPIes</value>
          </Data>
          <Data name="tags">
            <value><![CDATA[["Dance school"]]]></value>
          </Data>
          <Data name="search_url">
            <value><![CDATA[https://www.google.com/maps/search/?api=1&query=Free%20Butoh%20School%20Kolut&query_place_id=ChIJt4YeOL0tQ0cRit3pG0lPIes]]></value>
          </Data>
          <Data name="map_url">
            <value>https://www.google.com/maps/search/dance%20school/@45.91538001089654,19.06775116933892,15z?hl=en</value>
          </Data>
          <Data name="main_category">
            <value>dance school</value>
          </Data>
          <Data name="image_url">
            <value/>
          </Data>
          <Data name="additional">
            <value/>
          </Data>
          <Data name="website">
            <value>http://freebutoh.com/</value>
          </Data>
          <Data name="parent_place">
            <value/>
          </Data>
          <Data name="additional_urls">
            <value>[]</value>
          </Data>
        </ExtendedData>
        <Point>
          <coordinates>
            18.9181162,45.8889636,0
          </coordinates>
        </Point>
      </Placemark>
      <Placemark>
        <name>Škola plesa VERO Kovilj</name>
        <description><![CDATA[﻿id: 68f2f6f517de0681a60e3f5f<br>category: Dance school<br>address_full: Laze Kostića 113, Kovilj, Serbia<br>district: <br>address: Laze Kostića 113<br>city: Kovilj<br>index: <br>country: RS<br>phone: +381 65 4321222<br>location: 45.228879,20.0218388<br>reting: 5<br>place_id: ChIJhw4HdQIdW0cRYP0jMOHGFvk<br>tags: ["Dance school"]<br>search_url: https://www.google.com/maps/search/?api=1&query=%C5%A0kola%20plesa%20VERO%20Kovilj&query_place_id=ChIJhw4HdQIdW0cRYP0jMOHGFvk<br>map_url: https://www.google.com/maps/search/dance%20school/@45.16610084047514,20.91062925,10z?hl=en<br>main_category: dance school<br>image_url: https://streetviewpixels-pa.googleapis.com/v1/thumbnail?panoid=Zsm7EX7Lg4f7dleHQpmn3Q&cb_client=search.gws-prod.gps&w=408&h=240&yaw=295.15836&pitch=0&thumbfov=100<br>additional: <br>website: <br>parent_place: <br>additional_urls: []]]></description>
        <styleUrl>#icon-1899-BDBDBD-labelson</styleUrl>
        <ExtendedData>
          <Data name="﻿id">
            <value>68f2f6f517de0681a60e3f5f</value>
          </Data>
          <Data name="category">
            <value>Dance school</value>
          </Data>
          <Data name="address_full">
            <value>Laze Kostića 113, Kovilj, Serbia</value>
          </Data>
          <Data name="district">
            <value/>
          </Data>
          <Data name="address">
            <value>Laze Kostića 113</value>
          </Data>
          <Data name="city">
            <value>Kovilj</value>
          </Data>
          <Data name="index">
            <value/>
          </Data>
          <Data name="country">
            <value>RS</value>
          </Data>
          <Data name="phone">
            <value>+381 65 4321222</value>
          </Data>
          <Data name="location">
            <value>45.228879,20.0218388</value>
          </Data>
          <Data name="reting">
            <value>5.0</value>
          </Data>
          <Data name="place_id">
            <value>ChIJhw4HdQIdW0cRYP0jMOHGFvk</value>
          </Data>
          <Data name="tags">
            <value><![CDATA[["Dance school"]]]></value>
          </Data>
          <Data name="search_url">
            <value><![CDATA[https://www.google.com/maps/search/?api=1&query=%C5%A0kola%20plesa%20VERO%20Kovilj&query_place_id=ChIJhw4HdQIdW0cRYP0jMOHGFvk]]></value>
          </Data>
          <Data name="map_url">
            <value>https://www.google.com/maps/search/dance%20school/@45.16610084047514,20.91062925,10z?hl=en</value>
          </Data>
          <Data name="main_category">
            <value>dance school</value>
          </Data>
          <Data name="image_url">
            <value><![CDATA[https://streetviewpixels-pa.googleapis.com/v1/thumbnail?panoid=Zsm7EX7Lg4f7dleHQpmn3Q&cb_client=search.gws-prod.gps&w=408&h=240&yaw=295.15836&pitch=0&thumbfov=100]]></value>
          </Data>
          <Data name="additional">
            <value/>
          </Data>
          <Data name="website">
            <value/>
          </Data>
          <Data name="parent_place">
            <value/>
          </Data>
          <Data name="additional_urls">
            <value>[]</value>
          </Data>
        </ExtendedData>
        <Point>
          <coordinates>
            20.0218388,45.228879,0
          </coordinates>
        </Point>
      </Placemark>
      <Placemark>
        <name>Pole House</name>
        <description><![CDATA[﻿id: 68f2f6f517de0681a60e3fa3<br>category: Dance school<br>address_full: 2W67+3X, 27. marta bb, Kragujevac, Serbia<br>district: <br>address: 2W67+3X, 27. marta bb<br>city: Kragujevac<br>index: <br>country: RS<br>phone: +381 62 1634481<br>location: 44.0101632,20.9147816<br>reting: 5<br>place_id: ChIJy8P0XPAhV0cRfbmrzoKTKAs<br>tags: ["Dance school"]<br>search_url: https://www.google.com/maps/search/?api=1&query=Pole%20House&query_place_id=ChIJy8P0XPAhV0cRfbmrzoKTKAs<br>map_url: https://www.google.com/maps/search/dance%20school/@43.96782804636506,20.906431650000002,14z?hl=en<br>main_category: dance school<br>image_url: https://lh3.googleusercontent.com/p/AF1QipMp-Fth_fSVJ_K78qD_EXs7hasKznJ2tecUlqBw=w408-h612-k-no<br>additional: <br>website: <br>parent_place: <br>additional_urls: []]]></description>
        <styleUrl>#icon-1899-FFEA00-labelson</styleUrl>
        <ExtendedData>
          <Data name="﻿id">
            <value>68f2f6f517de0681a60e3fa3</value>
          </Data>
          <Data name="category">
            <value>Dance school</value>
          </Data>
          <Data name="address_full">
            <value>2W67+3X, 27. marta bb, Kragujevac, Serbia</value>
          </Data>
          <Data name="district">
            <value/>
          </Data>
          <Data name="address">
            <value>2W67+3X, 27. marta bb</value>
          </Data>
          <Data name="city">
            <value>Kragujevac</value>
          </Data>
          <Data name="index">
            <value/>
          </Data>
          <Data name="country">
            <value>RS</value>
          </Data>
          <Data name="phone">
            <value>+381 62 1634481</value>
          </Data>
          <Data name="location">
            <value>44.0101632,20.9147816</value>
          </Data>
          <Data name="reting">
            <value>5.0</value>
          </Data>
          <Data name="place_id">
            <value>ChIJy8P0XPAhV0cRfbmrzoKTKAs</value>
          </Data>
          <Data name="tags">
            <value><![CDATA[["Dance school"]]]></value>
          </Data>
          <Data name="search_url">
            <value><![CDATA[https://www.google.com/maps/search/?api=1&query=Pole%20House&query_place_id=ChIJy8P0XPAhV0cRfbmrzoKTKAs]]></value>
          </Data>
          <Data name="map_url">
            <value>https://www.google.com/maps/search/dance%20school/@43.96782804636506,20.906431650000002,14z?hl=en</value>
          </Data>
          <Data name="main_category">
            <value>dance school</value>
          </Data>
          <Data name="image_url">
            <value>https://lh3.googleusercontent.com/p/AF1QipMp-Fth_fSVJ_K78qD_EXs7hasKznJ2tecUlqBw=w408-h612-k-no</value>
          </Data>
          <Data name="additional">
            <value/>
          </Data>
          <Data name="website">
            <value/>
          </Data>
          <Data name="parent_place">
            <value/>
          </Data>
          <Data name="additional_urls">
            <value>[]</value>
          </Data>
        </ExtendedData>
        <Point>
          <coordinates>
            20.9147816,44.0101632,0
          </coordinates>
        </Point>
      </Placemark>
      <Placemark>
        <name>Плесна школа Казина</name>
        <description><![CDATA[﻿id: 68f2f6f517de0681a60e3fa4<br>category: Dance school<br>address_full: Svetozara Markovića 7, Kragujevac 34000, Serbia<br>district: <br>address: Svetozara Markovića 7<br>city: Kragujevac<br>index: 34000<br>country: RS<br>phone: +381 34 331749<br>location: 44.0132044,20.9146421<br>reting: 4<br>place_id: ChIJcag46SMhV0cRLFowPauiW5Q<br>tags: ["Dance school"]<br>search_url: https://www.google.com/maps/search/?api=1&query=%D0%9F%D0%BB%D0%B5%D1%81%D0%BD%D0%B0%20%D1%88%D0%BA%D0%BE%D0%BB%D0%B0%20%D0%9A%D0%B0%D0%B7%D0%B8%D0%BD%D0%B0&query_place_id=ChIJcag46SMhV0cRLFowPauiW5Q<br>map_url: https://www.google.com/maps/search/dance%20school/@43.96782804636506,20.906431650000002,14z?hl=en<br>main_category: dance school<br>image_url: <br>additional: <br>website: <br>parent_place: <br>additional_urls: []]]></description>
        <styleUrl>#icon-1899-FFEA00-labelson</styleUrl>
        <ExtendedData>
          <Data name="﻿id">
            <value>68f2f6f517de0681a60e3fa4</value>
          </Data>
          <Data name="category">
            <value>Dance school</value>
          </Data>
          <Data name="address_full">
            <value>Svetozara Markovića 7, Kragujevac 34000, Serbia</value>
          </Data>
          <Data name="district">
            <value/>
          </Data>
          <Data name="address">
            <value>Svetozara Markovića 7</value>
          </Data>
          <Data name="city">
            <value>Kragujevac</value>
          </Data>
          <Data name="index">
            <value>34000.0</value>
          </Data>
          <Data name="country">
            <value>RS</value>
          </Data>
          <Data name="phone">
            <value>+381 34 331749</value>
          </Data>
          <Data name="location">
            <value>44.0132044,20.9146421</value>
          </Data>
          <Data name="reting">
            <value>4.0</value>
          </Data>
          <Data name="place_id">
            <value>ChIJcag46SMhV0cRLFowPauiW5Q</value>
          </Data>
          <Data name="tags">
            <value><![CDATA[["Dance school"]]]></value>
          </Data>
          <Data name="search_url">
            <value><![CDATA[https://www.google.com/maps/search/?api=1&query=%D0%9F%D0%BB%D0%B5%D1%81%D0%BD%D0%B0%20%D1%88%D0%BA%D0%BE%D0%BB%D0%B0%20%D0%9A%D0%B0%D0%B7%D0%B8%D0%BD%D0%B0&query_place_id=ChIJcag46SMhV0cRLFowPauiW5Q]]></value>
          </Data>
          <Data name="map_url">
            <value>https://www.google.com/maps/search/dance%20school/@43.96782804636506,20.906431650000002,14z?hl=en</value>
          </Data>
          <Data name="main_category">
            <value>dance school</value>
          </Data>
          <Data name="image_url">
            <value/>
          </Data>
          <Data name="additional">
            <value/>
          </Data>
          <Data name="website">
            <value/>
          </Data>
          <Data name="parent_place">
            <value/>
          </Data>
          <Data name="additional_urls">
            <value>[]</value>
          </Data>
        </ExtendedData>
        <Point>
          <coordinates>
            20.9146421,44.0132044,0
          </coordinates>
        </Point>
      </Placemark>
      <Placemark>
        <name>Tango Kraljevo - Tango Studio DAH</name>
        <description><![CDATA[﻿id: 68f2f6f517de0681a60e3f17<br>category: Dance school<br>address_full: Dositejeva 36, Kraljevo, Serbia<br>district: <br>address: Dositejeva 36<br>city: Kraljevo<br>index: <br>country: RS<br>phone: +381 64 2418822<br>location: 43.725268,20.6989222<br>reting: <br>place_id: ChIJLwwFayYBV0cRkGE5WIAdRJc<br>tags: ["Dance school"]<br>search_url: https://www.google.com/maps/search/?api=1&query=Tango%20Kraljevo%20-%20Tango%20Studio%20DAH&query_place_id=ChIJLwwFayYBV0cRkGE5WIAdRJc<br>map_url: https://www.google.com/maps/search/dance%20school/@43.64330765317494,20.91062925,10z?hl=en<br>main_category: dance school<br>image_url: https://lh3.googleusercontent.com/p/AF1QipMpu_BMad_IOitaeoLRe_Ew8K-yFrLaYuTU49Of=w408-h306-k-no<br>additional: <br>website: <br>parent_place: <br>additional_urls: []]]></description>
        <styleUrl>#icon-1899-7CB342-labelson</styleUrl>
        <ExtendedData>
          <Data name="﻿id">
            <value>68f2f6f517de0681a60e3f17</value>
          </Data>
          <Data name="category">
            <value>Dance school</value>
          </Data>
          <Data name="address_full">
            <value>Dositejeva 36, Kraljevo, Serbia</value>
          </Data>
          <Data name="district">
            <value/>
          </Data>
          <Data name="address">
            <value>Dositejeva 36</value>
          </Data>
          <Data name="city">
            <value>Kraljevo</value>
          </Data>
          <Data name="index">
            <value/>
          </Data>
          <Data name="country">
            <value>RS</value>
          </Data>
          <Data name="phone">
            <value>+381 64 2418822</value>
          </Data>
          <Data name="location">
            <value>43.725268,20.6989222</value>
          </Data>
          <Data name="reting">
            <value/>
          </Data>
          <Data name="place_id">
            <value>ChIJLwwFayYBV0cRkGE5WIAdRJc</value>
          </Data>
          <Data name="tags">
            <value><![CDATA[["Dance school"]]]></value>
          </Data>
          <Data name="search_url">
            <value><![CDATA[https://www.google.com/maps/search/?api=1&query=Tango%20Kraljevo%20-%20Tango%20Studio%20DAH&query_place_id=ChIJLwwFayYBV0cRkGE5WIAdRJc]]></value>
          </Data>
          <Data name="map_url">
            <value>https://www.google.com/maps/search/dance%20school/@43.64330765317494,20.91062925,10z?hl=en</value>
          </Data>
          <Data name="main_category">
            <value>dance school</value>
          </Data>
          <Data name="image_url">
            <value>https://lh3.googleusercontent.com/p/AF1QipMpu_BMad_IOitaeoLRe_Ew8K-yFrLaYuTU49Of=w408-h306-k-no</value>
          </Data>
          <Data name="additional">
            <value/>
          </Data>
          <Data name="website">
            <value/>
          </Data>
          <Data name="parent_place">
            <value/>
          </Data>
          <Data name="additional_urls">
            <value>[]</value>
          </Data>
        </ExtendedData>
        <Point>
          <coordinates>
            20.6989222,43.725268,0
          </coordinates>
        </Point>
      </Placemark>
      <Placemark>
        <name>Familia de Baile</name>
        <description><![CDATA[﻿id: 68f2f6f517de0681a60e3f18<br>category: Dance school<br>address_full: Cara Dušana 4, Kraljevo 36000, Serbia<br>district: <br>address: Cara Dušana 4<br>city: Kraljevo<br>index: 36000<br>country: RS<br>phone: +381 62 346215<br>location: 43.7261054,20.6859347<br>reting: 5<br>place_id: ChIJPcQjMOkBV0cRG3Y1Q2BevdE<br>tags: ["Dance school"]<br>search_url: https://www.google.com/maps/search/?api=1&query=Familia%20de%20Baile&query_place_id=ChIJPcQjMOkBV0cRG3Y1Q2BevdE<br>map_url: https://www.google.com/maps/search/dance%20school/@43.64330765317494,20.91062925,10z?hl=en<br>main_category: dance school<br>image_url: https://lh3.googleusercontent.com/p/AF1QipMelCfMVevgrLwmdg_4eHEAxLGkQhNamvtZT9FA=w408-h306-k-no<br>additional: <br>website: <br>parent_place: <br>additional_urls: []]]></description>
        <styleUrl>#icon-1899-7CB342-labelson</styleUrl>
        <ExtendedData>
          <Data name="﻿id">
            <value>68f2f6f517de0681a60e3f18</value>
          </Data>
          <Data name="category">
            <value>Dance school</value>
          </Data>
          <Data name="address_full">
            <value>Cara Dušana 4, Kraljevo 36000, Serbia</value>
          </Data>
          <Data name="district">
            <value/>
          </Data>
          <Data name="address">
            <value>Cara Dušana 4</value>
          </Data>
          <Data name="city">
            <value>Kraljevo</value>
          </Data>
          <Data name="index">
            <value>36000.0</value>
          </Data>
          <Data name="country">
            <value>RS</value>
          </Data>
          <Data name="phone">
            <value>+381 62 346215</value>
          </Data>
          <Data name="location">
            <value>43.7261054,20.6859347</value>
          </Data>
          <Data name="reting">
            <value>5.0</value>
          </Data>
          <Data name="place_id">
            <value>ChIJPcQjMOkBV0cRG3Y1Q2BevdE</value>
          </Data>
          <Data name="tags">
            <value><![CDATA[["Dance school"]]]></value>
          </Data>
          <Data name="search_url">
            <value><![CDATA[https://www.google.com/maps/search/?api=1&query=Familia%20de%20Baile&query_place_id=ChIJPcQjMOkBV0cRG3Y1Q2BevdE]]></value>
          </Data>
          <Data name="map_url">
            <value>https://www.google.com/maps/search/dance%20school/@43.64330765317494,20.91062925,10z?hl=en</value>
          </Data>
          <Data name="main_category">
            <value>dance school</value>
          </Data>
          <Data name="image_url">
            <value>https://lh3.googleusercontent.com/p/AF1QipMelCfMVevgrLwmdg_4eHEAxLGkQhNamvtZT9FA=w408-h306-k-no</value>
          </Data>
          <Data name="additional">
            <value/>
          </Data>
          <Data name="website">
            <value/>
          </Data>
          <Data name="parent_place">
            <value/>
          </Data>
          <Data name="additional_urls">
            <value>[]</value>
          </Data>
        </ExtendedData>
        <Point>
          <coordinates>
            20.6859347,43.7261054,0
          </coordinates>
        </Point>
      </Placemark>
      <Placemark>
        <name>Gallaxis Dance Studio</name>
        <description><![CDATA[﻿id: 68f2f6f517de0681a60e3ef5<br>category: Dance school<br>address_full: Hilandarska 16, Niš, Serbia<br>district: <br>address: Hilandarska 16<br>city: Niš<br>index: <br>country: RS<br>phone: +381 69 3766279<br>location: 43.3135587,21.893974<br>reting: 5<br>place_id: ChIJfe_HVK6wVUcRt-DkisXn42I<br>tags: ["Dance school"]<br>search_url: https://www.google.com/maps/search/?api=1&query=Gallaxis%20Dance%20Studio&query_place_id=ChIJfe_HVK6wVUcRt-DkisXn42I<br>map_url: https://www.google.com/maps/search/dance%20school/@44.40470424682504,22.95538773528652,10z?hl=en<br>main_category: dance school<br>image_url: https://lh3.googleusercontent.com/gps-cs-s/AC9h4noL90JMscOLBXru-2s34CiYW2q0JOMvl_NMaUshAwHEDYycSmC1xllf_WXAkZTBz7b4ccUh0V6QnLUwA_J7CuBKS0mXb5D7idz_WD_6Hdg4may50pdGwqRtkMs6rbLhpbeFIQSd=w408-h725-k-no<br>additional: <br>website: <br>parent_place: <br>additional_urls: []]]></description>
        <styleUrl>#icon-1899-795548-labelson</styleUrl>
        <ExtendedData>
          <Data name="﻿id">
            <value>68f2f6f517de0681a60e3ef5</value>
          </Data>
          <Data name="category">
            <value>Dance school</value>
          </Data>
          <Data name="address_full">
            <value>Hilandarska 16, Niš, Serbia</value>
          </Data>
          <Data name="district">
            <value/>
          </Data>
          <Data name="address">
            <value>Hilandarska 16</value>
          </Data>
          <Data name="city">
            <value>Niš</value>
          </Data>
          <Data name="index">
            <value/>
          </Data>
          <Data name="country">
            <value>RS</value>
          </Data>
          <Data name="phone">
            <value>+381 69 3766279</value>
          </Data>
          <Data name="location">
            <value>43.3135587,21.893974</value>
          </Data>
          <Data name="reting">
            <value>5.0</value>
          </Data>
          <Data name="place_id">
            <value>ChIJfe_HVK6wVUcRt-DkisXn42I</value>
          </Data>
          <Data name="tags">
            <value><![CDATA[["Dance school"]]]></value>
          </Data>
          <Data name="search_url">
            <value><![CDATA[https://www.google.com/maps/search/?api=1&query=Gallaxis%20Dance%20Studio&query_place_id=ChIJfe_HVK6wVUcRt-DkisXn42I]]></value>
          </Data>
          <Data name="map_url">
            <value>https://www.google.com/maps/search/dance%20school/@44.40470424682504,22.95538773528652,10z?hl=en</value>
          </Data>
          <Data name="main_category">
            <value>dance school</value>
          </Data>
          <Data name="image_url">
            <value>https://lh3.googleusercontent.com/gps-cs-s/AC9h4noL90JMscOLBXru-2s34CiYW2q0JOMvl_NMaUshAwHEDYycSmC1xllf_WXAkZTBz7b4ccUh0V6QnLUwA_J7CuBKS0mXb5D7idz_WD_6Hdg4may50pdGwqRtkMs6rbLhpbeFIQSd=w408-h725-k-no</value>
          </Data>
          <Data name="additional">
            <value/>
          </Data>
          <Data name="website">
            <value/>
          </Data>
          <Data name="parent_place">
            <value/>
          </Data>
          <Data name="additional_urls">
            <value>[]</value>
          </Data>
        </ExtendedData>
        <Point>
          <coordinates>
            21.893974,43.3135587,0
          </coordinates>
        </Point>
      </Placemark>
      <Placemark>
        <name>Studio Break A Leg - Niš</name>
        <description><![CDATA[﻿id: 68f2f6f517de0681a60e3ef6<br>category: Dance school<br>address_full: Generala Milojka Lešjanina 18b, Niš 18000, Serbia<br>district: <br>address: Generala Milojka Lešjanina 18b<br>city: Niš<br>index: 18000<br>country: RS<br>phone: <br>location: 43.3206214,21.8929008<br>reting: 5<br>place_id: ChIJK9FQNp6xVUcRbMLHgs2BsnI<br>tags: ["Dance school"]<br>search_url: https://www.google.com/maps/search/?api=1&query=Studio%20Break%20A%20Leg%20-%20Ni%C5%A1&query_place_id=ChIJK9FQNp6xVUcRbMLHgs2BsnI<br>map_url: https://www.google.com/maps/search/dance%20school/@44.40470424682504,22.95538773528652,10z?hl=en<br>main_category: dance school<br>image_url: https://lh3.googleusercontent.com/p/AF1QipO2oE7xl4CxHtf0x3fsElA8n8iYPthq5p-29htS=w542-h240-k-no<br>additional: <br>website: http://www.breakaleg.com.mk/<br>parent_place: <br>additional_urls: []]]></description>
        <styleUrl>#icon-1899-795548-labelson</styleUrl>
        <ExtendedData>
          <Data name="﻿id">
            <value>68f2f6f517de0681a60e3ef6</value>
          </Data>
          <Data name="category">
            <value>Dance school</value>
          </Data>
          <Data name="address_full">
            <value>Generala Milojka Lešjanina 18b, Niš 18000, Serbia</value>
          </Data>
          <Data name="district">
            <value/>
          </Data>
          <Data name="address">
            <value>Generala Milojka Lešjanina 18b</value>
          </Data>
          <Data name="city">
            <value>Niš</value>
          </Data>
          <Data name="index">
            <value>18000.0</value>
          </Data>
          <Data name="country">
            <value>RS</value>
          </Data>
          <Data name="phone">
            <value/>
          </Data>
          <Data name="location">
            <value>43.3206214,21.8929008</value>
          </Data>
          <Data name="reting">
            <value>5.0</value>
          </Data>
          <Data name="place_id">
            <value>ChIJK9FQNp6xVUcRbMLHgs2BsnI</value>
          </Data>
          <Data name="tags">
            <value><![CDATA[["Dance school"]]]></value>
          </Data>
          <Data name="search_url">
            <value><![CDATA[https://www.google.com/maps/search/?api=1&query=Studio%20Break%20A%20Leg%20-%20Ni%C5%A1&query_place_id=ChIJK9FQNp6xVUcRbMLHgs2BsnI]]></value>
          </Data>
          <Data name="map_url">
            <value>https://www.google.com/maps/search/dance%20school/@44.40470424682504,22.95538773528652,10z?hl=en</value>
          </Data>
          <Data name="main_category">
            <value>dance school</value>
          </Data>
          <Data name="image_url">
            <value>https://lh3.googleusercontent.com/p/AF1QipO2oE7xl4CxHtf0x3fsElA8n8iYPthq5p-29htS=w542-h240-k-no</value>
          </Data>
          <Data name="additional">
            <value/>
          </Data>
          <Data name="website">
            <value>http://www.breakaleg.com.mk/</value>
          </Data>
          <Data name="parent_place">
            <value/>
          </Data>
          <Data name="additional_urls">
            <value>[]</value>
          </Data>
        </ExtendedData>
        <Point>
          <coordinates>
            21.8929008,43.3206214,0
          </coordinates>
        </Point>
      </Placemark>
      <Placemark>
        <name>Contra Dance Studio</name>
        <description><![CDATA[﻿id: 68f2f6f517de0681a60e3ef7<br>category: Dance school<br>address_full: Dušanova 54, Niš, Serbia<br>district: <br>address: Dušanova 54<br>city: Niš<br>index: <br>country: RS<br>phone: <br>location: 43.3172827,21.8991919<br>reting: 4,8<br>place_id: ChIJ_Z3wKBKxVUcRnvqM73KXKY4<br>tags: ["Dance school"]<br>search_url: https://www.google.com/maps/search/?api=1&query=Contra%20Dance%20Studio&query_place_id=ChIJ_Z3wKBKxVUcRnvqM73KXKY4<br>map_url: https://www.google.com/maps/search/dance%20school/@44.40470424682504,22.95538773528652,10z?hl=en<br>main_category: dance school<br>image_url: https://streetviewpixels-pa.googleapis.com/v1/thumbnail?panoid=xaWYkFPFf0G9E3SWeMdlXA&cb_client=search.gws-prod.gps&w=408&h=240&yaw=160.77412&pitch=0&thumbfov=100<br>additional: <br>website: <br>parent_place: Dusanov bazar<br>additional_urls: []]]></description>
        <styleUrl>#icon-1899-795548-labelson</styleUrl>
        <ExtendedData>
          <Data name="﻿id">
            <value>68f2f6f517de0681a60e3ef7</value>
          </Data>
          <Data name="category">
            <value>Dance school</value>
          </Data>
          <Data name="address_full">
            <value>Dušanova 54, Niš, Serbia</value>
          </Data>
          <Data name="district">
            <value/>
          </Data>
          <Data name="address">
            <value>Dušanova 54</value>
          </Data>
          <Data name="city">
            <value>Niš</value>
          </Data>
          <Data name="index">
            <value/>
          </Data>
          <Data name="country">
            <value>RS</value>
          </Data>
          <Data name="phone">
            <value/>
          </Data>
          <Data name="location">
            <value>43.3172827,21.8991919</value>
          </Data>
          <Data name="reting">
            <value>4.8</value>
          </Data>
          <Data name="place_id">
            <value>ChIJ_Z3wKBKxVUcRnvqM73KXKY4</value>
          </Data>
          <Data name="tags">
            <value><![CDATA[["Dance school"]]]></value>
          </Data>
          <Data name="search_url">
            <value><![CDATA[https://www.google.com/maps/search/?api=1&query=Contra%20Dance%20Studio&query_place_id=ChIJ_Z3wKBKxVUcRnvqM73KXKY4]]></value>
          </Data>
          <Data name="map_url">
            <value>https://www.google.com/maps/search/dance%20school/@44.40470424682504,22.95538773528652,10z?hl=en</value>
          </Data>
          <Data name="main_category">
            <value>dance school</value>
          </Data>
          <Data name="image_url">
            <value><![CDATA[https://streetviewpixels-pa.googleapis.com/v1/thumbnail?panoid=xaWYkFPFf0G9E3SWeMdlXA&cb_client=search.gws-prod.gps&w=408&h=240&yaw=160.77412&pitch=0&thumbfov=100]]></value>
          </Data>
          <Data name="additional">
            <value/>
          </Data>
          <Data name="website">
            <value/>
          </Data>
          <Data name="parent_place">
            <value>Dusanov bazar</value>
          </Data>
          <Data name="additional_urls">
            <value>[]</value>
          </Data>
        </ExtendedData>
        <Point>
          <coordinates>
            21.8991919,43.3172827,0
          </coordinates>
        </Point>
      </Placemark>
      <Placemark>
        <name>Plesni Klub Boom 018 Niš</name>
        <description><![CDATA[﻿id: 68f2f6f517de0681a60e3ef8<br>category: Dance school<br>address_full: Obrenovićeva bb, Niš 18000, Serbia<br>district: <br>address: Obrenovićeva bb<br>city: Niš<br>index: 18000<br>country: RS<br>phone: +381 66 232949<br>location: 43.3182116,21.8940194<br>reting: 5<br>place_id: ChIJoxmJSNKxVUcRp9113yyvCrw<br>tags: ["Dance school"]<br>search_url: https://www.google.com/maps/search/?api=1&query=Plesni%20Klub%20Boom%20018%20Ni%C5%A1&query_place_id=ChIJoxmJSNKxVUcRp9113yyvCrw<br>map_url: https://www.google.com/maps/search/dance%20school/@42.881911059524846,21.93300849264326,10z?hl=en<br>main_category: dance school<br>image_url: https://streetviewpixels-pa.googleapis.com/v1/thumbnail?panoid=AwcyqIaZBQFkoES_ZRotqA&cb_client=search.gws-prod.gps&w=408&h=240&yaw=196.09012&pitch=0&thumbfov=100<br>additional: <br>website: https://www.instagram.com/boom018_dance_club?igsh=dWZzaHN4OW9yeHEy<br>parent_place: Kalča<br>additional_urls: []]]></description>
        <styleUrl>#icon-1899-795548-labelson</styleUrl>
        <ExtendedData>
          <Data name="﻿id">
            <value>68f2f6f517de0681a60e3ef8</value>
          </Data>
          <Data name="category">
            <value>Dance school</value>
          </Data>
          <Data name="address_full">
            <value>Obrenovićeva bb, Niš 18000, Serbia</value>
          </Data>
          <Data name="district">
            <value/>
          </Data>
          <Data name="address">
            <value>Obrenovićeva bb</value>
          </Data>
          <Data name="city">
            <value>Niš</value>
          </Data>
          <Data name="index">
            <value>18000.0</value>
          </Data>
          <Data name="country">
            <value>RS</value>
          </Data>
          <Data name="phone">
            <value>+381 66 232949</value>
          </Data>
          <Data name="location">
            <value>43.3182116,21.8940194</value>
          </Data>
          <Data name="reting">
            <value>5.0</value>
          </Data>
          <Data name="place_id">
            <value>ChIJoxmJSNKxVUcRp9113yyvCrw</value>
          </Data>
          <Data name="tags">
            <value><![CDATA[["Dance school"]]]></value>
          </Data>
          <Data name="search_url">
            <value><![CDATA[https://www.google.com/maps/search/?api=1&query=Plesni%20Klub%20Boom%20018%20Ni%C5%A1&query_place_id=ChIJoxmJSNKxVUcRp9113yyvCrw]]></value>
          </Data>
          <Data name="map_url">
            <value>https://www.google.com/maps/search/dance%20school/@42.881911059524846,21.93300849264326,10z?hl=en</value>
          </Data>
          <Data name="main_category">
            <value>dance school</value>
          </Data>
          <Data name="image_url">
            <value><![CDATA[https://streetviewpixels-pa.googleapis.com/v1/thumbnail?panoid=AwcyqIaZBQFkoES_ZRotqA&cb_client=search.gws-prod.gps&w=408&h=240&yaw=196.09012&pitch=0&thumbfov=100]]></value>
          </Data>
          <Data name="additional">
            <value/>
          </Data>
          <Data name="website">
            <value>https://www.instagram.com/boom018_dance_club?igsh=dWZzaHN4OW9yeHEy</value>
          </Data>
          <Data name="parent_place">
            <value>Kalča</value>
          </Data>
          <Data name="additional_urls">
            <value>[]</value>
          </Data>
        </ExtendedData>
        <Point>
          <coordinates>
            21.8940194,43.3182116,0
          </coordinates>
        </Point>
      </Placemark>
      <Placemark>
        <name>Plesni Klub Primavera</name>
        <description><![CDATA[﻿id: 68f2f6f517de0681a60e3ef9<br>category: Dance school<br>address_full: Pariske Komune, Niš, Serbia<br>district: <br>address: Pariske Komune<br>city: Niš<br>index: <br>country: RS<br>phone: +381 62 270783<br>location: 43.32222,21.9189069<br>reting: 4,8<br>place_id: ChIJY39tgeqwVUcR9v4G9D-ZYzc<br>tags: ["Dance school"]<br>search_url: https://www.google.com/maps/search/?api=1&query=Plesni%20Klub%20Primavera&query_place_id=ChIJY39tgeqwVUcR9v4G9D-ZYzc<br>map_url: https://www.google.com/maps/search/dance%20school/@42.881911059524846,21.93300849264326,10z?hl=en<br>main_category: dance school<br>image_url: https://lh3.googleusercontent.com/gps-cs-s/AC9h4npHmS9zoNTAGijRf_bXnD-OnMfVY-rjfcsiSq06n7DrIfxErGY6AXOLQC3b3QHG-cwnf4d8fPviMnP8U8kITr9iWoaIzxSkZQ0UDRZ3XrXM2nnUUcG4Z1nCFlb8P2J6fK2tbX8=w408-h372-k-no<br>additional: <br>website: http://www.facebook.com/pk.primavera/<br>parent_place: <br>additional_urls: []]]></description>
        <styleUrl>#icon-1899-795548-labelson</styleUrl>
        <ExtendedData>
          <Data name="﻿id">
            <value>68f2f6f517de0681a60e3ef9</value>
          </Data>
          <Data name="category">
            <value>Dance school</value>
          </Data>
          <Data name="address_full">
            <value>Pariske Komune, Niš, Serbia</value>
          </Data>
          <Data name="district">
            <value/>
          </Data>
          <Data name="address">
            <value>Pariske Komune</value>
          </Data>
          <Data name="city">
            <value>Niš</value>
          </Data>
          <Data name="index">
            <value/>
          </Data>
          <Data name="country">
            <value>RS</value>
          </Data>
          <Data name="phone">
            <value>+381 62 270783</value>
          </Data>
          <Data name="location">
            <value>43.32222,21.9189069</value>
          </Data>
          <Data name="reting">
            <value>4.8</value>
          </Data>
          <Data name="place_id">
            <value>ChIJY39tgeqwVUcR9v4G9D-ZYzc</value>
          </Data>
          <Data name="tags">
            <value><![CDATA[["Dance school"]]]></value>
          </Data>
          <Data name="search_url">
            <value><![CDATA[https://www.google.com/maps/search/?api=1&query=Plesni%20Klub%20Primavera&query_place_id=ChIJY39tgeqwVUcR9v4G9D-ZYzc]]></value>
          </Data>
          <Data name="map_url">
            <value>https://www.google.com/maps/search/dance%20school/@42.881911059524846,21.93300849264326,10z?hl=en</value>
          </Data>
          <Data name="main_category">
            <value>dance school</value>
          </Data>
          <Data name="image_url">
            <value>https://lh3.googleusercontent.com/gps-cs-s/AC9h4npHmS9zoNTAGijRf_bXnD-OnMfVY-rjfcsiSq06n7DrIfxErGY6AXOLQC3b3QHG-cwnf4d8fPviMnP8U8kITr9iWoaIzxSkZQ0UDRZ3XrXM2nnUUcG4Z1nCFlb8P2J6fK2tbX8=w408-h372-k-no</value>
          </Data>
          <Data name="additional">
            <value/>
          </Data>
          <Data name="website">
            <value>http://www.facebook.com/pk.primavera/</value>
          </Data>
          <Data name="parent_place">
            <value/>
          </Data>
          <Data name="additional_urls">
            <value>[]</value>
          </Data>
        </ExtendedData>
        <Point>
          <coordinates>
            21.9189069,43.32222,0
          </coordinates>
        </Point>
      </Placemark>
      <Placemark>
        <name>Konstantin Plesni Centar</name>
        <description><![CDATA[﻿id: 68f2f6f517de0681a60e3efb<br>category: Dance school<br>address_full: Dubrovačka, Niš, Serbia<br>district: <br>address: Dubrovačka<br>city: Niš<br>index: <br>country: RS<br>phone: +381 65 3676769<br>location: 43.3296325,21.9105709<br>reting: 5<br>place_id: ChIJd8EKYsWwVUcRcRqjOh0llao<br>tags: ["Dance school"]<br>search_url: https://www.google.com/maps/search/?api=1&query=Konstantin%20Plesni%20Centar&query_place_id=ChIJd8EKYsWwVUcRcRqjOh0llao<br>map_url: https://www.google.com/maps/search/dance%20school/@42.881911059524846,21.93300849264326,10z?hl=en<br>main_category: dance school<br>image_url: https://lh3.googleusercontent.com/p/AF1QipNefAHBa24Qndo61YvR4CbExLy9YWe7atmTCj-1=w408-h725-k-no<br>additional: <br>website: <br>parent_place: <br>additional_urls: []]]></description>
        <styleUrl>#icon-1899-795548-labelson</styleUrl>
        <ExtendedData>
          <Data name="﻿id">
            <value>68f2f6f517de0681a60e3efb</value>
          </Data>
          <Data name="category">
            <value>Dance school</value>
          </Data>
          <Data name="address_full">
            <value>Dubrovačka, Niš, Serbia</value>
          </Data>
          <Data name="district">
            <value/>
          </Data>
          <Data name="address">
            <value>Dubrovačka</value>
          </Data>
          <Data name="city">
            <value>Niš</value>
          </Data>
          <Data name="index">
            <value/>
          </Data>
          <Data name="country">
            <value>RS</value>
          </Data>
          <Data name="phone">
            <value>+381 65 3676769</value>
          </Data>
          <Data name="location">
            <value>43.3296325,21.9105709</value>
          </Data>
          <Data name="reting">
            <value>5.0</value>
          </Data>
          <Data name="place_id">
            <value>ChIJd8EKYsWwVUcRcRqjOh0llao</value>
          </Data>
          <Data name="tags">
            <value><![CDATA[["Dance school"]]]></value>
          </Data>
          <Data name="search_url">
            <value><![CDATA[https://www.google.com/maps/search/?api=1&query=Konstantin%20Plesni%20Centar&query_place_id=ChIJd8EKYsWwVUcRcRqjOh0llao]]></value>
          </Data>
          <Data name="map_url">
            <value>https://www.google.com/maps/search/dance%20school/@42.881911059524846,21.93300849264326,10z?hl=en</value>
          </Data>
          <Data name="main_category">
            <value>dance school</value>
          </Data>
          <Data name="image_url">
            <value>https://lh3.googleusercontent.com/p/AF1QipNefAHBa24Qndo61YvR4CbExLy9YWe7atmTCj-1=w408-h725-k-no</value>
          </Data>
          <Data name="additional">
            <value/>
          </Data>
          <Data name="website">
            <value/>
          </Data>
          <Data name="parent_place">
            <value/>
          </Data>
          <Data name="additional_urls">
            <value>[]</value>
          </Data>
        </ExtendedData>
        <Point>
          <coordinates>
            21.9105709,43.3296325,0
          </coordinates>
        </Point>
      </Placemark>
      <Placemark>
        <name>Teatro Dance Studio Nis</name>
        <description><![CDATA[﻿id: 68f2f6f517de0681a60e3efc<br>category: Dance school<br>address_full: Generala Tranijea 4, Niš 18000, Serbia<br>district: <br>address: Generala Tranijea 4<br>city: Niš<br>index: 18000<br>country: RS<br>phone: +381 69 2010266<br>location: 43.3199787,21.8980861<br>reting: 4<br>place_id: ChIJqaUsnqexVUcRt18R-cr7Jcw<br>tags: ["Dance school"]<br>search_url: https://www.google.com/maps/search/?api=1&query=Teatro%20Dance%20Studio%20Nis&query_place_id=ChIJqaUsnqexVUcRt18R-cr7Jcw<br>map_url: https://www.google.com/maps/search/dance%20school/@42.881911059524846,21.93300849264326,10z?hl=en<br>main_category: dance school<br>image_url: https://streetviewpixels-pa.googleapis.com/v1/thumbnail?panoid=Y8uF07oDB_7RnJ1vlPsz4Q&cb_client=search.gws-prod.gps&w=408&h=240&yaw=250.75917&pitch=0&thumbfov=100<br>additional: <br>website: <br>parent_place: <br>additional_urls: []]]></description>
        <styleUrl>#icon-1899-795548-labelson</styleUrl>
        <ExtendedData>
          <Data name="﻿id">
            <value>68f2f6f517de0681a60e3efc</value>
          </Data>
          <Data name="category">
            <value>Dance school</value>
          </Data>
          <Data name="address_full">
            <value>Generala Tranijea 4, Niš 18000, Serbia</value>
          </Data>
          <Data name="district">
            <value/>
          </Data>
          <Data name="address">
            <value>Generala Tranijea 4</value>
          </Data>
          <Data name="city">
            <value>Niš</value>
          </Data>
          <Data name="index">
            <value>18000.0</value>
          </Data>
          <Data name="country">
            <value>RS</value>
          </Data>
          <Data name="phone">
            <value>+381 69 2010266</value>
          </Data>
          <Data name="location">
            <value>43.3199787,21.8980861</value>
          </Data>
          <Data name="reting">
            <value>4.0</value>
          </Data>
          <Data name="place_id">
            <value>ChIJqaUsnqexVUcRt18R-cr7Jcw</value>
          </Data>
          <Data name="tags">
            <value><![CDATA[["Dance school"]]]></value>
          </Data>
          <Data name="search_url">
            <value><![CDATA[https://www.google.com/maps/search/?api=1&query=Teatro%20Dance%20Studio%20Nis&query_place_id=ChIJqaUsnqexVUcRt18R-cr7Jcw]]></value>
          </Data>
          <Data name="map_url">
            <value>https://www.google.com/maps/search/dance%20school/@42.881911059524846,21.93300849264326,10z?hl=en</value>
          </Data>
          <Data name="main_category">
            <value>dance school</value>
          </Data>
          <Data name="image_url">
            <value><![CDATA[https://streetviewpixels-pa.googleapis.com/v1/thumbnail?panoid=Y8uF07oDB_7RnJ1vlPsz4Q&cb_client=search.gws-prod.gps&w=408&h=240&yaw=250.75917&pitch=0&thumbfov=100]]></value>
          </Data>
          <Data name="additional">
            <value/>
          </Data>
          <Data name="website">
            <value/>
          </Data>
          <Data name="parent_place">
            <value/>
          </Data>
          <Data name="additional_urls">
            <value>[]</value>
          </Data>
        </ExtendedData>
        <Point>
          <coordinates>
            21.8980861,43.3199787,0
          </coordinates>
        </Point>
      </Placemark>
      <Placemark>
        <name>Duende Dance Niš</name>
        <description><![CDATA[﻿id: 68f2f6f517de0681a60e3efe<br>category: Dance school<br>address_full: 9. brigade 39a, Niš 18000, Serbia<br>district: <br>address: 9. brigade 39a<br>city: Niš<br>index: 18000<br>country: RS<br>phone: +381 64 9514267<br>location: 43.3175577,21.9075913<br>reting: 4<br>place_id: ChIJa-ekY_uxVUcRLSVnYDZvyBg<br>tags: ["Dance school","Art center"]<br>search_url: https://www.google.com/maps/search/?api=1&query=Duende%20Dance%20Ni%C5%A1&query_place_id=ChIJa-ekY_uxVUcRLSVnYDZvyBg<br>map_url: https://www.google.com/maps/search/dance%20school/@42.881911059524846,21.93300849264326,10z?hl=en<br>main_category: dance school<br>image_url: https://lh3.googleusercontent.com/p/AF1QipMk-ziaF5aLM3oBHS7Vh4NGgLy1Xp-cYUagw2tr=w408-h272-k-no<br>additional: <br>website: <br>parent_place: <br>additional_urls: [{"name":"g.page","url":"https://g.page/duende-dance?gm"}]]]></description>
        <styleUrl>#icon-1899-795548-labelson</styleUrl>
        <ExtendedData>
          <Data name="﻿id">
            <value>68f2f6f517de0681a60e3efe</value>
          </Data>
          <Data name="category">
            <value>Dance school</value>
          </Data>
          <Data name="address_full">
            <value>9. brigade 39a, Niš 18000, Serbia</value>
          </Data>
          <Data name="district">
            <value/>
          </Data>
          <Data name="address">
            <value>9. brigade 39a</value>
          </Data>
          <Data name="city">
            <value>Niš</value>
          </Data>
          <Data name="index">
            <value>18000.0</value>
          </Data>
          <Data name="country">
            <value>RS</value>
          </Data>
          <Data name="phone">
            <value>+381 64 9514267</value>
          </Data>
          <Data name="location">
            <value>43.3175577,21.9075913</value>
          </Data>
          <Data name="reting">
            <value>4.0</value>
          </Data>
          <Data name="place_id">
            <value>ChIJa-ekY_uxVUcRLSVnYDZvyBg</value>
          </Data>
          <Data name="tags">
            <value><![CDATA[["Dance school","Art center"]]]></value>
          </Data>
          <Data name="search_url">
            <value><![CDATA[https://www.google.com/maps/search/?api=1&query=Duende%20Dance%20Ni%C5%A1&query_place_id=ChIJa-ekY_uxVUcRLSVnYDZvyBg]]></value>
          </Data>
          <Data name="map_url">
            <value>https://www.google.com/maps/search/dance%20school/@42.881911059524846,21.93300849264326,10z?hl=en</value>
          </Data>
          <Data name="main_category">
            <value>dance school</value>
          </Data>
          <Data name="image_url">
            <value>https://lh3.googleusercontent.com/p/AF1QipMk-ziaF5aLM3oBHS7Vh4NGgLy1Xp-cYUagw2tr=w408-h272-k-no</value>
          </Data>
          <Data name="additional">
            <value/>
          </Data>
          <Data name="website">
            <value/>
          </Data>
          <Data name="parent_place">
            <value/>
          </Data>
          <Data name="additional_urls">
            <value><![CDATA[[{"name":"g.page","url":"https://g.page/duende-dance?gm"}]]]></value>
          </Data>
        </ExtendedData>
        <Point>
          <coordinates>
            21.9075913,43.3175577,0
          </coordinates>
        </Point>
      </Placemark>
      <Placemark>
        <name>PK Swing</name>
        <description><![CDATA[﻿id: 68f2f6f517de0681a60e3eff<br>category: Dance school<br>address_full: 9. brigade 39/a, Niš, Serbia<br>district: <br>address: 9. brigade 39/a<br>city: Niš<br>index: <br>country: RS<br>phone: +381 63 433701<br>location: 43.3173369,21.9076649<br>reting: 4,7<br>place_id: ChIJVfZcB7ywVUcRwsxlO3wnChk<br>tags: ["Dance school"]<br>search_url: https://www.google.com/maps/search/?api=1&query=PK%20Swing&query_place_id=ChIJVfZcB7ywVUcRwsxlO3wnChk<br>map_url: https://www.google.com/maps/search/dance%20school/@42.881911059524846,21.93300849264326,10z?hl=en<br>main_category: dance school<br>image_url: https://lh3.googleusercontent.com/p/AF1QipNPLadr22tVqzpFccBxWM-H0OhJtFWskbhD7d3G=w408-h272-k-no<br>additional: <br>website: <br>parent_place: <br>additional_urls: []]]></description>
        <styleUrl>#icon-1899-795548-labelson</styleUrl>
        <ExtendedData>
          <Data name="﻿id">
            <value>68f2f6f517de0681a60e3eff</value>
          </Data>
          <Data name="category">
            <value>Dance school</value>
          </Data>
          <Data name="address_full">
            <value>9. brigade 39/a, Niš, Serbia</value>
          </Data>
          <Data name="district">
            <value/>
          </Data>
          <Data name="address">
            <value>9. brigade 39/a</value>
          </Data>
          <Data name="city">
            <value>Niš</value>
          </Data>
          <Data name="index">
            <value/>
          </Data>
          <Data name="country">
            <value>RS</value>
          </Data>
          <Data name="phone">
            <value>+381 63 433701</value>
          </Data>
          <Data name="location">
            <value>43.3173369,21.9076649</value>
          </Data>
          <Data name="reting">
            <value>4.7</value>
          </Data>
          <Data name="place_id">
            <value>ChIJVfZcB7ywVUcRwsxlO3wnChk</value>
          </Data>
          <Data name="tags">
            <value><![CDATA[["Dance school"]]]></value>
          </Data>
          <Data name="search_url">
            <value><![CDATA[https://www.google.com/maps/search/?api=1&query=PK%20Swing&query_place_id=ChIJVfZcB7ywVUcRwsxlO3wnChk]]></value>
          </Data>
          <Data name="map_url">
            <value>https://www.google.com/maps/search/dance%20school/@42.881911059524846,21.93300849264326,10z?hl=en</value>
          </Data>
          <Data name="main_category">
            <value>dance school</value>
          </Data>
          <Data name="image_url">
            <value>https://lh3.googleusercontent.com/p/AF1QipNPLadr22tVqzpFccBxWM-H0OhJtFWskbhD7d3G=w408-h272-k-no</value>
          </Data>
          <Data name="additional">
            <value/>
          </Data>
          <Data name="website">
            <value/>
          </Data>
          <Data name="parent_place">
            <value/>
          </Data>
          <Data name="additional_urls">
            <value>[]</value>
          </Data>
        </ExtendedData>
        <Point>
          <coordinates>
            21.9076649,43.3173369,0
          </coordinates>
        </Point>
      </Placemark>
      <Placemark>
        <name>ILLUSION Dance Studio</name>
        <description><![CDATA[﻿id: 68f2f6f517de0681a60e3f00<br>category: Dance school<br>address_full: Pantelejska 77, Niš 18000, Serbia<br>district: <br>address: Pantelejska 77<br>city: Niš<br>index: 18000<br>country: RS<br>phone: +381 60 0469725<br>location: 43.3292198,21.9100646<br>reting: 5<br>place_id: ChIJO_AkVkSxVUcRY8vyOZ-B48I<br>tags: ["Dance school"]<br>search_url: https://www.google.com/maps/search/?api=1&query=ILLUSION%20Dance%20Studio&query_place_id=ChIJO_AkVkSxVUcRY8vyOZ-B48I<br>map_url: https://www.google.com/maps/search/dance%20school/@42.881911059524846,21.93300849264326,10z?hl=en<br>main_category: dance school<br>image_url: https://lh3.googleusercontent.com/gps-cs-s/AC9h4noiYk5n0q1vB8kcMK2t-dXqmb478nSUgXFtXO6XvapLqGM8ETdIj7RnVbJ-5mw8VvyT7nlbsh20icXtPoJPFuEwl0gQWLsJ2nsCchg5UazMH4qxXss-M3eWvlefQ8bEgIzq4SFO=w408-h510-k-no<br>additional: <br>website: <br>parent_place: <br>additional_urls: []]]></description>
        <styleUrl>#icon-1899-795548-labelson</styleUrl>
        <ExtendedData>
          <Data name="﻿id">
            <value>68f2f6f517de0681a60e3f00</value>
          </Data>
          <Data name="category">
            <value>Dance school</value>
          </Data>
          <Data name="address_full">
            <value>Pantelejska 77, Niš 18000, Serbia</value>
          </Data>
          <Data name="district">
            <value/>
          </Data>
          <Data name="address">
            <value>Pantelejska 77</value>
          </Data>
          <Data name="city">
            <value>Niš</value>
          </Data>
          <Data name="index">
            <value>18000.0</value>
          </Data>
          <Data name="country">
            <value>RS</value>
          </Data>
          <Data name="phone">
            <value>+381 60 0469725</value>
          </Data>
          <Data name="location">
            <value>43.3292198,21.9100646</value>
          </Data>
          <Data name="reting">
            <value>5.0</value>
          </Data>
          <Data name="place_id">
            <value>ChIJO_AkVkSxVUcRY8vyOZ-B48I</value>
          </Data>
          <Data name="tags">
            <value><![CDATA[["Dance school"]]]></value>
          </Data>
          <Data name="search_url">
            <value><![CDATA[https://www.google.com/maps/search/?api=1&query=ILLUSION%20Dance%20Studio&query_place_id=ChIJO_AkVkSxVUcRY8vyOZ-B48I]]></value>
          </Data>
          <Data name="map_url">
            <value>https://www.google.com/maps/search/dance%20school/@42.881911059524846,21.93300849264326,10z?hl=en</value>
          </Data>
          <Data name="main_category">
            <value>dance school</value>
          </Data>
          <Data name="image_url">
            <value>https://lh3.googleusercontent.com/gps-cs-s/AC9h4noiYk5n0q1vB8kcMK2t-dXqmb478nSUgXFtXO6XvapLqGM8ETdIj7RnVbJ-5mw8VvyT7nlbsh20icXtPoJPFuEwl0gQWLsJ2nsCchg5UazMH4qxXss-M3eWvlefQ8bEgIzq4SFO=w408-h510-k-no</value>
          </Data>
          <Data name="additional">
            <value/>
          </Data>
          <Data name="website">
            <value/>
          </Data>
          <Data name="parent_place">
            <value/>
          </Data>
          <Data name="additional_urls">
            <value>[]</value>
          </Data>
        </ExtendedData>
        <Point>
          <coordinates>
            21.9100646,43.3292198,0
          </coordinates>
        </Point>
      </Placemark>
      <Placemark>
        <name>FENIX DANCE STUDIO</name>
        <description><![CDATA[﻿id: 68f2f6f517de0681a60e3f01<br>category: Dance school<br>address_full: Nikole Pašića 25, Niš 18000, Serbia<br>district: <br>address: Nikole Pašića 25<br>city: Niš<br>index: 18000<br>country: RS<br>phone: +381 63 290005<br>location: 43.3179748,21.8981838<br>reting: 5<br>place_id: ChIJp8wdcLGwVUcR-DPM1AjQMsM<br>tags: ["Dance school","Training center"]<br>search_url: https://www.google.com/maps/search/?api=1&query=FENIX%20DANCE%20STUDIO&query_place_id=ChIJp8wdcLGwVUcR-DPM1AjQMsM<br>map_url: https://www.google.com/maps/search/dance%20school/@42.881911059524846,21.93300849264326,10z?hl=en<br>main_category: dance school<br>image_url: https://lh3.googleusercontent.com/p/AF1QipMzFJwWAu0O_DyvDVcTCPpIBAcvwk__BppeF7K4=w408-h272-k-no<br>additional: <br>website: https://www.facebook.com/fenixdancestudionish?mibextid=hu50Ix<br>parent_place: <br>additional_urls: []]]></description>
        <styleUrl>#icon-1899-795548-labelson</styleUrl>
        <ExtendedData>
          <Data name="﻿id">
            <value>68f2f6f517de0681a60e3f01</value>
          </Data>
          <Data name="category">
            <value>Dance school</value>
          </Data>
          <Data name="address_full">
            <value>Nikole Pašića 25, Niš 18000, Serbia</value>
          </Data>
          <Data name="district">
            <value/>
          </Data>
          <Data name="address">
            <value>Nikole Pašića 25</value>
          </Data>
          <Data name="city">
            <value>Niš</value>
          </Data>
          <Data name="index">
            <value>18000.0</value>
          </Data>
          <Data name="country">
            <value>RS</value>
          </Data>
          <Data name="phone">
            <value>+381 63 290005</value>
          </Data>
          <Data name="location">
            <value>43.3179748,21.8981838</value>
          </Data>
          <Data name="reting">
            <value>5.0</value>
          </Data>
          <Data name="place_id">
            <value>ChIJp8wdcLGwVUcR-DPM1AjQMsM</value>
          </Data>
          <Data name="tags">
            <value><![CDATA[["Dance school","Training center"]]]></value>
          </Data>
          <Data name="search_url">
            <value><![CDATA[https://www.google.com/maps/search/?api=1&query=FENIX%20DANCE%20STUDIO&query_place_id=ChIJp8wdcLGwVUcR-DPM1AjQMsM]]></value>
          </Data>
          <Data name="map_url">
            <value>https://www.google.com/maps/search/dance%20school/@42.881911059524846,21.93300849264326,10z?hl=en</value>
          </Data>
          <Data name="main_category">
            <value>dance school</value>
          </Data>
          <Data name="image_url">
            <value>https://lh3.googleusercontent.com/p/AF1QipMzFJwWAu0O_DyvDVcTCPpIBAcvwk__BppeF7K4=w408-h272-k-no</value>
          </Data>
          <Data name="additional">
            <value/>
          </Data>
          <Data name="website">
            <value>https://www.facebook.com/fenixdancestudionish?mibextid=hu50Ix</value>
          </Data>
          <Data name="parent_place">
            <value/>
          </Data>
          <Data name="additional_urls">
            <value>[]</value>
          </Data>
        </ExtendedData>
        <Point>
          <coordinates>
            21.8981838,43.3179748,0
          </coordinates>
        </Point>
      </Placemark>
      <Placemark>
        <name>Naissus Dance Studio</name>
        <description><![CDATA[﻿id: 68f2f6f517de0681a60e3f02<br>category: Dance school<br>address_full: Ilije Bircanina 16, Niš, Serbia<br>district: <br>address: Ilije Bircanina 16<br>city: Niš<br>index: <br>country: RS<br>phone: +381 69 1137127<br>location: 43.3283946,21.9160809<br>reting: 5<br>place_id: ChIJzdZqYwCxVUcRMe0B5EM_V9M<br>tags: ["Dance school"]<br>search_url: https://www.google.com/maps/search/?api=1&query=Naissus%20Dance%20Studio&query_place_id=ChIJzdZqYwCxVUcRMe0B5EM_V9M<br>map_url: https://www.google.com/maps/search/dance%20school/@42.881911059524846,21.93300849264326,10z?hl=en<br>main_category: dance school<br>image_url: https://lh3.googleusercontent.com/p/AF1QipNWj9PgXCvDjI43OPk7aIwO_fWspfgkuorQZc-P=w408-h306-k-no<br>additional: <br>website: <br>parent_place: <br>additional_urls: []]]></description>
        <styleUrl>#icon-1899-795548-labelson</styleUrl>
        <ExtendedData>
          <Data name="﻿id">
            <value>68f2f6f517de0681a60e3f02</value>
          </Data>
          <Data name="category">
            <value>Dance school</value>
          </Data>
          <Data name="address_full">
            <value>Ilije Bircanina 16, Niš, Serbia</value>
          </Data>
          <Data name="district">
            <value/>
          </Data>
          <Data name="address">
            <value>Ilije Bircanina 16</value>
          </Data>
          <Data name="city">
            <value>Niš</value>
          </Data>
          <Data name="index">
            <value/>
          </Data>
          <Data name="country">
            <value>RS</value>
          </Data>
          <Data name="phone">
            <value>+381 69 1137127</value>
          </Data>
          <Data name="location">
            <value>43.3283946,21.9160809</value>
          </Data>
          <Data name="reting">
            <value>5.0</value>
          </Data>
          <Data name="place_id">
            <value>ChIJzdZqYwCxVUcRMe0B5EM_V9M</value>
          </Data>
          <Data name="tags">
            <value><![CDATA[["Dance school"]]]></value>
          </Data>
          <Data name="search_url">
            <value><![CDATA[https://www.google.com/maps/search/?api=1&query=Naissus%20Dance%20Studio&query_place_id=ChIJzdZqYwCxVUcRMe0B5EM_V9M]]></value>
          </Data>
          <Data name="map_url">
            <value>https://www.google.com/maps/search/dance%20school/@42.881911059524846,21.93300849264326,10z?hl=en</value>
          </Data>
          <Data name="main_category">
            <value>dance school</value>
          </Data>
          <Data name="image_url">
            <value>https://lh3.googleusercontent.com/p/AF1QipNWj9PgXCvDjI43OPk7aIwO_fWspfgkuorQZc-P=w408-h306-k-no</value>
          </Data>
          <Data name="additional">
            <value/>
          </Data>
          <Data name="website">
            <value/>
          </Data>
          <Data name="parent_place">
            <value/>
          </Data>
          <Data name="additional_urls">
            <value>[]</value>
          </Data>
        </ExtendedData>
        <Point>
          <coordinates>
            21.9160809,43.3283946,0
          </coordinates>
        </Point>
      </Placemark>
      <Placemark>
        <name><![CDATA[Udruženje "Veliko kolo"]]></name>
        <description><![CDATA[﻿id: 68f2f6f517de0681a60e3f0c<br>category: Tutoring service<br>address_full: атомско склоншиште, Mileve Marić 25, Novi Sad 21000, Serbia<br>district: <br>address: атомско склоншиште, Mileve Marić 25<br>city: Novi Sad<br>index: 21000<br>country: RS<br>phone: +381 64 2753637<br>location: 45.250673,19.786614<br>reting: 5<br>place_id: ChIJVTAHG-gRW0cRPkzvbX5eM60<br>tags: ["Tutoring service","Cultural association","Dance school"]<br>search_url: https://www.google.com/maps/search/?api=1&query=Udru%C5%BEenje%20%22Veliko%20kolo%22&query_place_id=ChIJVTAHG-gRW0cRPkzvbX5eM60<br>map_url: https://www.google.com/maps/search/dance%20school/@45.16610084047514,18.865870764713478,10z?hl=en<br>main_category: dance school<br>image_url: https://lh3.googleusercontent.com/gps-cs-s/AC9h4npuouAeWJzddSex93vzIg8ZuyQlGXH0T2kBayM8xVA0Bn8ZxSOG484cUVO1CSVdcAjPIXpw8hsMl8UNDXVxd4V5nMA9DGw-xXdOwXhy1jjxDmjRcdx6jwPmUYvzzG9vy_jI-ASf=w426-h240-k-no<br>additional: <br>website: http://www.velikokolo.org/<br>parent_place: <br>additional_urls: []]]></description>
        <styleUrl>#icon-1899-3949AB-labelson</styleUrl>
        <ExtendedData>
          <Data name="﻿id">
            <value>68f2f6f517de0681a60e3f0c</value>
          </Data>
          <Data name="category">
            <value>Tutoring service</value>
          </Data>
          <Data name="address_full">
            <value>атомско склоншиште, Mileve Marić 25, Novi Sad 21000, Serbia</value>
          </Data>
          <Data name="district">
            <value/>
          </Data>
          <Data name="address">
            <value>атомско склоншиште, Mileve Marić 25</value>
          </Data>
          <Data name="city">
            <value>Novi Sad</value>
          </Data>
          <Data name="index">
            <value>21000.0</value>
          </Data>
          <Data name="country">
            <value>RS</value>
          </Data>
          <Data name="phone">
            <value>+381 64 2753637</value>
          </Data>
          <Data name="location">
            <value>45.250673,19.786614</value>
          </Data>
          <Data name="reting">
            <value>5.0</value>
          </Data>
          <Data name="place_id">
            <value>ChIJVTAHG-gRW0cRPkzvbX5eM60</value>
          </Data>
          <Data name="tags">
            <value><![CDATA[["Tutoring service","Cultural association","Dance school"]]]></value>
          </Data>
          <Data name="search_url">
            <value><![CDATA[https://www.google.com/maps/search/?api=1&query=Udru%C5%BEenje%20%22Veliko%20kolo%22&query_place_id=ChIJVTAHG-gRW0cRPkzvbX5eM60]]></value>
          </Data>
          <Data name="map_url">
            <value>https://www.google.com/maps/search/dance%20school/@45.16610084047514,18.865870764713478,10z?hl=en</value>
          </Data>
          <Data name="main_category">
            <value>dance school</value>
          </Data>
          <Data name="image_url">
            <value>https://lh3.googleusercontent.com/gps-cs-s/AC9h4npuouAeWJzddSex93vzIg8ZuyQlGXH0T2kBayM8xVA0Bn8ZxSOG484cUVO1CSVdcAjPIXpw8hsMl8UNDXVxd4V5nMA9DGw-xXdOwXhy1jjxDmjRcdx6jwPmUYvzzG9vy_jI-ASf=w426-h240-k-no</value>
          </Data>
          <Data name="additional">
            <value/>
          </Data>
          <Data name="website">
            <value>http://www.velikokolo.org/</value>
          </Data>
          <Data name="parent_place">
            <value/>
          </Data>
          <Data name="additional_urls">
            <value>[]</value>
          </Data>
        </ExtendedData>
        <Point>
          <coordinates>
            19.786614,45.250673,0
          </coordinates>
        </Point>
      </Placemark>
      <Placemark>
        <name><![CDATA[Plesni Centar "VERO"]]></name>
        <description><![CDATA[﻿id: 68f2f6f517de0681a60e3f0d<br>category: Dance school<br>address_full: Kaće Dejanović 14, Novi Sad 21000, Serbia<br>district: <br>address: Kaće Dejanović 14<br>city: Novi Sad<br>index: 21000<br>country: RS<br>phone: +381 60 4321222<br>location: 45.2542462,19.8012255<br>reting: 5<br>place_id: ChIJS_vkR8gRW0cRCczi0qlD_UA<br>tags: ["Dance school"]<br>search_url: https://www.google.com/maps/search/?api=1&query=Plesni%20Centar%20%22VERO%22&query_place_id=ChIJS_vkR8gRW0cRCczi0qlD_UA<br>map_url: https://www.google.com/maps/search/dance%20school/@45.16610084047514,18.865870764713478,10z?hl=en<br>main_category: dance school<br>image_url: https://lh3.googleusercontent.com/p/AF1QipPtb8kNNDjUkGixccZ6YojZnGeTGfkqolXIBx5m=w408-h306-k-no<br>additional: <br>website: <br>parent_place: <br>additional_urls: []]]></description>
        <styleUrl>#icon-1899-3949AB-labelson</styleUrl>
        <ExtendedData>
          <Data name="﻿id">
            <value>68f2f6f517de0681a60e3f0d</value>
          </Data>
          <Data name="category">
            <value>Dance school</value>
          </Data>
          <Data name="address_full">
            <value>Kaće Dejanović 14, Novi Sad 21000, Serbia</value>
          </Data>
          <Data name="district">
            <value/>
          </Data>
          <Data name="address">
            <value>Kaće Dejanović 14</value>
          </Data>
          <Data name="city">
            <value>Novi Sad</value>
          </Data>
          <Data name="index">
            <value>21000.0</value>
          </Data>
          <Data name="country">
            <value>RS</value>
          </Data>
          <Data name="phone">
            <value>+381 60 4321222</value>
          </Data>
          <Data name="location">
            <value>45.2542462,19.8012255</value>
          </Data>
          <Data name="reting">
            <value>5.0</value>
          </Data>
          <Data name="place_id">
            <value>ChIJS_vkR8gRW0cRCczi0qlD_UA</value>
          </Data>
          <Data name="tags">
            <value><![CDATA[["Dance school"]]]></value>
          </Data>
          <Data name="search_url">
            <value><![CDATA[https://www.google.com/maps/search/?api=1&query=Plesni%20Centar%20%22VERO%22&query_place_id=ChIJS_vkR8gRW0cRCczi0qlD_UA]]></value>
          </Data>
          <Data name="map_url">
            <value>https://www.google.com/maps/search/dance%20school/@45.16610084047514,18.865870764713478,10z?hl=en</value>
          </Data>
          <Data name="main_category">
            <value>dance school</value>
          </Data>
          <Data name="image_url">
            <value>https://lh3.googleusercontent.com/p/AF1QipPtb8kNNDjUkGixccZ6YojZnGeTGfkqolXIBx5m=w408-h306-k-no</value>
          </Data>
          <Data name="additional">
            <value/>
          </Data>
          <Data name="website">
            <value/>
          </Data>
          <Data name="parent_place">
            <value/>
          </Data>
          <Data name="additional_urls">
            <value>[]</value>
          </Data>
        </ExtendedData>
        <Point>
          <coordinates>
            19.8012255,45.2542462,0
          </coordinates>
        </Point>
      </Placemark>
      <Placemark>
        <name><![CDATA[Plesni klub "Heart Dance Team"]]></name>
        <description><![CDATA[﻿id: 68f2f6f517de0681a60e3f0e<br>category: Dance school<br>address_full: Svetozara Ćorovića 26, Novi Sad 21000, Serbia<br>district: <br>address: Svetozara Ćorovića 26<br>city: Novi Sad<br>index: 21000<br>country: RS<br>phone: +381 65 5262552<br>location: 45.249535,19.8043501<br>reting: 5<br>place_id: ChIJAc8DJDwRW0cR_rr6DkPFgVU<br>tags: ["Dance school"]<br>search_url: https://www.google.com/maps/search/?api=1&query=Plesni%20klub%20%22Heart%20Dance%20Team%22&query_place_id=ChIJAc8DJDwRW0cR_rr6DkPFgVU<br>map_url: https://www.google.com/maps/search/dance%20school/@45.16610084047514,18.865870764713478,10z?hl=en<br>main_category: dance school<br>image_url: https://lh3.googleusercontent.com/p/AF1QipMoi8hbUjttBAK3WkLDB8HMmY6Dg9jAuynb4vU=w426-h240-k-no<br>additional: <br>website: https://www.instagram.com/heart.dance.team?igsh=bGt3OW1tdm5na3h1&utm_source=qr<br>parent_place: <br>additional_urls: []]]></description>
        <styleUrl>#icon-1899-3949AB-labelson</styleUrl>
        <ExtendedData>
          <Data name="﻿id">
            <value>68f2f6f517de0681a60e3f0e</value>
          </Data>
          <Data name="category">
            <value>Dance school</value>
          </Data>
          <Data name="address_full">
            <value>Svetozara Ćorovića 26, Novi Sad 21000, Serbia</value>
          </Data>
          <Data name="district">
            <value/>
          </Data>
          <Data name="address">
            <value>Svetozara Ćorovića 26</value>
          </Data>
          <Data name="city">
            <value>Novi Sad</value>
          </Data>
          <Data name="index">
            <value>21000.0</value>
          </Data>
          <Data name="country">
            <value>RS</value>
          </Data>
          <Data name="phone">
            <value>+381 65 5262552</value>
          </Data>
          <Data name="location">
            <value>45.249535,19.8043501</value>
          </Data>
          <Data name="reting">
            <value>5.0</value>
          </Data>
          <Data name="place_id">
            <value>ChIJAc8DJDwRW0cR_rr6DkPFgVU</value>
          </Data>
          <Data name="tags">
            <value><![CDATA[["Dance school"]]]></value>
          </Data>
          <Data name="search_url">
            <value><![CDATA[https://www.google.com/maps/search/?api=1&query=Plesni%20klub%20%22Heart%20Dance%20Team%22&query_place_id=ChIJAc8DJDwRW0cR_rr6DkPFgVU]]></value>
          </Data>
          <Data name="map_url">
            <value>https://www.google.com/maps/search/dance%20school/@45.16610084047514,18.865870764713478,10z?hl=en</value>
          </Data>
          <Data name="main_category">
            <value>dance school</value>
          </Data>
          <Data name="image_url">
            <value>https://lh3.googleusercontent.com/p/AF1QipMoi8hbUjttBAK3WkLDB8HMmY6Dg9jAuynb4vU=w426-h240-k-no</value>
          </Data>
          <Data name="additional">
            <value/>
          </Data>
          <Data name="website">
            <value><![CDATA[https://www.instagram.com/heart.dance.team?igsh=bGt3OW1tdm5na3h1&utm_source=qr]]></value>
          </Data>
          <Data name="parent_place">
            <value/>
          </Data>
          <Data name="additional_urls">
            <value>[]</value>
          </Data>
        </ExtendedData>
        <Point>
          <coordinates>
            19.8043501,45.249535,0
          </coordinates>
        </Point>
      </Placemark>
      <Placemark>
        <name>Stage Dance Studio</name>
        <description><![CDATA[﻿id: 68f2f6f517de0681a60e3f10<br>category: Dance school<br>address_full: Svetozara Miletića 40, Novi Sad 21000, Serbia<br>district: <br>address: Svetozara Miletića 40<br>city: Novi Sad<br>index: 21000<br>country: RS<br>phone: +381 63 554201<br>location: 45.258245,19.842754<br>reting: 4,9<br>place_id: ChIJdVFGT10QW0cRoFB0yflFQRM<br>tags: ["Dance school"]<br>search_url: https://www.google.com/maps/search/?api=1&query=Stage%20Dance%20Studio&query_place_id=ChIJdVFGT10QW0cRoFB0yflFQRM<br>map_url: https://www.google.com/maps/search/dance%20school/@45.16610084047514,18.865870764713478,10z?hl=en<br>main_category: dance school<br>image_url: https://lh3.googleusercontent.com/p/AF1QipMgtVTLxqYdBOG25QB-ZP30oVLBSbamwtZ5IwZr=w408-h271-k-no<br>additional: <br>website: http://stagedance.byethost11.com/<br>parent_place: <br>additional_urls: []]]></description>
        <styleUrl>#icon-1899-3949AB-labelson</styleUrl>
        <ExtendedData>
          <Data name="﻿id">
            <value>68f2f6f517de0681a60e3f10</value>
          </Data>
          <Data name="category">
            <value>Dance school</value>
          </Data>
          <Data name="address_full">
            <value>Svetozara Miletića 40, Novi Sad 21000, Serbia</value>
          </Data>
          <Data name="district">
            <value/>
          </Data>
          <Data name="address">
            <value>Svetozara Miletića 40</value>
          </Data>
          <Data name="city">
            <value>Novi Sad</value>
          </Data>
          <Data name="index">
            <value>21000.0</value>
          </Data>
          <Data name="country">
            <value>RS</value>
          </Data>
          <Data name="phone">
            <value>+381 63 554201</value>
          </Data>
          <Data name="location">
            <value>45.258245,19.842754</value>
          </Data>
          <Data name="reting">
            <value>4.9</value>
          </Data>
          <Data name="place_id">
            <value>ChIJdVFGT10QW0cRoFB0yflFQRM</value>
          </Data>
          <Data name="tags">
            <value><![CDATA[["Dance school"]]]></value>
          </Data>
          <Data name="search_url">
            <value><![CDATA[https://www.google.com/maps/search/?api=1&query=Stage%20Dance%20Studio&query_place_id=ChIJdVFGT10QW0cRoFB0yflFQRM]]></value>
          </Data>
          <Data name="map_url">
            <value>https://www.google.com/maps/search/dance%20school/@45.16610084047514,18.865870764713478,10z?hl=en</value>
          </Data>
          <Data name="main_category">
            <value>dance school</value>
          </Data>
          <Data name="image_url">
            <value>https://lh3.googleusercontent.com/p/AF1QipMgtVTLxqYdBOG25QB-ZP30oVLBSbamwtZ5IwZr=w408-h271-k-no</value>
          </Data>
          <Data name="additional">
            <value/>
          </Data>
          <Data name="website">
            <value>http://stagedance.byethost11.com/</value>
          </Data>
          <Data name="parent_place">
            <value/>
          </Data>
          <Data name="additional_urls">
            <value>[]</value>
          </Data>
        </ExtendedData>
        <Point>
          <coordinates>
            19.842754,45.258245,0
          </coordinates>
        </Point>
      </Placemark>
      <Placemark>
        <name>Play Dance Academy</name>
        <description><![CDATA[﻿id: 68f2f6f517de0681a60e3f11<br>category: Dance school<br>address_full: Vardarska 1, Novi Sad 21000, Serbia<br>district: <br>address: Vardarska 1<br>city: Novi Sad<br>index: 21000<br>country: RS<br>phone: +381 63 532555<br>location: 45.241923,19.8193782<br>reting: 4,9<br>place_id: ChIJKdCERSUQW0cRgeJLUDsgYDo<br>tags: ["Dance school"]<br>search_url: https://www.google.com/maps/search/?api=1&query=Play%20Dance%20Academy&query_place_id=ChIJKdCERSUQW0cRgeJLUDsgYDo<br>map_url: https://www.google.com/maps/search/dance%20school/@45.16610084047514,18.865870764713478,10z?hl=en<br>main_category: dance school<br>image_url: https://lh3.googleusercontent.com/gps-cs-s/AC9h4npfFnXsJDumvorDLNVoLfMJsCw_Yo1nOX8IzWiLvI7TXUlYb54yme7XLeqXg4TDuLrvwDISL3REWWHmoQT7RGikrsUT8u2BZCm9yPMd9PUCyK5yC_9JYwKScYhhRboy7k-8UHV8lw=w408-h240-k-no-pi-10-ya140-ro0-fo100<br>additional: <br>website: https://www.instagram.com/play_dance_academy?igsh=MXc3bzRkbXFvN2F1MQ==<br>parent_place: <br>additional_urls: []]]></description>
        <styleUrl>#icon-1899-3949AB-labelson</styleUrl>
        <ExtendedData>
          <Data name="﻿id">
            <value>68f2f6f517de0681a60e3f11</value>
          </Data>
          <Data name="category">
            <value>Dance school</value>
          </Data>
          <Data name="address_full">
            <value>Vardarska 1, Novi Sad 21000, Serbia</value>
          </Data>
          <Data name="district">
            <value/>
          </Data>
          <Data name="address">
            <value>Vardarska 1</value>
          </Data>
          <Data name="city">
            <value>Novi Sad</value>
          </Data>
          <Data name="index">
            <value>21000.0</value>
          </Data>
          <Data name="country">
            <value>RS</value>
          </Data>
          <Data name="phone">
            <value>+381 63 532555</value>
          </Data>
          <Data name="location">
            <value>45.241923,19.8193782</value>
          </Data>
          <Data name="reting">
            <value>4.9</value>
          </Data>
          <Data name="place_id">
            <value>ChIJKdCERSUQW0cRgeJLUDsgYDo</value>
          </Data>
          <Data name="tags">
            <value><![CDATA[["Dance school"]]]></value>
          </Data>
          <Data name="search_url">
            <value><![CDATA[https://www.google.com/maps/search/?api=1&query=Play%20Dance%20Academy&query_place_id=ChIJKdCERSUQW0cRgeJLUDsgYDo]]></value>
          </Data>
          <Data name="map_url">
            <value>https://www.google.com/maps/search/dance%20school/@45.16610084047514,18.865870764713478,10z?hl=en</value>
          </Data>
          <Data name="main_category">
            <value>dance school</value>
          </Data>
          <Data name="image_url">
            <value>https://lh3.googleusercontent.com/gps-cs-s/AC9h4npfFnXsJDumvorDLNVoLfMJsCw_Yo1nOX8IzWiLvI7TXUlYb54yme7XLeqXg4TDuLrvwDISL3REWWHmoQT7RGikrsUT8u2BZCm9yPMd9PUCyK5yC_9JYwKScYhhRboy7k-8UHV8lw=w408-h240-k-no-pi-10-ya140-ro0-fo100</value>
          </Data>
          <Data name="additional">
            <value/>
          </Data>
          <Data name="website">
            <value>https://www.instagram.com/play_dance_academy?igsh=MXc3bzRkbXFvN2F1MQ==</value>
          </Data>
          <Data name="parent_place">
            <value/>
          </Data>
          <Data name="additional_urls">
            <value>[]</value>
          </Data>
        </ExtendedData>
        <Point>
          <coordinates>
            19.8193782,45.241923,0
          </coordinates>
        </Point>
      </Placemark>
      <Placemark>
        <name>Faith Connect Dance Studio</name>
        <description><![CDATA[﻿id: 68f2f6f517de0681a60e3f16<br>category: Dance school<br>address_full: Filipa Višnjića 5, Novi Sad 21101, Serbia<br>district: <br>address: Filipa Višnjića 5<br>city: Novi Sad<br>index: 21101<br>country: RS<br>phone: +381 64 5575776<br>location: 45.2627737,19.8514503<br>reting: 5<br>place_id: ChIJ46NqoBwRW0cRtzdsv7ejrwU<br>tags: ["Dance school"]<br>search_url: https://www.google.com/maps/search/?api=1&query=Faith%20Connect%20Dance%20Studio&query_place_id=ChIJ46NqoBwRW0cRtzdsv7ejrwU<br>map_url: https://www.google.com/maps/search/dance%20school/@45.16610084047514,18.865870764713478,10z?hl=en<br>main_category: dance school<br>image_url: https://lh3.googleusercontent.com/p/AF1QipN_ihOVH3v73ejnXINo72gTtCYs1qhAWRjMT-a1=w426-h240-k-no<br>additional: <br>website: http://faithconnectdancestudio.com/<br>parent_place: <br>additional_urls: [{"name":"facebook.com","url":"https://www.facebook.com/bachatafaith"},{"name":"instagram.com","url":"https://www.instagram.com/bachatafaith"}]]]></description>
        <styleUrl>#icon-1899-3949AB-labelson</styleUrl>
        <ExtendedData>
          <Data name="﻿id">
            <value>68f2f6f517de0681a60e3f16</value>
          </Data>
          <Data name="category">
            <value>Dance school</value>
          </Data>
          <Data name="address_full">
            <value>Filipa Višnjića 5, Novi Sad 21101, Serbia</value>
          </Data>
          <Data name="district">
            <value/>
          </Data>
          <Data name="address">
            <value>Filipa Višnjića 5</value>
          </Data>
          <Data name="city">
            <value>Novi Sad</value>
          </Data>
          <Data name="index">
            <value>21101.0</value>
          </Data>
          <Data name="country">
            <value>RS</value>
          </Data>
          <Data name="phone">
            <value>+381 64 5575776</value>
          </Data>
          <Data name="location">
            <value>45.2627737,19.8514503</value>
          </Data>
          <Data name="reting">
            <value>5.0</value>
          </Data>
          <Data name="place_id">
            <value>ChIJ46NqoBwRW0cRtzdsv7ejrwU</value>
          </Data>
          <Data name="tags">
            <value><![CDATA[["Dance school"]]]></value>
          </Data>
          <Data name="search_url">
            <value><![CDATA[https://www.google.com/maps/search/?api=1&query=Faith%20Connect%20Dance%20Studio&query_place_id=ChIJ46NqoBwRW0cRtzdsv7ejrwU]]></value>
          </Data>
          <Data name="map_url">
            <value>https://www.google.com/maps/search/dance%20school/@45.16610084047514,18.865870764713478,10z?hl=en</value>
          </Data>
          <Data name="main_category">
            <value>dance school</value>
          </Data>
          <Data name="image_url">
            <value>https://lh3.googleusercontent.com/p/AF1QipN_ihOVH3v73ejnXINo72gTtCYs1qhAWRjMT-a1=w426-h240-k-no</value>
          </Data>
          <Data name="additional">
            <value/>
          </Data>
          <Data name="website">
            <value>http://faithconnectdancestudio.com/</value>
          </Data>
          <Data name="parent_place">
            <value/>
          </Data>
          <Data name="additional_urls">
            <value><![CDATA[[{"name":"facebook.com","url":"https://www.facebook.com/bachatafaith"},{"name":"instagram.com","url":"https://www.instagram.com/bachatafaith"}]]]></value>
          </Data>
        </ExtendedData>
        <Point>
          <coordinates>
            19.8514503,45.2627737,0
          </coordinates>
        </Point>
      </Placemark>
      <Placemark>
        <name>Allegro Dance Center</name>
        <description><![CDATA[﻿id: 68f2f6f517de0681a60e3f4a<br>category: Dance school<br>address_full: Trg Marije Trandafil 14, Novi Sad 21000, Serbia<br>district: <br>address: Trg Marije Trandafil 14<br>city: Novi Sad<br>index: 21000<br>country: RS<br>phone: +381 63 370072<br>location: 45.259819,19.843883<br>reting: 4,9<br>place_id: ChIJm2r3VFwQW0cR2XTKT5P11dk<br>tags: ["Dance school"]<br>search_url: https://www.google.com/maps/search/?api=1&query=Allegro%20Dance%20Center&query_place_id=ChIJm2r3VFwQW0cR2XTKT5P11dk<br>map_url: https://www.google.com/maps/search/dance%20school/@45.16610084047514,19.88825000735674,10z?hl=en<br>main_category: dance school<br>image_url: https://lh3.googleusercontent.com/p/AF1QipMov4lYjYKJeboFRY5YlQtdCYpez505SyEEHpnC=w508-h240-k-no<br>additional: <br>website: http://allegrodance.info/<br>parent_place: <br>additional_urls: []]]></description>
        <styleUrl>#icon-1899-3949AB-labelson</styleUrl>
        <ExtendedData>
          <Data name="﻿id">
            <value>68f2f6f517de0681a60e3f4a</value>
          </Data>
          <Data name="category">
            <value>Dance school</value>
          </Data>
          <Data name="address_full">
            <value>Trg Marije Trandafil 14, Novi Sad 21000, Serbia</value>
          </Data>
          <Data name="district">
            <value/>
          </Data>
          <Data name="address">
            <value>Trg Marije Trandafil 14</value>
          </Data>
          <Data name="city">
            <value>Novi Sad</value>
          </Data>
          <Data name="index">
            <value>21000.0</value>
          </Data>
          <Data name="country">
            <value>RS</value>
          </Data>
          <Data name="phone">
            <value>+381 63 370072</value>
          </Data>
          <Data name="location">
            <value>45.259819,19.843883</value>
          </Data>
          <Data name="reting">
            <value>4.9</value>
          </Data>
          <Data name="place_id">
            <value>ChIJm2r3VFwQW0cR2XTKT5P11dk</value>
          </Data>
          <Data name="tags">
            <value><![CDATA[["Dance school"]]]></value>
          </Data>
          <Data name="search_url">
            <value><![CDATA[https://www.google.com/maps/search/?api=1&query=Allegro%20Dance%20Center&query_place_id=ChIJm2r3VFwQW0cR2XTKT5P11dk]]></value>
          </Data>
          <Data name="map_url">
            <value>https://www.google.com/maps/search/dance%20school/@45.16610084047514,19.88825000735674,10z?hl=en</value>
          </Data>
          <Data name="main_category">
            <value>dance school</value>
          </Data>
          <Data name="image_url">
            <value>https://lh3.googleusercontent.com/p/AF1QipMov4lYjYKJeboFRY5YlQtdCYpez505SyEEHpnC=w508-h240-k-no</value>
          </Data>
          <Data name="additional">
            <value/>
          </Data>
          <Data name="website">
            <value>http://allegrodance.info/</value>
          </Data>
          <Data name="parent_place">
            <value/>
          </Data>
          <Data name="additional_urls">
            <value>[]</value>
          </Data>
        </ExtendedData>
        <Point>
          <coordinates>
            19.843883,45.259819,0
          </coordinates>
        </Point>
      </Placemark>
      <Placemark>
        <name>inspire</name>
        <description><![CDATA[﻿id: 68f2f6f517de0681a60e3f8b<br>category: Dance school<br>address_full: Danila Kiša 44, Novi Sad 21000, Serbia<br>district: <br>address: Danila Kiša 44<br>city: Novi Sad<br>index: 21000<br>country: RS<br>phone: +381 60 3380562<br>location: 45.2463464,19.8354688<br>reting: 5<br>place_id: ChIJe_1SRUsRW0cR86rliuuDqt4<br>tags: ["Dance school"]<br>search_url: https://www.google.com/maps/search/?api=1&query=inspire&query_place_id=ChIJe_1SRUsRW0cR86rliuuDqt4<br>map_url: https://www.google.com/maps/search/dance%20school/@45.27157625,19.779095147340954,14z?hl=en<br>main_category: dance school<br>image_url: https://lh3.googleusercontent.com/gps-cs-s/AC9h4nqU8tUPkJbNfoetsvosOI-9Jb2Qfq3wUmbmalB5_OT0s0XCdd4Fyh4x9Q2EBlLRkzPrOo4KuHg_cioaXGTkcNN-4Mt1mq3tM-0SLapmf-nYSTfm6UCVyIqGd7a8XzQ_7nc8FPc=w408-h544-k-no<br>additional: <br>website: <br>parent_place: <br>additional_urls: []]]></description>
        <styleUrl>#icon-1899-3949AB-labelson</styleUrl>
        <ExtendedData>
          <Data name="﻿id">
            <value>68f2f6f517de0681a60e3f8b</value>
          </Data>
          <Data name="category">
            <value>Dance school</value>
          </Data>
          <Data name="address_full">
            <value>Danila Kiša 44, Novi Sad 21000, Serbia</value>
          </Data>
          <Data name="district">
            <value/>
          </Data>
          <Data name="address">
            <value>Danila Kiša 44</value>
          </Data>
          <Data name="city">
            <value>Novi Sad</value>
          </Data>
          <Data name="index">
            <value>21000.0</value>
          </Data>
          <Data name="country">
            <value>RS</value>
          </Data>
          <Data name="phone">
            <value>+381 60 3380562</value>
          </Data>
          <Data name="location">
            <value>45.2463464,19.8354688</value>
          </Data>
          <Data name="reting">
            <value>5.0</value>
          </Data>
          <Data name="place_id">
            <value>ChIJe_1SRUsRW0cR86rliuuDqt4</value>
          </Data>
          <Data name="tags">
            <value><![CDATA[["Dance school"]]]></value>
          </Data>
          <Data name="search_url">
            <value><![CDATA[https://www.google.com/maps/search/?api=1&query=inspire&query_place_id=ChIJe_1SRUsRW0cR86rliuuDqt4]]></value>
          </Data>
          <Data name="map_url">
            <value>https://www.google.com/maps/search/dance%20school/@45.27157625,19.779095147340954,14z?hl=en</value>
          </Data>
          <Data name="main_category">
            <value>dance school</value>
          </Data>
          <Data name="image_url">
            <value>https://lh3.googleusercontent.com/gps-cs-s/AC9h4nqU8tUPkJbNfoetsvosOI-9Jb2Qfq3wUmbmalB5_OT0s0XCdd4Fyh4x9Q2EBlLRkzPrOo4KuHg_cioaXGTkcNN-4Mt1mq3tM-0SLapmf-nYSTfm6UCVyIqGd7a8XzQ_7nc8FPc=w408-h544-k-no</value>
          </Data>
          <Data name="additional">
            <value/>
          </Data>
          <Data name="website">
            <value/>
          </Data>
          <Data name="parent_place">
            <value/>
          </Data>
          <Data name="additional_urls">
            <value>[]</value>
          </Data>
        </ExtendedData>
        <Point>
          <coordinates>
            19.8354688,45.2463464,0
          </coordinates>
        </Point>
      </Placemark>
      <Placemark>
        <name>Dance House “Revolution”</name>
        <description><![CDATA[﻿id: 68f2f6f517de0681a60e3f8c<br>category: Dance school<br>address_full: Temerinska 11, Novi Sad, Serbia<br>district: <br>address: Temerinska 11<br>city: Novi Sad<br>index: <br>country: RS<br>phone: <br>location: 45.2617809,19.843281<br>reting: 5<br>place_id: ChIJRwJYaQARW0cRblG28L9Vwl8<br>tags: ["Dance school"]<br>search_url: https://www.google.com/maps/search/?api=1&query=Dance%20House%20%E2%80%9CRevolution%E2%80%9D&query_place_id=ChIJRwJYaQARW0cRblG28L9Vwl8<br>map_url: https://www.google.com/maps/search/dance%20school/@45.27157625,19.779095147340954,14z?hl=en<br>main_category: dance school<br>image_url: https://lh3.googleusercontent.com/gps-cs-s/AC9h4nrjbrfkc6fpovHIEVG3yn1gMMqLJZBPZVBvfrfpo107gPol-Sv37hg3TL10F54_HDyc2JVO2oBZc6eUjxZXcNZ4Yj8pgzgdEWqe0a0AScYE-qhhFM1TDwZzgPUSfQU6M9-2UXPz=w408-h544-k-no<br>additional: <br>website: https://www.instagram.com/dancehouse_revolution_?igsh=ZjU1azcwMHE3OTc0<br>parent_place: <br>additional_urls: []]]></description>
        <styleUrl>#icon-1899-3949AB-labelson</styleUrl>
        <ExtendedData>
          <Data name="﻿id">
            <value>68f2f6f517de0681a60e3f8c</value>
          </Data>
          <Data name="category">
            <value>Dance school</value>
          </Data>
          <Data name="address_full">
            <value>Temerinska 11, Novi Sad, Serbia</value>
          </Data>
          <Data name="district">
            <value/>
          </Data>
          <Data name="address">
            <value>Temerinska 11</value>
          </Data>
          <Data name="city">
            <value>Novi Sad</value>
          </Data>
          <Data name="index">
            <value/>
          </Data>
          <Data name="country">
            <value>RS</value>
          </Data>
          <Data name="phone">
            <value/>
          </Data>
          <Data name="location">
            <value>45.2617809,19.843281</value>
          </Data>
          <Data name="reting">
            <value>5.0</value>
          </Data>
          <Data name="place_id">
            <value>ChIJRwJYaQARW0cRblG28L9Vwl8</value>
          </Data>
          <Data name="tags">
            <value><![CDATA[["Dance school"]]]></value>
          </Data>
          <Data name="search_url">
            <value><![CDATA[https://www.google.com/maps/search/?api=1&query=Dance%20House%20%E2%80%9CRevolution%E2%80%9D&query_place_id=ChIJRwJYaQARW0cRblG28L9Vwl8]]></value>
          </Data>
          <Data name="map_url">
            <value>https://www.google.com/maps/search/dance%20school/@45.27157625,19.779095147340954,14z?hl=en</value>
          </Data>
          <Data name="main_category">
            <value>dance school</value>
          </Data>
          <Data name="image_url">
            <value>https://lh3.googleusercontent.com/gps-cs-s/AC9h4nrjbrfkc6fpovHIEVG3yn1gMMqLJZBPZVBvfrfpo107gPol-Sv37hg3TL10F54_HDyc2JVO2oBZc6eUjxZXcNZ4Yj8pgzgdEWqe0a0AScYE-qhhFM1TDwZzgPUSfQU6M9-2UXPz=w408-h544-k-no</value>
          </Data>
          <Data name="additional">
            <value/>
          </Data>
          <Data name="website">
            <value>https://www.instagram.com/dancehouse_revolution_?igsh=ZjU1azcwMHE3OTc0</value>
          </Data>
          <Data name="parent_place">
            <value/>
          </Data>
          <Data name="additional_urls">
            <value>[]</value>
          </Data>
        </ExtendedData>
        <Point>
          <coordinates>
            19.843281,45.2617809,0
          </coordinates>
        </Point>
      </Placemark>
      <Placemark>
        <name>Folkloreto</name>
        <description><![CDATA[﻿id: 68f2f6f517de0681a60e3f8d<br>category: Dance school<br>address_full: Vuka Karadžića 2a, Novi Sad 21000, Serbia<br>district: <br>address: Vuka Karadžića 2a<br>city: Novi Sad<br>index: 21000<br>country: RS<br>phone: <br>location: 45.257701,19.840887<br>reting: <br>place_id: ChIJ068ItTIRW0cRW0rFgcDWDC4<br>tags: ["Dance school"]<br>search_url: https://www.google.com/maps/search/?api=1&query=Folkloreto&query_place_id=ChIJ068ItTIRW0cRW0rFgcDWDC4<br>map_url: https://www.google.com/maps/search/dance%20school/@45.27157625,19.84771475,14z?hl=en<br>main_category: dance school<br>image_url: https://lh3.googleusercontent.com/p/AF1QipNz-eC36bM9ZT_MBkujuKNTCaAlW2Q3l-5jjKA4=w408-h306-k-no<br>additional: <br>website: <br>parent_place: <br>additional_urls: []]]></description>
        <styleUrl>#icon-1899-3949AB-labelson</styleUrl>
        <ExtendedData>
          <Data name="﻿id">
            <value>68f2f6f517de0681a60e3f8d</value>
          </Data>
          <Data name="category">
            <value>Dance school</value>
          </Data>
          <Data name="address_full">
            <value>Vuka Karadžića 2a, Novi Sad 21000, Serbia</value>
          </Data>
          <Data name="district">
            <value/>
          </Data>
          <Data name="address">
            <value>Vuka Karadžića 2a</value>
          </Data>
          <Data name="city">
            <value>Novi Sad</value>
          </Data>
          <Data name="index">
            <value>21000.0</value>
          </Data>
          <Data name="country">
            <value>RS</value>
          </Data>
          <Data name="phone">
            <value/>
          </Data>
          <Data name="location">
            <value>45.257701,19.840887</value>
          </Data>
          <Data name="reting">
            <value/>
          </Data>
          <Data name="place_id">
            <value>ChIJ068ItTIRW0cRW0rFgcDWDC4</value>
          </Data>
          <Data name="tags">
            <value><![CDATA[["Dance school"]]]></value>
          </Data>
          <Data name="search_url">
            <value><![CDATA[https://www.google.com/maps/search/?api=1&query=Folkloreto&query_place_id=ChIJ068ItTIRW0cRW0rFgcDWDC4]]></value>
          </Data>
          <Data name="map_url">
            <value>https://www.google.com/maps/search/dance%20school/@45.27157625,19.84771475,14z?hl=en</value>
          </Data>
          <Data name="main_category">
            <value>dance school</value>
          </Data>
          <Data name="image_url">
            <value>https://lh3.googleusercontent.com/p/AF1QipNz-eC36bM9ZT_MBkujuKNTCaAlW2Q3l-5jjKA4=w408-h306-k-no</value>
          </Data>
          <Data name="additional">
            <value/>
          </Data>
          <Data name="website">
            <value/>
          </Data>
          <Data name="parent_place">
            <value/>
          </Data>
          <Data name="additional_urls">
            <value>[]</value>
          </Data>
        </ExtendedData>
        <Point>
          <coordinates>
            19.840887,45.257701,0
          </coordinates>
        </Point>
      </Placemark>
      <Placemark>
        <name>Plesni Klub Neo Dance</name>
        <description><![CDATA[﻿id: 68f2f6f517de0681a60e3f8e<br>category: Dance school<br>address_full: Vuka Karadžića 2, Novi Sad 21101, Serbia<br>district: <br>address: Vuka Karadžića 2<br>city: Novi Sad<br>index: 21101<br>country: RS<br>phone: +381 69 1231132<br>location: 45.2575413,19.8409324<br>reting: 5<br>place_id: ChIJh6mm2kIQW0cR2iK_cLC-dVY<br>tags: ["Dance school"]<br>search_url: https://www.google.com/maps/search/?api=1&query=Plesni%20Klub%20Neo%20Dance&query_place_id=ChIJh6mm2kIQW0cR2iK_cLC-dVY<br>map_url: https://www.google.com/maps/search/dance%20school/@45.27157625,19.779095147340954,14z?hl=en<br>main_category: dance school<br>image_url: https://streetviewpixels-pa.googleapis.com/v1/thumbnail?panoid=CaD0KvwryQlS_6NvRXBolQ&cb_client=search.gws-prod.gps&w=408&h=240&yaw=89.212685&pitch=0&thumbfov=100<br>additional: <br>website: http://neodance.rs/<br>parent_place: <br>additional_urls: []]]></description>
        <styleUrl>#icon-1899-3949AB-labelson</styleUrl>
        <ExtendedData>
          <Data name="﻿id">
            <value>68f2f6f517de0681a60e3f8e</value>
          </Data>
          <Data name="category">
            <value>Dance school</value>
          </Data>
          <Data name="address_full">
            <value>Vuka Karadžića 2, Novi Sad 21101, Serbia</value>
          </Data>
          <Data name="district">
            <value/>
          </Data>
          <Data name="address">
            <value>Vuka Karadžića 2</value>
          </Data>
          <Data name="city">
            <value>Novi Sad</value>
          </Data>
          <Data name="index">
            <value>21101.0</value>
          </Data>
          <Data name="country">
            <value>RS</value>
          </Data>
          <Data name="phone">
            <value>+381 69 1231132</value>
          </Data>
          <Data name="location">
            <value>45.2575413,19.8409324</value>
          </Data>
          <Data name="reting">
            <value>5.0</value>
          </Data>
          <Data name="place_id">
            <value>ChIJh6mm2kIQW0cR2iK_cLC-dVY</value>
          </Data>
          <Data name="tags">
            <value><![CDATA[["Dance school"]]]></value>
          </Data>
          <Data name="search_url">
            <value><![CDATA[https://www.google.com/maps/search/?api=1&query=Plesni%20Klub%20Neo%20Dance&query_place_id=ChIJh6mm2kIQW0cR2iK_cLC-dVY]]></value>
          </Data>
          <Data name="map_url">
            <value>https://www.google.com/maps/search/dance%20school/@45.27157625,19.779095147340954,14z?hl=en</value>
          </Data>
          <Data name="main_category">
            <value>dance school</value>
          </Data>
          <Data name="image_url">
            <value><![CDATA[https://streetviewpixels-pa.googleapis.com/v1/thumbnail?panoid=CaD0KvwryQlS_6NvRXBolQ&cb_client=search.gws-prod.gps&w=408&h=240&yaw=89.212685&pitch=0&thumbfov=100]]></value>
          </Data>
          <Data name="additional">
            <value/>
          </Data>
          <Data name="website">
            <value>http://neodance.rs/</value>
          </Data>
          <Data name="parent_place">
            <value/>
          </Data>
          <Data name="additional_urls">
            <value>[]</value>
          </Data>
        </ExtendedData>
        <Point>
          <coordinates>
            19.8409324,45.2575413,0
          </coordinates>
        </Point>
      </Placemark>
      <Placemark>
        <name>Iskrice, muzičko plesni teatar</name>
        <description><![CDATA[﻿id: 68f2f6f517de0681a60e3f8f<br>category: Dance school<br>address_full: Mileševska 6, Novi Sad, Serbia<br>district: <br>address: Mileševska 6<br>city: Novi Sad<br>index: <br>country: RS<br>phone: <br>location: 45.2557282,19.828183<br>reting: 5<br>place_id: ChIJL6ndbgARW0cR3f2E7yenMms<br>tags: ["Dance school"]<br>search_url: https://www.google.com/maps/search/?api=1&query=Iskrice%2C%20muzi%C4%8Dko%20plesni%20teatar&query_place_id=ChIJL6ndbgARW0cR3f2E7yenMms<br>map_url: https://www.google.com/maps/search/dance%20school/@45.27157625,19.779095147340954,14z?hl=en<br>main_category: dance school<br>image_url: https://streetviewpixels-pa.googleapis.com/v1/thumbnail?panoid=Q-ez7HkiLpJf_RMrLt-M5g&cb_client=search.gws-prod.gps&w=408&h=240&yaw=243.13095&pitch=0&thumbfov=100<br>additional: <br>website: <br>parent_place: <br>additional_urls: []]]></description>
        <styleUrl>#icon-1899-3949AB-labelson</styleUrl>
        <ExtendedData>
          <Data name="﻿id">
            <value>68f2f6f517de0681a60e3f8f</value>
          </Data>
          <Data name="category">
            <value>Dance school</value>
          </Data>
          <Data name="address_full">
            <value>Mileševska 6, Novi Sad, Serbia</value>
          </Data>
          <Data name="district">
            <value/>
          </Data>
          <Data name="address">
            <value>Mileševska 6</value>
          </Data>
          <Data name="city">
            <value>Novi Sad</value>
          </Data>
          <Data name="index">
            <value/>
          </Data>
          <Data name="country">
            <value>RS</value>
          </Data>
          <Data name="phone">
            <value/>
          </Data>
          <Data name="location">
            <value>45.2557282,19.828183</value>
          </Data>
          <Data name="reting">
            <value>5.0</value>
          </Data>
          <Data name="place_id">
            <value>ChIJL6ndbgARW0cR3f2E7yenMms</value>
          </Data>
          <Data name="tags">
            <value><![CDATA[["Dance school"]]]></value>
          </Data>
          <Data name="search_url">
            <value><![CDATA[https://www.google.com/maps/search/?api=1&query=Iskrice%2C%20muzi%C4%8Dko%20plesni%20teatar&query_place_id=ChIJL6ndbgARW0cR3f2E7yenMms]]></value>
          </Data>
          <Data name="map_url">
            <value>https://www.google.com/maps/search/dance%20school/@45.27157625,19.779095147340954,14z?hl=en</value>
          </Data>
          <Data name="main_category">
            <value>dance school</value>
          </Data>
          <Data name="image_url">
            <value><![CDATA[https://streetviewpixels-pa.googleapis.com/v1/thumbnail?panoid=Q-ez7HkiLpJf_RMrLt-M5g&cb_client=search.gws-prod.gps&w=408&h=240&yaw=243.13095&pitch=0&thumbfov=100]]></value>
          </Data>
          <Data name="additional">
            <value/>
          </Data>
          <Data name="website">
            <value/>
          </Data>
          <Data name="parent_place">
            <value/>
          </Data>
          <Data name="additional_urls">
            <value>[]</value>
          </Data>
        </ExtendedData>
        <Point>
          <coordinates>
            19.828183,45.2557282,0
          </coordinates>
        </Point>
      </Placemark>
      <Placemark>
        <name>Viva Dance Academy</name>
        <description><![CDATA[﻿id: 68f2f6f517de0681a60e3f90<br>category: Dance school<br>address_full: Svetozara Miletića 6, Novi Sad 21000, Serbia<br>district: <br>address: Svetozara Miletića 6<br>city: Novi Sad<br>index: 21000<br>country: RS<br>phone: +381 21 3008895<br>location: 45.2568235,19.8465944<br>reting: 3,8<br>place_id: ChIJR9AsgWgQW0cRN0NcXKwvmh8<br>tags: ["Dance school"]<br>search_url: https://www.google.com/maps/search/?api=1&query=Viva%20Dance%20Academy&query_place_id=ChIJR9AsgWgQW0cRN0NcXKwvmh8<br>map_url: https://www.google.com/maps/search/dance%20school/@45.27157625,19.84771475,14z?hl=en<br>main_category: dance school<br>image_url: <br>additional: <br>website: http://vivadance.rs/kontakt.php<br>parent_place: <br>additional_urls: []]]></description>
        <styleUrl>#icon-1899-3949AB-labelson</styleUrl>
        <ExtendedData>
          <Data name="﻿id">
            <value>68f2f6f517de0681a60e3f90</value>
          </Data>
          <Data name="category">
            <value>Dance school</value>
          </Data>
          <Data name="address_full">
            <value>Svetozara Miletića 6, Novi Sad 21000, Serbia</value>
          </Data>
          <Data name="district">
            <value/>
          </Data>
          <Data name="address">
            <value>Svetozara Miletića 6</value>
          </Data>
          <Data name="city">
            <value>Novi Sad</value>
          </Data>
          <Data name="index">
            <value>21000.0</value>
          </Data>
          <Data name="country">
            <value>RS</value>
          </Data>
          <Data name="phone">
            <value>+381 21 3008895</value>
          </Data>
          <Data name="location">
            <value>45.2568235,19.8465944</value>
          </Data>
          <Data name="reting">
            <value>3.8</value>
          </Data>
          <Data name="place_id">
            <value>ChIJR9AsgWgQW0cRN0NcXKwvmh8</value>
          </Data>
          <Data name="tags">
            <value><![CDATA[["Dance school"]]]></value>
          </Data>
          <Data name="search_url">
            <value><![CDATA[https://www.google.com/maps/search/?api=1&query=Viva%20Dance%20Academy&query_place_id=ChIJR9AsgWgQW0cRN0NcXKwvmh8]]></value>
          </Data>
          <Data name="map_url">
            <value>https://www.google.com/maps/search/dance%20school/@45.27157625,19.84771475,14z?hl=en</value>
          </Data>
          <Data name="main_category">
            <value>dance school</value>
          </Data>
          <Data name="image_url">
            <value/>
          </Data>
          <Data name="additional">
            <value/>
          </Data>
          <Data name="website">
            <value>http://vivadance.rs/kontakt.php</value>
          </Data>
          <Data name="parent_place">
            <value/>
          </Data>
          <Data name="additional_urls">
            <value>[]</value>
          </Data>
        </ExtendedData>
        <Point>
          <coordinates>
            19.8465944,45.2568235,0
          </coordinates>
        </Point>
      </Placemark>
      <Placemark>
        <name>Škola orijentalnog plesa Azar</name>
        <description><![CDATA[﻿id: 68f2f6f517de0681a60e3f91<br>category: Dance school<br>address_full: Jevrejska 22, Novi Sad 21000, Serbia<br>district: <br>address: Jevrejska 22<br>city: Novi Sad<br>index: 21000<br>country: RS<br>phone: +381 60 0950512<br>location: 45.2531876,19.839365<br>reting: 5<br>place_id: ChIJZ5ZW90EQW0cRVL9PN4E85mI<br>tags: ["Dance school"]<br>search_url: https://www.google.com/maps/search/?api=1&query=%C5%A0kola%20orijentalnog%20plesa%20Azar&query_place_id=ChIJZ5ZW90EQW0cRVL9PN4E85mI<br>map_url: https://www.google.com/maps/search/dance%20school/@45.27157625,19.779095147340954,14z?hl=en<br>main_category: dance school<br>image_url: https://lh3.googleusercontent.com/p/AF1QipNmaDLcFQKw3aDGiHaNwm6Ih_cSu3uAlUz23nlK=w426-h240-k-no<br>additional: <br>website: http://www.orijentalni-ples.weebly.com/<br>parent_place: <br>additional_urls: []]]></description>
        <styleUrl>#icon-1899-3949AB-labelson</styleUrl>
        <ExtendedData>
          <Data name="﻿id">
            <value>68f2f6f517de0681a60e3f91</value>
          </Data>
          <Data name="category">
            <value>Dance school</value>
          </Data>
          <Data name="address_full">
            <value>Jevrejska 22, Novi Sad 21000, Serbia</value>
          </Data>
          <Data name="district">
            <value/>
          </Data>
          <Data name="address">
            <value>Jevrejska 22</value>
          </Data>
          <Data name="city">
            <value>Novi Sad</value>
          </Data>
          <Data name="index">
            <value>21000.0</value>
          </Data>
          <Data name="country">
            <value>RS</value>
          </Data>
          <Data name="phone">
            <value>+381 60 0950512</value>
          </Data>
          <Data name="location">
            <value>45.2531876,19.839365</value>
          </Data>
          <Data name="reting">
            <value>5.0</value>
          </Data>
          <Data name="place_id">
            <value>ChIJZ5ZW90EQW0cRVL9PN4E85mI</value>
          </Data>
          <Data name="tags">
            <value><![CDATA[["Dance school"]]]></value>
          </Data>
          <Data name="search_url">
            <value><![CDATA[https://www.google.com/maps/search/?api=1&query=%C5%A0kola%20orijentalnog%20plesa%20Azar&query_place_id=ChIJZ5ZW90EQW0cRVL9PN4E85mI]]></value>
          </Data>
          <Data name="map_url">
            <value>https://www.google.com/maps/search/dance%20school/@45.27157625,19.779095147340954,14z?hl=en</value>
          </Data>
          <Data name="main_category">
            <value>dance school</value>
          </Data>
          <Data name="image_url">
            <value>https://lh3.googleusercontent.com/p/AF1QipNmaDLcFQKw3aDGiHaNwm6Ih_cSu3uAlUz23nlK=w426-h240-k-no</value>
          </Data>
          <Data name="additional">
            <value/>
          </Data>
          <Data name="website">
            <value>http://www.orijentalni-ples.weebly.com/</value>
          </Data>
          <Data name="parent_place">
            <value/>
          </Data>
          <Data name="additional_urls">
            <value>[]</value>
          </Data>
        </ExtendedData>
        <Point>
          <coordinates>
            19.839365,45.2531876,0
          </coordinates>
        </Point>
      </Placemark>
      <Placemark>
        <name><![CDATA[Plesni klub "Ritmo Latino"]]></name>
        <description><![CDATA[﻿id: 68f2f6f517de0681a60e3f92<br>category: Dance club<br>address_full: Vuka Karadžića 5, Novi Sad 21101, Serbia<br>district: <br>address: Vuka Karadžića 5<br>city: Novi Sad<br>index: 21101<br>country: RS<br>phone: +381 60 5567211<br>location: 45.2577474,19.8406932<br>reting: 5<br>place_id: ChIJweqSRGYQW0cRyss_NgyH1OQ<br>tags: ["Dance club","Dance school"]<br>search_url: https://www.google.com/maps/search/?api=1&query=Plesni%20klub%20%22Ritmo%20Latino%22&query_place_id=ChIJweqSRGYQW0cRyss_NgyH1OQ<br>map_url: https://www.google.com/maps/search/dance%20school/@45.27157625,19.84771475,14z?hl=en<br>main_category: dance school<br>image_url: https://lh3.googleusercontent.com/p/AF1QipOH2J_aPh3kYmVKZt1KUzFGDaQLCf03Pb6MWNVe=w408-h270-k-no<br>additional: <br>website: https://www.facebook.com/pkritmolatino<br>parent_place: <br>additional_urls: []]]></description>
        <styleUrl>#icon-1899-3949AB-labelson</styleUrl>
        <ExtendedData>
          <Data name="﻿id">
            <value>68f2f6f517de0681a60e3f92</value>
          </Data>
          <Data name="category">
            <value>Dance club</value>
          </Data>
          <Data name="address_full">
            <value>Vuka Karadžića 5, Novi Sad 21101, Serbia</value>
          </Data>
          <Data name="district">
            <value/>
          </Data>
          <Data name="address">
            <value>Vuka Karadžića 5</value>
          </Data>
          <Data name="city">
            <value>Novi Sad</value>
          </Data>
          <Data name="index">
            <value>21101.0</value>
          </Data>
          <Data name="country">
            <value>RS</value>
          </Data>
          <Data name="phone">
            <value>+381 60 5567211</value>
          </Data>
          <Data name="location">
            <value>45.2577474,19.8406932</value>
          </Data>
          <Data name="reting">
            <value>5.0</value>
          </Data>
          <Data name="place_id">
            <value>ChIJweqSRGYQW0cRyss_NgyH1OQ</value>
          </Data>
          <Data name="tags">
            <value><![CDATA[["Dance club","Dance school"]]]></value>
          </Data>
          <Data name="search_url">
            <value><![CDATA[https://www.google.com/maps/search/?api=1&query=Plesni%20klub%20%22Ritmo%20Latino%22&query_place_id=ChIJweqSRGYQW0cRyss_NgyH1OQ]]></value>
          </Data>
          <Data name="map_url">
            <value>https://www.google.com/maps/search/dance%20school/@45.27157625,19.84771475,14z?hl=en</value>
          </Data>
          <Data name="main_category">
            <value>dance school</value>
          </Data>
          <Data name="image_url">
            <value>https://lh3.googleusercontent.com/p/AF1QipOH2J_aPh3kYmVKZt1KUzFGDaQLCf03Pb6MWNVe=w408-h270-k-no</value>
          </Data>
          <Data name="additional">
            <value/>
          </Data>
          <Data name="website">
            <value>https://www.facebook.com/pkritmolatino</value>
          </Data>
          <Data name="parent_place">
            <value/>
          </Data>
          <Data name="additional_urls">
            <value>[]</value>
          </Data>
        </ExtendedData>
        <Point>
          <coordinates>
            19.8406932,45.2577474,0
          </coordinates>
        </Point>
      </Placemark>
      <Placemark>
        <name>Amateur Ballet Academy</name>
        <description><![CDATA[﻿id: 68f2f6f517de0681a60e3f93<br>category: Dance school<br>address_full: Skerlićeva 4, Novi Sad 21000, Serbia<br>district: <br>address: Skerlićeva 4<br>city: Novi Sad<br>index: 21000<br>country: RS<br>phone: +381 66 5651787<br>location: 45.2592462,19.8471599<br>reting: <br>place_id: ChIJJXBosv0RW0cRVhJCE6LFibo<br>tags: ["Dance school"]<br>search_url: https://www.google.com/maps/search/?api=1&query=Amateur%20Ballet%20Academy&query_place_id=ChIJJXBosv0RW0cRVhJCE6LFibo<br>map_url: https://www.google.com/maps/search/dance%20school/@45.27157625,19.84771475,14z?hl=en<br>main_category: dance school<br>image_url: https://streetviewpixels-pa.googleapis.com/v1/thumbnail?panoid=hRGwjcQPws3nsx4efqFR5g&cb_client=search.gws-prod.gps&w=408&h=240&yaw=114.916725&pitch=0&thumbfov=100<br>additional: <br>website: https://www.amateurballet-serbia.com/<br>parent_place: <br>additional_urls: []]]></description>
        <styleUrl>#icon-1899-3949AB-labelson</styleUrl>
        <ExtendedData>
          <Data name="﻿id">
            <value>68f2f6f517de0681a60e3f93</value>
          </Data>
          <Data name="category">
            <value>Dance school</value>
          </Data>
          <Data name="address_full">
            <value>Skerlićeva 4, Novi Sad 21000, Serbia</value>
          </Data>
          <Data name="district">
            <value/>
          </Data>
          <Data name="address">
            <value>Skerlićeva 4</value>
          </Data>
          <Data name="city">
            <value>Novi Sad</value>
          </Data>
          <Data name="index">
            <value>21000.0</value>
          </Data>
          <Data name="country">
            <value>RS</value>
          </Data>
          <Data name="phone">
            <value>+381 66 5651787</value>
          </Data>
          <Data name="location">
            <value>45.2592462,19.8471599</value>
          </Data>
          <Data name="reting">
            <value/>
          </Data>
          <Data name="place_id">
            <value>ChIJJXBosv0RW0cRVhJCE6LFibo</value>
          </Data>
          <Data name="tags">
            <value><![CDATA[["Dance school"]]]></value>
          </Data>
          <Data name="search_url">
            <value><![CDATA[https://www.google.com/maps/search/?api=1&query=Amateur%20Ballet%20Academy&query_place_id=ChIJJXBosv0RW0cRVhJCE6LFibo]]></value>
          </Data>
          <Data name="map_url">
            <value>https://www.google.com/maps/search/dance%20school/@45.27157625,19.84771475,14z?hl=en</value>
          </Data>
          <Data name="main_category">
            <value>dance school</value>
          </Data>
          <Data name="image_url">
            <value><![CDATA[https://streetviewpixels-pa.googleapis.com/v1/thumbnail?panoid=hRGwjcQPws3nsx4efqFR5g&cb_client=search.gws-prod.gps&w=408&h=240&yaw=114.916725&pitch=0&thumbfov=100]]></value>
          </Data>
          <Data name="additional">
            <value/>
          </Data>
          <Data name="website">
            <value>https://www.amateurballet-serbia.com/</value>
          </Data>
          <Data name="parent_place">
            <value/>
          </Data>
          <Data name="additional_urls">
            <value>[]</value>
          </Data>
        </ExtendedData>
        <Point>
          <coordinates>
            19.8471599,45.2592462,0
          </coordinates>
        </Point>
      </Placemark>
      <Placemark>
        <name><![CDATA[Škola flamenko plesa "La Sed Gitana"]]></name>
        <description><![CDATA[﻿id: 68f2f6f517de0681a60e3f94<br>category: Dance school<br>address_full: Omladinskog pokreta 11, Novi Sad 21000, Serbia<br>district: <br>address: Omladinskog pokreta 11<br>city: Novi Sad<br>index: 21000<br>country: RS<br>phone: +381 63 1748200<br>location: 45.2625688,19.8229269<br>reting: 4<br>place_id: ChIJ6z9Ur14QW0cRFmnXieezJU4<br>tags: ["Dance school"]<br>search_url: https://www.google.com/maps/search/?api=1&query=%C5%A0kola%20flamenko%20plesa%20%22La%20Sed%20Gitana%22&query_place_id=ChIJ6z9Ur14QW0cRFmnXieezJU4<br>map_url: https://www.google.com/maps/search/dance%20school/@45.27157625,19.779095147340954,14z?hl=en<br>main_category: dance school<br>image_url: https://lh3.googleusercontent.com/p/AF1QipPFqmQZoYYU7IoUAVBU6S2LPUM4U-h55V2VpS4f=w426-h240-k-no<br>additional: <br>website: http://lasedgitana.com/<br>parent_place: <br>additional_urls: []]]></description>
        <styleUrl>#icon-1899-3949AB-labelson</styleUrl>
        <ExtendedData>
          <Data name="﻿id">
            <value>68f2f6f517de0681a60e3f94</value>
          </Data>
          <Data name="category">
            <value>Dance school</value>
          </Data>
          <Data name="address_full">
            <value>Omladinskog pokreta 11, Novi Sad 21000, Serbia</value>
          </Data>
          <Data name="district">
            <value/>
          </Data>
          <Data name="address">
            <value>Omladinskog pokreta 11</value>
          </Data>
          <Data name="city">
            <value>Novi Sad</value>
          </Data>
          <Data name="index">
            <value>21000.0</value>
          </Data>
          <Data name="country">
            <value>RS</value>
          </Data>
          <Data name="phone">
            <value>+381 63 1748200</value>
          </Data>
          <Data name="location">
            <value>45.2625688,19.8229269</value>
          </Data>
          <Data name="reting">
            <value>4.0</value>
          </Data>
          <Data name="place_id">
            <value>ChIJ6z9Ur14QW0cRFmnXieezJU4</value>
          </Data>
          <Data name="tags">
            <value><![CDATA[["Dance school"]]]></value>
          </Data>
          <Data name="search_url">
            <value><![CDATA[https://www.google.com/maps/search/?api=1&query=%C5%A0kola%20flamenko%20plesa%20%22La%20Sed%20Gitana%22&query_place_id=ChIJ6z9Ur14QW0cRFmnXieezJU4]]></value>
          </Data>
          <Data name="map_url">
            <value>https://www.google.com/maps/search/dance%20school/@45.27157625,19.779095147340954,14z?hl=en</value>
          </Data>
          <Data name="main_category">
            <value>dance school</value>
          </Data>
          <Data name="image_url">
            <value>https://lh3.googleusercontent.com/p/AF1QipPFqmQZoYYU7IoUAVBU6S2LPUM4U-h55V2VpS4f=w426-h240-k-no</value>
          </Data>
          <Data name="additional">
            <value/>
          </Data>
          <Data name="website">
            <value>http://lasedgitana.com/</value>
          </Data>
          <Data name="parent_place">
            <value/>
          </Data>
          <Data name="additional_urls">
            <value>[]</value>
          </Data>
        </ExtendedData>
        <Point>
          <coordinates>
            19.8229269,45.2625688,0
          </coordinates>
        </Point>
      </Placemark>
      <Placemark>
        <name>Stage Dance Studio</name>
        <description><![CDATA[﻿id: 68f2f6f517de0681a60e3f95<br>category: Dance school<br>address_full: Pasterova 20, Novi Sad 21000, Serbia<br>district: <br>address: Pasterova 20<br>city: Novi Sad<br>index: 21000<br>country: RS<br>phone: +381 63 554201<br>location: 45.261643,19.8186955<br>reting: <br>place_id: ChIJZRD0hvIRW0cRPSokFCCSIzc<br>tags: ["Dance school"]<br>search_url: https://www.google.com/maps/search/?api=1&query=Stage%20Dance%20Studio&query_place_id=ChIJZRD0hvIRW0cRPSokFCCSIzc<br>map_url: https://www.google.com/maps/search/dance%20school/@45.27157625,19.779095147340954,14z?hl=en<br>main_category: dance school<br>image_url: https://lh3.googleusercontent.com/p/AF1QipO_kTuAYzMhFWo_0aTHqm6ToLJxfwFKvKoMnXDI=w408-h271-k-no<br>additional: <br>website: http://www.stagedance.byethost11.com/<br>parent_place: <br>additional_urls: []]]></description>
        <styleUrl>#icon-1899-3949AB-labelson</styleUrl>
        <ExtendedData>
          <Data name="﻿id">
            <value>68f2f6f517de0681a60e3f95</value>
          </Data>
          <Data name="category">
            <value>Dance school</value>
          </Data>
          <Data name="address_full">
            <value>Pasterova 20, Novi Sad 21000, Serbia</value>
          </Data>
          <Data name="district">
            <value/>
          </Data>
          <Data name="address">
            <value>Pasterova 20</value>
          </Data>
          <Data name="city">
            <value>Novi Sad</value>
          </Data>
          <Data name="index">
            <value>21000.0</value>
          </Data>
          <Data name="country">
            <value>RS</value>
          </Data>
          <Data name="phone">
            <value>+381 63 554201</value>
          </Data>
          <Data name="location">
            <value>45.261643,19.8186955</value>
          </Data>
          <Data name="reting">
            <value/>
          </Data>
          <Data name="place_id">
            <value>ChIJZRD0hvIRW0cRPSokFCCSIzc</value>
          </Data>
          <Data name="tags">
            <value><![CDATA[["Dance school"]]]></value>
          </Data>
          <Data name="search_url">
            <value><![CDATA[https://www.google.com/maps/search/?api=1&query=Stage%20Dance%20Studio&query_place_id=ChIJZRD0hvIRW0cRPSokFCCSIzc]]></value>
          </Data>
          <Data name="map_url">
            <value>https://www.google.com/maps/search/dance%20school/@45.27157625,19.779095147340954,14z?hl=en</value>
          </Data>
          <Data name="main_category">
            <value>dance school</value>
          </Data>
          <Data name="image_url">
            <value>https://lh3.googleusercontent.com/p/AF1QipO_kTuAYzMhFWo_0aTHqm6ToLJxfwFKvKoMnXDI=w408-h271-k-no</value>
          </Data>
          <Data name="additional">
            <value/>
          </Data>
          <Data name="website">
            <value>http://www.stagedance.byethost11.com/</value>
          </Data>
          <Data name="parent_place">
            <value/>
          </Data>
          <Data name="additional_urls">
            <value>[]</value>
          </Data>
        </ExtendedData>
        <Point>
          <coordinates>
            19.8186955,45.261643,0
          </coordinates>
        </Point>
      </Placemark>
      <Placemark>
        <name>Pole dance Hedera</name>
        <description><![CDATA[﻿id: 68f2f6f517de0681a60e3f96<br>category: Dance school<br>address_full: Rumenačka 130, Novi Sad, Serbia<br>district: <br>address: Rumenačka 130<br>city: Novi Sad<br>index: <br>country: RS<br>phone: <br>location: 45.2620825,19.8198157<br>reting: 5<br>place_id: ChIJccdNxVMRW0cRpTFdgW_Vk8M<br>tags: ["Dance school"]<br>search_url: https://www.google.com/maps/search/?api=1&query=Pole%20dance%20Hedera&query_place_id=ChIJccdNxVMRW0cRpTFdgW_Vk8M<br>map_url: https://www.google.com/maps/search/dance%20school/@45.27157625,19.779095147340954,14z?hl=en<br>main_category: dance school<br>image_url: https://streetviewpixels-pa.googleapis.com/v1/thumbnail?panoid=gFh29zXRlcFUF-PXEki2Aw&cb_client=search.gws-prod.gps&w=408&h=240&yaw=43.265976&pitch=0&thumbfov=100<br>additional: <br>website: <br>parent_place: <br>additional_urls: []]]></description>
        <styleUrl>#icon-1899-3949AB-labelson</styleUrl>
        <ExtendedData>
          <Data name="﻿id">
            <value>68f2f6f517de0681a60e3f96</value>
          </Data>
          <Data name="category">
            <value>Dance school</value>
          </Data>
          <Data name="address_full">
            <value>Rumenačka 130, Novi Sad, Serbia</value>
          </Data>
          <Data name="district">
            <value/>
          </Data>
          <Data name="address">
            <value>Rumenačka 130</value>
          </Data>
          <Data name="city">
            <value>Novi Sad</value>
          </Data>
          <Data name="index">
            <value/>
          </Data>
          <Data name="country">
            <value>RS</value>
          </Data>
          <Data name="phone">
            <value/>
          </Data>
          <Data name="location">
            <value>45.2620825,19.8198157</value>
          </Data>
          <Data name="reting">
            <value>5.0</value>
          </Data>
          <Data name="place_id">
            <value>ChIJccdNxVMRW0cRpTFdgW_Vk8M</value>
          </Data>
          <Data name="tags">
            <value><![CDATA[["Dance school"]]]></value>
          </Data>
          <Data name="search_url">
            <value><![CDATA[https://www.google.com/maps/search/?api=1&query=Pole%20dance%20Hedera&query_place_id=ChIJccdNxVMRW0cRpTFdgW_Vk8M]]></value>
          </Data>
          <Data name="map_url">
            <value>https://www.google.com/maps/search/dance%20school/@45.27157625,19.779095147340954,14z?hl=en</value>
          </Data>
          <Data name="main_category">
            <value>dance school</value>
          </Data>
          <Data name="image_url">
            <value><![CDATA[https://streetviewpixels-pa.googleapis.com/v1/thumbnail?panoid=gFh29zXRlcFUF-PXEki2Aw&cb_client=search.gws-prod.gps&w=408&h=240&yaw=43.265976&pitch=0&thumbfov=100]]></value>
          </Data>
          <Data name="additional">
            <value/>
          </Data>
          <Data name="website">
            <value/>
          </Data>
          <Data name="parent_place">
            <value/>
          </Data>
          <Data name="additional_urls">
            <value>[]</value>
          </Data>
        </ExtendedData>
        <Point>
          <coordinates>
            19.8198157,45.2620825,0
          </coordinates>
        </Point>
      </Placemark>
      <Placemark>
        <name>Plesni klub Fiesta</name>
        <description><![CDATA[﻿id: 68f2f6f517de0681a60e3f97<br>category: Dance school<br>address_full: Geri Karolja 5, Novi Sad 210000, Serbia<br>district: <br>address: Geri Karolja 5<br>city: Novi Sad<br>index: 210000<br>country: RS<br>phone: +381 65 3302612<br>location: 45.2451765,19.8171041<br>reting: 4,8<br>place_id: ChIJvQqYVDAQW0cR7RmLwH5UqBQ<br>tags: ["Dance school"]<br>search_url: https://www.google.com/maps/search/?api=1&query=Plesni%20klub%20Fiesta&query_place_id=ChIJvQqYVDAQW0cR7RmLwH5UqBQ<br>map_url: https://www.google.com/maps/search/dance%20school/@45.27157625,19.779095147340954,14z?hl=en<br>main_category: dance school<br>image_url: https://lh3.googleusercontent.com/gps-cs-s/AC9h4npKu9_glm1vLWcjYVAppzPFZ7yC-9D0Uzd8Q2WUH1tyxyeWIbaMviqne478TCiZaEtARCSajWjXOSbZMwON6JI2Rgq7WzWUE6AaYOcIDTligH8tYpAN_K4WvCEVMIJ77HzY2AwsSw=w528-h240-k-no<br>additional: <br>website: http://www.fiesta.org.rs/<br>parent_place: <br>additional_urls: []]]></description>
        <styleUrl>#icon-1899-3949AB-labelson</styleUrl>
        <ExtendedData>
          <Data name="﻿id">
            <value>68f2f6f517de0681a60e3f97</value>
          </Data>
          <Data name="category">
            <value>Dance school</value>
          </Data>
          <Data name="address_full">
            <value>Geri Karolja 5, Novi Sad 210000, Serbia</value>
          </Data>
          <Data name="district">
            <value/>
          </Data>
          <Data name="address">
            <value>Geri Karolja 5</value>
          </Data>
          <Data name="city">
            <value>Novi Sad</value>
          </Data>
          <Data name="index">
            <value>210000.0</value>
          </Data>
          <Data name="country">
            <value>RS</value>
          </Data>
          <Data name="phone">
            <value>+381 65 3302612</value>
          </Data>
          <Data name="location">
            <value>45.2451765,19.8171041</value>
          </Data>
          <Data name="reting">
            <value>4.8</value>
          </Data>
          <Data name="place_id">
            <value>ChIJvQqYVDAQW0cR7RmLwH5UqBQ</value>
          </Data>
          <Data name="tags">
            <value><![CDATA[["Dance school"]]]></value>
          </Data>
          <Data name="search_url">
            <value><![CDATA[https://www.google.com/maps/search/?api=1&query=Plesni%20klub%20Fiesta&query_place_id=ChIJvQqYVDAQW0cR7RmLwH5UqBQ]]></value>
          </Data>
          <Data name="map_url">
            <value>https://www.google.com/maps/search/dance%20school/@45.27157625,19.779095147340954,14z?hl=en</value>
          </Data>
          <Data name="main_category">
            <value>dance school</value>
          </Data>
          <Data name="image_url">
            <value>https://lh3.googleusercontent.com/gps-cs-s/AC9h4npKu9_glm1vLWcjYVAppzPFZ7yC-9D0Uzd8Q2WUH1tyxyeWIbaMviqne478TCiZaEtARCSajWjXOSbZMwON6JI2Rgq7WzWUE6AaYOcIDTligH8tYpAN_K4WvCEVMIJ77HzY2AwsSw=w528-h240-k-no</value>
          </Data>
          <Data name="additional">
            <value/>
          </Data>
          <Data name="website">
            <value>http://www.fiesta.org.rs/</value>
          </Data>
          <Data name="parent_place">
            <value/>
          </Data>
          <Data name="additional_urls">
            <value>[]</value>
          </Data>
        </ExtendedData>
        <Point>
          <coordinates>
            19.8171041,45.2451765,0
          </coordinates>
        </Point>
      </Placemark>
      <Placemark>
        <name>Plesni studio First Class</name>
        <description><![CDATA[﻿id: 68f2f6f517de0681a60e3f98<br>category: Dance school<br>address_full: Lasla Gala 23, Novi Sad 21000, Serbia<br>district: <br>address: Lasla Gala 23<br>city: Novi Sad<br>index: 21000<br>country: RS<br>phone: <br>location: 45.2457204,19.8371372<br>reting: 5<br>place_id: ChIJy64eEQARW0cRdQtdw44o6HA<br>tags: ["Dance school"]<br>search_url: https://www.google.com/maps/search/?api=1&query=Plesni%20studio%20First%20Class&query_place_id=ChIJy64eEQARW0cRdQtdw44o6HA<br>map_url: https://www.google.com/maps/search/dance%20school/@45.27157625,19.779095147340954,14z?hl=en<br>main_category: dance school<br>image_url: https://streetviewpixels-pa.googleapis.com/v1/thumbnail?panoid=8kRWBsdpqPgOlFQhn_jUCg&cb_client=search.gws-prod.gps&w=408&h=240&yaw=307.48672&pitch=0&thumbfov=100<br>additional: <br>website: <br>parent_place: <br>additional_urls: []]]></description>
        <styleUrl>#icon-1899-3949AB-labelson</styleUrl>
        <ExtendedData>
          <Data name="﻿id">
            <value>68f2f6f517de0681a60e3f98</value>
          </Data>
          <Data name="category">
            <value>Dance school</value>
          </Data>
          <Data name="address_full">
            <value>Lasla Gala 23, Novi Sad 21000, Serbia</value>
          </Data>
          <Data name="district">
            <value/>
          </Data>
          <Data name="address">
            <value>Lasla Gala 23</value>
          </Data>
          <Data name="city">
            <value>Novi Sad</value>
          </Data>
          <Data name="index">
            <value>21000.0</value>
          </Data>
          <Data name="country">
            <value>RS</value>
          </Data>
          <Data name="phone">
            <value/>
          </Data>
          <Data name="location">
            <value>45.2457204,19.8371372</value>
          </Data>
          <Data name="reting">
            <value>5.0</value>
          </Data>
          <Data name="place_id">
            <value>ChIJy64eEQARW0cRdQtdw44o6HA</value>
          </Data>
          <Data name="tags">
            <value><![CDATA[["Dance school"]]]></value>
          </Data>
          <Data name="search_url">
            <value><![CDATA[https://www.google.com/maps/search/?api=1&query=Plesni%20studio%20First%20Class&query_place_id=ChIJy64eEQARW0cRdQtdw44o6HA]]></value>
          </Data>
          <Data name="map_url">
            <value>https://www.google.com/maps/search/dance%20school/@45.27157625,19.779095147340954,14z?hl=en</value>
          </Data>
          <Data name="main_category">
            <value>dance school</value>
          </Data>
          <Data name="image_url">
            <value><![CDATA[https://streetviewpixels-pa.googleapis.com/v1/thumbnail?panoid=8kRWBsdpqPgOlFQhn_jUCg&cb_client=search.gws-prod.gps&w=408&h=240&yaw=307.48672&pitch=0&thumbfov=100]]></value>
          </Data>
          <Data name="additional">
            <value/>
          </Data>
          <Data name="website">
            <value/>
          </Data>
          <Data name="parent_place">
            <value/>
          </Data>
          <Data name="additional_urls">
            <value>[]</value>
          </Data>
        </ExtendedData>
        <Point>
          <coordinates>
            19.8371372,45.2457204,0
          </coordinates>
        </Point>
      </Placemark>
      <Placemark>
        <name>Shuffle dance Novi Sad</name>
        <description><![CDATA[﻿id: 68f2f6f517de0681a60e3f99<br>category: Dance school<br>address_full: Fruškogorska 30, Novi Sad 403109, Serbia<br>district: <br>address: Fruškogorska 30<br>city: Novi Sad<br>index: 403109<br>country: RS<br>phone: +381 61 1029490<br>location: 45.2399804,19.8474436<br>reting: 5<br>place_id: ChIJJ0VEZcgRW0cRnF_0FY01Lqc<br>tags: ["Dance school"]<br>search_url: https://www.google.com/maps/search/?api=1&query=Shuffle%20dance%20Novi%20Sad&query_place_id=ChIJJ0VEZcgRW0cRnF_0FY01Lqc<br>map_url: https://www.google.com/maps/search/dance%20school/@45.31990989355026,19.84771475,14z?hl=en<br>main_category: dance school<br>image_url: https://lh3.googleusercontent.com/p/AF1QipMkDnHUmqCZGkfVFIjiAKLJD4bgUIRitqwQdi9h=w408-h291-k-no<br>additional: <br>website: https://www.instagram.com/shuffledancebalkan/<br>parent_place: <br>additional_urls: []]]></description>
        <styleUrl>#icon-1899-3949AB-labelson</styleUrl>
        <ExtendedData>
          <Data name="﻿id">
            <value>68f2f6f517de0681a60e3f99</value>
          </Data>
          <Data name="category">
            <value>Dance school</value>
          </Data>
          <Data name="address_full">
            <value>Fruškogorska 30, Novi Sad 403109, Serbia</value>
          </Data>
          <Data name="district">
            <value/>
          </Data>
          <Data name="address">
            <value>Fruškogorska 30</value>
          </Data>
          <Data name="city">
            <value>Novi Sad</value>
          </Data>
          <Data name="index">
            <value>403109.0</value>
          </Data>
          <Data name="country">
            <value>RS</value>
          </Data>
          <Data name="phone">
            <value>+381 61 1029490</value>
          </Data>
          <Data name="location">
            <value>45.2399804,19.8474436</value>
          </Data>
          <Data name="reting">
            <value>5.0</value>
          </Data>
          <Data name="place_id">
            <value>ChIJJ0VEZcgRW0cRnF_0FY01Lqc</value>
          </Data>
          <Data name="tags">
            <value><![CDATA[["Dance school"]]]></value>
          </Data>
          <Data name="search_url">
            <value><![CDATA[https://www.google.com/maps/search/?api=1&query=Shuffle%20dance%20Novi%20Sad&query_place_id=ChIJJ0VEZcgRW0cRnF_0FY01Lqc]]></value>
          </Data>
          <Data name="map_url">
            <value>https://www.google.com/maps/search/dance%20school/@45.31990989355026,19.84771475,14z?hl=en</value>
          </Data>
          <Data name="main_category">
            <value>dance school</value>
          </Data>
          <Data name="image_url">
            <value>https://lh3.googleusercontent.com/p/AF1QipMkDnHUmqCZGkfVFIjiAKLJD4bgUIRitqwQdi9h=w408-h291-k-no</value>
          </Data>
          <Data name="additional">
            <value/>
          </Data>
          <Data name="website">
            <value>https://www.instagram.com/shuffledancebalkan/</value>
          </Data>
          <Data name="parent_place">
            <value/>
          </Data>
          <Data name="additional_urls">
            <value>[]</value>
          </Data>
        </ExtendedData>
        <Point>
          <coordinates>
            19.8474436,45.2399804,0
          </coordinates>
        </Point>
      </Placemark>
      <Placemark>
        <name>Ritmos Del Mundo - Plesna škola ( salsa, bachata, son, reggaeton ...)</name>
        <description><![CDATA[﻿id: 68f2f6f517de0681a60e3f9a<br>category: Dance school<br>address_full: Petra Drapšina 35, Novi Sad 21000, Serbia<br>district: <br>address: Petra Drapšina 35<br>city: Novi Sad<br>index: 21000<br>country: RS<br>phone: +381 60 4046037<br>location: 45.2501898,19.8400227<br>reting: 4,9<br>place_id: ChIJn4nGOrd6WkcRgSkYPopoKZc<br>tags: ["Dance school"]<br>search_url: https://www.google.com/maps/search/?api=1&query=Ritmos%20Del%20Mundo%20-%20Plesna%20%C5%A1kola%20(%20salsa%2C%20bachata%2C%20son%2C%20reggaeton%20...)&query_place_id=ChIJn4nGOrd6WkcRgSkYPopoKZc<br>map_url: https://www.google.com/maps/search/dance%20school/@45.27157625,19.779095147340954,14z?hl=en<br>main_category: dance school<br>image_url: https://lh3.googleusercontent.com/gps-cs-s/AC9h4nq28RgTZP2LSAlLojKnVi2oq2rduuJa3DKvSQTBBqTi5MyflukaxWGFMe_HXuISAhR0mD9J913mI8TJFEj-em9aiFQYrOEsXfTl4qelTu_nxowFA5p3ipKNEC9FoKG3Kz4VcF87=w408-h544-k-no<br>additional: Ритмос Дел Мундо<br>website: http://www.ritmosdelmundo.rs/<br>parent_place: <br>additional_urls: []]]></description>
        <styleUrl>#icon-1899-3949AB-labelson</styleUrl>
        <ExtendedData>
          <Data name="﻿id">
            <value>68f2f6f517de0681a60e3f9a</value>
          </Data>
          <Data name="category">
            <value>Dance school</value>
          </Data>
          <Data name="address_full">
            <value>Petra Drapšina 35, Novi Sad 21000, Serbia</value>
          </Data>
          <Data name="district">
            <value/>
          </Data>
          <Data name="address">
            <value>Petra Drapšina 35</value>
          </Data>
          <Data name="city">
            <value>Novi Sad</value>
          </Data>
          <Data name="index">
            <value>21000.0</value>
          </Data>
          <Data name="country">
            <value>RS</value>
          </Data>
          <Data name="phone">
            <value>+381 60 4046037</value>
          </Data>
          <Data name="location">
            <value>45.2501898,19.8400227</value>
          </Data>
          <Data name="reting">
            <value>4.9</value>
          </Data>
          <Data name="place_id">
            <value>ChIJn4nGOrd6WkcRgSkYPopoKZc</value>
          </Data>
          <Data name="tags">
            <value><![CDATA[["Dance school"]]]></value>
          </Data>
          <Data name="search_url">
            <value><![CDATA[https://www.google.com/maps/search/?api=1&query=Ritmos%20Del%20Mundo%20-%20Plesna%20%C5%A1kola%20(%20salsa%2C%20bachata%2C%20son%2C%20reggaeton%20...)&query_place_id=ChIJn4nGOrd6WkcRgSkYPopoKZc]]></value>
          </Data>
          <Data name="map_url">
            <value>https://www.google.com/maps/search/dance%20school/@45.27157625,19.779095147340954,14z?hl=en</value>
          </Data>
          <Data name="main_category">
            <value>dance school</value>
          </Data>
          <Data name="image_url">
            <value>https://lh3.googleusercontent.com/gps-cs-s/AC9h4nq28RgTZP2LSAlLojKnVi2oq2rduuJa3DKvSQTBBqTi5MyflukaxWGFMe_HXuISAhR0mD9J913mI8TJFEj-em9aiFQYrOEsXfTl4qelTu_nxowFA5p3ipKNEC9FoKG3Kz4VcF87=w408-h544-k-no</value>
          </Data>
          <Data name="additional">
            <value>Ритмос Дел Мундо</value>
          </Data>
          <Data name="website">
            <value>http://www.ritmosdelmundo.rs/</value>
          </Data>
          <Data name="parent_place">
            <value/>
          </Data>
          <Data name="additional_urls">
            <value>[]</value>
          </Data>
        </ExtendedData>
        <Point>
          <coordinates>
            19.8400227,45.2501898,0
          </coordinates>
        </Point>
      </Placemark>
      <Placemark>
        <name>IMPULS DANCE STUDIO</name>
        <description><![CDATA[﻿id: 68f2f6f517de0681a60e3f9b<br>category: Dance school<br>address_full: 14A, Vase Stajića 21000, Novi Sad 21000, Serbia<br>district: <br>address: 14A, Vase Stajića 21000<br>city: Novi Sad<br>index: 21000<br>country: RS<br>phone: +381 63 541928<br>location: 45.2517521,19.8420714<br>reting: 5<br>place_id: ChIJjyLkpmsQW0cR5aVo2qhqovk<br>tags: ["Dance school"]<br>search_url: https://www.google.com/maps/search/?api=1&query=IMPULS%20DANCE%20STUDIO&query_place_id=ChIJjyLkpmsQW0cR5aVo2qhqovk<br>map_url: https://www.google.com/maps/search/dance%20school/@45.27157625,19.779095147340954,14z?hl=en<br>main_category: dance school<br>image_url: https://lh3.googleusercontent.com/p/AF1QipOPBYGwRnOThZp1upyqJ28TF68HEGLRB_s7j1P9=w408-h611-k-no<br>additional: IMPULS PLESNA SKOLA<br>website: http://www.studioimpuls.org/<br>parent_place: <br>additional_urls: []]]></description>
        <styleUrl>#icon-1899-3949AB-labelson</styleUrl>
        <ExtendedData>
          <Data name="﻿id">
            <value>68f2f6f517de0681a60e3f9b</value>
          </Data>
          <Data name="category">
            <value>Dance school</value>
          </Data>
          <Data name="address_full">
            <value>14A, Vase Stajića 21000, Novi Sad 21000, Serbia</value>
          </Data>
          <Data name="district">
            <value/>
          </Data>
          <Data name="address">
            <value>14A, Vase Stajića 21000</value>
          </Data>
          <Data name="city">
            <value>Novi Sad</value>
          </Data>
          <Data name="index">
            <value>21000.0</value>
          </Data>
          <Data name="country">
            <value>RS</value>
          </Data>
          <Data name="phone">
            <value>+381 63 541928</value>
          </Data>
          <Data name="location">
            <value>45.2517521,19.8420714</value>
          </Data>
          <Data name="reting">
            <value>5.0</value>
          </Data>
          <Data name="place_id">
            <value>ChIJjyLkpmsQW0cR5aVo2qhqovk</value>
          </Data>
          <Data name="tags">
            <value><![CDATA[["Dance school"]]]></value>
          </Data>
          <Data name="search_url">
            <value><![CDATA[https://www.google.com/maps/search/?api=1&query=IMPULS%20DANCE%20STUDIO&query_place_id=ChIJjyLkpmsQW0cR5aVo2qhqovk]]></value>
          </Data>
          <Data name="map_url">
            <value>https://www.google.com/maps/search/dance%20school/@45.27157625,19.779095147340954,14z?hl=en</value>
          </Data>
          <Data name="main_category">
            <value>dance school</value>
          </Data>
          <Data name="image_url">
            <value>https://lh3.googleusercontent.com/p/AF1QipOPBYGwRnOThZp1upyqJ28TF68HEGLRB_s7j1P9=w408-h611-k-no</value>
          </Data>
          <Data name="additional">
            <value>IMPULS PLESNA SKOLA</value>
          </Data>
          <Data name="website">
            <value>http://www.studioimpuls.org/</value>
          </Data>
          <Data name="parent_place">
            <value/>
          </Data>
          <Data name="additional_urls">
            <value>[]</value>
          </Data>
        </ExtendedData>
        <Point>
          <coordinates>
            19.8420714,45.2517521,0
          </coordinates>
        </Point>
      </Placemark>
      <Placemark>
        <name>Plesno Udruženje Groove</name>
        <description><![CDATA[﻿id: 68f2f6f517de0681a60e3f9c<br>category: Dance school<br>address_full: Fruškogorska 30, Novi Sad 403109, Serbia<br>district: <br>address: Fruškogorska 30<br>city: Novi Sad<br>index: 403109<br>country: RS<br>phone: +381 60 6686021<br>location: 45.2399804,19.8474436<br>reting: 5<br>place_id: ChIJYyxQ_vgRW0cRlQIMogwLQtQ<br>tags: ["Dance school"]<br>search_url: https://www.google.com/maps/search/?api=1&query=Plesno%20Udru%C5%BEenje%20Groove&query_place_id=ChIJYyxQ_vgRW0cRlQIMogwLQtQ<br>map_url: https://www.google.com/maps/search/dance%20school/@45.27157625,19.91633435265905,14z?hl=en<br>main_category: dance school<br>image_url: https://streetviewpixels-pa.googleapis.com/v1/thumbnail?panoid=3UvrWK8sHczBHDegpE1ONg&cb_client=search.gws-prod.gps&w=408&h=240&yaw=269.5551&pitch=0&thumbfov=100<br>additional: <br>website: https://www.instagram.com/plesno_udruzenje_groove/<br>parent_place: <br>additional_urls: []]]></description>
        <styleUrl>#icon-1899-3949AB-labelson</styleUrl>
        <ExtendedData>
          <Data name="﻿id">
            <value>68f2f6f517de0681a60e3f9c</value>
          </Data>
          <Data name="category">
            <value>Dance school</value>
          </Data>
          <Data name="address_full">
            <value>Fruškogorska 30, Novi Sad 403109, Serbia</value>
          </Data>
          <Data name="district">
            <value/>
          </Data>
          <Data name="address">
            <value>Fruškogorska 30</value>
          </Data>
          <Data name="city">
            <value>Novi Sad</value>
          </Data>
          <Data name="index">
            <value>403109.0</value>
          </Data>
          <Data name="country">
            <value>RS</value>
          </Data>
          <Data name="phone">
            <value>+381 60 6686021</value>
          </Data>
          <Data name="location">
            <value>45.2399804,19.8474436</value>
          </Data>
          <Data name="reting">
            <value>5.0</value>
          </Data>
          <Data name="place_id">
            <value>ChIJYyxQ_vgRW0cRlQIMogwLQtQ</value>
          </Data>
          <Data name="tags">
            <value><![CDATA[["Dance school"]]]></value>
          </Data>
          <Data name="search_url">
            <value><![CDATA[https://www.google.com/maps/search/?api=1&query=Plesno%20Udru%C5%BEenje%20Groove&query_place_id=ChIJYyxQ_vgRW0cRlQIMogwLQtQ]]></value>
          </Data>
          <Data name="map_url">
            <value>https://www.google.com/maps/search/dance%20school/@45.27157625,19.91633435265905,14z?hl=en</value>
          </Data>
          <Data name="main_category">
            <value>dance school</value>
          </Data>
          <Data name="image_url">
            <value><![CDATA[https://streetviewpixels-pa.googleapis.com/v1/thumbnail?panoid=3UvrWK8sHczBHDegpE1ONg&cb_client=search.gws-prod.gps&w=408&h=240&yaw=269.5551&pitch=0&thumbfov=100]]></value>
          </Data>
          <Data name="additional">
            <value/>
          </Data>
          <Data name="website">
            <value>https://www.instagram.com/plesno_udruzenje_groove/</value>
          </Data>
          <Data name="parent_place">
            <value/>
          </Data>
          <Data name="additional_urls">
            <value>[]</value>
          </Data>
        </ExtendedData>
        <Point>
          <coordinates>
            19.8474436,45.2399804,0
          </coordinates>
        </Point>
      </Placemark>
      <Placemark>
        <name>Studio 5</name>
        <description><![CDATA[﻿id: 68f2f6f517de0681a60e3f9d<br>category: Dance school<br>address_full: Narodnog fronta 55А, Novi Sad 21000, Serbia<br>district: <br>address: Narodnog fronta 55А<br>city: Novi Sad<br>index: 21000<br>country: RS<br>phone: <br>location: 45.2385577,19.8340474<br>reting: 4,2<br>place_id: ChIJvSeawi4RW0cRpObqZmK71sY<br>tags: ["Dance school"]<br>search_url: https://www.google.com/maps/search/?api=1&query=Studio%205&query_place_id=ChIJvSeawi4RW0cRpObqZmK71sY<br>map_url: https://www.google.com/maps/search/dance%20school/@45.223242606449745,19.779095147340954,14z?hl=en<br>main_category: dance school<br>image_url: https://lh3.googleusercontent.com/gps-cs-s/AC9h4noyxeQwsEdqZdVcdAEfCshSvQOTQ8Hw7m3coRHSvaaqaZjzGa2KgcMmHnokAByZnvie2A0XaEWbGUmihrgyWm2uDbBAHSvVYBOhRtfp6jvcvTJYaTzxulFADxWNVdDRImi-92dK5A=w408-h544-k-no<br>additional: Студио 5<br>website: <br>parent_place: <br>additional_urls: []]]></description>
        <styleUrl>#icon-1899-3949AB-labelson</styleUrl>
        <ExtendedData>
          <Data name="﻿id">
            <value>68f2f6f517de0681a60e3f9d</value>
          </Data>
          <Data name="category">
            <value>Dance school</value>
          </Data>
          <Data name="address_full">
            <value>Narodnog fronta 55А, Novi Sad 21000, Serbia</value>
          </Data>
          <Data name="district">
            <value/>
          </Data>
          <Data name="address">
            <value>Narodnog fronta 55А</value>
          </Data>
          <Data name="city">
            <value>Novi Sad</value>
          </Data>
          <Data name="index">
            <value>21000.0</value>
          </Data>
          <Data name="country">
            <value>RS</value>
          </Data>
          <Data name="phone">
            <value/>
          </Data>
          <Data name="location">
            <value>45.2385577,19.8340474</value>
          </Data>
          <Data name="reting">
            <value>4.2</value>
          </Data>
          <Data name="place_id">
            <value>ChIJvSeawi4RW0cRpObqZmK71sY</value>
          </Data>
          <Data name="tags">
            <value><![CDATA[["Dance school"]]]></value>
          </Data>
          <Data name="search_url">
            <value><![CDATA[https://www.google.com/maps/search/?api=1&query=Studio%205&query_place_id=ChIJvSeawi4RW0cRpObqZmK71sY]]></value>
          </Data>
          <Data name="map_url">
            <value>https://www.google.com/maps/search/dance%20school/@45.223242606449745,19.779095147340954,14z?hl=en</value>
          </Data>
          <Data name="main_category">
            <value>dance school</value>
          </Data>
          <Data name="image_url">
            <value>https://lh3.googleusercontent.com/gps-cs-s/AC9h4noyxeQwsEdqZdVcdAEfCshSvQOTQ8Hw7m3coRHSvaaqaZjzGa2KgcMmHnokAByZnvie2A0XaEWbGUmihrgyWm2uDbBAHSvVYBOhRtfp6jvcvTJYaTzxulFADxWNVdDRImi-92dK5A=w408-h544-k-no</value>
          </Data>
          <Data name="additional">
            <value>Студио 5</value>
          </Data>
          <Data name="website">
            <value/>
          </Data>
          <Data name="parent_place">
            <value/>
          </Data>
          <Data name="additional_urls">
            <value>[]</value>
          </Data>
        </ExtendedData>
        <Point>
          <coordinates>
            19.8340474,45.2385577,0
          </coordinates>
        </Point>
      </Placemark>
      <Placemark>
        <name>Škola plesa VERO Grbavica</name>
        <description><![CDATA[﻿id: 68f2f6f517de0681a60e3f9e<br>category: Dance school<br>address_full: Miše Dimitrijevića 74a, Novi Sad 403765, Serbia<br>district: <br>address: Miše Dimitrijevića 74a<br>city: Novi Sad<br>index: 403765<br>country: RS<br>phone: +381 65 4321222<br>location: 45.2417382,19.826266<br>reting: <br>place_id: ChIJhXCmsTwQW0cR_jqHLXgSyrw<br>tags: ["Dance school"]<br>search_url: https://www.google.com/maps/search/?api=1&query=%C5%A0kola%20plesa%20VERO%20Grbavica&query_place_id=ChIJhXCmsTwQW0cR_jqHLXgSyrw<br>map_url: https://www.google.com/maps/search/dance%20school/@45.223242606449745,19.779095147340954,14z?hl=en<br>main_category: dance school<br>image_url: https://streetviewpixels-pa.googleapis.com/v1/thumbnail?panoid=TbmdaU-twDXWDcdwk2tE4w&cb_client=search.gws-prod.gps&w=408&h=240&yaw=309.02643&pitch=0&thumbfov=100<br>additional: <br>website: <br>parent_place: <br>additional_urls: []]]></description>
        <styleUrl>#icon-1899-3949AB-labelson</styleUrl>
        <ExtendedData>
          <Data name="﻿id">
            <value>68f2f6f517de0681a60e3f9e</value>
          </Data>
          <Data name="category">
            <value>Dance school</value>
          </Data>
          <Data name="address_full">
            <value>Miše Dimitrijevića 74a, Novi Sad 403765, Serbia</value>
          </Data>
          <Data name="district">
            <value/>
          </Data>
          <Data name="address">
            <value>Miše Dimitrijevića 74a</value>
          </Data>
          <Data name="city">
            <value>Novi Sad</value>
          </Data>
          <Data name="index">
            <value>403765.0</value>
          </Data>
          <Data name="country">
            <value>RS</value>
          </Data>
          <Data name="phone">
            <value>+381 65 4321222</value>
          </Data>
          <Data name="location">
            <value>45.2417382,19.826266</value>
          </Data>
          <Data name="reting">
            <value/>
          </Data>
          <Data name="place_id">
            <value>ChIJhXCmsTwQW0cR_jqHLXgSyrw</value>
          </Data>
          <Data name="tags">
            <value><![CDATA[["Dance school"]]]></value>
          </Data>
          <Data name="search_url">
            <value><![CDATA[https://www.google.com/maps/search/?api=1&query=%C5%A0kola%20plesa%20VERO%20Grbavica&query_place_id=ChIJhXCmsTwQW0cR_jqHLXgSyrw]]></value>
          </Data>
          <Data name="map_url">
            <value>https://www.google.com/maps/search/dance%20school/@45.223242606449745,19.779095147340954,14z?hl=en</value>
          </Data>
          <Data name="main_category">
            <value>dance school</value>
          </Data>
          <Data name="image_url">
            <value><![CDATA[https://streetviewpixels-pa.googleapis.com/v1/thumbnail?panoid=TbmdaU-twDXWDcdwk2tE4w&cb_client=search.gws-prod.gps&w=408&h=240&yaw=309.02643&pitch=0&thumbfov=100]]></value>
          </Data>
          <Data name="additional">
            <value/>
          </Data>
          <Data name="website">
            <value/>
          </Data>
          <Data name="parent_place">
            <value/>
          </Data>
          <Data name="additional_urls">
            <value>[]</value>
          </Data>
        </ExtendedData>
        <Point>
          <coordinates>
            19.826266,45.2417382,0
          </coordinates>
        </Point>
      </Placemark>
      <Placemark>
        <name>Škola folklora Sonja Marinković</name>
        <description><![CDATA[﻿id: 68f2f6f517de0681a60e3fa1<br>category: Dance school<br>address_full: Vladimira Perića Valtera 3, Novi Sad 21000, Serbia<br>district: <br>address: Vladimira Perića Valtera 3<br>city: Novi Sad<br>index: 21000<br>country: RS<br>phone: +381 66 045802<br>location: 45.2455906,19.8516306<br>reting: <br>place_id: ChIJk_t9vzgRW0cRpDzMqlSdpC8<br>tags: ["Dance school"]<br>search_url: https://www.google.com/maps/search/?api=1&query=%C5%A0kola%20folklora%20Sonja%20Marinkovi%C4%87&query_place_id=ChIJk_t9vzgRW0cRpDzMqlSdpC8<br>map_url: https://www.google.com/maps/search/dance%20school/@45.223242606449745,19.84771475,14z?hl=en<br>main_category: dance school<br>image_url: https://lh3.googleusercontent.com/gps-cs-s/AC9h4nqTNeEsBlHETDIZcPX08A5A0wYpvngeg9D-462hPdwa2vh__7wgGaYt9xrU25XO2Y0-oPLL-GBSkMd1wXoP5Vc09LhO67nOEG4hEYLMJee3CNFG7Rxh7GS4vXnV8kQ3wtjJ_k2K=w408-h281-k-no<br>additional: <br>website: <br>parent_place: <br>additional_urls: []]]></description>
        <styleUrl>#icon-1899-3949AB-labelson</styleUrl>
        <ExtendedData>
          <Data name="﻿id">
            <value>68f2f6f517de0681a60e3fa1</value>
          </Data>
          <Data name="category">
            <value>Dance school</value>
          </Data>
          <Data name="address_full">
            <value>Vladimira Perića Valtera 3, Novi Sad 21000, Serbia</value>
          </Data>
          <Data name="district">
            <value/>
          </Data>
          <Data name="address">
            <value>Vladimira Perića Valtera 3</value>
          </Data>
          <Data name="city">
            <value>Novi Sad</value>
          </Data>
          <Data name="index">
            <value>21000.0</value>
          </Data>
          <Data name="country">
            <value>RS</value>
          </Data>
          <Data name="phone">
            <value>+381 66 045802</value>
          </Data>
          <Data name="location">
            <value>45.2455906,19.8516306</value>
          </Data>
          <Data name="reting">
            <value/>
          </Data>
          <Data name="place_id">
            <value>ChIJk_t9vzgRW0cRpDzMqlSdpC8</value>
          </Data>
          <Data name="tags">
            <value><![CDATA[["Dance school"]]]></value>
          </Data>
          <Data name="search_url">
            <value><![CDATA[https://www.google.com/maps/search/?api=1&query=%C5%A0kola%20folklora%20Sonja%20Marinkovi%C4%87&query_place_id=ChIJk_t9vzgRW0cRpDzMqlSdpC8]]></value>
          </Data>
          <Data name="map_url">
            <value>https://www.google.com/maps/search/dance%20school/@45.223242606449745,19.84771475,14z?hl=en</value>
          </Data>
          <Data name="main_category">
            <value>dance school</value>
          </Data>
          <Data name="image_url">
            <value>https://lh3.googleusercontent.com/gps-cs-s/AC9h4nqTNeEsBlHETDIZcPX08A5A0wYpvngeg9D-462hPdwa2vh__7wgGaYt9xrU25XO2Y0-oPLL-GBSkMd1wXoP5Vc09LhO67nOEG4hEYLMJee3CNFG7Rxh7GS4vXnV8kQ3wtjJ_k2K=w408-h281-k-no</value>
          </Data>
          <Data name="additional">
            <value/>
          </Data>
          <Data name="website">
            <value/>
          </Data>
          <Data name="parent_place">
            <value/>
          </Data>
          <Data name="additional_urls">
            <value>[]</value>
          </Data>
        </ExtendedData>
        <Point>
          <coordinates>
            19.8516306,45.2455906,0
          </coordinates>
        </Point>
      </Placemark>
      <Placemark>
        <name>Stage Dance Studio</name>
        <description><![CDATA[﻿id: 68f2f6f517de0681a60e3fb8<br>category: Dance school<br>address_full: Janka Čmelika 33, Novi Sad 21000, Serbia<br>district: <br>address: Janka Čmelika 33<br>city: Novi Sad<br>index: 21000<br>country: RS<br>phone: +381 61 6828204<br>location: 45.2590673,19.8120087<br>reting: 5<br>place_id: ChIJyb_DkLMRW0cROI3u6H6DsGQ<br>tags: ["Dance school"]<br>search_url: https://www.google.com/maps/search/?api=1&query=Stage%20Dance%20Studio&query_place_id=ChIJyb_DkLMRW0cROI3u6H6DsGQ<br>map_url: https://www.google.com/maps/search/dance%20school/@45.26174852369414,19.5558746182799,15z?hl=en<br>main_category: dance school<br>image_url: https://streetviewpixels-pa.googleapis.com/v1/thumbnail?panoid=2YFp9laDa11uC9r9F1KnFw&cb_client=search.gws-prod.gps&w=408&h=240&yaw=240.48239&pitch=0&thumbfov=100<br>additional: <br>website: http://stagedance.byethost11.com/<br>parent_place: <br>additional_urls: []]]></description>
        <styleUrl>#icon-1899-3949AB-labelson</styleUrl>
        <ExtendedData>
          <Data name="﻿id">
            <value>68f2f6f517de0681a60e3fb8</value>
          </Data>
          <Data name="category">
            <value>Dance school</value>
          </Data>
          <Data name="address_full">
            <value>Janka Čmelika 33, Novi Sad 21000, Serbia</value>
          </Data>
          <Data name="district">
            <value/>
          </Data>
          <Data name="address">
            <value>Janka Čmelika 33</value>
          </Data>
          <Data name="city">
            <value>Novi Sad</value>
          </Data>
          <Data name="index">
            <value>21000.0</value>
          </Data>
          <Data name="country">
            <value>RS</value>
          </Data>
          <Data name="phone">
            <value>+381 61 6828204</value>
          </Data>
          <Data name="location">
            <value>45.2590673,19.8120087</value>
          </Data>
          <Data name="reting">
            <value>5.0</value>
          </Data>
          <Data name="place_id">
            <value>ChIJyb_DkLMRW0cROI3u6H6DsGQ</value>
          </Data>
          <Data name="tags">
            <value><![CDATA[["Dance school"]]]></value>
          </Data>
          <Data name="search_url">
            <value><![CDATA[https://www.google.com/maps/search/?api=1&query=Stage%20Dance%20Studio&query_place_id=ChIJyb_DkLMRW0cROI3u6H6DsGQ]]></value>
          </Data>
          <Data name="map_url">
            <value>https://www.google.com/maps/search/dance%20school/@45.26174852369414,19.5558746182799,15z?hl=en</value>
          </Data>
          <Data name="main_category">
            <value>dance school</value>
          </Data>
          <Data name="image_url">
            <value><![CDATA[https://streetviewpixels-pa.googleapis.com/v1/thumbnail?panoid=2YFp9laDa11uC9r9F1KnFw&cb_client=search.gws-prod.gps&w=408&h=240&yaw=240.48239&pitch=0&thumbfov=100]]></value>
          </Data>
          <Data name="additional">
            <value/>
          </Data>
          <Data name="website">
            <value>http://stagedance.byethost11.com/</value>
          </Data>
          <Data name="parent_place">
            <value/>
          </Data>
          <Data name="additional_urls">
            <value>[]</value>
          </Data>
        </ExtendedData>
        <Point>
          <coordinates>
            19.8120087,45.2590673,0
          </coordinates>
        </Point>
      </Placemark>
      <Placemark>
        <name>Plesni klub Timba</name>
        <description><![CDATA[﻿id: 68f2f6f517de0681a60e3fb6<br>category: Dance school<br>address_full: Kralja Aleksandra I 28/v, Obrenovac 11500, Serbia<br>district: <br>address: Kralja Aleksandra I 28/v<br>city: Obrenovac<br>index: 11500<br>country: RS<br>phone: +381 64 3408733<br>location: 44.6590075,20.2036002<br>reting: 4,5<br>place_id: ChIJ4UobVWYUWkcRPmNQeln_u2M<br>tags: ["Dance school"]<br>search_url: https://www.google.com/maps/search/?api=1&query=Plesni%20klub%20Timba&query_place_id=ChIJ4UobVWYUWkcRPmNQeln_u2M<br>map_url: https://www.google.com/maps/search/dance%20school/@44.614072500000006,20.06001091022752,15z?hl=en<br>main_category: dance school<br>image_url: https://streetviewpixels-pa.googleapis.com/v1/thumbnail?panoid=JvNa7nXNwTC3B34KN_7Pjw&cb_client=search.gws-prod.gps&w=408&h=240&yaw=150.39267&pitch=0&thumbfov=100<br>additional: <br>website: http://www.facebook.com/SalsaKlubTimba<br>parent_place: <br>additional_urls: []]]></description>
        <styleUrl>#icon-1899-BDBDBD-labelson</styleUrl>
        <ExtendedData>
          <Data name="﻿id">
            <value>68f2f6f517de0681a60e3fb6</value>
          </Data>
          <Data name="category">
            <value>Dance school</value>
          </Data>
          <Data name="address_full">
            <value>Kralja Aleksandra I 28/v, Obrenovac 11500, Serbia</value>
          </Data>
          <Data name="district">
            <value/>
          </Data>
          <Data name="address">
            <value>Kralja Aleksandra I 28/v</value>
          </Data>
          <Data name="city">
            <value>Obrenovac</value>
          </Data>
          <Data name="index">
            <value>11500.0</value>
          </Data>
          <Data name="country">
            <value>RS</value>
          </Data>
          <Data name="phone">
            <value>+381 64 3408733</value>
          </Data>
          <Data name="location">
            <value>44.6590075,20.2036002</value>
          </Data>
          <Data name="reting">
            <value>4.5</value>
          </Data>
          <Data name="place_id">
            <value>ChIJ4UobVWYUWkcRPmNQeln_u2M</value>
          </Data>
          <Data name="tags">
            <value><![CDATA[["Dance school"]]]></value>
          </Data>
          <Data name="search_url">
            <value><![CDATA[https://www.google.com/maps/search/?api=1&query=Plesni%20klub%20Timba&query_place_id=ChIJ4UobVWYUWkcRPmNQeln_u2M]]></value>
          </Data>
          <Data name="map_url">
            <value>https://www.google.com/maps/search/dance%20school/@44.614072500000006,20.06001091022752,15z?hl=en</value>
          </Data>
          <Data name="main_category">
            <value>dance school</value>
          </Data>
          <Data name="image_url">
            <value><![CDATA[https://streetviewpixels-pa.googleapis.com/v1/thumbnail?panoid=JvNa7nXNwTC3B34KN_7Pjw&cb_client=search.gws-prod.gps&w=408&h=240&yaw=150.39267&pitch=0&thumbfov=100]]></value>
          </Data>
          <Data name="additional">
            <value/>
          </Data>
          <Data name="website">
            <value>http://www.facebook.com/SalsaKlubTimba</value>
          </Data>
          <Data name="parent_place">
            <value/>
          </Data>
          <Data name="additional_urls">
            <value>[]</value>
          </Data>
        </ExtendedData>
        <Point>
          <coordinates>
            20.2036002,44.6590075,0
          </coordinates>
        </Point>
      </Placemark>
      <Placemark>
        <name>PoleDance PANCEVO</name>
        <description><![CDATA[﻿id: 68f2f6f517de0681a60e3f53<br>category: Dance school<br>address_full: Branka Radičevića, Pančevo, Serbia<br>district: <br>address: Branka Radičevića<br>city: Pancevo<br>index: <br>country: RS<br>phone: +381 64 4855558<br>location: 44.8750851,20.6371174<br>reting: <br>place_id: ChIJMfxbsJN-WkcRGwSmgEmdW_A<br>tags: ["Dance school"]<br>search_url: https://www.google.com/maps/search/?api=1&query=PoleDance%20PANCEVO&query_place_id=ChIJMfxbsJN-WkcRGwSmgEmdW_A<br>map_url: https://www.google.com/maps/search/dance%20school/@45.16610084047514,20.91062925,10z?hl=en<br>main_category: dance school<br>image_url: https://streetviewpixels-pa.googleapis.com/v1/thumbnail?panoid=RYlBIEiENkK4EwAK9ykxow&cb_client=search.gws-prod.gps&w=408&h=240&yaw=196.88327&pitch=0&thumbfov=100<br>additional: <br>website: <br>parent_place: <br>additional_urls: []]]></description>
        <styleUrl>#icon-1899-AFB42B-labelson</styleUrl>
        <ExtendedData>
          <Data name="﻿id">
            <value>68f2f6f517de0681a60e3f53</value>
          </Data>
          <Data name="category">
            <value>Dance school</value>
          </Data>
          <Data name="address_full">
            <value>Branka Radičevića, Pančevo, Serbia</value>
          </Data>
          <Data name="district">
            <value/>
          </Data>
          <Data name="address">
            <value>Branka Radičevića</value>
          </Data>
          <Data name="city">
            <value>Pancevo</value>
          </Data>
          <Data name="index">
            <value/>
          </Data>
          <Data name="country">
            <value>RS</value>
          </Data>
          <Data name="phone">
            <value>+381 64 4855558</value>
          </Data>
          <Data name="location">
            <value>44.8750851,20.6371174</value>
          </Data>
          <Data name="reting">
            <value/>
          </Data>
          <Data name="place_id">
            <value>ChIJMfxbsJN-WkcRGwSmgEmdW_A</value>
          </Data>
          <Data name="tags">
            <value><![CDATA[["Dance school"]]]></value>
          </Data>
          <Data name="search_url">
            <value><![CDATA[https://www.google.com/maps/search/?api=1&query=PoleDance%20PANCEVO&query_place_id=ChIJMfxbsJN-WkcRGwSmgEmdW_A]]></value>
          </Data>
          <Data name="map_url">
            <value>https://www.google.com/maps/search/dance%20school/@45.16610084047514,20.91062925,10z?hl=en</value>
          </Data>
          <Data name="main_category">
            <value>dance school</value>
          </Data>
          <Data name="image_url">
            <value><![CDATA[https://streetviewpixels-pa.googleapis.com/v1/thumbnail?panoid=RYlBIEiENkK4EwAK9ykxow&cb_client=search.gws-prod.gps&w=408&h=240&yaw=196.88327&pitch=0&thumbfov=100]]></value>
          </Data>
          <Data name="additional">
            <value/>
          </Data>
          <Data name="website">
            <value/>
          </Data>
          <Data name="parent_place">
            <value/>
          </Data>
          <Data name="additional_urls">
            <value>[]</value>
          </Data>
        </ExtendedData>
        <Point>
          <coordinates>
            20.6371174,44.8750851,0
          </coordinates>
        </Point>
      </Placemark>
      <Placemark>
        <name>Plesni Studio Lana</name>
        <description><![CDATA[﻿id: 68f2f6f517de0681a60e3f5b<br>category: Dance school<br>address_full: Dositeja Obradovića 8k, Pančevo 26000, Serbia<br>district: <br>address: Dositeja Obradovića 8k<br>city: Pancevo<br>index: 26000<br>country: RS<br>phone: +381 62 277736<br>location: 44.8632323,20.6407571<br>reting: 5<br>place_id: ChIJw3hvsud_WkcRLcDUnWrz0pA<br>tags: ["Dance school"]<br>search_url: https://www.google.com/maps/search/?api=1&query=Plesni%20Studio%20Lana&query_place_id=ChIJw3hvsud_WkcRLcDUnWrz0pA<br>map_url: https://www.google.com/maps/search/dance%20school/@45.16610084047514,20.91062925,10z?hl=en<br>main_category: dance school<br>image_url: https://lh3.googleusercontent.com/p/AF1QipPSLzF4g3E0Ona73Bag3XexmetHW3GaqxDwpZU=w426-h240-k-no<br>additional: <br>website: <br>parent_place: <br>additional_urls: []]]></description>
        <styleUrl>#icon-1899-AFB42B-labelson</styleUrl>
        <ExtendedData>
          <Data name="﻿id">
            <value>68f2f6f517de0681a60e3f5b</value>
          </Data>
          <Data name="category">
            <value>Dance school</value>
          </Data>
          <Data name="address_full">
            <value>Dositeja Obradovića 8k, Pančevo 26000, Serbia</value>
          </Data>
          <Data name="district">
            <value/>
          </Data>
          <Data name="address">
            <value>Dositeja Obradovića 8k</value>
          </Data>
          <Data name="city">
            <value>Pancevo</value>
          </Data>
          <Data name="index">
            <value>26000.0</value>
          </Data>
          <Data name="country">
            <value>RS</value>
          </Data>
          <Data name="phone">
            <value>+381 62 277736</value>
          </Data>
          <Data name="location">
            <value>44.8632323,20.6407571</value>
          </Data>
          <Data name="reting">
            <value>5.0</value>
          </Data>
          <Data name="place_id">
            <value>ChIJw3hvsud_WkcRLcDUnWrz0pA</value>
          </Data>
          <Data name="tags">
            <value><![CDATA[["Dance school"]]]></value>
          </Data>
          <Data name="search_url">
            <value><![CDATA[https://www.google.com/maps/search/?api=1&query=Plesni%20Studio%20Lana&query_place_id=ChIJw3hvsud_WkcRLcDUnWrz0pA]]></value>
          </Data>
          <Data name="map_url">
            <value>https://www.google.com/maps/search/dance%20school/@45.16610084047514,20.91062925,10z?hl=en</value>
          </Data>
          <Data name="main_category">
            <value>dance school</value>
          </Data>
          <Data name="image_url">
            <value>https://lh3.googleusercontent.com/p/AF1QipPSLzF4g3E0Ona73Bag3XexmetHW3GaqxDwpZU=w426-h240-k-no</value>
          </Data>
          <Data name="additional">
            <value/>
          </Data>
          <Data name="website">
            <value/>
          </Data>
          <Data name="parent_place">
            <value/>
          </Data>
          <Data name="additional_urls">
            <value>[]</value>
          </Data>
        </ExtendedData>
        <Point>
          <coordinates>
            20.6407571,44.8632323,0
          </coordinates>
        </Point>
      </Placemark>
      <Placemark>
        <name>Dalia trbušni ples - Škola orijentalnog plesa</name>
        <description><![CDATA[﻿id: 68f2f6f517de0681a60e3f61<br>category: Dance school<br>address_full: Braće Jovanovića 10, Pančevo 26000, Serbia<br>district: <br>address: Braće Jovanovića 10<br>city: Pancevo<br>index: 26000<br>country: RS<br>phone: +381 65 5076668<br>location: 44.8711786,20.6373229<br>reting: 5<br>place_id: ChIJs1gF_np_WkcRy8Hq-0J5JIk<br>tags: ["Dance school"]<br>search_url: https://www.google.com/maps/search/?api=1&query=Dalia%20trbu%C5%A1ni%20ples%20-%20%C5%A0kola%20orijentalnog%20plesa&query_place_id=ChIJs1gF_np_WkcRy8Hq-0J5JIk<br>map_url: https://www.google.com/maps/search/dance%20school/@45.16610084047514,20.91062925,10z?hl=en<br>main_category: dance school<br>image_url: https://lh3.googleusercontent.com/p/AF1QipOnhymF2jSpOjJngKWiGp4fRXTdV0wGqRUW48aY=w408-h271-k-no<br>additional: <br>website: https://trbusniples.com/<br>parent_place: <br>additional_urls: []]]></description>
        <styleUrl>#icon-1899-AFB42B-labelson</styleUrl>
        <ExtendedData>
          <Data name="﻿id">
            <value>68f2f6f517de0681a60e3f61</value>
          </Data>
          <Data name="category">
            <value>Dance school</value>
          </Data>
          <Data name="address_full">
            <value>Braće Jovanovića 10, Pančevo 26000, Serbia</value>
          </Data>
          <Data name="district">
            <value/>
          </Data>
          <Data name="address">
            <value>Braće Jovanovića 10</value>
          </Data>
          <Data name="city">
            <value>Pancevo</value>
          </Data>
          <Data name="index">
            <value>26000.0</value>
          </Data>
          <Data name="country">
            <value>RS</value>
          </Data>
          <Data name="phone">
            <value>+381 65 5076668</value>
          </Data>
          <Data name="location">
            <value>44.8711786,20.6373229</value>
          </Data>
          <Data name="reting">
            <value>5.0</value>
          </Data>
          <Data name="place_id">
            <value>ChIJs1gF_np_WkcRy8Hq-0J5JIk</value>
          </Data>
          <Data name="tags">
            <value><![CDATA[["Dance school"]]]></value>
          </Data>
          <Data name="search_url">
            <value><![CDATA[https://www.google.com/maps/search/?api=1&query=Dalia%20trbu%C5%A1ni%20ples%20-%20%C5%A0kola%20orijentalnog%20plesa&query_place_id=ChIJs1gF_np_WkcRy8Hq-0J5JIk]]></value>
          </Data>
          <Data name="map_url">
            <value>https://www.google.com/maps/search/dance%20school/@45.16610084047514,20.91062925,10z?hl=en</value>
          </Data>
          <Data name="main_category">
            <value>dance school</value>
          </Data>
          <Data name="image_url">
            <value>https://lh3.googleusercontent.com/p/AF1QipOnhymF2jSpOjJngKWiGp4fRXTdV0wGqRUW48aY=w408-h271-k-no</value>
          </Data>
          <Data name="additional">
            <value/>
          </Data>
          <Data name="website">
            <value>https://trbusniples.com/</value>
          </Data>
          <Data name="parent_place">
            <value/>
          </Data>
          <Data name="additional_urls">
            <value>[]</value>
          </Data>
        </ExtendedData>
        <Point>
          <coordinates>
            20.6373229,44.8711786,0
          </coordinates>
        </Point>
      </Placemark>
      <Placemark>
        <name>Baletski studio Danijela</name>
        <description><![CDATA[﻿id: 68f2f6f517de0681a60e3f78<br>category: Dance school<br>address_full: Braće Jovanovića 10, Pančevo 26000, Serbia<br>district: <br>address: Braće Jovanovića 10<br>city: Pancevo<br>index: 26000<br>country: RS<br>phone: +381 60 3066366<br>location: 44.8711156,20.6372585<br>reting: 5<br>place_id: ChIJdSa8Jgt_WkcRJy7p-6vPu5I<br>tags: ["Dance school"]<br>search_url: https://www.google.com/maps/search/?api=1&query=Baletski%20studio%20Danijela&query_place_id=ChIJdSa8Jgt_WkcRJy7p-6vPu5I<br>map_url: https://www.google.com/maps/search/dance%20school/@45.16610084047514,20.91062925,10z?hl=en<br>main_category: dance school<br>image_url: https://lh3.googleusercontent.com/p/AF1QipPDKYfomuYs708kel25BKsfC4upgl1J_GQI8Pk7=w409-h240-k-no<br>additional: <br>website: <br>parent_place: <br>additional_urls: []]]></description>
        <styleUrl>#icon-1899-AFB42B-labelson</styleUrl>
        <ExtendedData>
          <Data name="﻿id">
            <value>68f2f6f517de0681a60e3f78</value>
          </Data>
          <Data name="category">
            <value>Dance school</value>
          </Data>
          <Data name="address_full">
            <value>Braće Jovanovića 10, Pančevo 26000, Serbia</value>
          </Data>
          <Data name="district">
            <value/>
          </Data>
          <Data name="address">
            <value>Braće Jovanovića 10</value>
          </Data>
          <Data name="city">
            <value>Pancevo</value>
          </Data>
          <Data name="index">
            <value>26000.0</value>
          </Data>
          <Data name="country">
            <value>RS</value>
          </Data>
          <Data name="phone">
            <value>+381 60 3066366</value>
          </Data>
          <Data name="location">
            <value>44.8711156,20.6372585</value>
          </Data>
          <Data name="reting">
            <value>5.0</value>
          </Data>
          <Data name="place_id">
            <value>ChIJdSa8Jgt_WkcRJy7p-6vPu5I</value>
          </Data>
          <Data name="tags">
            <value><![CDATA[["Dance school"]]]></value>
          </Data>
          <Data name="search_url">
            <value><![CDATA[https://www.google.com/maps/search/?api=1&query=Baletski%20studio%20Danijela&query_place_id=ChIJdSa8Jgt_WkcRJy7p-6vPu5I]]></value>
          </Data>
          <Data name="map_url">
            <value>https://www.google.com/maps/search/dance%20school/@45.16610084047514,20.91062925,10z?hl=en</value>
          </Data>
          <Data name="main_category">
            <value>dance school</value>
          </Data>
          <Data name="image_url">
            <value>https://lh3.googleusercontent.com/p/AF1QipPDKYfomuYs708kel25BKsfC4upgl1J_GQI8Pk7=w409-h240-k-no</value>
          </Data>
          <Data name="additional">
            <value/>
          </Data>
          <Data name="website">
            <value/>
          </Data>
          <Data name="parent_place">
            <value/>
          </Data>
          <Data name="additional_urls">
            <value>[]</value>
          </Data>
        </ExtendedData>
        <Point>
          <coordinates>
            20.6372585,44.8711156,0
          </coordinates>
        </Point>
      </Placemark>
      <Placemark>
        <name>SWAN Dance Company</name>
        <description><![CDATA[﻿id: 68f2f6f517de0681a60e3fb1<br>category: Dance school<br>address_full: Branka Radičevića 10, Pirot 18300, Serbia<br>district: Pazar<br>address: Branka Radičevića 10<br>city: Pirot<br>index: 18300<br>country: RS<br>phone: +381 69 1989079<br>location: 43.1555368,22.5866597<br>reting: <br>place_id: ChIJP06EZ9Y9VUcRV9iKPP250zw<br>tags: ["Dance school"]<br>search_url: https://www.google.com/maps/search/?api=1&query=SWAN%20Dance%20Company&query_place_id=ChIJP06EZ9Y9VUcRV9iKPP250zw<br>map_url: https://www.google.com/maps/search/dance%20school/@43.16753565051076,22.59430572541104,15z?hl=en<br>main_category: dance school<br>image_url: https://lh3.googleusercontent.com/gps-cs-s/AC9h4nrauWJ8o_1-TVbHDChvqKCmYkkBiFt1XWKGdeS0D0-dQQyUN5ddyM2yKFAiM2THNghi-hD4yQEnLTIt-CKdVeqIq_9t10-j5TNpn17St0w29jLGtkfci04LJfjwiCAmpLbImwU2=w408-h272-k-no<br>additional: <br>website: <br>parent_place: <br>additional_urls: []]]></description>
        <styleUrl>#icon-1899-BDBDBD-labelson</styleUrl>
        <ExtendedData>
          <Data name="﻿id">
            <value>68f2f6f517de0681a60e3fb1</value>
          </Data>
          <Data name="category">
            <value>Dance school</value>
          </Data>
          <Data name="address_full">
            <value>Branka Radičevića 10, Pirot 18300, Serbia</value>
          </Data>
          <Data name="district">
            <value>Pazar</value>
          </Data>
          <Data name="address">
            <value>Branka Radičevića 10</value>
          </Data>
          <Data name="city">
            <value>Pirot</value>
          </Data>
          <Data name="index">
            <value>18300.0</value>
          </Data>
          <Data name="country">
            <value>RS</value>
          </Data>
          <Data name="phone">
            <value>+381 69 1989079</value>
          </Data>
          <Data name="location">
            <value>43.1555368,22.5866597</value>
          </Data>
          <Data name="reting">
            <value/>
          </Data>
          <Data name="place_id">
            <value>ChIJP06EZ9Y9VUcRV9iKPP250zw</value>
          </Data>
          <Data name="tags">
            <value><![CDATA[["Dance school"]]]></value>
          </Data>
          <Data name="search_url">
            <value><![CDATA[https://www.google.com/maps/search/?api=1&query=SWAN%20Dance%20Company&query_place_id=ChIJP06EZ9Y9VUcRV9iKPP250zw]]></value>
          </Data>
          <Data name="map_url">
            <value>https://www.google.com/maps/search/dance%20school/@43.16753565051076,22.59430572541104,15z?hl=en</value>
          </Data>
          <Data name="main_category">
            <value>dance school</value>
          </Data>
          <Data name="image_url">
            <value>https://lh3.googleusercontent.com/gps-cs-s/AC9h4nrauWJ8o_1-TVbHDChvqKCmYkkBiFt1XWKGdeS0D0-dQQyUN5ddyM2yKFAiM2THNghi-hD4yQEnLTIt-CKdVeqIq_9t10-j5TNpn17St0w29jLGtkfci04LJfjwiCAmpLbImwU2=w408-h272-k-no</value>
          </Data>
          <Data name="additional">
            <value/>
          </Data>
          <Data name="website">
            <value/>
          </Data>
          <Data name="parent_place">
            <value/>
          </Data>
          <Data name="additional_urls">
            <value>[]</value>
          </Data>
        </ExtendedData>
        <Point>
          <coordinates>
            22.5866597,43.1555368,0
          </coordinates>
        </Point>
      </Placemark>
      <Placemark>
        <name>Plesni klub Bolero</name>
        <description><![CDATA[﻿id: 68f2f6f517de0681a60e3f1e<br>category: Dance school<br>address_full: Bosanska 31, Požarevac 12000, Serbia<br>district: <br>address: Bosanska 31<br>city: Požarevac<br>index: 12000<br>country: RS<br>phone: +381 69 1219994<br>location: 44.6186865,21.1764785<br>reting: 5<br>place_id: ChIJW0PPDPnvUEcRDgy2ccOMeBg<br>tags: ["Dance school","School"]<br>search_url: https://www.google.com/maps/search/?api=1&query=Plesni%20klub%20Bolero&query_place_id=ChIJW0PPDPnvUEcRDgy2ccOMeBg<br>map_url: https://www.google.com/maps/search/dance%20school/@44.40470424682504,20.91062925,10z?hl=en<br>main_category: dance school<br>image_url: https://lh3.googleusercontent.com/p/AF1QipMkuqDgipeckQrQ310vfKINO88e-cKpmm9ssoFI=w426-h240-k-no<br>additional: <br>website: https://www.facebook.com/pkbolero<br>parent_place: <br>additional_urls: []]]></description>
        <styleUrl>#icon-1899-F57C00-labelson</styleUrl>
        <ExtendedData>
          <Data name="﻿id">
            <value>68f2f6f517de0681a60e3f1e</value>
          </Data>
          <Data name="category">
            <value>Dance school</value>
          </Data>
          <Data name="address_full">
            <value>Bosanska 31, Požarevac 12000, Serbia</value>
          </Data>
          <Data name="district">
            <value/>
          </Data>
          <Data name="address">
            <value>Bosanska 31</value>
          </Data>
          <Data name="city">
            <value>Požarevac</value>
          </Data>
          <Data name="index">
            <value>12000.0</value>
          </Data>
          <Data name="country">
            <value>RS</value>
          </Data>
          <Data name="phone">
            <value>+381 69 1219994</value>
          </Data>
          <Data name="location">
            <value>44.6186865,21.1764785</value>
          </Data>
          <Data name="reting">
            <value>5.0</value>
          </Data>
          <Data name="place_id">
            <value>ChIJW0PPDPnvUEcRDgy2ccOMeBg</value>
          </Data>
          <Data name="tags">
            <value><![CDATA[["Dance school","School"]]]></value>
          </Data>
          <Data name="search_url">
            <value><![CDATA[https://www.google.com/maps/search/?api=1&query=Plesni%20klub%20Bolero&query_place_id=ChIJW0PPDPnvUEcRDgy2ccOMeBg]]></value>
          </Data>
          <Data name="map_url">
            <value>https://www.google.com/maps/search/dance%20school/@44.40470424682504,20.91062925,10z?hl=en</value>
          </Data>
          <Data name="main_category">
            <value>dance school</value>
          </Data>
          <Data name="image_url">
            <value>https://lh3.googleusercontent.com/p/AF1QipMkuqDgipeckQrQ310vfKINO88e-cKpmm9ssoFI=w426-h240-k-no</value>
          </Data>
          <Data name="additional">
            <value/>
          </Data>
          <Data name="website">
            <value>https://www.facebook.com/pkbolero</value>
          </Data>
          <Data name="parent_place">
            <value/>
          </Data>
          <Data name="additional_urls">
            <value>[]</value>
          </Data>
        </ExtendedData>
        <Point>
          <coordinates>
            21.1764785,44.6186865,0
          </coordinates>
        </Point>
      </Placemark>
      <Placemark>
        <name><![CDATA[Plesni klub "Royal"]]></name>
        <description><![CDATA[﻿id: 68f2f6f517de0681a60e3f1f<br>category: Dance school<br>address_full: Gradsko Sokače, Požarevac, Serbia<br>district: <br>address: Gradsko Sokače<br>city: Požarevac<br>index: <br>country: RS<br>phone: +381 69 2236390<br>location: 44.6218548,21.1852633<br>reting: 4<br>place_id: ChIJXaupQAzvUEcRI7NcbZcq0FU<br>tags: ["Dance school"]<br>search_url: https://www.google.com/maps/search/?api=1&query=Plesni%20klub%20%22Royal%22&query_place_id=ChIJXaupQAzvUEcRI7NcbZcq0FU<br>map_url: https://www.google.com/maps/search/dance%20school/@44.40470424682504,20.91062925,10z?hl=en<br>main_category: dance school<br>image_url: https://lh3.googleusercontent.com/gps-cs-s/AC9h4nqg3ErKZRy6Zciah9e1YTUW9eR9gkMRkwnuAPAzsToiBl-aspIUgSQ3YHl6P1dUnYHGufr8EZLhLdNUY5bnhp4kGaQa6f_ezLTE4V_0yMLHHCTnUVvQJO2qiGNPGIoH1OyLa5Lw=w408-h306-k-no<br>additional: <br>website: https://www.facebook.com/pg/plesniklubroyalpo<br>parent_place: <br>additional_urls: []]]></description>
        <styleUrl>#icon-1899-F57C00-labelson</styleUrl>
        <ExtendedData>
          <Data name="﻿id">
            <value>68f2f6f517de0681a60e3f1f</value>
          </Data>
          <Data name="category">
            <value>Dance school</value>
          </Data>
          <Data name="address_full">
            <value>Gradsko Sokače, Požarevac, Serbia</value>
          </Data>
          <Data name="district">
            <value/>
          </Data>
          <Data name="address">
            <value>Gradsko Sokače</value>
          </Data>
          <Data name="city">
            <value>Požarevac</value>
          </Data>
          <Data name="index">
            <value/>
          </Data>
          <Data name="country">
            <value>RS</value>
          </Data>
          <Data name="phone">
            <value>+381 69 2236390</value>
          </Data>
          <Data name="location">
            <value>44.6218548,21.1852633</value>
          </Data>
          <Data name="reting">
            <value>4.0</value>
          </Data>
          <Data name="place_id">
            <value>ChIJXaupQAzvUEcRI7NcbZcq0FU</value>
          </Data>
          <Data name="tags">
            <value><![CDATA[["Dance school"]]]></value>
          </Data>
          <Data name="search_url">
            <value><![CDATA[https://www.google.com/maps/search/?api=1&query=Plesni%20klub%20%22Royal%22&query_place_id=ChIJXaupQAzvUEcRI7NcbZcq0FU]]></value>
          </Data>
          <Data name="map_url">
            <value>https://www.google.com/maps/search/dance%20school/@44.40470424682504,20.91062925,10z?hl=en</value>
          </Data>
          <Data name="main_category">
            <value>dance school</value>
          </Data>
          <Data name="image_url">
            <value>https://lh3.googleusercontent.com/gps-cs-s/AC9h4nqg3ErKZRy6Zciah9e1YTUW9eR9gkMRkwnuAPAzsToiBl-aspIUgSQ3YHl6P1dUnYHGufr8EZLhLdNUY5bnhp4kGaQa6f_ezLTE4V_0yMLHHCTnUVvQJO2qiGNPGIoH1OyLa5Lw=w408-h306-k-no</value>
          </Data>
          <Data name="additional">
            <value/>
          </Data>
          <Data name="website">
            <value>https://www.facebook.com/pg/plesniklubroyalpo</value>
          </Data>
          <Data name="parent_place">
            <value/>
          </Data>
          <Data name="additional_urls">
            <value>[]</value>
          </Data>
        </ExtendedData>
        <Point>
          <coordinates>
            21.1852633,44.6218548,0
          </coordinates>
        </Point>
      </Placemark>
      <Placemark>
        <name><![CDATA[KUD"Ratina"]]></name>
        <description><![CDATA[﻿id: 68f2f6f517de0681a60e3f21<br>category: Dance school<br>address_full: BB RATINA , 36212, Ratina, Raski county, Serbia<br>district: <br>address: BB RATINA , 36212, Ratina, Raski county<br>city: Ratina<br>index: <br>country: RS<br>phone: <br>location: 43.7023308,20.7498294<br>reting: 5<br>place_id: ChIJZxGtLD__VkcR8DeSMcA4sqE<br>tags: ["Dance school","Corporate office"]<br>search_url: https://www.google.com/maps/search/?api=1&query=KUD%22Ratina%22&query_place_id=ChIJZxGtLD__VkcR8DeSMcA4sqE<br>map_url: https://www.google.com/maps/search/dance%20school/@43.64330765317494,20.91062925,10z?hl=en<br>main_category: dance school<br>image_url: https://lh3.googleusercontent.com/gps-cs-s/AC9h4nqzKoKNK8DpLlm21ajlmtWB_zlfPB752as056RU2EM3jfJ3epYGwG1m3y4S9cCUkNUaN1wYcLrXjL4XpuOx393nbpHwGX0mRuQ0SVKoPhIVOn41H6pmKX6FVqJoi2MU2TplouCo=w408-h304-k-no<br>additional: <br>website: <br>parent_place: <br>additional_urls: []]]></description>
        <styleUrl>#icon-1899-BDBDBD-labelson</styleUrl>
        <ExtendedData>
          <Data name="﻿id">
            <value>68f2f6f517de0681a60e3f21</value>
          </Data>
          <Data name="category">
            <value>Dance school</value>
          </Data>
          <Data name="address_full">
            <value>BB RATINA , 36212, Ratina, Raski county, Serbia</value>
          </Data>
          <Data name="district">
            <value/>
          </Data>
          <Data name="address">
            <value>BB RATINA , 36212, Ratina, Raski county</value>
          </Data>
          <Data name="city">
            <value>Ratina</value>
          </Data>
          <Data name="index">
            <value/>
          </Data>
          <Data name="country">
            <value>RS</value>
          </Data>
          <Data name="phone">
            <value/>
          </Data>
          <Data name="location">
            <value>43.7023308,20.7498294</value>
          </Data>
          <Data name="reting">
            <value>5.0</value>
          </Data>
          <Data name="place_id">
            <value>ChIJZxGtLD__VkcR8DeSMcA4sqE</value>
          </Data>
          <Data name="tags">
            <value><![CDATA[["Dance school","Corporate office"]]]></value>
          </Data>
          <Data name="search_url">
            <value><![CDATA[https://www.google.com/maps/search/?api=1&query=KUD%22Ratina%22&query_place_id=ChIJZxGtLD__VkcR8DeSMcA4sqE]]></value>
          </Data>
          <Data name="map_url">
            <value>https://www.google.com/maps/search/dance%20school/@43.64330765317494,20.91062925,10z?hl=en</value>
          </Data>
          <Data name="main_category">
            <value>dance school</value>
          </Data>
          <Data name="image_url">
            <value>https://lh3.googleusercontent.com/gps-cs-s/AC9h4nqzKoKNK8DpLlm21ajlmtWB_zlfPB752as056RU2EM3jfJ3epYGwG1m3y4S9cCUkNUaN1wYcLrXjL4XpuOx393nbpHwGX0mRuQ0SVKoPhIVOn41H6pmKX6FVqJoi2MU2TplouCo=w408-h304-k-no</value>
          </Data>
          <Data name="additional">
            <value/>
          </Data>
          <Data name="website">
            <value/>
          </Data>
          <Data name="parent_place">
            <value/>
          </Data>
          <Data name="additional_urls">
            <value>[]</value>
          </Data>
        </ExtendedData>
        <Point>
          <coordinates>
            20.7498294,43.7023308,0
          </coordinates>
        </Point>
      </Placemark>
      <Placemark>
        <name>Plesni Studio</name>
        <description><![CDATA[﻿id: 68f2f6f517de0681a60e3fa7<br>category: Dance school<br>address_full: Karađorđeva 4, Smederevo, Serbia<br>district: <br>address: Karađorđeva 4<br>city: Smederevo<br>index: <br>country: RS<br>phone: <br>location: 44.6644239,20.9267163<br>reting: <br>place_id: ChIJjZSrbkGTUEcR2dhwvGVkFYY<br>tags: ["Dance school"]<br>search_url: https://www.google.com/maps/search/?api=1&query=Plesni%20Studio&query_place_id=ChIJjZSrbkGTUEcR2dhwvGVkFYY<br>map_url: https://www.google.com/maps/search/dance%20school/@44.663332249999996,20.909209566839593,15z?hl=en<br>main_category: dance school<br>image_url: https://streetviewpixels-pa.googleapis.com/v1/thumbnail?panoid=t2lYs_kkQZ2yclGvELlimg&cb_client=search.gws-prod.gps&w=408&h=240&yaw=17.61262&pitch=0&thumbfov=100<br>additional: <br>website: <br>parent_place: <br>additional_urls: []]]></description>
        <styleUrl>#icon-1899-880E4F-labelson</styleUrl>
        <ExtendedData>
          <Data name="﻿id">
            <value>68f2f6f517de0681a60e3fa7</value>
          </Data>
          <Data name="category">
            <value>Dance school</value>
          </Data>
          <Data name="address_full">
            <value>Karađorđeva 4, Smederevo, Serbia</value>
          </Data>
          <Data name="district">
            <value/>
          </Data>
          <Data name="address">
            <value>Karađorđeva 4</value>
          </Data>
          <Data name="city">
            <value>Smederevo</value>
          </Data>
          <Data name="index">
            <value/>
          </Data>
          <Data name="country">
            <value>RS</value>
          </Data>
          <Data name="phone">
            <value/>
          </Data>
          <Data name="location">
            <value>44.6644239,20.9267163</value>
          </Data>
          <Data name="reting">
            <value/>
          </Data>
          <Data name="place_id">
            <value>ChIJjZSrbkGTUEcR2dhwvGVkFYY</value>
          </Data>
          <Data name="tags">
            <value><![CDATA[["Dance school"]]]></value>
          </Data>
          <Data name="search_url">
            <value><![CDATA[https://www.google.com/maps/search/?api=1&query=Plesni%20Studio&query_place_id=ChIJjZSrbkGTUEcR2dhwvGVkFYY]]></value>
          </Data>
          <Data name="map_url">
            <value>https://www.google.com/maps/search/dance%20school/@44.663332249999996,20.909209566839593,15z?hl=en</value>
          </Data>
          <Data name="main_category">
            <value>dance school</value>
          </Data>
          <Data name="image_url">
            <value><![CDATA[https://streetviewpixels-pa.googleapis.com/v1/thumbnail?panoid=t2lYs_kkQZ2yclGvELlimg&cb_client=search.gws-prod.gps&w=408&h=240&yaw=17.61262&pitch=0&thumbfov=100]]></value>
          </Data>
          <Data name="additional">
            <value/>
          </Data>
          <Data name="website">
            <value/>
          </Data>
          <Data name="parent_place">
            <value/>
          </Data>
          <Data name="additional_urls">
            <value>[]</value>
          </Data>
        </ExtendedData>
        <Point>
          <coordinates>
            20.9267163,44.6644239,0
          </coordinates>
        </Point>
      </Placemark>
      <Placemark>
        <name>Škola Brejka</name>
        <description><![CDATA[﻿id: 68f2f6f517de0681a60e3fa8<br>category: Dance school<br>address_full: Karađorđeva 4, Smederevo 11300, Serbia<br>district: <br>address: Karađorđeva 4<br>city: Smederevo<br>index: 11300<br>country: RS<br>phone: +381 64 2456201<br>location: 44.6644239,20.9267163<br>reting: <br>place_id: ChIJ63u1c6KTUEcRbbfHcvEJGlQ<br>tags: ["Dance school"]<br>search_url: https://www.google.com/maps/search/?api=1&query=%C5%A0kola%20Brejka&query_place_id=ChIJ63u1c6KTUEcRbbfHcvEJGlQ<br>map_url: https://www.google.com/maps/search/dance%20school/@44.663332249999996,20.909209566839593,15z?hl=en<br>main_category: dance school<br>image_url: https://streetviewpixels-pa.googleapis.com/v1/thumbnail?panoid=t2lYs_kkQZ2yclGvELlimg&cb_client=search.gws-prod.gps&w=408&h=240&yaw=17.61262&pitch=0&thumbfov=100<br>additional: <br>website: https://www.facebook.com/skolabrejka/<br>parent_place: <br>additional_urls: []]]></description>
        <styleUrl>#icon-1899-880E4F-labelson</styleUrl>
        <ExtendedData>
          <Data name="﻿id">
            <value>68f2f6f517de0681a60e3fa8</value>
          </Data>
          <Data name="category">
            <value>Dance school</value>
          </Data>
          <Data name="address_full">
            <value>Karađorđeva 4, Smederevo 11300, Serbia</value>
          </Data>
          <Data name="district">
            <value/>
          </Data>
          <Data name="address">
            <value>Karađorđeva 4</value>
          </Data>
          <Data name="city">
            <value>Smederevo</value>
          </Data>
          <Data name="index">
            <value>11300.0</value>
          </Data>
          <Data name="country">
            <value>RS</value>
          </Data>
          <Data name="phone">
            <value>+381 64 2456201</value>
          </Data>
          <Data name="location">
            <value>44.6644239,20.9267163</value>
          </Data>
          <Data name="reting">
            <value/>
          </Data>
          <Data name="place_id">
            <value>ChIJ63u1c6KTUEcRbbfHcvEJGlQ</value>
          </Data>
          <Data name="tags">
            <value><![CDATA[["Dance school"]]]></value>
          </Data>
          <Data name="search_url">
            <value><![CDATA[https://www.google.com/maps/search/?api=1&query=%C5%A0kola%20Brejka&query_place_id=ChIJ63u1c6KTUEcRbbfHcvEJGlQ]]></value>
          </Data>
          <Data name="map_url">
            <value>https://www.google.com/maps/search/dance%20school/@44.663332249999996,20.909209566839593,15z?hl=en</value>
          </Data>
          <Data name="main_category">
            <value>dance school</value>
          </Data>
          <Data name="image_url">
            <value><![CDATA[https://streetviewpixels-pa.googleapis.com/v1/thumbnail?panoid=t2lYs_kkQZ2yclGvELlimg&cb_client=search.gws-prod.gps&w=408&h=240&yaw=17.61262&pitch=0&thumbfov=100]]></value>
          </Data>
          <Data name="additional">
            <value/>
          </Data>
          <Data name="website">
            <value>https://www.facebook.com/skolabrejka/</value>
          </Data>
          <Data name="parent_place">
            <value/>
          </Data>
          <Data name="additional_urls">
            <value>[]</value>
          </Data>
        </ExtendedData>
        <Point>
          <coordinates>
            20.9267163,44.6644239,0
          </coordinates>
        </Point>
      </Placemark>
      <Placemark>
        <name>EDC Fabrika</name>
        <description><![CDATA[﻿id: 68f2f6f517de0681a60e3fa9<br>category: Education center<br>address_full: Mome Ardelića 17, Smederevo 11300, Serbia<br>district: <br>address: Mome Ardelića 17<br>city: Smederevo<br>index: 11300<br>country: RS<br>phone: +381 65 8405819<br>location: 44.6606514,20.9280614<br>reting: 4,3<br>place_id: ChIJJyNZNACTUEcRM29_8WIK3Js<br>tags: ["Education center","Art center","Dance school","Music school","Sports school"]<br>search_url: https://www.google.com/maps/search/?api=1&query=EDC%20Fabrika&query_place_id=ChIJJyNZNACTUEcRM29_8WIK3Js<br>map_url: https://www.google.com/maps/search/dance%20school/@44.663332249999996,20.909209566839593,15z?hl=en<br>main_category: dance school<br>image_url: https://lh3.googleusercontent.com/p/AF1QipPTgdkhJFpYi6gq_DyV1Z2mBx-FOM_u6jMyX6W1=w408-h306-k-no<br>additional: <br>website: <br>parent_place: <br>additional_urls: []]]></description>
        <styleUrl>#icon-1899-880E4F-labelson</styleUrl>
        <ExtendedData>
          <Data name="﻿id">
            <value>68f2f6f517de0681a60e3fa9</value>
          </Data>
          <Data name="category">
            <value>Education center</value>
          </Data>
          <Data name="address_full">
            <value>Mome Ardelića 17, Smederevo 11300, Serbia</value>
          </Data>
          <Data name="district">
            <value/>
          </Data>
          <Data name="address">
            <value>Mome Ardelića 17</value>
          </Data>
          <Data name="city">
            <value>Smederevo</value>
          </Data>
          <Data name="index">
            <value>11300.0</value>
          </Data>
          <Data name="country">
            <value>RS</value>
          </Data>
          <Data name="phone">
            <value>+381 65 8405819</value>
          </Data>
          <Data name="location">
            <value>44.6606514,20.9280614</value>
          </Data>
          <Data name="reting">
            <value>4.3</value>
          </Data>
          <Data name="place_id">
            <value>ChIJJyNZNACTUEcRM29_8WIK3Js</value>
          </Data>
          <Data name="tags">
            <value><![CDATA[["Education center","Art center","Dance school","Music school","Sports school"]]]></value>
          </Data>
          <Data name="search_url">
            <value><![CDATA[https://www.google.com/maps/search/?api=1&query=EDC%20Fabrika&query_place_id=ChIJJyNZNACTUEcRM29_8WIK3Js]]></value>
          </Data>
          <Data name="map_url">
            <value>https://www.google.com/maps/search/dance%20school/@44.663332249999996,20.909209566839593,15z?hl=en</value>
          </Data>
          <Data name="main_category">
            <value>dance school</value>
          </Data>
          <Data name="image_url">
            <value>https://lh3.googleusercontent.com/p/AF1QipPTgdkhJFpYi6gq_DyV1Z2mBx-FOM_u6jMyX6W1=w408-h306-k-no</value>
          </Data>
          <Data name="additional">
            <value/>
          </Data>
          <Data name="website">
            <value/>
          </Data>
          <Data name="parent_place">
            <value/>
          </Data>
          <Data name="additional_urls">
            <value>[]</value>
          </Data>
        </ExtendedData>
        <Point>
          <coordinates>
            20.9280614,44.6606514,0
          </coordinates>
        </Point>
      </Placemark>
      <Placemark>
        <name>Plesni Studio Maya</name>
        <description><![CDATA[﻿id: 68f2f6f517de0681a60e3f29<br>category: Dance school<br>address_full: Ivana Gundulića 26, Sombor 25000, Serbia<br>district: <br>address: Ivana Gundulića 26<br>city: Sombor<br>index: 25000<br>country: RS<br>phone: +381 61 5920120<br>location: 45.7743525,19.1240871<br>reting: <br>place_id: ChIJ4cBVija1XEcRn0rHOCE71og<br>tags: ["Dance school","Fitness center"]<br>search_url: https://www.google.com/maps/search/?api=1&query=Plesni%20Studio%20Maya&query_place_id=ChIJ4cBVija1XEcRn0rHOCE71og<br>map_url: https://www.google.com/maps/search/dance%20school/@45.927497434125236,18.865870764713478,10z?hl=en<br>main_category: dance school<br>image_url: https://lh3.googleusercontent.com/gps-cs-s/AC9h4noEBQaSQ9iZNSBgWHAynecqbAZmcDvntweXoD5GZPO7TRtaVjp6lzGz9LPCe7GN_SvSWEndo0EA-D2iF3r3GZqxrqNE4Spr_STRkcceAgEZ0toufYi-PL-J5CKnkXxGSMsfkTGu_FJrFJk=w408-h306-k-no<br>additional: <br>website: <br>parent_place: <br>additional_urls: []]]></description>
        <styleUrl>#icon-1899-0288D1-labelson</styleUrl>
        <ExtendedData>
          <Data name="﻿id">
            <value>68f2f6f517de0681a60e3f29</value>
          </Data>
          <Data name="category">
            <value>Dance school</value>
          </Data>
          <Data name="address_full">
            <value>Ivana Gundulića 26, Sombor 25000, Serbia</value>
          </Data>
          <Data name="district">
            <value/>
          </Data>
          <Data name="address">
            <value>Ivana Gundulića 26</value>
          </Data>
          <Data name="city">
            <value>Sombor</value>
          </Data>
          <Data name="index">
            <value>25000.0</value>
          </Data>
          <Data name="country">
            <value>RS</value>
          </Data>
          <Data name="phone">
            <value>+381 61 5920120</value>
          </Data>
          <Data name="location">
            <value>45.7743525,19.1240871</value>
          </Data>
          <Data name="reting">
            <value/>
          </Data>
          <Data name="place_id">
            <value>ChIJ4cBVija1XEcRn0rHOCE71og</value>
          </Data>
          <Data name="tags">
            <value><![CDATA[["Dance school","Fitness center"]]]></value>
          </Data>
          <Data name="search_url">
            <value><![CDATA[https://www.google.com/maps/search/?api=1&query=Plesni%20Studio%20Maya&query_place_id=ChIJ4cBVija1XEcRn0rHOCE71og]]></value>
          </Data>
          <Data name="map_url">
            <value>https://www.google.com/maps/search/dance%20school/@45.927497434125236,18.865870764713478,10z?hl=en</value>
          </Data>
          <Data name="main_category">
            <value>dance school</value>
          </Data>
          <Data name="image_url">
            <value>https://lh3.googleusercontent.com/gps-cs-s/AC9h4noEBQaSQ9iZNSBgWHAynecqbAZmcDvntweXoD5GZPO7TRtaVjp6lzGz9LPCe7GN_SvSWEndo0EA-D2iF3r3GZqxrqNE4Spr_STRkcceAgEZ0toufYi-PL-J5CKnkXxGSMsfkTGu_FJrFJk=w408-h306-k-no</value>
          </Data>
          <Data name="additional">
            <value/>
          </Data>
          <Data name="website">
            <value/>
          </Data>
          <Data name="parent_place">
            <value/>
          </Data>
          <Data name="additional_urls">
            <value>[]</value>
          </Data>
        </ExtendedData>
        <Point>
          <coordinates>
            19.1240871,45.7743525,0
          </coordinates>
        </Point>
      </Placemark>
      <Placemark>
        <name>Irina Dance</name>
        <description><![CDATA[﻿id: 68f2f6f517de0681a60e3fb0<br>category: Dance school<br>address_full: 68 Ilije Birčanina, 25000, Sombor, Zapadno-bački okrug, Serbia<br>district: <br>address: 68 Ilije Birčanina, 25000, Sombor, Zapadno-bački okrug<br>city: Sombor<br>index: <br>country: RS<br>phone: +381 61 1540407<br>location: 45.7656533,19.1096302<br>reting: <br>place_id: ChIJ_WH5QfK1XEcRIJ5nHuk_Z6Y<br>tags: ["Dance school"]<br>search_url: https://www.google.com/maps/search/?api=1&query=Irina%20Dance&query_place_id=ChIJ_WH5QfK1XEcRIJ5nHuk_Z6Y<br>map_url: https://www.google.com/maps/search/dance%20school/@45.839046243115135,19.05414594515891,14z?hl=en<br>main_category: dance school<br>image_url: https://streetviewpixels-pa.googleapis.com/v1/thumbnail?panoid=vBgldqqPyeYWtv_br_RP8Q&cb_client=search.gws-prod.gps&w=408&h=240&yaw=119.70792&pitch=0&thumbfov=100<br>additional: IRINA DANCE<br>website: <br>parent_place: <br>additional_urls: []]]></description>
        <styleUrl>#icon-1899-0288D1-labelson</styleUrl>
        <ExtendedData>
          <Data name="﻿id">
            <value>68f2f6f517de0681a60e3fb0</value>
          </Data>
          <Data name="category">
            <value>Dance school</value>
          </Data>
          <Data name="address_full">
            <value>68 Ilije Birčanina, 25000, Sombor, Zapadno-bački okrug, Serbia</value>
          </Data>
          <Data name="district">
            <value/>
          </Data>
          <Data name="address">
            <value>68 Ilije Birčanina, 25000, Sombor, Zapadno-bački okrug</value>
          </Data>
          <Data name="city">
            <value>Sombor</value>
          </Data>
          <Data name="index">
            <value/>
          </Data>
          <Data name="country">
            <value>RS</value>
          </Data>
          <Data name="phone">
            <value>+381 61 1540407</value>
          </Data>
          <Data name="location">
            <value>45.7656533,19.1096302</value>
          </Data>
          <Data name="reting">
            <value/>
          </Data>
          <Data name="place_id">
            <value>ChIJ_WH5QfK1XEcRIJ5nHuk_Z6Y</value>
          </Data>
          <Data name="tags">
            <value><![CDATA[["Dance school"]]]></value>
          </Data>
          <Data name="search_url">
            <value><![CDATA[https://www.google.com/maps/search/?api=1&query=Irina%20Dance&query_place_id=ChIJ_WH5QfK1XEcRIJ5nHuk_Z6Y]]></value>
          </Data>
          <Data name="map_url">
            <value>https://www.google.com/maps/search/dance%20school/@45.839046243115135,19.05414594515891,14z?hl=en</value>
          </Data>
          <Data name="main_category">
            <value>dance school</value>
          </Data>
          <Data name="image_url">
            <value><![CDATA[https://streetviewpixels-pa.googleapis.com/v1/thumbnail?panoid=vBgldqqPyeYWtv_br_RP8Q&cb_client=search.gws-prod.gps&w=408&h=240&yaw=119.70792&pitch=0&thumbfov=100]]></value>
          </Data>
          <Data name="additional">
            <value>IRINA DANCE</value>
          </Data>
          <Data name="website">
            <value/>
          </Data>
          <Data name="parent_place">
            <value/>
          </Data>
          <Data name="additional_urls">
            <value>[]</value>
          </Data>
        </ExtendedData>
        <Point>
          <coordinates>
            19.1096302,45.7656533,0
          </coordinates>
        </Point>
      </Placemark>
      <Placemark>
        <name>Plesni studio Art Dance</name>
        <description><![CDATA[﻿id: 68f2f6f517de0681a60e3f0f<br>category: Dance school<br>address_full: Šećer sokak 46, Sremska Mitrovica 22000, Serbia<br>district: <br>address: Šećer sokak 46<br>city: Sremska Mitrovica<br>index: 22000<br>country: RS<br>phone: +381 64 0211245<br>location: 44.9706271,19.606464<br>reting: <br>place_id: ChIJZw1SGielW0cR4JTb_oXM0LM<br>tags: ["Dance school"]<br>search_url: https://www.google.com/maps/search/?api=1&query=Plesni%20studio%20Art%20Dance&query_place_id=ChIJZw1SGielW0cR4JTb_oXM0LM<br>map_url: https://www.google.com/maps/search/dance%20school/@45.16610084047514,18.865870764713478,10z?hl=en<br>main_category: dance school<br>image_url: https://lh3.googleusercontent.com/gps-cs-s/AC9h4np-5QmDB2ig-euQJhDkZ2mhW5bJalvADJQQGfynb_c1coZOYvKNU6-1EkvNmQDgSE2w5rWTXdmOEVSuDcRd8N338BVaXtnMnXq5xz7u4682hbMAN2BfNA71OMhP3TWn9hqmASJO6w=w408-h544-k-no<br>additional: <br>website: http://www.facebook.com/groups/smArtDance<br>parent_place: <br>additional_urls: []]]></description>
        <styleUrl>#icon-1899-F9A825-labelson</styleUrl>
        <ExtendedData>
          <Data name="﻿id">
            <value>68f2f6f517de0681a60e3f0f</value>
          </Data>
          <Data name="category">
            <value>Dance school</value>
          </Data>
          <Data name="address_full">
            <value>Šećer sokak 46, Sremska Mitrovica 22000, Serbia</value>
          </Data>
          <Data name="district">
            <value/>
          </Data>
          <Data name="address">
            <value>Šećer sokak 46</value>
          </Data>
          <Data name="city">
            <value>Sremska Mitrovica</value>
          </Data>
          <Data name="index">
            <value>22000.0</value>
          </Data>
          <Data name="country">
            <value>RS</value>
          </Data>
          <Data name="phone">
            <value>+381 64 0211245</value>
          </Data>
          <Data name="location">
            <value>44.9706271,19.606464</value>
          </Data>
          <Data name="reting">
            <value/>
          </Data>
          <Data name="place_id">
            <value>ChIJZw1SGielW0cR4JTb_oXM0LM</value>
          </Data>
          <Data name="tags">
            <value><![CDATA[["Dance school"]]]></value>
          </Data>
          <Data name="search_url">
            <value><![CDATA[https://www.google.com/maps/search/?api=1&query=Plesni%20studio%20Art%20Dance&query_place_id=ChIJZw1SGielW0cR4JTb_oXM0LM]]></value>
          </Data>
          <Data name="map_url">
            <value>https://www.google.com/maps/search/dance%20school/@45.16610084047514,18.865870764713478,10z?hl=en</value>
          </Data>
          <Data name="main_category">
            <value>dance school</value>
          </Data>
          <Data name="image_url">
            <value>https://lh3.googleusercontent.com/gps-cs-s/AC9h4np-5QmDB2ig-euQJhDkZ2mhW5bJalvADJQQGfynb_c1coZOYvKNU6-1EkvNmQDgSE2w5rWTXdmOEVSuDcRd8N338BVaXtnMnXq5xz7u4682hbMAN2BfNA71OMhP3TWn9hqmASJO6w=w408-h544-k-no</value>
          </Data>
          <Data name="additional">
            <value/>
          </Data>
          <Data name="website">
            <value>http://www.facebook.com/groups/smArtDance</value>
          </Data>
          <Data name="parent_place">
            <value/>
          </Data>
          <Data name="additional_urls">
            <value>[]</value>
          </Data>
        </ExtendedData>
        <Point>
          <coordinates>
            19.606464,44.9706271,0
          </coordinates>
        </Point>
      </Placemark>
      <Placemark>
        <name>Plesni studio Alex Flashdance</name>
        <description><![CDATA[﻿id: 68f2f6f517de0681a60e3f12<br>category: Dance school<br>address_full: Arsenija Čarnojevića, Sremska Mitrovica 22000, Serbia<br>district: <br>address: Arsenija Čarnojevića<br>city: Sremska Mitrovica<br>index: 22000<br>country: RS<br>phone: <br>location: 44.9717049,19.6184459<br>reting: 5<br>place_id: ChIJV1gFFiSlW0cR87UidM5KA2w<br>tags: ["Dance school"]<br>search_url: https://www.google.com/maps/search/?api=1&query=Plesni%20studio%20Alex%20Flashdance&query_place_id=ChIJV1gFFiSlW0cR87UidM5KA2w<br>map_url: https://www.google.com/maps/search/dance%20school/@45.16610084047514,18.865870764713478,10z?hl=en<br>main_category: dance school<br>image_url: https://lh3.googleusercontent.com/p/AF1QipOasfqMKIAYG7nsOTsib103GOe97TeH75MYET3t=w408-h306-k-no<br>additional: <br>website: <br>parent_place: <br>additional_urls: []]]></description>
        <styleUrl>#icon-1899-F9A825-labelson</styleUrl>
        <ExtendedData>
          <Data name="﻿id">
            <value>68f2f6f517de0681a60e3f12</value>
          </Data>
          <Data name="category">
            <value>Dance school</value>
          </Data>
          <Data name="address_full">
            <value>Arsenija Čarnojevića, Sremska Mitrovica 22000, Serbia</value>
          </Data>
          <Data name="district">
            <value/>
          </Data>
          <Data name="address">
            <value>Arsenija Čarnojevića</value>
          </Data>
          <Data name="city">
            <value>Sremska Mitrovica</value>
          </Data>
          <Data name="index">
            <value>22000.0</value>
          </Data>
          <Data name="country">
            <value>RS</value>
          </Data>
          <Data name="phone">
            <value/>
          </Data>
          <Data name="location">
            <value>44.9717049,19.6184459</value>
          </Data>
          <Data name="reting">
            <value>5.0</value>
          </Data>
          <Data name="place_id">
            <value>ChIJV1gFFiSlW0cR87UidM5KA2w</value>
          </Data>
          <Data name="tags">
            <value><![CDATA[["Dance school"]]]></value>
          </Data>
          <Data name="search_url">
            <value><![CDATA[https://www.google.com/maps/search/?api=1&query=Plesni%20studio%20Alex%20Flashdance&query_place_id=ChIJV1gFFiSlW0cR87UidM5KA2w]]></value>
          </Data>
          <Data name="map_url">
            <value>https://www.google.com/maps/search/dance%20school/@45.16610084047514,18.865870764713478,10z?hl=en</value>
          </Data>
          <Data name="main_category">
            <value>dance school</value>
          </Data>
          <Data name="image_url">
            <value>https://lh3.googleusercontent.com/p/AF1QipOasfqMKIAYG7nsOTsib103GOe97TeH75MYET3t=w408-h306-k-no</value>
          </Data>
          <Data name="additional">
            <value/>
          </Data>
          <Data name="website">
            <value/>
          </Data>
          <Data name="parent_place">
            <value/>
          </Data>
          <Data name="additional_urls">
            <value>[]</value>
          </Data>
        </ExtendedData>
        <Point>
          <coordinates>
            19.6184459,44.9717049,0
          </coordinates>
        </Point>
      </Placemark>
      <Placemark>
        <name>Trg Zorana Đinđića</name>
        <description><![CDATA[﻿id: 68f2f6f517de0681a60e3f64<br>category: Dance school<br>address_full: Centar Stara Pazova ulica, King Peter 1st Karadjordjevic, Stara Pazova, Serbia<br>district: <br>address: Centar Stara Pazova ulica, King Peter 1st Karadjordjevic<br>city: Stara Pazova<br>index: <br>country: RS<br>phone: <br>location: 44.985682,20.160542<br>reting: 4,3<br>place_id: ChIJxRbnI-9ZWkcRBAtJ_l5HCu4<br>tags: ["Dance school"]<br>search_url: https://www.google.com/maps/search/?api=1&query=Trg%20Zorana%20%C4%90in%C4%91i%C4%87a&query_place_id=ChIJxRbnI-9ZWkcRBAtJ_l5HCu4<br>map_url: https://www.google.com/maps/search/dance%20school/@45.16610084047514,20.91062925,10z?hl=en<br>main_category: dance school<br>image_url: https://lh3.googleusercontent.com/gps-cs-s/AC9h4nqQCe1E74vVJq38T_gmwSce727xTWkFHnOwH-32iusGi775X0X5vhyc0vPGt-YeANvuOFXFX9xNx1yvBYHWXrpxSL4xNmQvbrFRDm_gNdc3d5hy4fogWBC5g2_Pg7fm4ySJMuLhtQ=w408-h544-k-no<br>additional: <br>website: <br>parent_place: <br>additional_urls: []]]></description>
        <styleUrl>#icon-1899-BDBDBD-labelson</styleUrl>
        <ExtendedData>
          <Data name="﻿id">
            <value>68f2f6f517de0681a60e3f64</value>
          </Data>
          <Data name="category">
            <value>Dance school</value>
          </Data>
          <Data name="address_full">
            <value>Centar Stara Pazova ulica, King Peter 1st Karadjordjevic, Stara Pazova, Serbia</value>
          </Data>
          <Data name="district">
            <value/>
          </Data>
          <Data name="address">
            <value>Centar Stara Pazova ulica, King Peter 1st Karadjordjevic</value>
          </Data>
          <Data name="city">
            <value>Stara Pazova</value>
          </Data>
          <Data name="index">
            <value/>
          </Data>
          <Data name="country">
            <value>RS</value>
          </Data>
          <Data name="phone">
            <value/>
          </Data>
          <Data name="location">
            <value>44.985682,20.160542</value>
          </Data>
          <Data name="reting">
            <value>4.3</value>
          </Data>
          <Data name="place_id">
            <value>ChIJxRbnI-9ZWkcRBAtJ_l5HCu4</value>
          </Data>
          <Data name="tags">
            <value><![CDATA[["Dance school"]]]></value>
          </Data>
          <Data name="search_url">
            <value><![CDATA[https://www.google.com/maps/search/?api=1&query=Trg%20Zorana%20%C4%90in%C4%91i%C4%87a&query_place_id=ChIJxRbnI-9ZWkcRBAtJ_l5HCu4]]></value>
          </Data>
          <Data name="map_url">
            <value>https://www.google.com/maps/search/dance%20school/@45.16610084047514,20.91062925,10z?hl=en</value>
          </Data>
          <Data name="main_category">
            <value>dance school</value>
          </Data>
          <Data name="image_url">
            <value>https://lh3.googleusercontent.com/gps-cs-s/AC9h4nqQCe1E74vVJq38T_gmwSce727xTWkFHnOwH-32iusGi775X0X5vhyc0vPGt-YeANvuOFXFX9xNx1yvBYHWXrpxSL4xNmQvbrFRDm_gNdc3d5hy4fogWBC5g2_Pg7fm4ySJMuLhtQ=w408-h544-k-no</value>
          </Data>
          <Data name="additional">
            <value/>
          </Data>
          <Data name="website">
            <value/>
          </Data>
          <Data name="parent_place">
            <value/>
          </Data>
          <Data name="additional_urls">
            <value>[]</value>
          </Data>
        </ExtendedData>
        <Point>
          <coordinates>
            20.160542,44.985682,0
          </coordinates>
        </Point>
      </Placemark>
      <Placemark>
        <name><![CDATA["Trokorak" Pipušova škola plesa]]></name>
        <description><![CDATA[﻿id: 68f2f6f517de0681a60e3f2c<br>category: Dance school<br>address_full: Ivana Zajca 9, Subotica 24000, Serbia<br>district: <br>address: Ivana Zajca 9<br>city: Subotica<br>index: 24000<br>country: RS<br>phone: +381 62 557694<br>location: 46.1050373,19.6660181<br>reting: 5<br>place_id: ChIJeRoxIJ5nQ0cR3kjW_EXzV4w<br>tags: ["Dance school"]<br>search_url: https://www.google.com/maps/search/?api=1&query=%22Trokorak%22%20Pipu%C5%A1ova%20%C5%A1kola%20plesa&query_place_id=ChIJeRoxIJ5nQ0cR3kjW_EXzV4w<br>map_url: https://www.google.com/maps/search/dance%20school/@45.927497434125236,18.865870764713478,10z?hl=en<br>main_category: dance school<br>image_url: https://lh3.googleusercontent.com/p/AF1QipM3eStObApt7szrX-WIF0Vo-n_7fD1_Nlcgw3gX=w408-h725-k-no<br>additional: <br>website: <br>parent_place: <br>additional_urls: []]]></description>
        <styleUrl>#icon-1899-01579B-labelson</styleUrl>
        <ExtendedData>
          <Data name="﻿id">
            <value>68f2f6f517de0681a60e3f2c</value>
          </Data>
          <Data name="category">
            <value>Dance school</value>
          </Data>
          <Data name="address_full">
            <value>Ivana Zajca 9, Subotica 24000, Serbia</value>
          </Data>
          <Data name="district">
            <value/>
          </Data>
          <Data name="address">
            <value>Ivana Zajca 9</value>
          </Data>
          <Data name="city">
            <value>Subotica</value>
          </Data>
          <Data name="index">
            <value>24000.0</value>
          </Data>
          <Data name="country">
            <value>RS</value>
          </Data>
          <Data name="phone">
            <value>+381 62 557694</value>
          </Data>
          <Data name="location">
            <value>46.1050373,19.6660181</value>
          </Data>
          <Data name="reting">
            <value>5.0</value>
          </Data>
          <Data name="place_id">
            <value>ChIJeRoxIJ5nQ0cR3kjW_EXzV4w</value>
          </Data>
          <Data name="tags">
            <value><![CDATA[["Dance school"]]]></value>
          </Data>
          <Data name="search_url">
            <value><![CDATA[https://www.google.com/maps/search/?api=1&query=%22Trokorak%22%20Pipu%C5%A1ova%20%C5%A1kola%20plesa&query_place_id=ChIJeRoxIJ5nQ0cR3kjW_EXzV4w]]></value>
          </Data>
          <Data name="map_url">
            <value>https://www.google.com/maps/search/dance%20school/@45.927497434125236,18.865870764713478,10z?hl=en</value>
          </Data>
          <Data name="main_category">
            <value>dance school</value>
          </Data>
          <Data name="image_url">
            <value>https://lh3.googleusercontent.com/p/AF1QipM3eStObApt7szrX-WIF0Vo-n_7fD1_Nlcgw3gX=w408-h725-k-no</value>
          </Data>
          <Data name="additional">
            <value/>
          </Data>
          <Data name="website">
            <value/>
          </Data>
          <Data name="parent_place">
            <value/>
          </Data>
          <Data name="additional_urls">
            <value>[]</value>
          </Data>
        </ExtendedData>
        <Point>
          <coordinates>
            19.6660181,46.1050373,0
          </coordinates>
        </Point>
      </Placemark>
      <Placemark>
        <name>Studio Estradnog Plesa Mon Mirage</name>
        <description><![CDATA[﻿id: 68f2f6f517de0681a60e3f2e<br>category: Dance school<br>address_full: Braće Radić 3, Subotica 24000, Serbia<br>district: <br>address: Braće Radić 3<br>city: Subotica<br>index: 24000<br>country: RS<br>phone: +381 60 3746327<br>location: 46.0990896,19.6664699<br>reting: <br>place_id: ChIJR2mwFulnQ0cRoO8hhg-fy_o<br>tags: ["Dance school"]<br>search_url: https://www.google.com/maps/search/?api=1&query=Studio%20Estradnog%20Plesa%20Mon%20Mirage&query_place_id=ChIJR2mwFulnQ0cRoO8hhg-fy_o<br>map_url: https://www.google.com/maps/search/dance%20school/@45.927497434125236,18.865870764713478,10z?hl=en<br>main_category: dance school<br>image_url: https://lh3.googleusercontent.com/p/AF1QipM_p6QlyzKkB9eeSwiPYWnMpMJEXvFYhbrmvf7a=w408-h272-k-no<br>additional: <br>website: <br>parent_place: <br>additional_urls: []]]></description>
        <styleUrl>#icon-1899-01579B-labelson</styleUrl>
        <ExtendedData>
          <Data name="﻿id">
            <value>68f2f6f517de0681a60e3f2e</value>
          </Data>
          <Data name="category">
            <value>Dance school</value>
          </Data>
          <Data name="address_full">
            <value>Braće Radić 3, Subotica 24000, Serbia</value>
          </Data>
          <Data name="district">
            <value/>
          </Data>
          <Data name="address">
            <value>Braće Radić 3</value>
          </Data>
          <Data name="city">
            <value>Subotica</value>
          </Data>
          <Data name="index">
            <value>24000.0</value>
          </Data>
          <Data name="country">
            <value>RS</value>
          </Data>
          <Data name="phone">
            <value>+381 60 3746327</value>
          </Data>
          <Data name="location">
            <value>46.0990896,19.6664699</value>
          </Data>
          <Data name="reting">
            <value/>
          </Data>
          <Data name="place_id">
            <value>ChIJR2mwFulnQ0cRoO8hhg-fy_o</value>
          </Data>
          <Data name="tags">
            <value><![CDATA[["Dance school"]]]></value>
          </Data>
          <Data name="search_url">
            <value><![CDATA[https://www.google.com/maps/search/?api=1&query=Studio%20Estradnog%20Plesa%20Mon%20Mirage&query_place_id=ChIJR2mwFulnQ0cRoO8hhg-fy_o]]></value>
          </Data>
          <Data name="map_url">
            <value>https://www.google.com/maps/search/dance%20school/@45.927497434125236,18.865870764713478,10z?hl=en</value>
          </Data>
          <Data name="main_category">
            <value>dance school</value>
          </Data>
          <Data name="image_url">
            <value>https://lh3.googleusercontent.com/p/AF1QipM_p6QlyzKkB9eeSwiPYWnMpMJEXvFYhbrmvf7a=w408-h272-k-no</value>
          </Data>
          <Data name="additional">
            <value/>
          </Data>
          <Data name="website">
            <value/>
          </Data>
          <Data name="parent_place">
            <value/>
          </Data>
          <Data name="additional_urls">
            <value>[]</value>
          </Data>
        </ExtendedData>
        <Point>
          <coordinates>
            19.6664699,46.0990896,0
          </coordinates>
        </Point>
      </Placemark>
      <Placemark>
        <name><![CDATA[Škola plesa i igara "Trokorak"]]></name>
        <description><![CDATA[﻿id: 68f2f6f517de0681a60e3f2f<br>category: Dance school<br>address_full: Žarka Zrenjanina 19, Subotica 24000, Serbia<br>district: <br>address: Žarka Zrenjanina 19<br>city: Subotica<br>index: 24000<br>country: RS<br>phone: +381 62 557694<br>location: 46.1007838,19.656852<br>reting: <br>place_id: ChIJI5vpKkpnQ0cR7L2CbgBLbS0<br>tags: ["Dance school"]<br>search_url: https://www.google.com/maps/search/?api=1&query=%C5%A0kola%20plesa%20i%20igara%20%22Trokorak%22&query_place_id=ChIJI5vpKkpnQ0cR7L2CbgBLbS0<br>map_url: https://www.google.com/maps/search/dance%20school/@45.927497434125236,18.865870764713478,10z?hl=en<br>main_category: dance school<br>image_url: https://streetviewpixels-pa.googleapis.com/v1/thumbnail?panoid=p9RXwLPH5U9cv8h_24g6_A&cb_client=search.gws-prod.gps&w=408&h=240&yaw=265.02505&pitch=0&thumbfov=100<br>additional: <br>website: <br>parent_place: <br>additional_urls: []]]></description>
        <styleUrl>#icon-1899-01579B-labelson</styleUrl>
        <ExtendedData>
          <Data name="﻿id">
            <value>68f2f6f517de0681a60e3f2f</value>
          </Data>
          <Data name="category">
            <value>Dance school</value>
          </Data>
          <Data name="address_full">
            <value>Žarka Zrenjanina 19, Subotica 24000, Serbia</value>
          </Data>
          <Data name="district">
            <value/>
          </Data>
          <Data name="address">
            <value>Žarka Zrenjanina 19</value>
          </Data>
          <Data name="city">
            <value>Subotica</value>
          </Data>
          <Data name="index">
            <value>24000.0</value>
          </Data>
          <Data name="country">
            <value>RS</value>
          </Data>
          <Data name="phone">
            <value>+381 62 557694</value>
          </Data>
          <Data name="location">
            <value>46.1007838,19.656852</value>
          </Data>
          <Data name="reting">
            <value/>
          </Data>
          <Data name="place_id">
            <value>ChIJI5vpKkpnQ0cR7L2CbgBLbS0</value>
          </Data>
          <Data name="tags">
            <value><![CDATA[["Dance school"]]]></value>
          </Data>
          <Data name="search_url">
            <value><![CDATA[https://www.google.com/maps/search/?api=1&query=%C5%A0kola%20plesa%20i%20igara%20%22Trokorak%22&query_place_id=ChIJI5vpKkpnQ0cR7L2CbgBLbS0]]></value>
          </Data>
          <Data name="map_url">
            <value>https://www.google.com/maps/search/dance%20school/@45.927497434125236,18.865870764713478,10z?hl=en</value>
          </Data>
          <Data name="main_category">
            <value>dance school</value>
          </Data>
          <Data name="image_url">
            <value><![CDATA[https://streetviewpixels-pa.googleapis.com/v1/thumbnail?panoid=p9RXwLPH5U9cv8h_24g6_A&cb_client=search.gws-prod.gps&w=408&h=240&yaw=265.02505&pitch=0&thumbfov=100]]></value>
          </Data>
          <Data name="additional">
            <value/>
          </Data>
          <Data name="website">
            <value/>
          </Data>
          <Data name="parent_place">
            <value/>
          </Data>
          <Data name="additional_urls">
            <value>[]</value>
          </Data>
        </ExtendedData>
        <Point>
          <coordinates>
            19.656852,46.1007838,0
          </coordinates>
        </Point>
      </Placemark>
      <Placemark>
        <name>Dolce Dance Plesna Škola Subotica</name>
        <description><![CDATA[﻿id: 68f2f6f517de0681a60e3f33<br>category: Dance school<br>address_full: Dragiše Mišovića 36, Subotica 24000, Serbia<br>district: <br>address: Dragiše Mišovića 36<br>city: Subotica<br>index: 24000<br>country: RS<br>phone: +381 63 8741892<br>location: 46.0911971,19.6739016<br>reting: 5<br>place_id: ChIJQUdcgHphQ0cRcVqwP5hVYQo<br>tags: ["Dance school"]<br>search_url: https://www.google.com/maps/search/?api=1&query=Dolce%20Dance%20Plesna%20%C5%A0kola%20Subotica&query_place_id=ChIJQUdcgHphQ0cRcVqwP5hVYQo<br>map_url: https://www.google.com/maps/search/dance%20school/@45.927497434125236,18.865870764713478,10z?hl=en<br>main_category: dance school<br>image_url: https://streetviewpixels-pa.googleapis.com/v1/thumbnail?panoid=oGF55Ibh0wuviOat6BCbWw&cb_client=search.gws-prod.gps&w=408&h=240&yaw=338.09467&pitch=0&thumbfov=100<br>additional: <br>website: <br>parent_place: <br>additional_urls: []]]></description>
        <styleUrl>#icon-1899-01579B-labelson</styleUrl>
        <ExtendedData>
          <Data name="﻿id">
            <value>68f2f6f517de0681a60e3f33</value>
          </Data>
          <Data name="category">
            <value>Dance school</value>
          </Data>
          <Data name="address_full">
            <value>Dragiše Mišovića 36, Subotica 24000, Serbia</value>
          </Data>
          <Data name="district">
            <value/>
          </Data>
          <Data name="address">
            <value>Dragiše Mišovića 36</value>
          </Data>
          <Data name="city">
            <value>Subotica</value>
          </Data>
          <Data name="index">
            <value>24000.0</value>
          </Data>
          <Data name="country">
            <value>RS</value>
          </Data>
          <Data name="phone">
            <value>+381 63 8741892</value>
          </Data>
          <Data name="location">
            <value>46.0911971,19.6739016</value>
          </Data>
          <Data name="reting">
            <value>5.0</value>
          </Data>
          <Data name="place_id">
            <value>ChIJQUdcgHphQ0cRcVqwP5hVYQo</value>
          </Data>
          <Data name="tags">
            <value><![CDATA[["Dance school"]]]></value>
          </Data>
          <Data name="search_url">
            <value><![CDATA[https://www.google.com/maps/search/?api=1&query=Dolce%20Dance%20Plesna%20%C5%A0kola%20Subotica&query_place_id=ChIJQUdcgHphQ0cRcVqwP5hVYQo]]></value>
          </Data>
          <Data name="map_url">
            <value>https://www.google.com/maps/search/dance%20school/@45.927497434125236,18.865870764713478,10z?hl=en</value>
          </Data>
          <Data name="main_category">
            <value>dance school</value>
          </Data>
          <Data name="image_url">
            <value><![CDATA[https://streetviewpixels-pa.googleapis.com/v1/thumbnail?panoid=oGF55Ibh0wuviOat6BCbWw&cb_client=search.gws-prod.gps&w=408&h=240&yaw=338.09467&pitch=0&thumbfov=100]]></value>
          </Data>
          <Data name="additional">
            <value/>
          </Data>
          <Data name="website">
            <value/>
          </Data>
          <Data name="parent_place">
            <value/>
          </Data>
          <Data name="additional_urls">
            <value>[]</value>
          </Data>
        </ExtendedData>
        <Point>
          <coordinates>
            19.6739016,46.0911971,0
          </coordinates>
        </Point>
      </Placemark>
      <Placemark>
        <name>Plesni Klub Lot Lorijen</name>
        <description><![CDATA[﻿id: 68f2f6f517de0681a60e3fa5<br>category: Dance school<br>address_full: Kneza Lazara, Užice, Serbia<br>district: <br>address: Kneza Lazara<br>city: Užice<br>index: <br>country: RS<br>phone: +381 64 3223990<br>location: 43.8551262,19.8362928<br>reting: <br>place_id: ChIJXQy4r0nTWUcRRHUHcq-wdCE<br>tags: ["Dance school"]<br>search_url: https://www.google.com/maps/search/?api=1&query=Plesni%20Klub%20Lot%20Lorijen&query_place_id=ChIJXQy4r0nTWUcRRHUHcq-wdCE<br>map_url: https://www.google.com/maps/search/dance%20school/@43.935843471812916,19.957375187693785,13z?hl=en<br>main_category: dance school<br>image_url: <br>additional: <br>website: <br>parent_place: <br>additional_urls: []]]></description>
        <styleUrl>#icon-1899-BDBDBD-labelson</styleUrl>
        <ExtendedData>
          <Data name="﻿id">
            <value>68f2f6f517de0681a60e3fa5</value>
          </Data>
          <Data name="category">
            <value>Dance school</value>
          </Data>
          <Data name="address_full">
            <value>Kneza Lazara, Užice, Serbia</value>
          </Data>
          <Data name="district">
            <value/>
          </Data>
          <Data name="address">
            <value>Kneza Lazara</value>
          </Data>
          <Data name="city">
            <value>Užice</value>
          </Data>
          <Data name="index">
            <value/>
          </Data>
          <Data name="country">
            <value>RS</value>
          </Data>
          <Data name="phone">
            <value>+381 64 3223990</value>
          </Data>
          <Data name="location">
            <value>43.8551262,19.8362928</value>
          </Data>
          <Data name="reting">
            <value/>
          </Data>
          <Data name="place_id">
            <value>ChIJXQy4r0nTWUcRRHUHcq-wdCE</value>
          </Data>
          <Data name="tags">
            <value><![CDATA[["Dance school"]]]></value>
          </Data>
          <Data name="search_url">
            <value><![CDATA[https://www.google.com/maps/search/?api=1&query=Plesni%20Klub%20Lot%20Lorijen&query_place_id=ChIJXQy4r0nTWUcRRHUHcq-wdCE]]></value>
          </Data>
          <Data name="map_url">
            <value>https://www.google.com/maps/search/dance%20school/@43.935843471812916,19.957375187693785,13z?hl=en</value>
          </Data>
          <Data name="main_category">
            <value>dance school</value>
          </Data>
          <Data name="image_url">
            <value/>
          </Data>
          <Data name="additional">
            <value/>
          </Data>
          <Data name="website">
            <value/>
          </Data>
          <Data name="parent_place">
            <value/>
          </Data>
          <Data name="additional_urls">
            <value>[]</value>
          </Data>
        </ExtendedData>
        <Point>
          <coordinates>
            19.8362928,43.8551262,0
          </coordinates>
        </Point>
      </Placemark>
      <Placemark>
        <name>Studio IMPULS</name>
        <description><![CDATA[﻿id: 68f2f6f517de0681a60e3f14<br>category: Dance school<br>address_full: Dunavska 30А, Veternik, Serbia<br>district: <br>address: Dunavska 30А<br>city: Veternik<br>index: <br>country: RS<br>phone: <br>location: 45.2431528,19.7676297<br>reting: <br>place_id: ChIJtbVRTQARW0cRiOOHZQREQoA<br>tags: ["Dance school"]<br>search_url: https://www.google.com/maps/search/?api=1&query=Studio%20IMPULS&query_place_id=ChIJtbVRTQARW0cRiOOHZQREQoA<br>map_url: https://www.google.com/maps/search/dance%20school/@45.16610084047514,18.865870764713478,10z?hl=en<br>main_category: dance school<br>image_url: https://streetviewpixels-pa.googleapis.com/v1/thumbnail?panoid=wxU4v0kathDfCqE-tBmHNQ&cb_client=search.gws-prod.gps&w=408&h=240&yaw=275.69473&pitch=0&thumbfov=100<br>additional: <br>website: <br>parent_place: <br>additional_urls: []]]></description>
        <styleUrl>#icon-1899-BDBDBD-labelson</styleUrl>
        <ExtendedData>
          <Data name="﻿id">
            <value>68f2f6f517de0681a60e3f14</value>
          </Data>
          <Data name="category">
            <value>Dance school</value>
          </Data>
          <Data name="address_full">
            <value>Dunavska 30А, Veternik, Serbia</value>
          </Data>
          <Data name="district">
            <value/>
          </Data>
          <Data name="address">
            <value>Dunavska 30А</value>
          </Data>
          <Data name="city">
            <value>Veternik</value>
          </Data>
          <Data name="index">
            <value/>
          </Data>
          <Data name="country">
            <value>RS</value>
          </Data>
          <Data name="phone">
            <value/>
          </Data>
          <Data name="location">
            <value>45.2431528,19.7676297</value>
          </Data>
          <Data name="reting">
            <value/>
          </Data>
          <Data name="place_id">
            <value>ChIJtbVRTQARW0cRiOOHZQREQoA</value>
          </Data>
          <Data name="tags">
            <value><![CDATA[["Dance school"]]]></value>
          </Data>
          <Data name="search_url">
            <value><![CDATA[https://www.google.com/maps/search/?api=1&query=Studio%20IMPULS&query_place_id=ChIJtbVRTQARW0cRiOOHZQREQoA]]></value>
          </Data>
          <Data name="map_url">
            <value>https://www.google.com/maps/search/dance%20school/@45.16610084047514,18.865870764713478,10z?hl=en</value>
          </Data>
          <Data name="main_category">
            <value>dance school</value>
          </Data>
          <Data name="image_url">
            <value><![CDATA[https://streetviewpixels-pa.googleapis.com/v1/thumbnail?panoid=wxU4v0kathDfCqE-tBmHNQ&cb_client=search.gws-prod.gps&w=408&h=240&yaw=275.69473&pitch=0&thumbfov=100]]></value>
          </Data>
          <Data name="additional">
            <value/>
          </Data>
          <Data name="website">
            <value/>
          </Data>
          <Data name="parent_place">
            <value/>
          </Data>
          <Data name="additional_urls">
            <value>[]</value>
          </Data>
        </ExtendedData>
        <Point>
          <coordinates>
            19.7676297,45.2431528,0
          </coordinates>
        </Point>
      </Placemark>
      <Placemark>
        <name>Creative Dance Studio</name>
        <description><![CDATA[﻿id: 68f2f6f517de0681a60e3f0a<br>category: Dance school<br>address_full: Gustava Krkleca 15a, Vrbas 21460, Serbia<br>district: <br>address: Gustava Krkleca 15a<br>city: Vrbas<br>index: 21460<br>country: RS<br>phone: +381 69 630121<br>location: 45.570856,19.6437182<br>reting: <br>place_id: ChIJUT915zpFW0cRK1whyd47PaM<br>tags: ["Dance school"]<br>search_url: https://www.google.com/maps/search/?api=1&query=Creative%20Dance%20Studio&query_place_id=ChIJUT915zpFW0cRK1whyd47PaM<br>map_url: https://www.google.com/maps/search/dance%20school/@45.16610084047514,18.865870764713478,10z?hl=en<br>main_category: dance school<br>image_url: https://streetviewpixels-pa.googleapis.com/v1/thumbnail?panoid=TSOGFqrySykvVbYqwyJR_Q&cb_client=search.gws-prod.gps&w=408&h=240&yaw=113.07961&pitch=0&thumbfov=100<br>additional: <br>website: <br>parent_place: <br>additional_urls: []]]></description>
        <styleUrl>#icon-1899-1A237E-labelson</styleUrl>
        <ExtendedData>
          <Data name="﻿id">
            <value>68f2f6f517de0681a60e3f0a</value>
          </Data>
          <Data name="category">
            <value>Dance school</value>
          </Data>
          <Data name="address_full">
            <value>Gustava Krkleca 15a, Vrbas 21460, Serbia</value>
          </Data>
          <Data name="district">
            <value/>
          </Data>
          <Data name="address">
            <value>Gustava Krkleca 15a</value>
          </Data>
          <Data name="city">
            <value>Vrbas</value>
          </Data>
          <Data name="index">
            <value>21460.0</value>
          </Data>
          <Data name="country">
            <value>RS</value>
          </Data>
          <Data name="phone">
            <value>+381 69 630121</value>
          </Data>
          <Data name="location">
            <value>45.570856,19.6437182</value>
          </Data>
          <Data name="reting">
            <value/>
          </Data>
          <Data name="place_id">
            <value>ChIJUT915zpFW0cRK1whyd47PaM</value>
          </Data>
          <Data name="tags">
            <value><![CDATA[["Dance school"]]]></value>
          </Data>
          <Data name="search_url">
            <value><![CDATA[https://www.google.com/maps/search/?api=1&query=Creative%20Dance%20Studio&query_place_id=ChIJUT915zpFW0cRK1whyd47PaM]]></value>
          </Data>
          <Data name="map_url">
            <value>https://www.google.com/maps/search/dance%20school/@45.16610084047514,18.865870764713478,10z?hl=en</value>
          </Data>
          <Data name="main_category">
            <value>dance school</value>
          </Data>
          <Data name="image_url">
            <value><![CDATA[https://streetviewpixels-pa.googleapis.com/v1/thumbnail?panoid=TSOGFqrySykvVbYqwyJR_Q&cb_client=search.gws-prod.gps&w=408&h=240&yaw=113.07961&pitch=0&thumbfov=100]]></value>
          </Data>
          <Data name="additional">
            <value/>
          </Data>
          <Data name="website">
            <value/>
          </Data>
          <Data name="parent_place">
            <value/>
          </Data>
          <Data name="additional_urls">
            <value>[]</value>
          </Data>
        </ExtendedData>
        <Point>
          <coordinates>
            19.6437182,45.570856,0
          </coordinates>
        </Point>
      </Placemark>
      <Placemark>
        <name>Plesni klub za decu i odrasle</name>
        <description><![CDATA[﻿id: 68f2f6f517de0681a60e3f2d<br>category: Dance school<br>address_full: Narodnog fronta 2, Vrbas, Serbia<br>district: <br>address: Narodnog fronta 2<br>city: Vrbas<br>index: <br>country: RS<br>phone: +381 62 1069002<br>location: 45.5773371,19.6334446<br>reting: <br>place_id: ChIJHyCu6MNbW0cRum7I3tjfVU8<br>tags: ["Dance school"]<br>search_url: https://www.google.com/maps/search/?api=1&query=Plesni%20klub%20za%20decu%20i%20odrasle&query_place_id=ChIJHyCu6MNbW0cRum7I3tjfVU8<br>map_url: https://www.google.com/maps/search/dance%20school/@45.927497434125236,18.865870764713478,10z?hl=en<br>main_category: dance school<br>image_url: https://streetviewpixels-pa.googleapis.com/v1/thumbnail?panoid=pGZz-dN0KpA6wsEsI7HMcg&cb_client=search.gws-prod.gps&w=408&h=240&yaw=164.94571&pitch=0&thumbfov=100<br>additional: <br>website: https://www.psn.co.rs/<br>parent_place: <br>additional_urls: []]]></description>
        <styleUrl>#icon-1899-1A237E-labelson</styleUrl>
        <ExtendedData>
          <Data name="﻿id">
            <value>68f2f6f517de0681a60e3f2d</value>
          </Data>
          <Data name="category">
            <value>Dance school</value>
          </Data>
          <Data name="address_full">
            <value>Narodnog fronta 2, Vrbas, Serbia</value>
          </Data>
          <Data name="district">
            <value/>
          </Data>
          <Data name="address">
            <value>Narodnog fronta 2</value>
          </Data>
          <Data name="city">
            <value>Vrbas</value>
          </Data>
          <Data name="index">
            <value/>
          </Data>
          <Data name="country">
            <value>RS</value>
          </Data>
          <Data name="phone">
            <value>+381 62 1069002</value>
          </Data>
          <Data name="location">
            <value>45.5773371,19.6334446</value>
          </Data>
          <Data name="reting">
            <value/>
          </Data>
          <Data name="place_id">
            <value>ChIJHyCu6MNbW0cRum7I3tjfVU8</value>
          </Data>
          <Data name="tags">
            <value><![CDATA[["Dance school"]]]></value>
          </Data>
          <Data name="search_url">
            <value><![CDATA[https://www.google.com/maps/search/?api=1&query=Plesni%20klub%20za%20decu%20i%20odrasle&query_place_id=ChIJHyCu6MNbW0cRum7I3tjfVU8]]></value>
          </Data>
          <Data name="map_url">
            <value>https://www.google.com/maps/search/dance%20school/@45.927497434125236,18.865870764713478,10z?hl=en</value>
          </Data>
          <Data name="main_category">
            <value>dance school</value>
          </Data>
          <Data name="image_url">
            <value><![CDATA[https://streetviewpixels-pa.googleapis.com/v1/thumbnail?panoid=pGZz-dN0KpA6wsEsI7HMcg&cb_client=search.gws-prod.gps&w=408&h=240&yaw=164.94571&pitch=0&thumbfov=100]]></value>
          </Data>
          <Data name="additional">
            <value/>
          </Data>
          <Data name="website">
            <value>https://www.psn.co.rs/</value>
          </Data>
          <Data name="parent_place">
            <value/>
          </Data>
          <Data name="additional_urls">
            <value>[]</value>
          </Data>
        </ExtendedData>
        <Point>
          <coordinates>
            19.6334446,45.5773371,0
          </coordinates>
        </Point>
      </Placemark>
      <Placemark>
        <name>Baletska škola „Dimitrije Parlić“</name>
        <description><![CDATA[﻿id: 68f2f6f517de0681a60e3f38<br>category: Dance school<br>address_full: Dvorska 19, Kajmakčalanska 1, Vršac 26300, Serbia<br>district: <br>address: Dvorska 19, Kajmakčalanska 1<br>city: Vršac<br>index: 26300<br>country: RS<br>phone: +381 66 084840<br>location: 45.1191936,21.2951577<br>reting: <br>place_id: ChIJR8EbYFcVUEcReIem2JSddjI<br>tags: ["Dance school"]<br>search_url: https://www.google.com/maps/search/?api=1&query=Baletska%20%C5%A1kola%20%E2%80%9EDimitrije%20Parli%C4%87%E2%80%9C&query_place_id=ChIJR8EbYFcVUEcReIem2JSddjI<br>map_url: https://www.google.com/maps/search/dance%20school/@45.16610084047514,21.93300849264326,10z?hl=en<br>main_category: dance school<br>image_url: https://streetviewpixels-pa.googleapis.com/v1/thumbnail?panoid=NnsYTTrzNulTlbU4MSSABw&cb_client=search.gws-prod.gps&w=408&h=240&yaw=302.0249&pitch=0&thumbfov=100<br>additional: <br>website: https://dimitrijeparlic.rs/<br>parent_place: <br>additional_urls: []]]></description>
        <styleUrl>#icon-1899-FBC02D-labelson</styleUrl>
        <ExtendedData>
          <Data name="﻿id">
            <value>68f2f6f517de0681a60e3f38</value>
          </Data>
          <Data name="category">
            <value>Dance school</value>
          </Data>
          <Data name="address_full">
            <value>Dvorska 19, Kajmakčalanska 1, Vršac 26300, Serbia</value>
          </Data>
          <Data name="district">
            <value/>
          </Data>
          <Data name="address">
            <value>Dvorska 19, Kajmakčalanska 1</value>
          </Data>
          <Data name="city">
            <value>Vršac</value>
          </Data>
          <Data name="index">
            <value>26300.0</value>
          </Data>
          <Data name="country">
            <value>RS</value>
          </Data>
          <Data name="phone">
            <value>+381 66 084840</value>
          </Data>
          <Data name="location">
            <value>45.1191936,21.2951577</value>
          </Data>
          <Data name="reting">
            <value/>
          </Data>
          <Data name="place_id">
            <value>ChIJR8EbYFcVUEcReIem2JSddjI</value>
          </Data>
          <Data name="tags">
            <value><![CDATA[["Dance school"]]]></value>
          </Data>
          <Data name="search_url">
            <value><![CDATA[https://www.google.com/maps/search/?api=1&query=Baletska%20%C5%A1kola%20%E2%80%9EDimitrije%20Parli%C4%87%E2%80%9C&query_place_id=ChIJR8EbYFcVUEcReIem2JSddjI]]></value>
          </Data>
          <Data name="map_url">
            <value>https://www.google.com/maps/search/dance%20school/@45.16610084047514,21.93300849264326,10z?hl=en</value>
          </Data>
          <Data name="main_category">
            <value>dance school</value>
          </Data>
          <Data name="image_url">
            <value><![CDATA[https://streetviewpixels-pa.googleapis.com/v1/thumbnail?panoid=NnsYTTrzNulTlbU4MSSABw&cb_client=search.gws-prod.gps&w=408&h=240&yaw=302.0249&pitch=0&thumbfov=100]]></value>
          </Data>
          <Data name="additional">
            <value/>
          </Data>
          <Data name="website">
            <value>https://dimitrijeparlic.rs/</value>
          </Data>
          <Data name="parent_place">
            <value/>
          </Data>
          <Data name="additional_urls">
            <value>[]</value>
          </Data>
        </ExtendedData>
        <Point>
          <coordinates>
            21.2951577,45.1191936,0
          </coordinates>
        </Point>
      </Placemark>
      <Placemark>
        <name>Baletski Studio Royalty</name>
        <description><![CDATA[﻿id: 68f2f6f517de0681a60e3f39<br>category: Dance school<br>address_full: Stanoja Glavaša 3, Vršac 26300, Serbia<br>district: <br>address: Stanoja Glavaša 3<br>city: Vršac<br>index: 26300<br>country: RS<br>phone: +381 69 3636360<br>location: 45.115933,21.292967<br>reting: 4<br>place_id: ChIJgZTEx08VUEcRgRqQsEOz-D8<br>tags: ["Dance school"]<br>search_url: https://www.google.com/maps/search/?api=1&query=Baletski%20Studio%20Royalty&query_place_id=ChIJgZTEx08VUEcRgRqQsEOz-D8<br>map_url: https://www.google.com/maps/search/dance%20school/@45.16610084047514,21.93300849264326,10z?hl=en<br>main_category: dance school<br>image_url: https://lh3.googleusercontent.com/p/AF1QipMXA3pgEFTnA_yLROo7z4bCrnVIno3lGWGBgRS8=w408-h366-k-no<br>additional: <br>website: <br>parent_place: <br>additional_urls: []]]></description>
        <styleUrl>#icon-1899-FBC02D-labelson</styleUrl>
        <ExtendedData>
          <Data name="﻿id">
            <value>68f2f6f517de0681a60e3f39</value>
          </Data>
          <Data name="category">
            <value>Dance school</value>
          </Data>
          <Data name="address_full">
            <value>Stanoja Glavaša 3, Vršac 26300, Serbia</value>
          </Data>
          <Data name="district">
            <value/>
          </Data>
          <Data name="address">
            <value>Stanoja Glavaša 3</value>
          </Data>
          <Data name="city">
            <value>Vršac</value>
          </Data>
          <Data name="index">
            <value>26300.0</value>
          </Data>
          <Data name="country">
            <value>RS</value>
          </Data>
          <Data name="phone">
            <value>+381 69 3636360</value>
          </Data>
          <Data name="location">
            <value>45.115933,21.292967</value>
          </Data>
          <Data name="reting">
            <value>4.0</value>
          </Data>
          <Data name="place_id">
            <value>ChIJgZTEx08VUEcRgRqQsEOz-D8</value>
          </Data>
          <Data name="tags">
            <value><![CDATA[["Dance school"]]]></value>
          </Data>
          <Data name="search_url">
            <value><![CDATA[https://www.google.com/maps/search/?api=1&query=Baletski%20Studio%20Royalty&query_place_id=ChIJgZTEx08VUEcRgRqQsEOz-D8]]></value>
          </Data>
          <Data name="map_url">
            <value>https://www.google.com/maps/search/dance%20school/@45.16610084047514,21.93300849264326,10z?hl=en</value>
          </Data>
          <Data name="main_category">
            <value>dance school</value>
          </Data>
          <Data name="image_url">
            <value>https://lh3.googleusercontent.com/p/AF1QipMXA3pgEFTnA_yLROo7z4bCrnVIno3lGWGBgRS8=w408-h366-k-no</value>
          </Data>
          <Data name="additional">
            <value/>
          </Data>
          <Data name="website">
            <value/>
          </Data>
          <Data name="parent_place">
            <value/>
          </Data>
          <Data name="additional_urls">
            <value>[]</value>
          </Data>
        </ExtendedData>
        <Point>
          <coordinates>
            21.292967,45.115933,0
          </coordinates>
        </Point>
      </Placemark>
      <Placemark>
        <name>Baletski studio STAGE</name>
        <description><![CDATA[﻿id: 68f2f6f517de0681a60e3f57<br>category: Dance school<br>address_full: Sarajevska 38a, Zrenjanin, Serbia<br>district: <br>address: Sarajevska 38a<br>city: Zrenjanin<br>index: <br>country: RS<br>phone: +381 63 7188908<br>location: 45.39264,20.394415<br>reting: <br>place_id: ChIJvfrzRkjbWkcRs37ogS1DA7M<br>tags: ["Dance school"]<br>search_url: https://www.google.com/maps/search/?api=1&query=Baletski%20studio%20STAGE&query_place_id=ChIJvfrzRkjbWkcRs37ogS1DA7M<br>map_url: https://www.google.com/maps/search/dance%20school/@45.16610084047514,20.91062925,10z?hl=en<br>main_category: dance school<br>image_url: https://streetviewpixels-pa.googleapis.com/v1/thumbnail?panoid=3qFsAqC9HvvYSbDTEP4XPQ&cb_client=search.gws-prod.gps&w=408&h=240&yaw=188.65271&pitch=0&thumbfov=100<br>additional: <br>website: http://www.stage023.com/<br>parent_place: <br>additional_urls: []]]></description>
        <styleUrl>#icon-1899-097138-labelson</styleUrl>
        <ExtendedData>
          <Data name="﻿id">
            <value>68f2f6f517de0681a60e3f57</value>
          </Data>
          <Data name="category">
            <value>Dance school</value>
          </Data>
          <Data name="address_full">
            <value>Sarajevska 38a, Zrenjanin, Serbia</value>
          </Data>
          <Data name="district">
            <value/>
          </Data>
          <Data name="address">
            <value>Sarajevska 38a</value>
          </Data>
          <Data name="city">
            <value>Zrenjanin</value>
          </Data>
          <Data name="index">
            <value/>
          </Data>
          <Data name="country">
            <value>RS</value>
          </Data>
          <Data name="phone">
            <value>+381 63 7188908</value>
          </Data>
          <Data name="location">
            <value>45.39264,20.394415</value>
          </Data>
          <Data name="reting">
            <value/>
          </Data>
          <Data name="place_id">
            <value>ChIJvfrzRkjbWkcRs37ogS1DA7M</value>
          </Data>
          <Data name="tags">
            <value><![CDATA[["Dance school"]]]></value>
          </Data>
          <Data name="search_url">
            <value><![CDATA[https://www.google.com/maps/search/?api=1&query=Baletski%20studio%20STAGE&query_place_id=ChIJvfrzRkjbWkcRs37ogS1DA7M]]></value>
          </Data>
          <Data name="map_url">
            <value>https://www.google.com/maps/search/dance%20school/@45.16610084047514,20.91062925,10z?hl=en</value>
          </Data>
          <Data name="main_category">
            <value>dance school</value>
          </Data>
          <Data name="image_url">
            <value><![CDATA[https://streetviewpixels-pa.googleapis.com/v1/thumbnail?panoid=3qFsAqC9HvvYSbDTEP4XPQ&cb_client=search.gws-prod.gps&w=408&h=240&yaw=188.65271&pitch=0&thumbfov=100]]></value>
          </Data>
          <Data name="additional">
            <value/>
          </Data>
          <Data name="website">
            <value>http://www.stage023.com/</value>
          </Data>
          <Data name="parent_place">
            <value/>
          </Data>
          <Data name="additional_urls">
            <value>[]</value>
          </Data>
        </ExtendedData>
        <Point>
          <coordinates>
            20.394415,45.39264,0
          </coordinates>
        </Point>
      </Placemark>
      <Placemark>
        <name>Stage dance studio</name>
        <description><![CDATA[﻿id: 68f2f6f517de0681a60e3fab<br>category: Dance school<br>address_full: Sarajevska, Zrenjanin, Serbia<br>district: <br>address: Sarajevska<br>city: Zrenjanin<br>index: <br>country: RS<br>phone: <br>location: 45.3929465,20.3921647<br>reting: <br>place_id: ChIJacX_IRrbWkcR0OBkTILV-rM<br>tags: ["Dance school"]<br>search_url: https://www.google.com/maps/search/?api=1&query=Stage%20dance%20studio&query_place_id=ChIJacX_IRrbWkcR0OBkTILV-rM<br>map_url: https://www.google.com/maps/search/dance%20school/@45.26322957660467,20.23966395777504,14z?hl=en<br>main_category: dance school<br>image_url: <br>additional: <br>website: <br>parent_place: <br>additional_urls: []]]></description>
        <styleUrl>#icon-1899-097138-labelson</styleUrl>
        <ExtendedData>
          <Data name="﻿id">
            <value>68f2f6f517de0681a60e3fab</value>
          </Data>
          <Data name="category">
            <value>Dance school</value>
          </Data>
          <Data name="address_full">
            <value>Sarajevska, Zrenjanin, Serbia</value>
          </Data>
          <Data name="district">
            <value/>
          </Data>
          <Data name="address">
            <value>Sarajevska</value>
          </Data>
          <Data name="city">
            <value>Zrenjanin</value>
          </Data>
          <Data name="index">
            <value/>
          </Data>
          <Data name="country">
            <value>RS</value>
          </Data>
          <Data name="phone">
            <value/>
          </Data>
          <Data name="location">
            <value>45.3929465,20.3921647</value>
          </Data>
          <Data name="reting">
            <value/>
          </Data>
          <Data name="place_id">
            <value>ChIJacX_IRrbWkcR0OBkTILV-rM</value>
          </Data>
          <Data name="tags">
            <value><![CDATA[["Dance school"]]]></value>
          </Data>
          <Data name="search_url">
            <value><![CDATA[https://www.google.com/maps/search/?api=1&query=Stage%20dance%20studio&query_place_id=ChIJacX_IRrbWkcR0OBkTILV-rM]]></value>
          </Data>
          <Data name="map_url">
            <value>https://www.google.com/maps/search/dance%20school/@45.26322957660467,20.23966395777504,14z?hl=en</value>
          </Data>
          <Data name="main_category">
            <value>dance school</value>
          </Data>
          <Data name="image_url">
            <value/>
          </Data>
          <Data name="additional">
            <value/>
          </Data>
          <Data name="website">
            <value/>
          </Data>
          <Data name="parent_place">
            <value/>
          </Data>
          <Data name="additional_urls">
            <value>[]</value>
          </Data>
        </ExtendedData>
        <Point>
          <coordinates>
            20.3921647,45.3929465,0
          </coordinates>
        </Point>
      </Placemark>
      <Placemark>
        <name>Plesni klub Luna</name>
        <description><![CDATA[﻿id: 68f2f6f517de0681a60e3f19<br>category: Dance school<br>address_full: Župana Stracimira 1 Gimnazija, Čačak 32000, Serbia<br>district: <br>address: Župana Stracimira 1 Gimnazija<br>city: Čačak<br>index: 32000<br>country: RS<br>phone: +381 60 7224730<br>location: 43.8933063,20.3500138<br>reting: 4,8<br>place_id: ChIJA7wm3BNyV0cR2AWh6nsWdW0<br>tags: ["Dance school","Sports club"]<br>search_url: https://www.google.com/maps/search/?api=1&query=Plesni%20klub%20Luna&query_place_id=ChIJA7wm3BNyV0cR2AWh6nsWdW0<br>map_url: https://www.google.com/maps/search/dance%20school/@43.64330765317494,20.91062925,10z?hl=en<br>main_category: dance school<br>image_url: https://lh3.googleusercontent.com/p/AF1QipP8EsIYd-ys6v7VjAVvBurqMMqzcO-Y6TpgJZ_0=w408-h544-k-no<br>additional: <br>website: https://www.instagram.com/plesni_klub_luna/%20https://facebook.com/Plesni-klub-LUNA-122295684556364<br>parent_place: <br>additional_urls: []]]></description>
        <styleUrl>#icon-1899-BDBDBD-labelson</styleUrl>
        <ExtendedData>
          <Data name="﻿id">
            <value>68f2f6f517de0681a60e3f19</value>
          </Data>
          <Data name="category">
            <value>Dance school</value>
          </Data>
          <Data name="address_full">
            <value>Župana Stracimira 1 Gimnazija, Čačak 32000, Serbia</value>
          </Data>
          <Data name="district">
            <value/>
          </Data>
          <Data name="address">
            <value>Župana Stracimira 1 Gimnazija</value>
          </Data>
          <Data name="city">
            <value>Čačak</value>
          </Data>
          <Data name="index">
            <value>32000.0</value>
          </Data>
          <Data name="country">
            <value>RS</value>
          </Data>
          <Data name="phone">
            <value>+381 60 7224730</value>
          </Data>
          <Data name="location">
            <value>43.8933063,20.3500138</value>
          </Data>
          <Data name="reting">
            <value>4.8</value>
          </Data>
          <Data name="place_id">
            <value>ChIJA7wm3BNyV0cR2AWh6nsWdW0</value>
          </Data>
          <Data name="tags">
            <value><![CDATA[["Dance school","Sports club"]]]></value>
          </Data>
          <Data name="search_url">
            <value><![CDATA[https://www.google.com/maps/search/?api=1&query=Plesni%20klub%20Luna&query_place_id=ChIJA7wm3BNyV0cR2AWh6nsWdW0]]></value>
          </Data>
          <Data name="map_url">
            <value>https://www.google.com/maps/search/dance%20school/@43.64330765317494,20.91062925,10z?hl=en</value>
          </Data>
          <Data name="main_category">
            <value>dance school</value>
          </Data>
          <Data name="image_url">
            <value>https://lh3.googleusercontent.com/p/AF1QipP8EsIYd-ys6v7VjAVvBurqMMqzcO-Y6TpgJZ_0=w408-h544-k-no</value>
          </Data>
          <Data name="additional">
            <value/>
          </Data>
          <Data name="website">
            <value>https://www.instagram.com/plesni_klub_luna/%20https://facebook.com/Plesni-klub-LUNA-122295684556364</value>
          </Data>
          <Data name="parent_place">
            <value/>
          </Data>
          <Data name="additional_urls">
            <value>[]</value>
          </Data>
        </ExtendedData>
        <Point>
          <coordinates>
            20.3500138,43.8933063,0
          </coordinates>
        </Point>
      </Placemark>
      <Placemark>
        <name>COKT Jevrem Obrenović</name>
        <description><![CDATA[﻿id: 68f2f6f517de0681a60e3f31<br>category: Dance school<br>address_full: Jovana Cvijića 3, Šabac 15000, Serbia<br>district: <br>address: Jovana Cvijića 3<br>city: Šabac<br>index: 15000<br>country: RS<br>phone: <br>location: 44.7496561,19.6901621<br>reting: 5<br>place_id: ChIJL6UhC5jLW0cR8aNPN0gqBCI<br>tags: ["Dance school"]<br>search_url: https://www.google.com/maps/search/?api=1&query=COKT%20Jevrem%20Obrenovi%C4%87&query_place_id=ChIJL6UhC5jLW0cR8aNPN0gqBCI<br>map_url: https://www.google.com/maps/search/dance%20school/@44.40470424682504,18.865870764713478,10z?hl=en<br>main_category: dance school<br>image_url: https://lh3.googleusercontent.com/gps-cs-s/AC9h4npNdmveZeuSyXQtn6Ak7WHKxYn57xvhcpHnVNJZcolJVy36DaIzN0Bd0QIzuS5zt7XKFuznjLeObrxIzOE5YyFz2TJqUWH3_uVjb2fhgZfuvnBLPnJsHQO30idvMdLoHm9t0QU29Q=w426-h240-k-no<br>additional: <br>website: <br>parent_place: <br>additional_urls: []]]></description>
        <styleUrl>#icon-1899-0097A7-labelson</styleUrl>
        <ExtendedData>
          <Data name="﻿id">
            <value>68f2f6f517de0681a60e3f31</value>
          </Data>
          <Data name="category">
            <value>Dance school</value>
          </Data>
          <Data name="address_full">
            <value>Jovana Cvijića 3, Šabac 15000, Serbia</value>
          </Data>
          <Data name="district">
            <value/>
          </Data>
          <Data name="address">
            <value>Jovana Cvijića 3</value>
          </Data>
          <Data name="city">
            <value>Šabac</value>
          </Data>
          <Data name="index">
            <value>15000.0</value>
          </Data>
          <Data name="country">
            <value>RS</value>
          </Data>
          <Data name="phone">
            <value/>
          </Data>
          <Data name="location">
            <value>44.7496561,19.6901621</value>
          </Data>
          <Data name="reting">
            <value>5.0</value>
          </Data>
          <Data name="place_id">
            <value>ChIJL6UhC5jLW0cR8aNPN0gqBCI</value>
          </Data>
          <Data name="tags">
            <value><![CDATA[["Dance school"]]]></value>
          </Data>
          <Data name="search_url">
            <value><![CDATA[https://www.google.com/maps/search/?api=1&query=COKT%20Jevrem%20Obrenovi%C4%87&query_place_id=ChIJL6UhC5jLW0cR8aNPN0gqBCI]]></value>
          </Data>
          <Data name="map_url">
            <value>https://www.google.com/maps/search/dance%20school/@44.40470424682504,18.865870764713478,10z?hl=en</value>
          </Data>
          <Data name="main_category">
            <value>dance school</value>
          </Data>
          <Data name="image_url">
            <value>https://lh3.googleusercontent.com/gps-cs-s/AC9h4npNdmveZeuSyXQtn6Ak7WHKxYn57xvhcpHnVNJZcolJVy36DaIzN0Bd0QIzuS5zt7XKFuznjLeObrxIzOE5YyFz2TJqUWH3_uVjb2fhgZfuvnBLPnJsHQO30idvMdLoHm9t0QU29Q=w426-h240-k-no</value>
          </Data>
          <Data name="additional">
            <value/>
          </Data>
          <Data name="website">
            <value/>
          </Data>
          <Data name="parent_place">
            <value/>
          </Data>
          <Data name="additional_urls">
            <value>[]</value>
          </Data>
        </ExtendedData>
        <Point>
          <coordinates>
            19.6901621,44.7496561,0
          </coordinates>
        </Point>
      </Placemark>
      <Placemark>
        <name>Skola Salsa Plesa</name>
        <description><![CDATA[﻿id: 68f2f6f517de0681a60e3fac<br>category: Dance school<br>address_full: Karađorđeva 48, Šabac 15000, Serbia<br>district: <br>address: Karađorđeva 48<br>city: Šabac<br>index: 15000<br>country: RS<br>phone: +381 63 210805<br>location: 44.7540979,19.6978656<br>reting: 5<br>place_id: ChIJbQRfu_HLW0cRH2qACz2oW34<br>tags: ["Dance school"]<br>search_url: https://www.google.com/maps/search/?api=1&query=Skola%20Salsa%20Plesa&query_place_id=ChIJbQRfu_HLW0cRH2qACz2oW34<br>map_url: https://www.google.com/maps/search/dance%20school/@44.75694425995806,19.729587927433595,15z?hl=en<br>main_category: dance school<br>image_url: https://lh3.googleusercontent.com/gps-cs-s/AC9h4noxjJ78wVkB43qUpjm9FIBXFYFlEASYNeFS2uupArqxU-CdQQ946MjFHoUImtyi4rRbhOA56PeOjUXuBMsxHvhc0aRIfvHpiDx_aCYEEB0M8dExGP7JOB_KwGKjtxack9kQUAQ=w408-h329-k-no<br>additional: <br>website: <br>parent_place: <br>additional_urls: []]]></description>
        <styleUrl>#icon-1899-0097A7-labelson</styleUrl>
        <ExtendedData>
          <Data name="﻿id">
            <value>68f2f6f517de0681a60e3fac</value>
          </Data>
          <Data name="category">
            <value>Dance school</value>
          </Data>
          <Data name="address_full">
            <value>Karađorđeva 48, Šabac 15000, Serbia</value>
          </Data>
          <Data name="district">
            <value/>
          </Data>
          <Data name="address">
            <value>Karađorđeva 48</value>
          </Data>
          <Data name="city">
            <value>Šabac</value>
          </Data>
          <Data name="index">
            <value>15000.0</value>
          </Data>
          <Data name="country">
            <value>RS</value>
          </Data>
          <Data name="phone">
            <value>+381 63 210805</value>
          </Data>
          <Data name="location">
            <value>44.7540979,19.6978656</value>
          </Data>
          <Data name="reting">
            <value>5.0</value>
          </Data>
          <Data name="place_id">
            <value>ChIJbQRfu_HLW0cRH2qACz2oW34</value>
          </Data>
          <Data name="tags">
            <value><![CDATA[["Dance school"]]]></value>
          </Data>
          <Data name="search_url">
            <value><![CDATA[https://www.google.com/maps/search/?api=1&query=Skola%20Salsa%20Plesa&query_place_id=ChIJbQRfu_HLW0cRH2qACz2oW34]]></value>
          </Data>
          <Data name="map_url">
            <value>https://www.google.com/maps/search/dance%20school/@44.75694425995806,19.729587927433595,15z?hl=en</value>
          </Data>
          <Data name="main_category">
            <value>dance school</value>
          </Data>
          <Data name="image_url">
            <value>https://lh3.googleusercontent.com/gps-cs-s/AC9h4noxjJ78wVkB43qUpjm9FIBXFYFlEASYNeFS2uupArqxU-CdQQ946MjFHoUImtyi4rRbhOA56PeOjUXuBMsxHvhc0aRIfvHpiDx_aCYEEB0M8dExGP7JOB_KwGKjtxack9kQUAQ=w408-h329-k-no</value>
          </Data>
          <Data name="additional">
            <value/>
          </Data>
          <Data name="website">
            <value/>
          </Data>
          <Data name="parent_place">
            <value/>
          </Data>
          <Data name="additional_urls">
            <value>[]</value>
          </Data>
        </ExtendedData>
        <Point>
          <coordinates>
            19.6978656,44.7540979,0
          </coordinates>
        </Point>
      </Placemark>
    </Folder>
  </Document>
</kml>
