{"type":"FeatureCollection","properties":{"regionId":"subotica","regionTitle":"Суботица","kind":"city","country":"serbia","parent":"serbia-overview","bbox":[19.5,45.98,19.86,46.23],"optionalPack":true,"attribution":"© OpenStreetMap contributors · ODbL","snapshotAt":"2026-08-21","sourceScope":"administrative-area","osmRelationId":1279957},"features":[{"type":"Feature","geometry":{"type":"Polygon","coordinates":[[[19.8160684,46.1064149],[19.8157293,46.1071345],[19.8152134,46.1076353],[19.8146401,46.1078896],[19.8140439,46.1082712],[19.8138032,46.1086209],[19.8127942,46.1081043],[19.8130923,46.1076035],[19.8136541,46.1069676],[19.8137688,46.1065383],[19.8130235,46.1063078],[19.8124273,46.1064032],[19.8118311,46.1067688],[19.8113693,46.1063313],[19.8111432,46.106117],[19.8106714,46.105958],[19.8101228,46.1058944],[19.8097665,46.1056817],[19.8103019,46.10435],[19.8099508,46.1032552],[19.8100655,46.1029929],[19.8102833,46.1028975],[19.8112005,46.102023],[19.8115411,46.1011054],[19.8124617,46.1002741],[19.8130923,46.0999561],[19.8134707,46.0996619],[19.8135788,46.0994457],[19.8135051,46.0986999],[19.8133532,46.0983254],[19.8126337,46.0980003],[19.8118197,46.0978333],[19.8114298,46.0976584],[19.810836,46.0971702],[19.8094005,46.096116],[19.8086199,46.0956636],[19.8085879,46.0954887],[19.8091002,46.0947649],[19.8097781,46.0940948],[19.8108102,46.0936528],[19.8111432,46.0943828],[19.8117509,46.0950586],[19.8123768,46.0954625],[19.8154562,46.0959863],[19.8159472,46.0958855],[19.8176518,46.094661],[19.8181714,46.0947406],[19.8197536,46.0952176],[19.8201779,46.095472],[19.8203758,46.0959301],[19.8212785,46.0964341],[19.8223669,46.0968585],[19.8235028,46.0968793],[19.8239614,46.096768],[19.8244743,46.0965897],[19.8242595,46.0962114],[19.8239155,46.0960604],[19.823285,46.0959411],[19.8228607,46.0957583],[19.8227456,46.0954868],[19.8226089,46.0942777],[19.8225512,46.0931186],[19.8226428,46.0929078],[19.8225856,46.0923155],[19.823285,46.0920054],[19.8237092,46.0916317],[19.8240302,46.0914409],[19.8247912,46.090806],[19.8254863,46.090447],[19.8260252,46.0900017],[19.8263892,46.0894016],[19.826908,46.0885465],[19.8271509,46.0883295],[19.8275844,46.0873299],[19.8275615,46.0869403],[19.8271258,46.0866142],[19.8270226,46.0862643],[19.8270456,46.0860814],[19.8267037,46.0848758],[19.8267475,46.0847137],[19.8264952,46.0844274],[19.8263951,46.0841295],[19.827745,46.0830198],[19.8279382,46.0827669],[19.8281582,46.0824791],[19.8287768,46.0809203],[19.8286158,46.0805656],[19.8282838,46.0802364],[19.8278519,46.0800432],[19.8270341,46.0798864],[19.8261169,46.0789878],[19.8253028,46.0780334],[19.8254748,46.077588],[19.8259564,46.0777232],[19.8262545,46.0777709],[19.82708,46.0778345],[19.8279399,46.0778345],[19.8286163,46.0776437],[19.8290181,46.0773734],[19.8290448,46.0773187],[19.829405,46.0765807],[19.8294074,46.0757508],[19.8292584,46.0749077],[19.8294621,46.0746983],[19.8307718,46.0743827],[19.8317922,46.0740169],[19.8322083,46.0735245],[19.8322298,46.0731706],[19.8322393,46.0730147],[19.8327068,46.0716766],[19.8328692,46.0712119],[19.8330453,46.0707078],[19.8328045,46.0704016],[19.832182,46.0696103],[19.83201,46.0692046],[19.8312419,46.0679875],[19.8308611,46.0677138],[19.8300265,46.0675023],[19.8292698,46.0674705],[19.8283526,46.06755],[19.8281004,46.06685],[19.8283346,46.0666533],[19.8287195,46.0664761],[19.8289362,46.0667242],[19.8289488,46.0667386],[19.8294877,46.0666034],[19.8298202,46.0662773],[19.8299798,46.066023],[19.8300464,46.0659169],[19.8307603,46.0656488],[19.8308979,46.0654977],[19.83154,46.0661182],[19.8320501,46.0667391],[19.8321935,46.0669137],[19.8327592,46.0674943],[19.8335577,46.068314],[19.8355414,46.0690694],[19.8369688,46.069009],[19.8375193,46.0688785],[19.8388663,46.0686875],[19.8390631,46.0684842],[19.8391412,46.0683952],[19.8392806,46.0682639],[19.8394052,46.0682023],[19.8397262,46.0678444],[19.8400931,46.0679],[19.8388044,46.069795],[19.8383345,46.0701816],[19.8376395,46.0707557],[19.8365712,46.0717289],[19.8361371,46.0724587],[19.8359197,46.0734442],[19.8361261,46.0741839],[19.8362966,46.075134],[19.8359541,46.0759973],[19.8349452,46.0768404],[19.8344636,46.0770472],[19.8339935,46.0770869],[19.8334928,46.0772797],[19.8333286,46.0774289],[19.8329961,46.0776993],[19.8326292,46.0783992],[19.8325167,46.0788478],[19.8326294,46.0806854],[19.8326511,46.0810392],[19.8328624,46.0814589],[19.8333041,46.0816321],[19.8337938,46.0817653],[19.8344948,46.0821716],[19.8346004,46.0824047],[19.8342108,46.0833475],[19.8342295,46.0833805],[19.8342753,46.0833965],[19.8342464,46.0834521],[19.8341655,46.0834572],[19.8339133,46.0835447],[19.8335464,46.0838628],[19.8334001,46.0841497],[19.8332657,46.0854685],[19.8323596,46.08705],[19.8320229,46.087609],[19.8318991,46.088149],[19.8318849,46.0884926],[19.8319451,46.0886325],[19.8321256,46.0887062],[19.8321701,46.0892268],[19.8317361,46.0905981],[19.8316265,46.090836],[19.8310731,46.0914956],[19.8305654,46.0921008],[19.8300621,46.0921627],[19.8296597,46.0922121],[19.8290749,46.0924984],[19.8283318,46.0929944],[19.8278393,46.0936793],[19.8277908,46.0937467],[19.8276439,46.0944384],[19.8281118,46.0951938],[19.8290176,46.0960047],[19.8299692,46.0973881],[19.830852,46.0982865],[19.831517,46.0984614],[19.8319871,46.0987397],[19.8326406,46.0997891],[19.8330992,46.1000038],[19.8339042,46.1006772],[19.8339477,46.101395],[19.8344636,46.102349],[19.8343604,46.1028975],[19.8339133,46.1031837],[19.8341884,46.1033347],[19.8350942,46.1029849],[19.8354382,46.1025557],[19.8354611,46.10219],[19.8360802,46.1018322],[19.836149,46.1016414],[19.8355414,46.1015222],[19.8363095,46.1006557],[19.8368828,46.1002264],[19.8380523,46.100131],[19.8396918,46.0997732],[19.8403912,46.1001151],[19.8398064,46.1006239],[19.8400931,46.1009657],[19.8403568,46.1007908],[19.8405058,46.1009498],[19.8391644,46.1014506],[19.8386714,46.1017527],[19.8387648,46.1020393],[19.838958,46.1021184],[19.8402421,46.1020628],[19.8419619,46.101713],[19.8428218,46.1019197],[19.8434753,46.1022218],[19.8436128,46.102411],[19.8435964,46.1024554],[19.8435778,46.1025151],[19.8433579,46.1024797],[19.8431781,46.1024126],[19.8422256,46.1019912],[19.8398982,46.1027465],[19.8386599,46.1037719],[19.8375707,46.104241],[19.83647,46.1041058],[19.8333514,46.1060263],[19.8332595,46.1063558],[19.8328912,46.106547],[19.8325907,46.1064922],[19.8318631,46.1065854],[19.8311513,46.1066457],[19.8307559,46.1063935],[19.8306452,46.1061139],[19.8307875,46.1050227],[19.8303051,46.104935],[19.8301311,46.1048527],[19.8300837,46.1046224],[19.8297436,46.1045347],[19.8293324,46.1046169],[19.8288578,46.1047924],[19.8290476,46.1043592],[19.8289448,46.1041344],[19.8285652,46.1041618],[19.8281461,46.1046498],[19.8278218,46.104924],[19.8274185,46.1049898],[19.8271259,46.1052365],[19.8269835,46.1055217],[19.8267462,46.1055984],[19.8266276,46.1053572],[19.8265169,46.1053023],[19.8263034,46.1053736],[19.8261928,46.1053793],[19.8261819,46.1053373],[19.8263192,46.1048801],[19.8264457,46.1047266],[19.8263445,46.1045231],[19.8260266,46.1044305],[19.8260345,46.104107],[19.8260266,46.1037122],[19.8250933,46.1033228],[19.8241206,46.1031638],[19.8235195,46.1033941],[19.8220252,46.1032711],[19.8215249,46.1035626],[19.8190084,46.1054493],[19.8185269,46.1061409],[19.8178963,46.1064668],[19.8171625,46.1063157],[19.8163485,46.1062919],[19.8160684,46.1064149]]]},"properties":{"category":"water-area","class":"water","name":"Лудашко језеро","osmType":"way","osmId":26700436}},{"type":"Feature","geometry":{"type":"Polygon","coordinates":[[[19.6814906,46.100314],[19.6814318,46.0999291],[19.6840679,46.0998505],[19.6840992,46.1003935],[19.683491,46.1003976],[19.6834464,46.1002081],[19.682945,46.1002272],[19.6828903,46.1004398],[19.6828221,46.1004491],[19.6827748,46.1005017],[19.6814906,46.100314]]]},"properties":{"category":"green","class":"park","name":"","osmType":"way","osmId":34682268}},{"type":"Feature","geometry":{"type":"Polygon","coordinates":[[[19.6689962,46.1014708],[19.6690552,46.1013596],[19.66932,46.1008351],[19.6693996,46.1006774],[19.6696604,46.1001609],[19.6696816,46.1001189],[19.6712349,46.1004845],[19.6705823,46.101836],[19.6704756,46.1018114],[19.6697851,46.1016524],[19.6696988,46.1016325],[19.6692085,46.1015196],[19.6689962,46.1014708]]]},"properties":{"category":"green","class":"park","name":"Парк Ференца Рајхла","osmType":"way","osmId":75683509}},{"type":"Feature","geometry":{"type":"Polygon","coordinates":[[[19.7534336,46.1003853],[19.7552488,46.0981427],[19.7509883,46.0982824],[19.7509725,46.0979887],[19.7515561,46.0979422],[19.7521399,46.0975548],[19.7523821,46.0976425],[19.7539291,46.0978816],[19.7549604,46.0979687],[19.7556502,46.0979953],[19.7600884,46.0978582],[19.7627896,46.0975476],[19.7623086,46.09873],[19.762284,46.0989825],[19.7623404,46.0990424],[19.7622153,46.0994692],[19.7615598,46.1015634],[19.7592144,46.1012197],[19.7587896,46.1022203],[19.7565188,46.1024506],[19.7536736,46.1018677],[19.7548975,46.1002469],[19.7534336,46.1003853]]]},"properties":{"category":"green","class":"park","name":"Парк хероја","osmType":"way","osmId":76982231}},{"type":"Feature","geometry":{"type":"Polygon","coordinates":[[[19.7744116,46.1295742],[19.7746248,46.1293297],[19.7761278,46.1281722],[19.7768969,46.1276153],[19.7789379,46.1261374],[19.7794123,46.1257939],[19.7789909,46.1255734],[19.779289,46.1251837],[19.7789087,46.1249386],[19.777091,46.1256921],[19.7756586,46.125622],[19.7765969,46.1239546],[19.777535,46.1241005],[19.7795625,46.1243884],[19.7802444,46.1245067],[19.7816384,46.1235133],[19.7820706,46.1235861],[19.7824002,46.1235252],[19.7824516,46.1235545],[19.7834544,46.124125],[19.7839861,46.1241999],[19.784778,46.1244171],[19.7852041,46.1245055],[19.7853984,46.1245458],[19.7857234,46.1245447],[19.7876701,46.1240868],[19.7877189,46.1240753],[19.7883241,46.124093],[19.7892853,46.1244827],[19.7893643,46.1252977],[19.7893,46.1264637],[19.7913916,46.126459],[19.7930601,46.1251527],[19.7938239,46.1253991],[19.7946929,46.1256795],[19.7933067,46.1273877],[19.7930144,46.127744],[19.7908354,46.1283435],[19.7907519,46.1283435],[19.7904418,46.1283435],[19.7901557,46.1283435],[19.7885428,46.1292158],[19.7879402,46.1295417],[19.7875058,46.1297766],[19.7862976,46.130432],[19.7839946,46.1317225],[19.783756,46.1317613],[19.7765048,46.1309121],[19.7762287,46.1307975],[19.7747478,46.1296843],[19.7744116,46.1295742]]]},"properties":{"category":"green","class":"forest","name":"","osmType":"way","osmId":76985901}},{"type":"Feature","geometry":{"type":"Polygon","coordinates":[[[19.64754,46.0932881],[19.6491426,46.092022],[19.6517098,46.0935521],[19.6504747,46.0947744],[19.64754,46.0932881]]]},"properties":{"category":"green","class":"park","name":"Трг Ћирила и Методија","osmType":"way","osmId":77043211}},{"type":"Feature","geometry":{"type":"Polygon","coordinates":[[[19.6627775,46.1000303],[19.6630832,46.0998228],[19.663324,46.0996939],[19.6634233,46.0996682],[19.6634793,46.099663],[19.6635404,46.099666],[19.6636005,46.0996748],[19.6636866,46.0997202],[19.664196,46.0999886],[19.6640947,46.1000724],[19.6640373,46.1000655],[19.6639709,46.1000698],[19.663909,46.1000925],[19.6638506,46.1001348],[19.6638223,46.1001673],[19.6638037,46.100198],[19.6637971,46.1002848],[19.663817,46.1003155],[19.66376,46.1003801],[19.6638143,46.1004081],[19.6638464,46.1004247],[19.6639043,46.1003655],[19.66395,46.1003733],[19.6640039,46.1003705],[19.6640903,46.1003549],[19.6641716,46.1003127],[19.6642221,46.100249],[19.6642416,46.1001852],[19.6642221,46.1001288],[19.6642984,46.1000424],[19.664748,46.1002785],[19.6648544,46.1003367],[19.6638253,46.1005403],[19.6637582,46.1005646],[19.6636959,46.1005642],[19.6636463,46.1005617],[19.6635852,46.1005533],[19.663526,46.1005329],[19.663464,46.1004995],[19.6634271,46.1004764],[19.6633328,46.1004116],[19.6627775,46.1000303]]]},"properties":{"category":"green","class":"park","name":"Трг републике","osmType":"way","osmId":77096848}},{"type":"Feature","geometry":{"type":"Polygon","coordinates":[[[19.6652239,46.0997011],[19.6652181,46.0996981],[19.6653937,46.0995536],[19.6649817,46.0993368],[19.6652344,46.0990983],[19.6658719,46.099429],[19.6656706,46.0996151],[19.6655654,46.0997123],[19.6654512,46.0998185],[19.6652239,46.0997011]]]},"properties":{"category":"green","class":"park","name":"Парк слободе","osmType":"way","osmId":78067069}},{"type":"Feature","geometry":{"type":"Polygon","coordinates":[[[19.664414,46.1011648],[19.664758,46.1009691],[19.6651533,46.1007443],[19.6652222,46.1007051],[19.665215,46.1007669],[19.665166,46.1011869],[19.6651599,46.1012384],[19.6651577,46.1012576],[19.6648581,46.1014674],[19.6647208,46.1013739],[19.664414,46.1011648]]]},"properties":{"category":"green","class":"park","name":"","osmType":"way","osmId":78067070}},{"type":"Feature","geometry":{"type":"Polygon","coordinates":[[[19.6588691,46.0990666],[19.6590475,46.098865],[19.6591226,46.0987808],[19.6592688,46.0986169],[19.6593022,46.0985806],[19.6593376,46.0985421],[19.6594129,46.098458],[19.6594942,46.0983654],[19.6595312,46.0983897],[19.6596811,46.0984778],[19.6597078,46.0984883],[19.6597414,46.0985073],[19.6597961,46.0985424],[19.6599105,46.0986124],[19.6599524,46.0986363],[19.6599784,46.0986534],[19.6599927,46.0986728],[19.6599964,46.0986921],[19.659985,46.0987212],[19.6598838,46.0988201],[19.6598689,46.098835],[19.6598396,46.0988634],[19.6598123,46.0988854],[19.6597573,46.098933],[19.6596785,46.0989751],[19.6596594,46.0989922],[19.6596447,46.0990053],[19.6595033,46.0991318],[19.659478,46.0991992],[19.6593792,46.0992872],[19.6592497,46.0994003],[19.6591754,46.0994649],[19.6589859,46.0996372],[19.6589546,46.0996651],[19.6589478,46.0996712],[19.6589426,46.0996759],[19.6586565,46.0999314],[19.6585842,46.1000038],[19.6585754,46.1000122],[19.6585623,46.1000247],[19.6585167,46.1000805],[19.6584872,46.1000619],[19.6584711,46.1000526],[19.658447,46.1000414],[19.6584175,46.1000302],[19.6583678,46.1000256],[19.6583129,46.1000302],[19.6582619,46.1000321],[19.6582324,46.1000042],[19.6582529,46.0999322],[19.6582699,46.0999079],[19.6584371,46.0996694],[19.6585357,46.0995352],[19.6585482,46.0995184],[19.6586902,46.0993271],[19.6588691,46.0990666]]]},"properties":{"category":"green","class":"park","name":"Трг жртава фашизма","osmType":"way","osmId":79386995}},{"type":"Feature","geometry":{"type":"Polygon","coordinates":[[[19.4250213,45.9676678],[19.4252324,45.9672961],[19.425758,45.9675007],[19.4255939,45.9677999],[19.4255229,45.9678254],[19.4250213,45.9676678]]]},"properties":{"category":"green","class":"park","name":"","osmType":"way","osmId":79842297}},{"type":"Feature","geometry":{"type":"Polygon","coordinates":[[[19.5736312,46.0413095],[19.5740926,46.0415703],[19.5745814,46.0418466],[19.5745963,46.041855],[19.5741587,46.042228],[19.5731936,46.0416825],[19.5736312,46.0413095]]]},"properties":{"category":"green","class":"park","name":"Titov gaj","osmType":"way","osmId":80130111}},{"type":"Feature","geometry":{"type":"Polygon","coordinates":[[[19.4299964,45.9933661],[19.4291898,45.9925618],[19.4295243,45.9924478],[19.4303309,45.993218],[19.4299964,45.9933661]]]},"properties":{"category":"green","class":"forest","name":"","osmType":"way","osmId":80565373}},{"type":"Feature","geometry":{"type":"Polygon","coordinates":[[[19.7590018,46.1066095],[19.7601917,46.1068569],[19.7596349,46.1081851],[19.7583956,46.1079163],[19.7590018,46.1066095]]]},"properties":{"category":"green","class":"park","name":"","osmType":"way","osmId":80765170}},{"type":"Feature","geometry":{"type":"Polygon","coordinates":[[[19.783891,45.9051306],[19.784569,45.904932],[19.7848162,45.9053927],[19.7849615,45.9056635],[19.7850136,45.9057532],[19.7851371,45.9058927],[19.7850822,45.9059118],[19.7851042,45.9059691],[19.784418,45.9061505],[19.783891,45.9051306]]]},"properties":{"category":"green","class":"park","name":"","osmType":"way","osmId":82680542}},{"type":"Feature","geometry":{"type":"Polygon","coordinates":[[[19.7615997,45.9205149],[19.7617736,45.9203107],[19.7618277,45.920246],[19.7618907,45.9201688],[19.7621519,45.9198334],[19.7634326,45.9201151],[19.7635415,45.9201381],[19.7635817,45.9201468],[19.7636248,45.9201545],[19.7636666,45.9201606],[19.7637136,45.9201645],[19.7637545,45.9201657],[19.7637979,45.9201651],[19.7637542,45.9202172],[19.7637231,45.9202302],[19.7636478,45.9202981],[19.7633504,45.9206486],[19.7632056,45.9208537],[19.763093,45.9210058],[19.7615997,45.9205149]]]},"properties":{"category":"green","class":"park","name":"Petőfi Brigád Park","osmType":"way","osmId":82680548}},{"type":"Feature","geometry":{"type":"Polygon","coordinates":[[[19.6320725,46.1418073],[19.6297397,46.1437397],[19.6291195,46.1436341],[19.6281602,46.1434102],[19.6281794,46.1429649],[19.6278782,46.1429461],[19.6274757,46.1433651],[19.626351,46.1432068],[19.6242815,46.1449657],[19.6218082,46.1435801],[19.6169778,46.140971],[19.6168609,46.1405508],[19.6173066,46.1397939],[19.6171349,46.1392902],[19.6159549,46.1392472],[19.6151805,46.1394041],[19.6142891,46.1394269],[19.6141423,46.1394295],[19.6120485,46.1382825],[19.6074568,46.1357571],[19.6093202,46.1346887],[19.6121219,46.1331276],[19.6145259,46.1308345],[19.6148358,46.1303314],[19.6152009,46.1290332],[19.6176408,46.1303808],[19.6196302,46.1314605],[19.6212665,46.1323514],[19.6228612,46.1332206],[19.6241366,46.13392],[19.6291585,46.1366867],[19.6318829,46.1381861],[19.6343203,46.1394856],[19.6341582,46.1397124],[19.633243,46.1406387],[19.6320725,46.1418073]]]},"properties":{"category":"green","class":"forest","name":"Дашчанска шума","osmType":"way","osmId":85205827}},{"type":"Feature","geometry":{"type":"Polygon","coordinates":[[[19.5985103,46.1721842],[19.5946881,46.1726945],[19.594674,46.1726964],[19.5946694,46.1725527],[19.5946495,46.1719332],[19.5957351,46.1709638],[19.5964012,46.1704851],[19.596453,46.1704478],[19.5966424,46.1703118],[19.5967436,46.1702391],[19.597313,46.1700987],[19.5973219,46.1697462],[19.5973367,46.1691654],[19.5969262,46.1686198],[19.597162,46.1676891],[19.5976086,46.1668101],[19.5978378,46.1663412],[19.5981547,46.1661928],[19.5986717,46.1658846],[19.5991375,46.1658224],[19.6003808,46.1662544],[19.6011435,46.1668534],[19.6007751,46.1674385],[19.5998423,46.1679676],[19.599325,46.1688457],[19.59981,46.1692448],[19.6001023,46.1693361],[19.6027137,46.1701517],[19.6027571,46.1701652],[19.602799,46.170189],[19.6040819,46.1709184],[19.6037097,46.171651],[19.6036788,46.1716619],[19.6028424,46.1719565],[19.6035699,46.1721856],[19.6042337,46.1719623],[19.6048356,46.1721392],[19.6047597,46.1724215],[19.6048556,46.1728003],[19.6044487,46.173172],[19.6038827,46.1731865],[19.6034937,46.1727866],[19.6026537,46.1728016],[19.601872,46.1722717],[19.601358,46.1721549],[19.6009591,46.1720642],[19.5985103,46.1721842]]]},"properties":{"category":"green","class":"forest","name":"","osmType":"way","osmId":86953909}},{"type":"Feature","geometry":{"type":"Polygon","coordinates":[[[19.5842807,46.1738162],[19.5840963,46.1738286],[19.5837993,46.1738421],[19.583585,46.1740027],[19.5834776,46.1743363],[19.5834438,46.1745485],[19.5834039,46.1747991],[19.5833356,46.1748821],[19.5831895,46.1749442],[19.5800284,46.1750048],[19.5800227,46.1750049],[19.5799525,46.1750149],[19.5764847,46.1755107],[19.574751,46.175789],[19.5729415,46.1762162],[19.5725858,46.1760619],[19.572738,46.1756878],[19.5731243,46.1756135],[19.5737036,46.1750192],[19.5741113,46.1745214],[19.5745691,46.1744366],[19.5750555,46.1744322],[19.575549,46.1742539],[19.5758494,46.1740236],[19.5763966,46.1742465],[19.5768043,46.1738007],[19.5772978,46.174031],[19.5783599,46.1727829],[19.579111,46.1717502],[19.5802267,46.1706134],[19.5806881,46.1700636],[19.5810476,46.1700457],[19.5809567,46.1708307],[19.5810855,46.1713237],[19.5812137,46.1715828],[19.5813545,46.1718675],[19.5808326,46.1721784],[19.580708,46.1722526],[19.580615,46.1722921],[19.5799214,46.1725868],[19.5797649,46.1731745],[19.5801146,46.1733262],[19.5808217,46.173335],[19.5813899,46.1732438],[19.5823873,46.1729613],[19.5833141,46.172678],[19.583377,46.1725154],[19.5835413,46.1720911],[19.5835175,46.1717824],[19.5834882,46.1714026],[19.5835027,46.1713536],[19.5837205,46.1706193],[19.5845108,46.1701377],[19.5851131,46.1699376],[19.5851509,46.1699982],[19.5863503,46.1701112],[19.5871824,46.1707603],[19.5871815,46.1707952],[19.5871701,46.1712436],[19.587151,46.1719883],[19.5871049,46.1721075],[19.5869711,46.1721122],[19.5866363,46.172151],[19.5863219,46.1723618],[19.5859804,46.1726668],[19.5859594,46.1726907],[19.5852105,46.1731928],[19.5850715,46.173286],[19.5842807,46.1738162]]]},"properties":{"category":"green","class":"forest","name":"","osmType":"way","osmId":86954108}},{"type":"Feature","geometry":{"type":"Polygon","coordinates":[[[19.6379381,46.1494495],[19.6339496,46.147316],[19.634161,46.1471115],[19.6389059,46.1427826],[19.6396005,46.14261],[19.6401986,46.1429498],[19.6399949,46.1437217],[19.6385778,46.144568],[19.6391879,46.1450142],[19.6402373,46.1457479],[19.6402851,46.1460499],[19.6401331,46.146421],[19.6414325,46.1470709],[19.6418463,46.1471364],[19.6420605,46.1468527],[19.6427966,46.1471516],[19.6420648,46.1478165],[19.6419915,46.1478832],[19.6397392,46.149492],[19.6383005,46.1496738],[19.6379381,46.1494495]]]},"properties":{"category":"green","class":"forest","name":"","osmType":"way","osmId":87662733}},{"type":"Feature","geometry":{"type":"Polygon","coordinates":[[[19.5866005,46.1624009],[19.5858796,46.1625438],[19.5851014,46.1628979],[19.5846466,46.1631553],[19.5823108,46.1639896],[19.5822172,46.164023],[19.5814781,46.16363],[19.5816046,46.1632082],[19.5816284,46.1629151],[19.5811222,46.1627344],[19.5814069,46.1623592],[19.5812685,46.1620771],[19.580707,46.1618169],[19.5801468,46.1621648],[19.5798054,46.1626467],[19.5794179,46.1628467],[19.579153,46.1626248],[19.57837,46.1621428],[19.5778125,46.1619511],[19.5765352,46.1612801],[19.5750721,46.1605542],[19.5736328,46.1601242],[19.5732334,46.1597901],[19.5723932,46.1593739],[19.5739243,46.1572865],[19.5757232,46.1564888],[19.5788551,46.1548863],[19.5810695,46.1536442],[19.5856081,46.1565323],[19.5891552,46.1587739],[19.5886463,46.1590479],[19.5881405,46.1593574],[19.5869812,46.1601229],[19.5863409,46.1607241],[19.5866005,46.1624009]]]},"properties":{"category":"green","class":"forest","name":"","osmType":"way","osmId":87662742}},{"type":"Feature","geometry":{"type":"Polygon","coordinates":[[[19.6263695,46.1461631],[19.6268803,46.1464401],[19.6285951,46.147417],[19.6302195,46.148283],[19.6315484,46.1490099],[19.6309641,46.1495665],[19.629623,46.1509478],[19.6287764,46.1517346],[19.6276067,46.1527869],[19.6268039,46.1523861],[19.6258726,46.1519212],[19.623273,46.1507674],[19.6237717,46.1506828],[19.6225044,46.1500748],[19.6219762,46.1504003],[19.6215483,46.1502836],[19.6198871,46.1504104],[19.6186192,46.1500529],[19.6194157,46.1487829],[19.6205519,46.147715],[19.6216258,46.1467134],[19.6238555,46.1448529],[19.623905,46.1448116],[19.6242437,46.1449728],[19.6263695,46.1461631]]]},"properties":{"category":"green","class":"forest","name":"","osmType":"way","osmId":87662760}},{"type":"Feature","geometry":{"type":"Polygon","coordinates":[[[19.6098593,46.157562],[19.6098297,46.1573842],[19.6092427,46.1568612],[19.6079426,46.1560721],[19.6077816,46.1557738],[19.6077407,46.1555259],[19.6078725,46.155294],[19.6079663,46.155129],[19.6093304,46.1548704],[19.6097575,46.1547207],[19.6104146,46.1544904],[19.610694,46.1542099],[19.6107588,46.1542981],[19.6108171,46.1542965],[19.6109883,46.1544095],[19.6113117,46.154777],[19.6159782,46.1572402],[19.6122833,46.1599518],[19.6100489,46.1617727],[19.6086767,46.161329],[19.6085995,46.1622321],[19.6080846,46.1625374],[19.6078375,46.1632056],[19.6074399,46.1635867],[19.6063504,46.1640073],[19.6048541,46.1649339],[19.6037687,46.1655074],[19.6028609,46.1657715],[19.6018359,46.1660341],[19.6011158,46.1656729],[19.5997502,46.1657349],[19.5991375,46.1658167],[19.5986655,46.1658789],[19.5981485,46.1661871],[19.5978378,46.1663326],[19.5975821,46.1664609],[19.5975663,46.166453],[19.5968558,46.1660982],[19.5968262,46.1650365],[19.5969232,46.1650274],[19.5975634,46.1649669],[19.5977123,46.1646739],[19.5980546,46.1645602],[19.5988484,46.1644913],[19.5991937,46.1642597],[19.5997187,46.1636372],[19.6002576,46.1634865],[19.6012001,46.1632229],[19.6020603,46.1627616],[19.6021427,46.1617406],[19.601978,46.1615421],[19.6012418,46.1615724],[19.6010236,46.1612552],[19.6010372,46.161208],[19.6011476,46.1608243],[19.6013372,46.1606549],[19.6013922,46.1606058],[19.6014618,46.1605437],[19.6018421,46.1602039],[19.6025848,46.1601674],[19.6029644,46.1598853],[19.6033244,46.1597503],[19.6038739,46.1598716],[19.604036,46.1596799],[19.6051946,46.1602359],[19.6055299,46.1600829],[19.6061005,46.1592474],[19.6067631,46.1589182],[19.6076273,46.1589032],[19.6077089,46.1588583],[19.6077199,46.1587787],[19.6081476,46.1587055],[19.6085121,46.1585708],[19.6087423,46.158456],[19.6092867,46.1581843],[19.6095829,46.1579586],[19.6096619,46.1577945],[19.6098593,46.157562]]]},"properties":{"category":"green","class":"forest","name":"","osmType":"way","osmId":87662779}},{"type":"Feature","geometry":{"type":"Polygon","coordinates":[[[19.6132601,46.1468985],[19.6107585,46.1490585],[19.6091153,46.1481938],[19.6078604,46.1475911],[19.6062969,46.1467414],[19.6083352,46.1462966],[19.6089623,46.1457708],[19.6094316,46.1454209],[19.6098663,46.1448657],[19.6100659,46.1446107],[19.6100873,46.1437575],[19.6107611,46.1434101],[19.6116386,46.1431007],[19.6125232,46.1431114],[19.6125498,46.1430716],[19.612783,46.1426416],[19.6133274,46.1422154],[19.614092,46.1418743],[19.6146015,46.1416538],[19.614848,46.1415753],[19.615265,46.1412954],[19.6152524,46.1412626],[19.6152661,46.1412581],[19.6152813,46.1411761],[19.6152386,46.1407829],[19.6152264,46.1407037],[19.6151708,46.1403437],[19.614967,46.1400856],[19.6147066,46.1399911],[19.6142997,46.139977],[19.6138928,46.139963],[19.6137656,46.1397971],[19.613819,46.1395009],[19.613817,46.1394754],[19.6142952,46.1394338],[19.6151771,46.13942],[19.6159569,46.1392578],[19.6171195,46.1392964],[19.6172835,46.1397886],[19.6168415,46.1405431],[19.6169733,46.1410034],[19.6177136,46.1413957],[19.6193336,46.1422845],[19.6212212,46.1433304],[19.6209581,46.1436055],[19.6192265,46.1437983],[19.6177935,46.1448227],[19.6172399,46.144755],[19.617316,46.1440887],[19.6164094,46.1441563],[19.6163537,46.1441376],[19.6156804,46.1439117],[19.615499,46.1443812],[19.6156209,46.14447],[19.6160546,46.1448431],[19.6164444,46.1447878],[19.6149328,46.1455856],[19.6148071,46.1456096],[19.6146453,46.1456405],[19.6142372,46.1460457],[19.6141916,46.1460818],[19.6140808,46.1461765],[19.6132601,46.1468985]]]},"properties":{"category":"green","class":"forest","name":"","osmType":"way","osmId":87662780}},{"type":"Feature","geometry":{"type":"Polygon","coordinates":[[[19.6992299,46.1858535],[19.6990823,46.186145],[19.6988012,46.1864895],[19.6980735,46.186906],[19.6980515,46.1869178],[19.6972954,46.1868661],[19.6958325,46.1860363],[19.6947887,46.1853643],[19.694113,46.1850133],[19.6934802,46.1845383],[19.6939771,46.1838143],[19.6936472,46.1830918],[19.6925067,46.1832712],[19.6923679,46.1828685],[19.6912797,46.1831654],[19.6909271,46.1830577],[19.6923062,46.1818202],[19.6938768,46.1825744],[19.6950215,46.1817685],[19.6945898,46.1808265],[19.6942031,46.1809588],[19.6936059,46.1800466],[19.6935424,46.1793863],[19.6935884,46.1789245],[19.6936281,46.178525],[19.6936347,46.1784588],[19.6939194,46.1783155],[19.6940715,46.178239],[19.694774,46.1778853],[19.6965943,46.1772097],[19.6966903,46.177174],[19.6985237,46.1769994],[19.6997897,46.1770137],[19.7002005,46.1775868],[19.7014297,46.1776748],[19.701114,46.1769011],[19.7013521,46.1763961],[19.702128,46.1763072],[19.7033815,46.176859],[19.7044207,46.1774719],[19.7045468,46.1775463],[19.7053246,46.178005],[19.7046688,46.1785109],[19.7038635,46.1786027],[19.7030426,46.1795265],[19.7021895,46.1792745],[19.7008178,46.1789796],[19.6998114,46.1790592],[19.698249,46.1788833],[19.6969942,46.1790542],[19.695507,46.1791397],[19.695698,46.1794499],[19.6977333,46.1793459],[19.6990852,46.1797295],[19.7012904,46.1796338],[19.7028837,46.1797687],[19.7044749,46.1801273],[19.7045975,46.1794956],[19.7039476,46.179209],[19.7044398,46.1787563],[19.7053183,46.1784589],[19.7062218,46.1787483],[19.7064028,46.1791471],[19.7064894,46.1793378],[19.7069772,46.1795388],[19.7073919,46.1798033],[19.7075948,46.1799328],[19.7075997,46.1799336],[19.7078112,46.1800505],[19.7077847,46.180064],[19.7073637,46.1802794],[19.7067273,46.1811977],[19.7032221,46.1836506],[19.7031676,46.183792],[19.7030697,46.1840464],[19.7010026,46.1862028],[19.6997938,46.185811],[19.6992299,46.1858535]]]},"properties":{"category":"green","class":"forest","name":"Јасеновачка шума","osmType":"way","osmId":88089705}},{"type":"Feature","geometry":{"type":"Polygon","coordinates":[[[19.604432,46.1439114],[19.6037215,46.1429355],[19.6037455,46.1425784],[19.6040452,46.1423459],[19.6040212,46.1417562],[19.6046565,46.141316],[19.6052199,46.141698],[19.6058792,46.1418392],[19.6059511,46.142105],[19.606047,46.1425286],[19.6066943,46.1423874],[19.607018,46.1417977],[19.6066823,46.1412246],[19.6058912,46.1412246],[19.6054956,46.1409256],[19.6049562,46.1408176],[19.6044287,46.1408176],[19.6039493,46.1410336],[19.6031701,46.141291],[19.6027505,46.1411914],[19.6024946,46.140475],[19.6027485,46.1396982],[19.6033243,46.1389007],[19.604887,46.1375993],[19.6074433,46.1357977],[19.6100048,46.1371958],[19.612032,46.1383021],[19.6131071,46.1388916],[19.6128378,46.139143],[19.6128112,46.1392723],[19.6125753,46.1395909],[19.6120618,46.14016],[19.611558,46.1408662],[19.6111136,46.1412992],[19.6110836,46.1413312],[19.6108147,46.1414797],[19.6106648,46.1414909],[19.6098306,46.1415531],[19.6093682,46.1418376],[19.6090646,46.1419066],[19.608242,46.1420673],[19.6077008,46.1424305],[19.6075547,46.1425913],[19.6069852,46.1432184],[19.6057097,46.1434873],[19.605241,46.1442213],[19.6050708,46.1443569],[19.604914,46.1443937],[19.6047436,46.1444152],[19.6046026,46.1443426],[19.6044903,46.1442137],[19.604432,46.1439114]]]},"properties":{"category":"green","class":"forest","name":"","osmType":"way","osmId":88090224}},{"type":"Feature","geometry":{"type":"Polygon","coordinates":[[[19.5900642,46.1560044],[19.5899235,46.1564155],[19.5897332,46.1569712],[19.5892123,46.1584929],[19.5890567,46.158598],[19.5851546,46.1561088],[19.5811487,46.1536035],[19.5827116,46.1527731],[19.5854767,46.1501091],[19.5869496,46.1492079],[19.5890152,46.1476215],[19.5913669,46.1461369],[19.5926183,46.1453001],[19.5938205,46.1447145],[19.5958679,46.142502],[19.5974833,46.1419164],[19.5983098,46.1423589],[19.6014279,46.1411485],[19.6018036,46.1409663],[19.602029,46.1410053],[19.6022732,46.1413698],[19.6043582,46.1443761],[19.6043207,46.1447796],[19.6046024,46.1449748],[19.6057294,46.1465625],[19.6069692,46.1483193],[19.607157,46.1485015],[19.6061239,46.1490741],[19.6054101,46.1492693],[19.6049969,46.148944],[19.6035505,46.1498158],[19.601597,46.1493083],[19.5996247,46.1504014],[19.5943108,46.1534755],[19.5918731,46.1549816],[19.5900642,46.1560044]]]},"properties":{"category":"green","class":"forest","name":"Келебијска шума","osmType":"way","osmId":88091246}},{"type":"Feature","geometry":{"type":"Polygon","coordinates":[[[19.6399738,46.0790232],[19.6405718,46.0786182],[19.6408708,46.0788503],[19.6403013,46.0792553],[19.6399738,46.0790232]]]},"properties":{"category":"water-area","class":"water","name":"","osmType":"way","osmId":89109321}},{"type":"Feature","geometry":{"type":"Polygon","coordinates":[[[19.6859575,46.0630682],[19.6859526,46.0629777],[19.6861226,46.0626618],[19.6862909,46.0625137],[19.6864398,46.0623475],[19.686608,46.0621544],[19.6866922,46.0619927],[19.6870702,46.0620138],[19.6871225,46.0632137],[19.6859575,46.0630682]]]},"properties":{"category":"green","class":"forest","name":"","osmType":"way","osmId":89109553}},{"type":"Feature","geometry":{"type":"Polygon","coordinates":[[[19.7051657,46.1028933],[19.7051569,46.1027579],[19.7051528,46.1026959],[19.7082399,46.1030279],[19.7104856,46.1033196],[19.710615,46.1034363],[19.7105891,46.1035664],[19.7080587,46.1032747],[19.7051657,46.1028933]]]},"properties":{"category":"green","class":"forest","name":"","osmType":"way","osmId":99404594}},{"type":"Feature","geometry":{"type":"Polygon","coordinates":[[[19.7874517,45.8817575],[19.7874436,45.8815393],[19.787741,45.8811337],[19.7883397,45.880535],[19.7893805,45.8795475],[19.7906785,45.8782438],[19.7917113,45.8771807],[19.7919604,45.8769317],[19.7919564,45.8767107],[19.7917394,45.8766659],[19.7910603,45.8764225],[19.7910241,45.8763749],[19.7910522,45.8763134],[19.7911286,45.876305],[19.7917675,45.8765568],[19.7917876,45.8766072],[19.7919926,45.8766295],[19.7921453,45.8764057],[19.7925391,45.8759413],[19.7941344,45.874492],[19.7943474,45.874299],[19.7948176,45.8741283],[19.7950306,45.874008],[19.7961477,45.8729364],[19.797301,45.8716018],[19.7984986,45.8701636],[19.8001381,45.8681126],[19.8007208,45.8674075],[19.8011508,45.8666604],[19.8016933,45.8656166],[19.8018339,45.8655187],[19.8019505,45.8655915],[19.8019263,45.8656306],[19.8016169,45.8661903],[19.80142,45.8665289],[19.8016089,45.8665121],[19.8017777,45.8663274],[19.8020067,45.8660644],[19.8023046,45.8657336],[19.8023644,45.8658209],[19.802063,45.8661315],[19.8019304,45.866333],[19.8018379,45.8664589],[19.8016852,45.8665848],[19.8013959,45.8665932],[19.8012472,45.8668842],[19.8011869,45.8670186],[19.8010182,45.8673236],[19.8008976,45.8674019],[19.7999814,45.868538],[19.7997885,45.8687926],[19.7995434,45.8691284],[19.7991696,45.8695984],[19.7985709,45.8703679],[19.7984865,45.8704938],[19.7983217,45.8706393],[19.7978837,45.8711457],[19.7973975,45.8717361],[19.7970519,45.8720831],[19.7962803,45.8729784],[19.7957338,45.8735464],[19.7953239,45.8739045],[19.7950426,45.8741647],[19.794685,45.8742906],[19.7944278,45.8744053],[19.7941344,45.8746515],[19.7930695,45.8756056],[19.7922739,45.8764225],[19.7921172,45.8766127],[19.7921172,45.8768533],[19.7920328,45.8770268],[19.7919243,45.8771303],[19.7909437,45.8781711],[19.7893805,45.8796929],[19.7888053,45.880251],[19.7881951,45.8808231],[19.7877972,45.881254],[19.7874517,45.8817575]]]},"properties":{"category":"water-area","class":"river","name":"","osmType":"way","osmId":101691487}},{"type":"Feature","geometry":{"type":"Polygon","coordinates":[[[19.7510818,46.0643523],[19.7511716,46.0641559],[19.7511837,46.0640396],[19.7512212,46.0639214],[19.7513661,46.063579],[19.7516692,46.0629872],[19.7518288,46.062654],[19.7520138,46.0622967],[19.7521023,46.0621301],[19.752162,46.0620278],[19.7522753,46.0618672],[19.7525087,46.0616495],[19.7529896,46.0612667],[19.7535315,46.0607564],[19.7542832,46.0602368],[19.7543004,46.0602478],[19.7544434,46.0601662],[19.7544568,46.0601777],[19.7545341,46.060128],[19.7545714,46.0601573],[19.7546559,46.0601082],[19.7546912,46.060141],[19.7546107,46.060182],[19.7543366,46.0603164],[19.7540865,46.0604716],[19.7535539,46.0608337],[19.7533922,46.0609856],[19.7532162,46.0611462],[19.7529638,46.0614308],[19.7525918,46.0617244],[19.7524182,46.0618817],[19.7523384,46.0619556],[19.7522465,46.0620896],[19.7521748,46.0622576],[19.7520809,46.0625051],[19.7519977,46.0626801],[19.751936,46.0628187],[19.7518569,46.0629993],[19.7516517,46.0634162],[19.751531,46.0636953],[19.7514184,46.0639103],[19.7513433,46.064008],[19.7513272,46.0640647],[19.7513299,46.0641001],[19.7513366,46.0641792],[19.7513325,46.0641978],[19.7513111,46.0642462],[19.7512642,46.0643029],[19.7512286,46.0643504],[19.7511565,46.0643513],[19.7510818,46.0643523]]]},"properties":{"category":"water-area","class":"canal","name":"","osmType":"way","osmId":219441734}},{"type":"Feature","geometry":{"type":"Polygon","coordinates":[[[19.7055352,46.0802824],[19.705857,46.0802964],[19.7060005,46.0802908],[19.7060475,46.0802917],[19.7060958,46.0802973],[19.7061373,46.0803234],[19.7062325,46.0804648],[19.7065142,46.0809931],[19.7065142,46.0810285],[19.7064874,46.0810452],[19.7061387,46.0811215],[19.7060662,46.0811234],[19.7059965,46.0811103],[19.7059026,46.0810694],[19.705798,46.0810285],[19.7057202,46.0810173],[19.7056425,46.0810136],[19.705385,46.0810434],[19.704878,46.0811215],[19.704465,46.0811903],[19.7036254,46.0813224],[19.7030032,46.0814285],[19.70292,46.0814397],[19.7028194,46.0814443],[19.7027108,46.0814471],[19.7026384,46.0814638],[19.7026049,46.0814787],[19.7025633,46.0815141],[19.7025351,46.0815336],[19.7025096,46.0815392],[19.7024828,46.0815355],[19.7024252,46.0815206],[19.7023568,46.0815103],[19.7023071,46.0815066],[19.702161,46.0815178],[19.7021301,46.0815085],[19.7021221,46.0814917],[19.7021288,46.0814638],[19.7031346,46.0798694],[19.7031668,46.0797689],[19.7031748,46.0796945],[19.7031614,46.079488],[19.7031185,46.0787214],[19.7031292,46.0786451],[19.7031668,46.0786135],[19.7032392,46.0786024],[19.7033814,46.0786154],[19.703773,46.0786786],[19.7039044,46.0787103],[19.703958,46.0787382],[19.7040117,46.078794],[19.704119,46.0790173],[19.7042128,46.079181],[19.7043255,46.0793745],[19.704473,46.0795717],[19.704693,46.0798108],[19.7048405,46.0799457],[19.7050631,46.080115],[19.7051825,46.080194],[19.705283,46.0802434],[19.7053984,46.0802694],[19.7055352,46.0802824]]]},"properties":{"category":"water-area","class":"reservoir","name":"","osmType":"way","osmId":219444592}},{"type":"Feature","geometry":{"type":"Polygon","coordinates":[[[19.7052026,46.0832871],[19.7051194,46.0832852],[19.7050604,46.0833038],[19.7050309,46.0833485],[19.7049826,46.0834378],[19.7049129,46.0834992],[19.7045991,46.0836536],[19.7044945,46.0836815],[19.7044328,46.0836815],[19.7043309,46.0836666],[19.7040546,46.0836331],[19.7039044,46.0836443],[19.7037059,46.0836852],[19.7036281,46.0836926],[19.703553,46.0836936],[19.7034967,46.083675],[19.7034551,46.0836536],[19.703427,46.0836294],[19.7033921,46.0835708],[19.7033773,46.0835596],[19.7033425,46.0835512],[19.7032969,46.083554],[19.7032553,46.0835633],[19.703203,46.0835596],[19.7031628,46.0835447],[19.7031118,46.0835299],[19.7030863,46.0835299],[19.7030622,46.0835373],[19.7030541,46.083554],[19.7030662,46.0835987],[19.7030783,46.0836312],[19.7030662,46.0836526],[19.7030421,46.0836601],[19.7029951,46.0836573],[19.7028919,46.0836433],[19.702802,46.0836387],[19.7027349,46.0836331],[19.7026585,46.083635],[19.7026169,46.0836257],[19.7025673,46.0836024],[19.7025351,46.0835782],[19.7025231,46.083554],[19.702515,46.083514],[19.7025163,46.0834675],[19.7024976,46.0834303],[19.702456,46.0833671],[19.7024292,46.0833271],[19.7024211,46.0832852],[19.7024278,46.0832313],[19.7024386,46.0831745],[19.7024225,46.0831243],[19.7023956,46.0830648],[19.7023769,46.083008],[19.7023715,46.0829364],[19.7023621,46.082822],[19.7023433,46.0827773],[19.7023205,46.082741],[19.7022508,46.0826834],[19.702224,46.0826499],[19.7022159,46.0826229],[19.7022213,46.0825903],[19.702224,46.0825587],[19.7022226,46.082528],[19.702161,46.0823569],[19.7020885,46.0821057],[19.7021019,46.0820536],[19.7021502,46.0820108],[19.7023326,46.0819717],[19.7027564,46.0818955],[19.7032419,46.0818155],[19.7035879,46.081769],[19.7041807,46.0816908],[19.7052133,46.0815438],[19.7058611,46.0814415],[19.7059254,46.0814341],[19.7059791,46.0814341],[19.7060139,46.0814257],[19.70603,46.0814062],[19.7060327,46.0813866],[19.7060193,46.081368],[19.7059523,46.0813392],[19.7059134,46.0813141],[19.7059053,46.0812908],[19.7059134,46.081261],[19.7059482,46.0812303],[19.7059965,46.0812099],[19.7060716,46.0811876],[19.7061762,46.0811773],[19.7062674,46.0811727],[19.7063237,46.0811662],[19.706376,46.0811448],[19.706431,46.0811141],[19.7064713,46.0810983],[19.7065236,46.0810899],[19.7065517,46.0810936],[19.7065692,46.0811085],[19.7068146,46.0816852],[19.706997,46.0820927],[19.7071096,46.0823792],[19.7071043,46.0824183],[19.7070749,46.0824541],[19.7070161,46.0824739],[19.7068337,46.082526],[19.7066429,46.0825876],[19.7064203,46.0826806],[19.7061869,46.0827996],[19.705916,46.0829448],[19.7055244,46.0831457],[19.7053555,46.0832368],[19.7052669,46.0832778],[19.7052026,46.0832871]]]},"properties":{"category":"water-area","class":"reservoir","name":"","osmType":"way","osmId":219446104}},{"type":"Feature","geometry":{"type":"Polygon","coordinates":[[[19.7016839,46.0834636],[19.7016266,46.0832121],[19.7016675,46.0831151],[19.7017442,46.0829858],[19.7018578,46.0828947],[19.7021103,46.0828915],[19.7021873,46.0830891],[19.7023267,46.0832813],[19.7022435,46.0834316],[19.7021511,46.083428],[19.7019956,46.083511],[19.7016839,46.0834636]]]},"properties":{"category":"water-area","class":"water","name":"","osmType":"way","osmId":219446109}},{"type":"Feature","geometry":{"type":"Polygon","coordinates":[[[19.7029545,46.0794771],[19.703076,46.0796738],[19.7025422,46.0806208],[19.7018846,46.0816817],[19.7018372,46.0817157],[19.7017926,46.0817293],[19.6996772,46.0820168],[19.6994967,46.0819423],[19.6990206,46.0819926],[19.6988186,46.0819863],[19.6987093,46.0819545],[19.6986752,46.0819345],[19.6986276,46.0817507],[19.6986156,46.0816789],[19.6985982,46.0816402],[19.6987562,46.0815817],[19.6990319,46.0814107],[19.6998182,46.0810175],[19.7000511,46.0809348],[19.7004163,46.0806516],[19.7005367,46.0805097],[19.7006758,46.0803447],[19.7008937,46.0801856],[19.7011582,46.0799213],[19.7014479,46.0796385],[19.7017698,46.0795015],[19.7029545,46.0794771]]]},"properties":{"category":"water-area","class":"reservoir","name":"","osmType":"way","osmId":219446110}},{"type":"Feature","geometry":{"type":"Polygon","coordinates":[[[19.6950401,46.0832831],[19.695201,46.0832757],[19.6957482,46.0832608],[19.6958769,46.0836627],[19.6958516,46.0837811],[19.6955732,46.0837844],[19.6951506,46.0837578],[19.6946609,46.0836679],[19.6944737,46.0835979],[19.6944634,46.0835529],[19.6944654,46.0835187],[19.6944741,46.0833669],[19.69456,46.0833073],[19.6950401,46.0832831]]]},"properties":{"category":"water-area","class":"water","name":"","osmType":"way","osmId":219446113}},{"type":"Feature","geometry":{"type":"Polygon","coordinates":[[[19.7474797,46.09897],[19.7476006,46.0990163],[19.7472383,46.0993568],[19.7468467,46.0997176],[19.7466482,46.0998069],[19.7465033,46.0998925],[19.7464819,46.0999482],[19.7466804,46.099978],[19.7470612,46.1000078],[19.7474099,46.1000673],[19.7476114,46.1001657],[19.7476382,46.1002475],[19.7473885,46.1001268],[19.7470052,46.1000727],[19.7467048,46.1000466],[19.7464658,46.100004],[19.7463317,46.099952],[19.7464122,46.0998627],[19.7465248,46.0997957],[19.7467662,46.0996581],[19.7470022,46.0994684],[19.7471471,46.0993457],[19.7471417,46.0992527],[19.7472329,46.0991559],[19.7473724,46.099063],[19.7474797,46.09897]]]},"properties":{"category":"water-area","class":"river","name":"","osmType":"way","osmId":219450224}},{"type":"Feature","geometry":{"type":"Polygon","coordinates":[[[19.6365523,46.0947646],[19.6357527,46.0943538],[19.637974,46.0930941],[19.6388765,46.0939027],[19.638438,46.0943538],[19.6378684,46.0940634],[19.6377275,46.0937281],[19.6376511,46.0937639],[19.6377611,46.0940187],[19.6369374,46.0946482],[19.6365523,46.0947646]]]},"properties":{"category":"water-area","class":"lake","name":"","osmType":"way","osmId":251620747}},{"type":"Feature","geometry":{"type":"Polygon","coordinates":[[[19.6435609,46.1019414],[19.6435072,46.1019228],[19.6434603,46.1018215],[19.6432591,46.1017043],[19.6432725,46.1016588],[19.6435099,46.1015834],[19.6435434,46.1015927],[19.6436145,46.1017304],[19.6436226,46.1018494],[19.6435609,46.1019414]]]},"properties":{"category":"green","class":"park","name":"","osmType":"way","osmId":251633224}},{"type":"Feature","geometry":{"type":"Polygon","coordinates":[[[19.6349295,46.1136683],[19.6347834,46.1135729],[19.6348436,46.1134955],[19.6349166,46.1134448],[19.6350284,46.1135312],[19.6350112,46.1136146],[19.6349295,46.1136683]]]},"properties":{"category":"water-area","class":"water","name":"","osmType":"way","osmId":253353151}},{"type":"Feature","geometry":{"type":"Polygon","coordinates":[[[19.6348221,46.1134657],[19.6346416,46.1132512],[19.6345943,46.1132065],[19.6345814,46.1131469],[19.6346545,46.1130605],[19.6347404,46.1130278],[19.6348393,46.1130367],[19.6348823,46.1130129],[19.6349381,46.1128282],[19.6350112,46.1127031],[19.6351401,46.1126345],[19.6352776,46.1127001],[19.6354237,46.112858],[19.6355397,46.1129563],[19.6356214,46.1129771],[19.6356687,46.1129652],[19.6361714,46.1132303],[19.6360167,46.1134538],[19.6358105,46.1133972],[19.6356901,46.1134478],[19.6356601,46.1135163],[19.6358663,46.1135163],[19.6358448,46.1136951],[19.6352174,46.1136414],[19.6352475,46.1134836],[19.6355397,46.113275],[19.6356858,46.1132006],[19.6355956,46.1130814],[19.6354925,46.1130754],[19.6354108,46.113132],[19.6354108,46.1131976],[19.6354366,46.1132661],[19.6353421,46.1133614],[19.6352303,46.1134389],[19.6350928,46.1134895],[19.6350112,46.1134448],[19.6349295,46.1133644],[19.6349252,46.1132214],[19.6349338,46.1131142],[19.6348522,46.1131231],[19.6348264,46.1132452],[19.6348092,46.1133495],[19.634878,46.113424],[19.6348221,46.1134657]]]},"properties":{"category":"water-area","class":"water","name":"","osmType":"way","osmId":253353152}},{"type":"Feature","geometry":{"type":"Polygon","coordinates":[[[19.4935761,46.0481787],[19.492377,46.049361],[19.4916571,46.0489972],[19.4929161,46.0478276],[19.4930474,46.0478975],[19.4939156,46.0470636],[19.4943862,46.0472891],[19.4940696,46.047601],[19.4939956,46.0476739],[19.4935158,46.0481466],[19.4935761,46.0481787]]]},"properties":{"category":"green","class":"park","name":"","osmType":"way","osmId":253354625}},{"type":"Feature","geometry":{"type":"Polygon","coordinates":[[[19.6979886,46.0817382],[19.6979956,46.0817749],[19.6979853,46.0818112],[19.6979586,46.0818434],[19.6979186,46.0818678],[19.6978693,46.0818821],[19.697816,46.0818846],[19.6977643,46.0818751],[19.6977189,46.0818541],[19.697686,46.0818239],[19.6976691,46.0817879],[19.6976703,46.08175],[19.6976893,46.0817145],[19.697724,46.0816852],[19.6977706,46.0816655],[19.697824,46.0816575],[19.6978782,46.0816621],[19.6979272,46.0816787],[19.697965,46.0817049],[19.6979886,46.0817382]]]},"properties":{"category":"water-area","class":"reservoir","name":"","osmType":"way","osmId":253822792}},{"type":"Feature","geometry":{"type":"Polygon","coordinates":[[[19.6979908,46.0819287],[19.6980479,46.0819432],[19.6980954,46.0819696],[19.6981283,46.0820051],[19.6981432,46.082046],[19.6981386,46.0820881],[19.698115,46.082127],[19.6980748,46.0821586],[19.6980197,46.0821804],[19.6979574,46.0821882],[19.6978948,46.0821814],[19.6978391,46.0821606],[19.6977963,46.0821282],[19.6977715,46.0820878],[19.6977673,46.0820439],[19.6977842,46.0820016],[19.6978204,46.0819655],[19.6978717,46.0819398],[19.6979299,46.0819275],[19.6979908,46.0819287]]]},"properties":{"category":"water-area","class":"reservoir","name":"","osmType":"way","osmId":253822794}},{"type":"Feature","geometry":{"type":"Polygon","coordinates":[[[19.6968871,46.0824113],[19.6968619,46.0824482],[19.6968205,46.0824772],[19.6967677,46.082495],[19.6967093,46.0824998],[19.6966519,46.0824909],[19.696602,46.0824694],[19.6965652,46.0824376],[19.6965459,46.0824005],[19.6965447,46.0823612],[19.6965617,46.0823236],[19.6965951,46.0822918],[19.6966414,46.082269],[19.6966958,46.0822577],[19.6967525,46.082259],[19.6968057,46.0822729],[19.6968497,46.0822977],[19.6968799,46.0823311],[19.6968933,46.0823708],[19.6968871,46.0824113]]]},"properties":{"category":"water-area","class":"reservoir","name":"","osmType":"way","osmId":253822795}},{"type":"Feature","geometry":{"type":"Polygon","coordinates":[[[19.6974573,46.0821857],[19.6969906,46.0822877],[19.6968987,46.0820854],[19.696841,46.0819605],[19.6973067,46.081857],[19.6973829,46.082022],[19.6974573,46.0821857]]]},"properties":{"category":"water-area","class":"reservoir","name":"","osmType":"way","osmId":253872916}},{"type":"Feature","geometry":{"type":"Polygon","coordinates":[[[19.6986616,46.0824185],[19.6987161,46.0824592],[19.6987478,46.0825102],[19.698753,46.0825657],[19.6987311,46.0826191],[19.6986847,46.0826643],[19.6986235,46.0826947],[19.6985517,46.0827101],[19.6984766,46.082709],[19.6984057,46.0826916],[19.6983465,46.0826595],[19.6983047,46.0826162],[19.6982849,46.0825659],[19.6982889,46.0825138],[19.6983163,46.0824653],[19.6983644,46.0824252],[19.6984329,46.0823964],[19.6985113,46.0823852],[19.6985906,46.0823928],[19.6986616,46.0824185]]]},"properties":{"category":"water-area","class":"reservoir","name":"","osmType":"way","osmId":253872919}},{"type":"Feature","geometry":{"type":"Polygon","coordinates":[[[19.6989987,46.0823502],[19.6990287,46.0822989],[19.6990818,46.0822576],[19.6991517,46.082231],[19.6992305,46.0822223],[19.6993042,46.0822312],[19.69937,46.0822557],[19.6994213,46.0822934],[19.699453,46.0823404],[19.6994617,46.0823919],[19.6994466,46.0824426],[19.6994092,46.0824875],[19.6993533,46.0825219],[19.6992846,46.0825424],[19.6992101,46.0825469],[19.6991328,46.0825334],[19.6990664,46.0825027],[19.6990187,46.0824584],[19.6989952,46.0824055],[19.6989987,46.0823502]]]},"properties":{"category":"water-area","class":"reservoir","name":"","osmType":"way","osmId":253872920}},{"type":"Feature","geometry":{"type":"Polygon","coordinates":[[[19.6966503,46.0827139],[19.6967064,46.0826938],[19.6967689,46.0826875],[19.696831,46.0826956],[19.6968859,46.0827172],[19.6969278,46.08275],[19.6969521,46.0827905],[19.696956,46.0828343],[19.6969393,46.0828766],[19.6969036,46.0829128],[19.6968529,46.082939],[19.6967926,46.0829524],[19.6967294,46.0829514],[19.6966701,46.0829363],[19.6966211,46.0829087],[19.6965877,46.0828715],[19.6965735,46.0828288],[19.69658,46.0827852],[19.6966066,46.0827455],[19.6966503,46.0827139]]]},"properties":{"category":"water-area","class":"reservoir","name":"","osmType":"way","osmId":253872921}},{"type":"Feature","geometry":{"type":"Polygon","coordinates":[[[19.6968691,46.0830259],[19.6969326,46.0830214],[19.6969949,46.0830313],[19.6970493,46.0830546],[19.6970899,46.0830888],[19.6971129,46.0831313],[19.6971144,46.0831766],[19.6970944,46.0832198],[19.697055,46.083256],[19.6970006,46.0832811],[19.6969373,46.0832925],[19.6968721,46.0832888],[19.6968123,46.0832705],[19.6967655,46.0832403],[19.6967351,46.0832014],[19.6967244,46.0831577],[19.6967346,46.0831139],[19.6967645,46.0830747],[19.6968109,46.0830443],[19.6968691,46.0830259]]]},"properties":{"category":"water-area","class":"reservoir","name":"","osmType":"way","osmId":253872923}},{"type":"Feature","geometry":{"type":"Polygon","coordinates":[[[19.6983116,46.0816675],[19.6982098,46.0816564],[19.6981185,46.0816232],[19.6980473,46.0815716],[19.6980037,46.0815068],[19.6979922,46.0814358],[19.6980141,46.0813659],[19.698067,46.0813046],[19.6981455,46.0812582],[19.6982412,46.0812317],[19.6983441,46.0812278],[19.6984367,46.0812449],[19.6985178,46.0812804],[19.69858,46.081331],[19.6986176,46.0813922],[19.6986272,46.0814583],[19.6986079,46.0815235],[19.6985615,46.0815816],[19.6984922,46.0816276],[19.6984063,46.0816571],[19.6983116,46.0816675]]]},"properties":{"category":"water-area","class":"reservoir","name":"","osmType":"way","osmId":253872927}},{"type":"Feature","geometry":{"type":"Polygon","coordinates":[[[19.6744116,46.0881666],[19.6743951,46.0881938],[19.6743737,46.0882197],[19.6743529,46.0882394],[19.6743239,46.0882633],[19.6742763,46.088293],[19.674243,46.0883117],[19.6742155,46.0883228],[19.6742017,46.0883259],[19.6741832,46.0883253],[19.6741681,46.08832],[19.6741624,46.0883094],[19.6741611,46.0882911],[19.6741679,46.0882692],[19.6741827,46.0882413],[19.6741964,46.088224],[19.674221,46.088201],[19.6742435,46.0881794],[19.6742818,46.0881508],[19.6743141,46.0881279],[19.6743479,46.0881114],[19.6743733,46.0881022],[19.6743976,46.0880985],[19.6744117,46.0881011],[19.6744206,46.0881095],[19.6744221,46.0881199],[19.6744218,46.0881342],[19.6744116,46.0881666]]]},"properties":{"category":"water-area","class":"pond","name":"","osmType":"way","osmId":253882560}},{"type":"Feature","geometry":{"type":"Polygon","coordinates":[[[19.6680184,46.09929],[19.6676424,46.0991169],[19.6678964,46.0990171],[19.6679479,46.0990097],[19.6680024,46.099021],[19.6680506,46.0990617],[19.6680679,46.0991081],[19.6680184,46.09929]]]},"properties":{"category":"green","class":"park","name":"","osmType":"way","osmId":256892127}},{"type":"Feature","geometry":{"type":"Polygon","coordinates":[[[19.6708034,46.0974605],[19.6707695,46.0975433],[19.6706642,46.0979369],[19.6705074,46.0979247],[19.669922,46.0977209],[19.6705383,46.0971067],[19.6709625,46.0971909],[19.6708034,46.0974605]]]},"properties":{"category":"green","class":"park","name":"Park Ujedinjenja","osmType":"way","osmId":256893090}},{"type":"Feature","geometry":{"type":"Polygon","coordinates":[[[19.6721068,46.0823602],[19.6708919,46.0818148],[19.6703749,46.0815389],[19.6704721,46.0814102],[19.6713721,46.0816575],[19.6714033,46.0815909],[19.6714295,46.0815968],[19.6716749,46.0816518],[19.6718214,46.0816967],[19.671831,46.0817617],[19.6719798,46.0818716],[19.6720229,46.081873],[19.6720317,46.0819588],[19.6721068,46.0823602]]]},"properties":{"category":"green","class":"park","name":"","osmType":"way","osmId":256997912}},{"type":"Feature","geometry":{"type":"Polygon","coordinates":[[[19.7645468,45.9210783],[19.7644099,45.9212509],[19.7643722,45.9212984],[19.7643292,45.9213539],[19.7642598,45.9214435],[19.7642146,45.9215015],[19.7640993,45.9214577],[19.764074,45.9214481],[19.7640544,45.9214407],[19.7639275,45.9213925],[19.7639132,45.9213871],[19.763894,45.9213798],[19.7637602,45.9213289],[19.7637389,45.9213209],[19.76372,45.9213137],[19.7630426,45.9210764],[19.763093,45.9210058],[19.7632056,45.9208537],[19.7633504,45.9206486],[19.7634901,45.9206983],[19.7637194,45.9207805],[19.7640287,45.9208914],[19.7640489,45.9208993],[19.7640721,45.9209077],[19.7642271,45.9209635],[19.7642415,45.9209687],[19.7642602,45.9209754],[19.7644086,45.9210284],[19.7644299,45.9210362],[19.7644427,45.9210409],[19.7645468,45.9210783]]]},"properties":{"category":"green","class":"park","name":"","osmType":"way","osmId":257074935}},{"type":"Feature","geometry":{"type":"Polygon","coordinates":[[[19.5694626,46.1721698],[19.5644911,46.1702059],[19.5647741,46.1702009],[19.5650316,46.1702083],[19.565611,46.1702232],[19.5657826,46.1704015],[19.5659006,46.1705873],[19.5669306,46.1709513],[19.5671345,46.1710256],[19.5673276,46.171033],[19.56751,46.170981],[19.5675529,46.170877],[19.5657183,46.1702232],[19.5659221,46.1699408],[19.5645703,46.1693836],[19.5643128,46.1694059],[19.5640553,46.1695471],[19.5635785,46.1695354],[19.564022,46.1688615],[19.565096,46.169339],[19.5652355,46.1691607],[19.5662332,46.1695471],[19.5664156,46.1693167],[19.5686649,46.1701703],[19.5688981,46.1698704],[19.5710612,46.170669],[19.5713509,46.1703198],[19.5735933,46.1711348],[19.5730267,46.1718307],[19.5689047,46.1703049],[19.5682288,46.1713748],[19.5696986,46.1718577],[19.5694626,46.1721698]]]},"properties":{"category":"green","class":"forest","name":"","osmType":"way","osmId":259338675}},{"type":"Feature","geometry":{"type":"Polygon","coordinates":[[[19.5693593,46.1692771],[19.5671345,46.1684474],[19.56751,46.167957],[19.5697482,46.1687768],[19.5693593,46.1692771]]]},"properties":{"category":"green","class":"forest","name":"","osmType":"way","osmId":259339237}},{"type":"Feature","geometry":{"type":"Polygon","coordinates":[[[19.5699696,46.168345],[19.5677631,46.1675504],[19.568006,46.167227],[19.5664859,46.1666795],[19.5666482,46.1664634],[19.5681752,46.1670134],[19.5682503,46.1668945],[19.5690896,46.1672232],[19.5689276,46.167439],[19.5702834,46.1679272],[19.5699696,46.168345]]]},"properties":{"category":"green","class":"forest","name":"","osmType":"way","osmId":259339238}},{"type":"Feature","geometry":{"type":"Polygon","coordinates":[[[19.5849292,46.1661977],[19.5854386,46.166353],[19.5859518,46.166569],[19.5857085,46.1667881],[19.5851828,46.1668326],[19.5852686,46.1670258],[19.5847751,46.1676574],[19.5840348,46.168289],[19.5834661,46.168549],[19.5828761,46.1686233],[19.5822654,46.1685167],[19.5827093,46.1680813],[19.5842349,46.1665849],[19.5846578,46.1661702],[19.5849292,46.1661977]]]},"properties":{"category":"green","class":"forest","name":"","osmType":"way","osmId":259341816}},{"type":"Feature","geometry":{"type":"Polygon","coordinates":[[[19.5960603,46.1609439],[19.5976388,46.1612591],[19.6012418,46.1615724],[19.6017052,46.1615866],[19.601512,46.1620621],[19.6011043,46.1624337],[19.6012331,46.1628275],[19.6012001,46.1632229],[19.6002576,46.1634865],[19.6000422,46.1632139],[19.5997954,46.1631322],[19.5993448,46.1628498],[19.5990659,46.1630207],[19.5988835,46.1635706],[19.5991937,46.1642597],[19.5988484,46.1644913],[19.5980546,46.1645602],[19.5976604,46.1646406],[19.5975634,46.1649669],[19.5969232,46.1650274],[19.5968262,46.1650365],[19.5968558,46.1660982],[19.5975821,46.1664609],[19.5976086,46.1668101],[19.597162,46.1676891],[19.5969262,46.1686198],[19.5973367,46.1691654],[19.5973219,46.1697462],[19.597313,46.1700987],[19.5967436,46.1702391],[19.5965553,46.1699236],[19.5952893,46.1697899],[19.5942808,46.1694927],[19.5916415,46.1687496],[19.5915697,46.1687174],[19.5885543,46.1675517],[19.5881439,46.1671373],[19.5878757,46.1667063],[19.5878422,46.166437],[19.5866146,46.1658579],[19.5866964,46.1652118],[19.5863719,46.1653015],[19.5856937,46.1663445],[19.584926,46.166054],[19.5833854,46.1647874],[19.5866111,46.1626745],[19.587419,46.1632548],[19.5865857,46.1637408],[19.5871542,46.1641582],[19.5903043,46.1616611],[19.5918653,46.1605134],[19.5922351,46.1605988],[19.5948114,46.1620834],[19.5943212,46.16245],[19.5952387,46.1628579],[19.5957933,46.1623789],[19.5950059,46.1619379],[19.594933,46.1619775],[19.5945173,46.1616897],[19.5952009,46.1610627],[19.5946036,46.1612714],[19.5942335,46.1616294],[19.5934067,46.1611227],[19.5944733,46.1607771],[19.5951362,46.1607588],[19.5950716,46.1604549],[19.5946097,46.1603397],[19.5941294,46.1605764],[19.5936029,46.1607812],[19.5929932,46.1609411],[19.5921804,46.1604869],[19.5930302,46.1604421],[19.5949422,46.1591497],[19.5957551,46.1586058],[19.5965402,46.158094],[19.5973346,46.1577421],[19.5978611,46.1587722],[19.595986,46.1608068],[19.5960603,46.1609439]]]},"properties":{"category":"green","class":"forest","name":"Кривоблатска шума","osmType":"way","osmId":259341820}},{"type":"Feature","geometry":{"type":"Polygon","coordinates":[[[19.5845108,46.1701377],[19.5855333,46.1690021],[19.587762,46.1701335],[19.5887517,46.1691422],[19.587815,46.1685302],[19.5884098,46.1676034],[19.5889762,46.1678868],[19.5916261,46.1692126],[19.5878045,46.1739369],[19.5869745,46.1740916],[19.5869711,46.1721122],[19.587151,46.1719883],[19.5871824,46.1707603],[19.5863503,46.1701112],[19.5851509,46.1699982],[19.5851131,46.1699376],[19.5845108,46.1701377]]]},"properties":{"category":"green","class":"forest","name":"","osmType":"way","osmId":259341829}},{"type":"Feature","geometry":{"type":"Polygon","coordinates":[[[19.5946694,46.1725527],[19.59294,46.1732909],[19.5913142,46.1727647],[19.5939894,46.1698044],[19.5964012,46.1704851],[19.5957351,46.1709638],[19.5946495,46.1719332],[19.5946694,46.1725527]]]},"properties":{"category":"green","class":"forest","name":"","osmType":"way","osmId":259341955}},{"type":"Feature","geometry":{"type":"Polygon","coordinates":[[[19.608033,46.1583628],[19.6080762,46.1582015],[19.6079994,46.1580934],[19.607925,46.1579337],[19.6079226,46.1577143],[19.608009,46.1575629],[19.6080762,46.1575496],[19.6081627,46.1574831],[19.6082659,46.1575097],[19.6083187,46.1575879],[19.6084219,46.1576161],[19.6085852,46.1576644],[19.6087005,46.1577497],[19.6091551,46.1580861],[19.6088637,46.1583245],[19.6086788,46.1583628],[19.6084988,46.1584526],[19.6083019,46.1584858],[19.6081267,46.1584625],[19.608033,46.1583628]]]},"properties":{"category":"green","class":"forest","name":"","osmType":"way","osmId":259343332}},{"type":"Feature","geometry":{"type":"Polygon","coordinates":[[[19.6036129,46.159773],[19.6035496,46.1597319],[19.6036168,46.1596032],[19.6037434,46.1595347],[19.6038304,46.1595539],[19.6038027,46.1596881],[19.6037513,46.1597812],[19.6036129,46.159773]]]},"properties":{"category":"water-area","class":"water","name":"","osmType":"way","osmId":259343333}},{"type":"Feature","geometry":{"type":"Polygon","coordinates":[[[19.6038422,46.159291],[19.6037394,46.1593704],[19.6036485,46.1593375],[19.6039371,46.159028],[19.6041032,46.15885],[19.6043207,46.1587213],[19.6045738,46.1584474],[19.6049138,46.1580639],[19.6052855,46.1577818],[19.6056058,46.1573873],[19.6057324,46.1570888],[19.6059182,46.1569655],[19.6059696,46.1570231],[19.6059182,46.1571819],[19.6058075,46.15736],[19.6056968,46.1575024],[19.605337,46.1578941],[19.6052855,46.1579872],[19.604989,46.1582721],[19.6046529,46.1585213],[19.6043958,46.1588089],[19.6038422,46.159291]]]},"properties":{"category":"water-area","class":"water","name":"","osmType":"way","osmId":259343334}},{"type":"Feature","geometry":{"type":"Polygon","coordinates":[[[19.6016271,46.1567084],[19.5990339,46.1547142],[19.5995646,46.1543742],[19.6021913,46.1563312],[19.6016271,46.1567084]]]},"properties":{"category":"green","class":"forest","name":"","osmType":"way","osmId":259344045}},{"type":"Feature","geometry":{"type":"Polygon","coordinates":[[[19.6033957,46.1593746],[19.6025848,46.1601674],[19.6018421,46.1602039],[19.6014618,46.1605437],[19.6004068,46.1597598],[19.6012949,46.1592391],[19.600375,46.1584272],[19.5998381,46.1579508],[19.6007129,46.1573722],[19.6014886,46.1579512],[19.6025149,46.1575674],[19.603314,46.1582161],[19.6025415,46.158717],[19.6033439,46.1593347],[19.6033957,46.1593746]]]},"properties":{"category":"green","class":"forest","name":"","osmType":"way","osmId":259344047}},{"type":"Feature","geometry":{"type":"Polygon","coordinates":[[[19.5966184,46.1561937],[19.5960646,46.1558237],[19.5967095,46.1553771],[19.5973013,46.1557599],[19.5966184,46.1561937]]]},"properties":{"category":"green","class":"forest","name":"","osmType":"way","osmId":259344184}},{"type":"Feature","geometry":{"type":"Polygon","coordinates":[[[19.5949248,46.1543574],[19.5941871,46.1536566],[19.5948579,46.1532703],[19.5956803,46.1539468],[19.5949248,46.1543574]]]},"properties":{"category":"green","class":"forest","name":"","osmType":"way","osmId":259344185}},{"type":"Feature","geometry":{"type":"Polygon","coordinates":[[[19.5975041,46.1536309],[19.5961124,46.1525489],[19.5970973,46.1519725],[19.5985658,46.1530534],[19.5975041,46.1536309]]]},"properties":{"category":"green","class":"forest","name":"","osmType":"way","osmId":259344186}},{"type":"Feature","geometry":{"type":"Polygon","coordinates":[[[19.6060197,46.146772],[19.6062969,46.1467414],[19.6078604,46.1475911],[19.6106865,46.1491087],[19.6131311,46.1505521],[19.6120577,46.1513521],[19.6112464,46.1517091],[19.6109415,46.1519364],[19.610163,46.1525167],[19.610043,46.1526717],[19.6096412,46.152225],[19.6088705,46.1517791],[19.6085918,46.1512448],[19.6087122,46.1506141],[19.6080777,46.1496135],[19.6077577,46.149109],[19.6060197,46.146772]]]},"properties":{"category":"green","class":"forest","name":"","osmType":"way","osmId":259344430}},{"type":"Feature","geometry":{"type":"Polygon","coordinates":[[[19.6132264,46.1504871],[19.6119204,46.1497601],[19.6108593,46.1491128],[19.6146789,46.1456464],[19.615751,46.1462325],[19.6171835,46.1470172],[19.6154855,46.1485441],[19.6147878,46.149158],[19.6132264,46.1504871]]]},"properties":{"category":"green","class":"forest","name":"","osmType":"way","osmId":259345075}},{"type":"Feature","geometry":{"type":"Polygon","coordinates":[[[19.6059786,46.1464667],[19.6047436,46.1444152],[19.604914,46.1443937],[19.6050708,46.1443569],[19.605241,46.1442213],[19.6057097,46.1434873],[19.6069852,46.1432184],[19.6075547,46.1425913],[19.6077008,46.1424305],[19.608242,46.1420673],[19.6093682,46.1418376],[19.6096052,46.1421063],[19.6101177,46.142241],[19.6116552,46.1423879],[19.612783,46.1426416],[19.6125232,46.1431114],[19.6116386,46.1431007],[19.6107611,46.1434101],[19.6100873,46.1437575],[19.6100659,46.1446107],[19.6098663,46.1448657],[19.6094316,46.1454209],[19.6089623,46.1457708],[19.6083352,46.1462966],[19.6062969,46.1467414],[19.6060197,46.146772],[19.6059786,46.1464667]]]},"properties":{"category":"green","class":"forest","name":"","osmType":"way","osmId":259345187}},{"type":"Feature","geometry":{"type":"Polygon","coordinates":[[[19.6185563,46.1458414],[19.6177966,46.1457514],[19.6182348,46.1451341],[19.6185884,46.1448283],[19.6188832,46.1450817],[19.6192366,46.1447756],[19.6192265,46.1437983],[19.6209581,46.1436055],[19.6185563,46.1458414]]]},"properties":{"category":"green","class":"forest","name":"","osmType":"way","osmId":259345239}},{"type":"Feature","geometry":{"type":"Polygon","coordinates":[[[19.6307193,46.1615577],[19.6305321,46.162263],[19.6297325,46.1625679],[19.6289242,46.1632265],[19.6285069,46.1636839],[19.6280071,46.1635083],[19.6216891,46.1601423],[19.6230641,46.1593095],[19.6243718,46.1592728],[19.6251671,46.1596278],[19.6251249,46.1600709],[19.6251225,46.1600961],[19.625061,46.1607417],[19.6259093,46.1600562],[19.6271464,46.1596523],[19.6278356,46.1598114],[19.6282244,46.1585751],[19.6292847,46.1570816],[19.6308399,46.1573509],[19.6303543,46.1582194],[19.6301868,46.1585188],[19.6301525,46.1585802],[19.6288959,46.1608274],[19.6307193,46.1615577]]]},"properties":{"category":"green","class":"forest","name":"","osmType":"way","osmId":259345382}},{"type":"Feature","geometry":{"type":"Polygon","coordinates":[[[19.557119,46.1564779],[19.5566435,46.1562117],[19.5566,46.1561364],[19.5566045,46.1560628],[19.5571786,46.1555202],[19.5574665,46.1552889],[19.55759,46.1552289],[19.5579983,46.1553589],[19.5581351,46.1554672],[19.5582226,46.1555718],[19.5574314,46.1562257],[19.557119,46.1564779]]]},"properties":{"category":"water-area","class":"water","name":"","osmType":"way","osmId":259530565}},{"type":"Feature","geometry":{"type":"Polygon","coordinates":[[[19.5639103,46.1578122],[19.5636546,46.1578143],[19.5635043,46.1577294],[19.5633422,46.1576143],[19.5633185,46.1574609],[19.5632987,46.1573267],[19.5633818,46.1573322],[19.5634925,46.1573842],[19.5635913,46.1573842],[19.5637258,46.1573815],[19.5638405,46.1573295],[19.5639274,46.1573021],[19.56405,46.157324],[19.5641568,46.1573486],[19.5642715,46.1574692],[19.5642398,46.1575102],[19.5641528,46.1575349],[19.5640461,46.1575732],[19.5639354,46.1576253],[19.5639274,46.1577458],[19.5639103,46.1578122]]]},"properties":{"category":"water-area","class":"water","name":"","osmType":"way","osmId":259530972}},{"type":"Feature","geometry":{"type":"Polygon","coordinates":[[[19.5629338,46.1542272],[19.562903,46.1541103],[19.5628253,46.1540274],[19.5629085,46.1539769],[19.5634491,46.1537604],[19.5638855,46.1536566],[19.5640874,46.1536656],[19.5642633,46.1537649],[19.5642372,46.1538867],[19.5640939,46.1540491],[19.5637617,46.1541845],[19.5634556,46.1542431],[19.5631893,46.1542747],[19.5629935,46.1542986],[19.5629338,46.1542272]]]},"properties":{"category":"water-area","class":"water","name":"","osmType":"way","osmId":259530973}},{"type":"Feature","geometry":{"type":"Polygon","coordinates":[[[19.5612606,46.1552403],[19.5610066,46.1552177],[19.5607656,46.1550824],[19.5607721,46.1550418],[19.5608958,46.1550282],[19.5612866,46.1550237],[19.5613322,46.1549696],[19.5617361,46.154577],[19.561763,46.1545623],[19.5618319,46.154526],[19.5619119,46.1545184],[19.5619705,46.1545455],[19.5619966,46.1546041],[19.5613453,46.1552177],[19.5612606,46.1552403]]]},"properties":{"category":"water-area","class":"water","name":"","osmType":"way","osmId":259530974}},{"type":"Feature","geometry":{"type":"Polygon","coordinates":[[[19.5606874,46.1551861],[19.5594173,46.1553396],[19.558297,46.1554614],[19.5582123,46.1554433],[19.5581146,46.1553756],[19.5581406,46.155317],[19.5605115,46.1550057],[19.5606874,46.1551861]]]},"properties":{"category":"water-area","class":"water","name":"","osmType":"way","osmId":259530975}},{"type":"Feature","geometry":{"type":"Polygon","coordinates":[[[19.5559336,46.1574517],[19.5556786,46.1573383],[19.5567142,46.1563502],[19.5570261,46.1565375],[19.5559336,46.1574517]]]},"properties":{"category":"water-area","class":"water","name":"","osmType":"way","osmId":259530976}},{"type":"Feature","geometry":{"type":"Polygon","coordinates":[[[19.5547514,46.1584889],[19.5545648,46.158376],[19.5546103,46.1582226],[19.5555809,46.1573834],[19.5558621,46.1575104],[19.5547514,46.1584889]]]},"properties":{"category":"water-area","class":"water","name":"","osmType":"way","osmId":259530977}},{"type":"Feature","geometry":{"type":"Polygon","coordinates":[[[19.5585453,46.1494422],[19.5603967,46.1503679],[19.5604793,46.150734],[19.5583244,46.1496564],[19.5585453,46.1494422]]]},"properties":{"category":"green","class":"forest","name":"","osmType":"way","osmId":259532176}},{"type":"Feature","geometry":{"type":"Polygon","coordinates":[[[19.5569901,46.148579],[19.5566014,46.1482668],[19.5569813,46.1479546],[19.5573878,46.1483219],[19.5569901,46.148579]]]},"properties":{"category":"green","class":"forest","name":"","osmType":"way","osmId":259532177}},{"type":"Feature","geometry":{"type":"Polygon","coordinates":[[[19.5527753,46.1474465],[19.5524837,46.1474159],[19.5525014,46.1472445],[19.5533496,46.1464119],[19.5543128,46.1456773],[19.5547874,46.145665],[19.5546119,46.1457866],[19.5555247,46.1459436],[19.5555247,46.1461139],[19.5551346,46.1462589],[19.5545779,46.1460201],[19.553818,46.1465282],[19.5536677,46.1468466],[19.5531641,46.1470119],[19.5527753,46.1474465]]]},"properties":{"category":"green","class":"forest","name":"","osmType":"way","osmId":259532178}},{"type":"Feature","geometry":{"type":"Polygon","coordinates":[[[19.5634229,46.1451753],[19.5618589,46.1444162],[19.5624597,46.1437795],[19.5637763,46.1443488],[19.5633699,46.1447467],[19.5637587,46.1448998],[19.5634229,46.1451753]]]},"properties":{"category":"green","class":"forest","name":"","osmType":"way","osmId":259532179}},{"type":"Feature","geometry":{"type":"Polygon","coordinates":[[[19.5654817,46.1520988],[19.5649427,46.1524722],[19.565805,46.1529228],[19.5656054,46.1531211],[19.5642601,46.1525073],[19.5640944,46.1524317],[19.563794,46.1522947],[19.5644655,46.1515785],[19.5654817,46.1520988]]]},"properties":{"category":"green","class":"forest","name":"","osmType":"way","osmId":259532182}},{"type":"Feature","geometry":{"type":"Polygon","coordinates":[[[19.5381178,46.1152492],[19.5374628,46.1147952],[19.5376811,46.1146943],[19.538438,46.1150171],[19.5381178,46.1152492]]]},"properties":{"category":"green","class":"forest","name":"","osmType":"way","osmId":259535540}},{"type":"Feature","geometry":{"type":"Polygon","coordinates":[[[19.7543111,46.1501215],[19.7541091,46.1501504],[19.7534357,46.1496899],[19.7533918,46.1495688],[19.7534289,46.1494477],[19.7563548,46.1472284],[19.7565085,46.147142],[19.7566525,46.1471286],[19.7576704,46.1476875],[19.7576992,46.1478338],[19.7572959,46.1482396],[19.7561724,46.1491444],[19.7543111,46.1501215]]]},"properties":{"category":"water-area","class":"fishpond","name":"Тресетиште","osmType":"way","osmId":259538478}},{"type":"Feature","geometry":{"type":"Polygon","coordinates":[[[19.7456217,46.0926295],[19.7449419,46.0957105],[19.7440836,46.0956137],[19.744853,46.0925375],[19.7456217,46.0926295]]]},"properties":{"category":"green","class":"forest","name":"","osmType":"way","osmId":260505472}},{"type":"Feature","geometry":{"type":"Polygon","coordinates":[[[19.7479832,46.0928392],[19.748738,46.0895002],[19.749085,46.0895326],[19.748975,46.0903405],[19.7487157,46.091749],[19.7485996,46.0921671],[19.7484064,46.0928957],[19.7479832,46.0928392]]]},"properties":{"category":"green","class":"forest","name":"","osmType":"way","osmId":260506064}},{"type":"Feature","geometry":{"type":"Polygon","coordinates":[[[19.5294458,46.1115235],[19.5291883,46.1117318],[19.5294887,46.11194],[19.528845,46.1123565],[19.527815,46.1116425],[19.528845,46.1109582],[19.5294458,46.1115235]]]},"properties":{"category":"green","class":"forest","name":"","osmType":"way","osmId":260623379}},{"type":"Feature","geometry":{"type":"Polygon","coordinates":[[[19.5345098,46.103371],[19.5336257,46.1044791],[19.5335675,46.104552],[19.533394,46.1047695],[19.5319564,46.1044274],[19.532643,46.1033264],[19.5330507,46.1033859],[19.5332438,46.1029991],[19.5345098,46.103371]]]},"properties":{"category":"green","class":"forest","name":"","osmType":"way","osmId":260623636}},{"type":"Feature","geometry":{"type":"Polygon","coordinates":[[[19.5269317,46.1065266],[19.5273289,46.1060273],[19.5281193,46.1062669],[19.5269317,46.1065266]]]},"properties":{"category":"green","class":"forest","name":"","osmType":"way","osmId":260624183}},{"type":"Feature","geometry":{"type":"Polygon","coordinates":[[[19.5221287,46.0935656],[19.5195517,46.0929964],[19.5197802,46.0927059],[19.5202952,46.0925571],[19.5223648,46.0931192],[19.5221287,46.0935656]]]},"properties":{"category":"green","class":"forest","name":"","osmType":"way","osmId":260625314}},{"type":"Feature","geometry":{"type":"Polygon","coordinates":[[[19.3798024,46.0354556],[19.3794759,46.0352412],[19.3791446,46.0350611],[19.3771056,46.0341214],[19.3770343,46.0340901],[19.3769323,46.0340815],[19.3767913,46.0340787],[19.3751787,46.0343862],[19.3751126,46.0343301],[19.3754704,46.0342601],[19.3774626,46.0338492],[19.3803221,46.033202],[19.3803408,46.0331311],[19.3818446,46.0327505],[19.3820045,46.0327638],[19.382427,46.0327988],[19.3821038,46.0334736],[19.3819335,46.0334267],[19.3817306,46.0334205],[19.3815462,46.0338603],[19.3813115,46.0336887],[19.3811807,46.0337299],[19.3811647,46.0335738],[19.3813133,46.0334227],[19.3812497,46.0332704],[19.3792805,46.0336602],[19.3789483,46.0338579],[19.3790274,46.034061],[19.3789325,46.0341599],[19.3790906,46.0342587],[19.3805458,46.0336493],[19.3807356,46.0337261],[19.380704,46.0338579],[19.3806728,46.0339774],[19.3805031,46.0343175],[19.3805165,46.0347273],[19.3803929,46.0349732],[19.3800842,46.0351831],[19.379833,46.0351555],[19.3798012,46.0351623],[19.3797631,46.0351828],[19.3797515,46.0352149],[19.3797496,46.0352478],[19.3798248,46.0353742],[19.3798024,46.0354556]]]},"properties":{"category":"green","class":"forest","name":"","osmType":"way","osmId":260629689}},{"type":"Feature","geometry":{"type":"Polygon","coordinates":[[[19.393976,46.0269311],[19.3936117,46.0260196],[19.3955376,46.025584],[19.3957188,46.02611],[19.3958655,46.0261834],[19.3959762,46.0264541],[19.393976,46.0269311]]]},"properties":{"category":"green","class":"forest","name":"","osmType":"way","osmId":260631500}},{"type":"Feature","geometry":{"type":"Polygon","coordinates":[[[19.3940791,45.9534903],[19.3939378,45.9529005],[19.3950158,45.9529251],[19.3949981,45.9534165],[19.3940791,45.9534903]]]},"properties":{"category":"green","class":"forest","name":"","osmType":"way","osmId":260753090}},{"type":"Feature","geometry":{"type":"Polygon","coordinates":[[[19.4116985,45.9492267],[19.4102493,45.9493495],[19.410214,45.9488703],[19.4116608,45.9487945],[19.4116985,45.9492267]]]},"properties":{"category":"green","class":"forest","name":"","osmType":"way","osmId":260753091}},{"type":"Feature","geometry":{"type":"Polygon","coordinates":[[[19.4110799,45.9532445],[19.4109739,45.9534165],[19.4107442,45.9534534],[19.4106911,45.9536254],[19.4100196,45.9536131],[19.4098959,45.9532322],[19.4110799,45.9532445]]]},"properties":{"category":"green","class":"forest","name":"","osmType":"way","osmId":260753092}},{"type":"Feature","geometry":{"type":"Polygon","coordinates":[[[19.3808072,45.9453314],[19.380171,45.9453437],[19.3796408,45.9448399],[19.3806482,45.9447907],[19.3808072,45.9453314]]]},"properties":{"category":"green","class":"forest","name":"","osmType":"way","osmId":260753094}},{"type":"Feature","geometry":{"type":"Polygon","coordinates":[[[19.4426074,45.943697],[19.4417061,45.9436847],[19.4417415,45.9432792],[19.442519,45.9432546],[19.4426074,45.943697]]]},"properties":{"category":"green","class":"forest","name":"","osmType":"way","osmId":260754627}},{"type":"Feature","geometry":{"type":"Polygon","coordinates":[[[19.4469267,45.9576909],[19.4469018,45.9574464],[19.4479621,45.9573235],[19.4480505,45.9576184],[19.4469267,45.9576909]]]},"properties":{"category":"green","class":"forest","name":"","osmType":"way","osmId":260754629}},{"type":"Feature","geometry":{"type":"Polygon","coordinates":[[[19.5022886,46.0066003],[19.5022365,46.0066161],[19.5020505,46.0064505],[19.5022109,46.0063825],[19.502273,46.0063481],[19.5023777,46.0063213],[19.5024823,46.0062927],[19.5025851,46.0062653],[19.5025891,46.00629],[19.502506,46.0063339],[19.5023993,46.0064191],[19.5023321,46.0064603],[19.5023755,46.0065234],[19.5023835,46.0065482],[19.5022886,46.0066003]]]},"properties":{"category":"water-area","class":"water","name":"","osmType":"way","osmId":260758113}},{"type":"Feature","geometry":{"type":"Polygon","coordinates":[[[19.5034459,46.0125224],[19.5027807,46.0122169],[19.5033815,46.0116804],[19.5040038,46.011971],[19.5034459,46.0125224]]]},"properties":{"category":"green","class":"forest","name":"","osmType":"way","osmId":260758650}},{"type":"Feature","geometry":{"type":"Polygon","coordinates":[[[19.5100871,46.0160243],[19.5084563,46.0152644],[19.5094004,46.0143255],[19.5110097,46.0151302],[19.5100871,46.0160243]]]},"properties":{"category":"green","class":"forest","name":"","osmType":"way","osmId":260758651}},{"type":"Feature","geometry":{"type":"Polygon","coordinates":[[[19.5799899,46.1645353],[19.5805118,46.1640861],[19.5810525,46.1643236],[19.5804171,46.164775],[19.5799899,46.1645353]]]},"properties":{"category":"green","class":"forest","name":"","osmType":"way","osmId":260965761}},{"type":"Feature","geometry":{"type":"Polygon","coordinates":[[[19.7262552,46.0769105],[19.725853,46.0770313],[19.7257286,46.0770256],[19.7257452,46.076968],[19.7262926,46.0768213],[19.7262428,46.076666],[19.7263879,46.076643],[19.7264004,46.0767609],[19.7264626,46.0767897],[19.7266533,46.0767667],[19.7268316,46.0767609],[19.7269643,46.0767983],[19.7271094,46.0768846],[19.7273002,46.0770601],[19.7273914,46.0772355],[19.7276167,46.0777172],[19.7283824,46.0794992],[19.7284542,46.0797268],[19.7283854,46.0800643],[19.7283427,46.0800579],[19.7282901,46.08005],[19.7283517,46.0797126],[19.7280382,46.0790419],[19.7274977,46.0776929],[19.7272131,46.0771119],[19.7270597,46.0769709],[19.7269145,46.0768875],[19.7266367,46.0768559],[19.726504,46.0768616],[19.7262552,46.0769105]]]},"properties":{"category":"water-area","class":"river","name":"","osmType":"way","osmId":261592074}},{"type":"Feature","geometry":{"type":"Polygon","coordinates":[[[19.6933288,46.0817498],[19.6931608,46.0816299],[19.6936073,46.081157],[19.6937609,46.0810471],[19.6938666,46.0810604],[19.6939194,46.0811137],[19.6939242,46.0811737],[19.6933288,46.0817498]]]},"properties":{"category":"water-area","class":"water","name":"","osmType":"way","osmId":261679970}},{"type":"Feature","geometry":{"type":"Polygon","coordinates":[[[19.6930673,46.0815017],[19.6930336,46.0815283],[19.6929808,46.081505],[19.69288,46.0814117],[19.6929376,46.0813518],[19.6931249,46.0811553],[19.6933025,46.0809855],[19.6934177,46.0808689],[19.6934898,46.0808456],[19.6936242,46.0809122],[19.6936242,46.0809488],[19.6934754,46.0811253],[19.6930673,46.0815017]]]},"properties":{"category":"water-area","class":"water","name":"","osmType":"way","osmId":261679971}},{"type":"Feature","geometry":{"type":"Polygon","coordinates":[[[19.6927888,46.081292],[19.6926495,46.0812087],[19.6926303,46.0811521],[19.6930144,46.0807824],[19.6931537,46.0806425],[19.6932449,46.0806292],[19.6933841,46.0806858],[19.6933937,46.0807358],[19.6927888,46.081292]]]},"properties":{"category":"water-area","class":"water","name":"","osmType":"way","osmId":261679973}},{"type":"Feature","geometry":{"type":"Polygon","coordinates":[[[19.6925031,46.0811238],[19.6923495,46.0810505],[19.6924839,46.0808973],[19.6926664,46.0807142],[19.692868,46.080501],[19.6929736,46.080531],[19.6930121,46.0805843],[19.6930121,46.0806342],[19.6925031,46.0811238]]]},"properties":{"category":"water-area","class":"water","name":"","osmType":"way","osmId":261679975}},{"type":"Feature","geometry":{"type":"Polygon","coordinates":[[[19.6951795,46.0831864],[19.6945385,46.083218],[19.6945385,46.0830171],[19.694589,46.0828319],[19.6947553,46.0827947],[19.694914,46.0827343],[19.6952895,46.0826301],[19.6955117,46.0825789],[19.6956405,46.0825826],[19.6956838,46.0827548],[19.6957804,46.0831418],[19.6951795,46.0831864]]]},"properties":{"category":"water-area","class":"water","name":"","osmType":"way","osmId":261682203}},{"type":"Feature","geometry":{"type":"Polygon","coordinates":[[[19.7924455,46.1091008],[19.7919393,46.1089736],[19.7921721,46.1085281],[19.7921501,46.1083443],[19.7920654,46.1083231],[19.7921635,46.1081356],[19.7927367,46.1082796],[19.7929211,46.1079267],[19.7930431,46.1079573],[19.7924455,46.1091008]]]},"properties":{"category":"water-area","class":"water","name":"","osmType":"way","osmId":262580055}},{"type":"Feature","geometry":{"type":"Polygon","coordinates":[[[19.8378345,46.1123099],[19.837365,46.1121223],[19.837452,46.111783],[19.837568,46.1116866],[19.8376798,46.1116292],[19.8380717,46.1120631],[19.8378345,46.1123099]]]},"properties":{"category":"green","class":"forest","name":"","osmType":"way","osmId":262749207}},{"type":"Feature","geometry":{"type":"Polygon","coordinates":[[[19.8411111,46.1115021],[19.8409584,46.1114272],[19.8407094,46.1111385],[19.8405155,46.1109392],[19.8401991,46.1107254],[19.8404443,46.1105609],[19.8407053,46.1103635],[19.8412114,46.1101826],[19.8415515,46.110221],[19.8419027,46.1103487],[19.8419661,46.1104671],[19.8411111,46.1115021]]]},"properties":{"category":"green","class":"forest","name":"","osmType":"way","osmId":262749208}},{"type":"Feature","geometry":{"type":"Polygon","coordinates":[[[19.8412349,46.1079636],[19.8408793,46.1081868],[19.8406262,46.1082087],[19.8405599,46.1080117],[19.8408548,46.1075112],[19.8412349,46.1079636]]]},"properties":{"category":"green","class":"forest","name":"","osmType":"way","osmId":262749209}},{"type":"Feature","geometry":{"type":"Polygon","coordinates":[[[19.8344259,46.1093821],[19.8341179,46.109294],[19.8343019,46.1088743],[19.8342851,46.108542],[19.8346473,46.1083019],[19.8347659,46.1084774],[19.8347106,46.1087406],[19.8346789,46.1091079],[19.8344259,46.1093821]]]},"properties":{"category":"green","class":"forest","name":"","osmType":"way","osmId":262749210}},{"type":"Feature","geometry":{"type":"Polygon","coordinates":[[[19.8349241,46.1106431],[19.8347659,46.110528],[19.8347422,46.1103854],[19.8350348,46.1102758],[19.8352958,46.1104512],[19.8353828,46.1105938],[19.8352167,46.1106705],[19.8349241,46.1106431]]]},"properties":{"category":"green","class":"forest","name":"","osmType":"way","osmId":262749212}},{"type":"Feature","geometry":{"type":"Polygon","coordinates":[[[19.8388699,46.1055309],[19.8380785,46.1051625],[19.8384442,46.1047365],[19.8389436,46.1049828],[19.839102,46.1047931],[19.8389436,46.1047198],[19.8392316,46.1043902],[19.8388956,46.1042504],[19.8396158,46.103588],[19.8404704,46.1040074],[19.8402578,46.1042554],[19.8398549,46.1046208],[19.8395033,46.104438],[19.8393065,46.1046111],[19.8395273,46.1047276],[19.8394169,46.1048308],[19.8395489,46.1049035],[19.8388699,46.1055309]]]},"properties":{"category":"green","class":"forest","name":"","osmType":"way","osmId":262749690}},{"type":"Feature","geometry":{"type":"Polygon","coordinates":[[[19.8419475,46.108791],[19.8415836,46.1083685],[19.8426658,46.1077956],[19.8422546,46.1074666],[19.842041,46.1072802],[19.8423574,46.1069622],[19.8428556,46.1071596],[19.8434567,46.1078724],[19.8430692,46.1081849],[19.8425709,46.1084974],[19.8419475,46.108791]]]},"properties":{"category":"green","class":"forest","name":"","osmType":"way","osmId":262749785}},{"type":"Feature","geometry":{"type":"Polygon","coordinates":[[[19.8291302,46.1201602],[19.8288018,46.1204276],[19.8265985,46.1197776],[19.8265394,46.119471],[19.8291302,46.1201602]]]},"properties":{"category":"green","class":"forest","name":"","osmType":"way","osmId":262750475}},{"type":"Feature","geometry":{"type":"Polygon","coordinates":[[[19.831641,46.1233219],[19.8313669,46.1232016],[19.829479,46.1223817],[19.8297479,46.1220911],[19.8302442,46.1223094],[19.8319732,46.1230698],[19.831641,46.1233219]]]},"properties":{"category":"green","class":"forest","name":"","osmType":"way","osmId":262750477}},{"type":"Feature","geometry":{"type":"Polygon","coordinates":[[[19.8299723,46.1235083],[19.8295883,46.1239173],[19.8295452,46.1239632],[19.8291498,46.1238043],[19.8294108,46.1232397],[19.8299723,46.1235083]]]},"properties":{"category":"green","class":"forest","name":"","osmType":"way","osmId":262750478}},{"type":"Feature","geometry":{"type":"Polygon","coordinates":[[[19.8343794,46.1217774],[19.8339772,46.1216479],[19.8337305,46.1218613],[19.833133,46.1216047],[19.8329617,46.1215311],[19.8329005,46.1215901],[19.8313704,46.1209564],[19.8316829,46.1208308],[19.8345173,46.1216214],[19.8343794,46.1217774]]]},"properties":{"category":"green","class":"forest","name":"","osmType":"way","osmId":262750479}},{"type":"Feature","geometry":{"type":"Polygon","coordinates":[[[19.7665593,46.0671747],[19.7665119,46.0671185],[19.7664308,46.0670815],[19.7663221,46.0671062],[19.7662588,46.0671761],[19.7662746,46.0672447],[19.7663596,46.0672721],[19.7664565,46.0672598],[19.7665455,46.0672817],[19.7665751,46.0673325],[19.7665613,46.0673723],[19.7663913,46.0673942],[19.7662667,46.0674093],[19.7661955,46.0673682],[19.7661738,46.0672927],[19.7661817,46.0672598],[19.7661145,46.0671953],[19.7661066,46.0671199],[19.766154,46.0670472],[19.7661786,46.0670172],[19.7661196,46.0669577],[19.7662041,46.0669092],[19.7662175,46.0669018],[19.7662269,46.066906],[19.7662275,46.0669321],[19.7662389,46.0669558],[19.7662657,46.0669577],[19.7663006,46.0669521],[19.766314,46.0669214],[19.7663073,46.0669046],[19.7662396,46.0668893],[19.7662329,46.0668809],[19.766255,46.0668516],[19.76633,46.066803],[19.7664367,46.0667701],[19.766583,46.0667852],[19.766759,46.0668483],[19.7667867,46.0669141],[19.7668144,46.0669786],[19.7668223,46.0670499],[19.7667274,46.0671651],[19.7666424,46.0671981],[19.7665593,46.0671747]]]},"properties":{"category":"water-area","class":"water","name":"","osmType":"way","osmId":262752686}},{"type":"Feature","geometry":{"type":"Polygon","coordinates":[[[19.8310946,46.0206157],[19.8304439,46.0209051],[19.8299591,46.0203794],[19.8306098,46.02009],[19.8310946,46.0206157]]]},"properties":{"category":"green","class":"forest","name":"","osmType":"way","osmId":263977959}},{"type":"Feature","geometry":{"type":"Polygon","coordinates":[[[19.828265,46.0200143],[19.8278379,46.019564],[19.8283282,46.0194871],[19.8286762,46.0198715],[19.828265,46.0200143]]]},"properties":{"category":"green","class":"forest","name":"","osmType":"way","osmId":263977961}},{"type":"Feature","geometry":{"type":"Polygon","coordinates":[[[19.4544425,45.9406789],[19.4544855,45.9410221],[19.4537773,45.9410669],[19.4537773,45.9407684],[19.4544425,45.9406789]]]},"properties":{"category":"green","class":"forest","name":"","osmType":"way","osmId":263983004}},{"type":"Feature","geometry":{"type":"Polygon","coordinates":[[[19.4708577,45.9415145],[19.4707933,45.9419621],[19.469184,45.9420815],[19.469141,45.9415891],[19.4708577,45.9415145]]]},"properties":{"category":"green","class":"forest","name":"","osmType":"way","osmId":263983011}},{"type":"Feature","geometry":{"type":"Polygon","coordinates":[[[19.467473,45.9460342],[19.4675008,45.9463174],[19.4634977,45.9464981],[19.4635406,45.9462146],[19.467473,45.9460342]]]},"properties":{"category":"green","class":"forest","name":"","osmType":"way","osmId":263983012}},{"type":"Feature","geometry":{"type":"Polygon","coordinates":[[[19.4726431,45.9743153],[19.4723562,45.9741159],[19.4723963,45.9738204],[19.4732525,45.9729447],[19.474401,45.9718375],[19.4744895,45.9719282],[19.4747028,45.9722112],[19.4726847,45.9742732],[19.4726431,45.9743153]]]},"properties":{"category":"green","class":"forest","name":"","osmType":"way","osmId":263984907}},{"type":"Feature","geometry":{"type":"Polygon","coordinates":[[[19.4754044,45.973582],[19.4752225,45.973538],[19.4750564,45.97345],[19.4750089,45.9732742],[19.4752565,45.9728855],[19.4758077,45.9726751],[19.4762427,45.9726091],[19.4767093,45.9726751],[19.4765906,45.9718011],[19.4772075,45.9717461],[19.4775555,45.9730653],[19.4776425,45.9731807],[19.4778007,45.9733071],[19.4780221,45.9734336],[19.4781882,45.9734281],[19.4782594,45.9736424],[19.4778956,45.9736589],[19.4784808,45.9739722],[19.4781486,45.974258],[19.4762585,45.9733291],[19.4750485,45.9745933],[19.4747954,45.9747912],[19.4743841,45.9749451],[19.4737198,45.9748791],[19.4722725,45.9743075],[19.4722409,45.9741536],[19.4723963,45.9738204],[19.4723562,45.9741159],[19.4726431,45.9743153],[19.4726847,45.9742732],[19.4739413,45.9746373],[19.4742813,45.9746867],[19.4745186,45.9746318],[19.4754044,45.973582]]]},"properties":{"category":"green","class":"forest","name":"","osmType":"way","osmId":263985032}},{"type":"Feature","geometry":{"type":"Polygon","coordinates":[[[19.4807032,45.9779358],[19.4810565,45.977594],[19.4825064,45.9784017],[19.4820375,45.9786823],[19.4807032,45.9779358]]]},"properties":{"category":"green","class":"forest","name":"","osmType":"way","osmId":263985132}},{"type":"Feature","geometry":{"type":"Polygon","coordinates":[[[19.485203,45.9722273],[19.4841869,45.972843],[19.4839003,45.9725804],[19.484252,45.972336],[19.4828061,45.9714668],[19.4825064,45.9717294],[19.4810995,45.9728701],[19.4804742,45.9733138],[19.4803498,45.9732871],[19.4824388,45.9715478],[19.4818797,45.9712119],[19.4821732,45.9710993],[19.4830926,45.9709145],[19.4832237,45.9711419],[19.483996,45.9708581],[19.4838482,45.9705795],[19.4848252,45.9700815],[19.4850206,45.9702083],[19.4858804,45.9698552],[19.4864406,45.9695021],[19.4865839,45.9696017],[19.4858804,45.9702988],[19.4838352,45.9711861],[19.4838612,45.9713038],[19.485203,45.9722273]]]},"properties":{"category":"green","class":"forest","name":"","osmType":"way","osmId":263985133}},{"type":"Feature","geometry":{"type":"Polygon","coordinates":[[[19.482472,45.9738146],[19.4818077,45.9734353],[19.4820291,45.973254],[19.4822901,45.9733584],[19.4824799,45.9731605],[19.4829386,45.9733969],[19.482472,45.9738146]]]},"properties":{"category":"green","class":"forest","name":"","osmType":"way","osmId":263985313}},{"type":"Feature","geometry":{"type":"Polygon","coordinates":[[[19.4832154,45.9727703],[19.4828516,45.9725064],[19.4831363,45.9723251],[19.4834685,45.9725229],[19.4832154,45.9727703]]]},"properties":{"category":"green","class":"forest","name":"","osmType":"way","osmId":263985314}},{"type":"Feature","geometry":{"type":"Polygon","coordinates":[[[19.6604361,46.1005833],[19.6603893,46.1007056],[19.6603116,46.1006885],[19.6586016,46.1003043],[19.6586261,46.1002463],[19.660365,46.1005701],[19.6604361,46.1005833]]]},"properties":{"category":"green","class":"park","name":"","osmType":"way","osmId":270088794}},{"type":"Feature","geometry":{"type":"Polygon","coordinates":[[[19.5604021,46.163861],[19.560389,46.163733],[19.5604221,46.1636056],[19.5607038,46.1630246],[19.5608949,46.1629413],[19.561013,46.1629629],[19.5611782,46.163031],[19.5612064,46.1631521],[19.5611356,46.1633384],[19.5610437,46.1633613],[19.5609156,46.1637068],[19.5608029,46.1638433],[19.5606401,46.1639218],[19.5604021,46.163861]]]},"properties":{"category":"water-area","class":"pond","name":"","osmType":"way","osmId":305141563}},{"type":"Feature","geometry":{"type":"Polygon","coordinates":[[[19.6056363,46.1716238],[19.6057624,46.1716432],[19.6058558,46.1716626],[19.6059446,46.17164],[19.606038,46.1716254],[19.6060847,46.1715818],[19.606143,46.1715058],[19.6061967,46.1714508],[19.6062201,46.1713732],[19.6062728,46.1712688],[19.6063672,46.1712131],[19.60661,46.1712729],[19.6068459,46.171302],[19.606972,46.1713279],[19.606965,46.1714104],[19.6069369,46.1714977],[19.6068459,46.1715963],[19.6068108,46.1717257],[19.6068108,46.1717677],[19.6067571,46.1717952],[19.6065773,46.1717435],[19.6065026,46.1717257],[19.6064559,46.171771],[19.6064256,46.1718001],[19.6063415,46.1717855],[19.6062598,46.1717855],[19.606115,46.171834],[19.6060146,46.1718906],[19.6059446,46.1719181],[19.6059049,46.1719246],[19.6058021,46.1718842],[19.6057017,46.1718162],[19.605669,46.1717322],[19.60562,46.1716626],[19.6056363,46.1716238]]]},"properties":{"category":"green","class":"forest","name":"","osmType":"way","osmId":337054334}},{"type":"Feature","geometry":{"type":"Polygon","coordinates":[[[19.606863,46.1703809],[19.6069938,46.1704449],[19.6071284,46.1704715],[19.607213,46.1705141],[19.6073591,46.1706287],[19.6075861,46.1706952],[19.6078053,46.1707965],[19.6078361,46.1708311],[19.6078822,46.170895],[19.6077745,46.170919],[19.607813,46.1709989],[19.607813,46.1711081],[19.6077514,46.171196],[19.607613,46.171196],[19.6074707,46.1711321],[19.6073938,46.1711321],[19.6072399,46.1711347],[19.6070938,46.1710974],[19.6068399,46.1709057],[19.6067976,46.1707778],[19.6068553,46.1704901],[19.6068014,46.1704076],[19.606863,46.1703809]]]},"properties":{"category":"green","class":"forest","name":"","osmType":"way","osmId":337054346}},{"type":"Feature","geometry":{"type":"Polygon","coordinates":[[[19.613883,46.1675111],[19.6137499,46.1676515],[19.612958,46.1683315],[19.6128566,46.1683754],[19.6127996,46.1683579],[19.6127236,46.1683184],[19.6127299,46.1682526],[19.6136739,46.1673926],[19.6138133,46.1674497],[19.613883,46.1675111]]]},"properties":{"category":"water-area","class":"water","name":"","osmType":"way","osmId":337055136}},{"type":"Feature","geometry":{"type":"Polygon","coordinates":[[[19.6531781,46.1108148],[19.6532029,46.1107682],[19.6532489,46.1107559],[19.6533073,46.1107338],[19.6533444,46.1106884],[19.6533957,46.1106688],[19.6534559,46.1106835],[19.6534541,46.1107167],[19.6534506,46.1107596],[19.6533462,46.1108381],[19.6532967,46.1108651],[19.6532392,46.1108755],[19.6532046,46.1108441],[19.6531781,46.1108148]]]},"properties":{"category":"water-area","class":"pond","name":"","osmType":"way","osmId":359834830}},{"type":"Feature","geometry":{"type":"Polygon","coordinates":[[[19.653191,46.1120726],[19.6531224,46.1120238],[19.6526025,46.1116544],[19.6523389,46.1114502],[19.6520259,46.1112076],[19.6511323,46.1106265],[19.6502892,46.1097727],[19.6504004,46.109742],[19.650517,46.1096916],[19.6514564,46.1091879],[19.6522151,46.108758],[19.65242,46.1086114],[19.6548642,46.1088509],[19.6552762,46.1089263],[19.6544408,46.1097618],[19.6551226,46.1101646],[19.6557883,46.1104615],[19.6554792,46.1106361],[19.6550711,46.1108857],[19.6546297,46.1111441],[19.6545478,46.111192],[19.6544133,46.1113384],[19.65389,46.1118177],[19.6537502,46.1119558],[19.6535957,46.1121084],[19.6533173,46.1121251],[19.653191,46.1120726]]]},"properties":{"category":"green","class":"park","name":"Дудова шума","osmType":"way","osmId":359835105}},{"type":"Feature","geometry":{"type":"Polygon","coordinates":[[[19.6526932,46.1135413],[19.6524398,46.1134006],[19.652898,46.113004],[19.6531514,46.1131446],[19.6526932,46.1135413]]]},"properties":{"category":"water-area","class":"water","name":"","osmType":"way","osmId":359835653}},{"type":"Feature","geometry":{"type":"Polygon","coordinates":[[[19.6521604,46.1132582],[19.6521409,46.1132639],[19.6521181,46.1132627],[19.6521067,46.1132537],[19.6521067,46.1132356],[19.6521393,46.1132006],[19.6521686,46.1131826],[19.6521946,46.1131826],[19.652206,46.113195],[19.652206,46.1132131],[19.6521604,46.1132582]]]},"properties":{"category":"water-area","class":"water","name":"","osmType":"way","osmId":359835654}},{"type":"Feature","geometry":{"type":"Polygon","coordinates":[[[19.6522081,46.1130431],[19.6522047,46.1130274],[19.6522086,46.1130116],[19.6522193,46.1129975],[19.6522362,46.1129922],[19.6522566,46.1130021],[19.6522792,46.1129771],[19.6523041,46.1129804],[19.6523259,46.1129894],[19.652342,46.113003],[19.6523504,46.1130196],[19.6523501,46.1130372],[19.6523412,46.1130537],[19.652328,46.1130677],[19.6523069,46.1130576],[19.6522854,46.1130776],[19.652255,46.1130761],[19.6522345,46.1130688],[19.6522184,46.1130574],[19.6522081,46.1130431]]]},"properties":{"category":"water-area","class":"water","name":"","osmType":"way","osmId":359835655}},{"type":"Feature","geometry":{"type":"Polygon","coordinates":[[[19.7707527,46.0891789],[19.768616,46.0888429],[19.7687322,46.0883391],[19.7709835,46.0886553],[19.7707527,46.0891789]]]},"properties":{"category":"green","class":"forest","name":"","osmType":"way","osmId":374030185}},{"type":"Feature","geometry":{"type":"Polygon","coordinates":[[[19.7684559,46.0895697],[19.7685141,46.0893022],[19.7701516,46.0895748],[19.7703117,46.089171],[19.7707301,46.0892304],[19.770456,46.0898524],[19.7692573,46.0897028],[19.7684559,46.0895697]]]},"properties":{"category":"green","class":"park","name":"","osmType":"way","osmId":374030188}},{"type":"Feature","geometry":{"type":"Polygon","coordinates":[[[19.768622,46.0883208],[19.7684629,46.0890837],[19.7683701,46.0888907],[19.7682774,46.0888233],[19.7681713,46.0887681],[19.7680388,46.0887283],[19.7675565,46.0886457],[19.7676818,46.0881915],[19.768622,46.0883208]]]},"properties":{"category":"green","class":"park","name":"","osmType":"way","osmId":374030189}},{"type":"Feature","geometry":{"type":"Polygon","coordinates":[[[19.6821459,46.0587832],[19.6820767,46.0588111],[19.6816977,46.0588738],[19.6775678,46.0595646],[19.6775273,46.0586052],[19.6779753,46.0585243],[19.6778734,46.057787],[19.6822245,46.0576127],[19.6822769,46.0577788],[19.6821908,46.0587416],[19.6821459,46.0587832]]]},"properties":{"category":"green","class":"park","name":"","osmType":"way","osmId":374198083}},{"type":"Feature","geometry":{"type":"Polygon","coordinates":[[[19.7092465,46.0547547],[19.7092213,46.0542257],[19.7133189,46.0541315],[19.7133442,46.0546606],[19.7092465,46.0547547]]]},"properties":{"category":"green","class":"forest","name":"","osmType":"way","osmId":374907972}},{"type":"Feature","geometry":{"type":"Polygon","coordinates":[[[19.6926404,46.0600326],[19.6925572,46.0599584],[19.692512,46.0592909],[19.6938649,46.0592451],[19.6939047,46.0596504],[19.6935235,46.0596719],[19.6935686,46.0600113],[19.6926404,46.0600326]]]},"properties":{"category":"green","class":"forest","name":"","osmType":"way","osmId":374907999}},{"type":"Feature","geometry":{"type":"Polygon","coordinates":[[[19.5189438,45.9488767],[19.5191029,45.9487846],[19.5193591,45.9487293],[19.5195093,45.9487354],[19.5196242,45.9490733],[19.5196507,45.9495341],[19.5195093,45.9498106],[19.5193945,45.9501976],[19.5193114,45.9502807],[19.5191422,45.9503229],[19.5191682,45.9498695],[19.5185345,45.9505659],[19.5181397,45.9509348],[19.5180425,45.950855],[19.5188024,45.9500256],[19.5191205,45.9496078],[19.5189438,45.9488767]]]},"properties":{"category":"water-area","class":"pond","name":"","osmType":"way","osmId":375160357}},{"type":"Feature","geometry":{"type":"Polygon","coordinates":[[[19.5188554,45.9490549],[19.5188996,45.9495894],[19.5179453,45.9505847],[19.5171942,45.9502652],[19.5175654,45.9500133],[19.518449,45.9492761],[19.5187494,45.9490672],[19.5188554,45.9490549]]]},"properties":{"category":"water-area","class":"pond","name":"","osmType":"way","osmId":375160358}},{"type":"Feature","geometry":{"type":"Polygon","coordinates":[[[19.5175389,45.9510147],[19.5162134,45.9502345],[19.5163195,45.9500993],[19.5164697,45.950087],[19.5177244,45.9507997],[19.5177333,45.9508673],[19.5175389,45.9510147]]]},"properties":{"category":"water-area","class":"lake","name":"","osmType":"way","osmId":375160359}},{"type":"Feature","geometry":{"type":"Polygon","coordinates":[[[19.7509975,46.0952028],[19.7514473,46.0953126],[19.7512469,46.0956677],[19.7510887,46.0959749],[19.7509393,46.096049],[19.7508642,46.0959932],[19.7508589,46.0957551],[19.7509286,46.0954054],[19.7495177,46.0952827],[19.7495786,46.0949882],[19.7500824,46.0931552],[19.7516992,46.0932822],[19.7518467,46.0936229],[19.7518459,46.0940772],[19.7514726,46.0940233],[19.7513759,46.0943755],[19.7509975,46.0952028]]]},"properties":{"category":"green","class":"forest","name":"","osmType":"way","osmId":376075893}},{"type":"Feature","geometry":{"type":"Polygon","coordinates":[[[19.7291986,46.0804611],[19.7282492,46.0803427],[19.7282151,46.0803048],[19.7282629,46.0801342],[19.728314,46.0801421],[19.7283859,46.0801532],[19.728379,46.0802621],[19.7291713,46.0803522],[19.7292628,46.0804149],[19.7294855,46.0804327],[19.7295423,46.0804124],[19.7296791,46.0804267],[19.7296693,46.0804763],[19.7296626,46.0805101],[19.7295216,46.0804929],[19.7294826,46.080461],[19.7292338,46.0804437],[19.7291986,46.0804611]]]},"properties":{"category":"water-area","class":"river","name":"","osmType":"way","osmId":376095350}},{"type":"Feature","geometry":{"type":"Polygon","coordinates":[[[19.7501231,46.0897857],[19.7501499,46.0896741],[19.7512038,46.0898228],[19.7511812,46.0899382],[19.7501231,46.0897857]]]},"properties":{"category":"green","class":"forest","name":"","osmType":"way","osmId":376095367}},{"type":"Feature","geometry":{"type":"Polygon","coordinates":[[[19.4248852,45.9568033],[19.4249044,45.9567732],[19.4250725,45.9567599],[19.4250965,45.9567866],[19.4252453,45.9577412],[19.4252261,45.957818],[19.4251829,45.9578413],[19.4250677,45.9578547],[19.4250389,45.9578313],[19.4248852,45.9568033]]]},"properties":{"category":"water-area","class":"lake","name":"","osmType":"way","osmId":376527057}},{"type":"Feature","geometry":{"type":"Polygon","coordinates":[[[19.4816773,45.99337],[19.4818143,45.9934006],[19.4819335,45.993459],[19.481938,45.9935173],[19.4818363,45.9935971],[19.4816464,45.9935234],[19.4816066,45.9934958],[19.4816287,45.9934344],[19.4816773,45.99337]]]},"properties":{"category":"water-area","class":"lake","name":"","osmType":"way","osmId":388008774}},{"type":"Feature","geometry":{"type":"Polygon","coordinates":[[[19.6796136,46.0722646],[19.6797112,46.0720577],[19.6800374,46.0721317],[19.6799398,46.0723387],[19.6796136,46.0722646]]]},"properties":{"category":"green","class":"park","name":"","osmType":"way","osmId":398060004}},{"type":"Feature","geometry":{"type":"Polygon","coordinates":[[[19.6745825,46.0887773],[19.6734021,46.0881159],[19.6735397,46.0880061],[19.6737919,46.0881607],[19.6739387,46.0880467],[19.6736856,46.0878906],[19.6768088,46.085418],[19.676671,46.0853349],[19.6768987,46.0851686],[19.6784391,46.0857215],[19.6747093,46.0886768],[19.6746808,46.0886994],[19.6745825,46.0887773]]]},"properties":{"category":"green","class":"park","name":"Парк Прозивка","osmType":"way","osmId":400328561}},{"type":"Feature","geometry":{"type":"Polygon","coordinates":[[[19.7697048,45.9227637],[19.7696548,45.9227933],[19.7695921,45.9228093],[19.7694845,45.9228089],[19.7694519,45.9227932],[19.7694228,45.9227543],[19.7693716,45.9227459],[19.769322,45.9227126],[19.7692659,45.9226956],[19.7692143,45.9226889],[19.7691582,45.922659],[19.7691079,45.9226526],[19.7690455,45.922661],[19.769014,45.9226549],[19.7689723,45.9226111],[19.7689404,45.9226035],[19.76885,45.9226193],[19.7687687,45.9226261],[19.7687469,45.9226196],[19.7687297,45.9226144],[19.768711,45.9225954],[19.7687069,45.9225679],[19.7687243,45.9225432],[19.7687805,45.9224961],[19.7691898,45.9219623],[19.7692535,45.9217875],[19.7693174,45.9217995],[19.769381,45.9218087],[19.7694296,45.9218139],[19.7694835,45.9218165],[19.7695465,45.9218201],[19.769601,45.9218212],[19.7696555,45.9218209],[19.769747,45.9218179],[19.7698409,45.9218125],[19.7699325,45.9218044],[19.7700309,45.9217942],[19.7700272,45.9218109],[19.7700008,45.921823],[19.7700015,45.9218378],[19.7700251,45.9218491],[19.7700581,45.9218573],[19.7700962,45.9218572],[19.7701232,45.9218473],[19.7701532,45.9218465],[19.7701857,45.9218571],[19.7702219,45.921865],[19.7702529,45.9218793],[19.7702673,45.9219016],[19.7702359,45.9219615],[19.7701441,45.9220488],[19.769991,45.9222036],[19.7699366,45.9223484],[19.7699265,45.9224828],[19.7697048,45.9227637]]]},"properties":{"category":"green","class":"forest","name":"Kiserdő","osmType":"way","osmId":463519021}},{"type":"Feature","geometry":{"type":"Polygon","coordinates":[[[19.7689624,45.9065672],[19.7695088,45.9061126],[19.7712516,45.9046676],[19.7715575,45.9031691],[19.7718841,45.902381],[19.7718468,45.9022263],[19.7719191,45.9020269],[19.7720464,45.9012637],[19.7724746,45.9015058],[19.7725315,45.9015376],[19.7726131,45.9015816],[19.7729947,45.9017987],[19.7729576,45.9019838],[19.7729327,45.9021338],[19.7729353,45.9022069],[19.772974,45.9022626],[19.773321,45.9026062],[19.7733607,45.9026459],[19.7733953,45.9026983],[19.7735821,45.9031595],[19.7735939,45.9032099],[19.7740595,45.9055164],[19.7740672,45.9055543],[19.7740719,45.9055775],[19.7740702,45.9056548],[19.7740699,45.9056704],[19.7740485,45.9057353],[19.7740354,45.9057753],[19.7739347,45.9059337],[19.7738155,45.9061212],[19.7738094,45.9061376],[19.7737818,45.9061593],[19.7737413,45.9061947],[19.7737105,45.906216],[19.7731918,45.9065736],[19.7731613,45.9065906],[19.7731435,45.9066004],[19.7731047,45.9066162],[19.7725656,45.9067723],[19.7724827,45.9067862],[19.7723798,45.9067942],[19.7722822,45.9067948],[19.772175,45.9067894],[19.7720551,45.9067738],[19.771419,45.9066065],[19.7713493,45.9065943],[19.7712887,45.9065944],[19.77121,45.9066162],[19.7700796,45.9071542],[19.7697747,45.9069961],[19.7697008,45.9069539],[19.7689624,45.9065672]]]},"properties":{"category":"green","class":"park","name":"","osmType":"way","osmId":468843960}},{"type":"Feature","geometry":{"type":"Polygon","coordinates":[[[19.7696849,45.906946],[19.769925,45.9067943],[19.7701056,45.906678],[19.7702246,45.9066036],[19.7705453,45.9064785],[19.7720336,45.905859],[19.7720894,45.9058277],[19.7721247,45.90578],[19.7723186,45.904859],[19.7723831,45.9037713],[19.7724101,45.9022792],[19.7724103,45.9022392],[19.7723968,45.9022239],[19.7723506,45.9021992],[19.7722857,45.9021672],[19.7722942,45.9021278],[19.7723241,45.9021144],[19.7724275,45.9021134],[19.7724735,45.9015983],[19.7725108,45.9015944],[19.77254,45.9016022],[19.7725759,45.901635],[19.7725937,45.9016751],[19.7726019,45.9017368],[19.7726258,45.9022769],[19.7726318,45.9024022],[19.7726292,45.902494],[19.7726222,45.9033986],[19.7725857,45.903587],[19.7725698,45.9052152],[19.7723966,45.9059167],[19.7723428,45.9059843],[19.7715531,45.9063151],[19.7715414,45.9063259],[19.7715439,45.9063392],[19.7715656,45.9063529],[19.7722277,45.9065686],[19.7722973,45.9065806],[19.772361,45.9065749],[19.7730123,45.906401],[19.7730689,45.9063778],[19.7731324,45.906337],[19.7736262,45.9059205],[19.7737282,45.9058286],[19.7737715,45.9057604],[19.7737961,45.9056729],[19.7733105,45.9031913],[19.773296,45.903156],[19.773292,45.9031499],[19.773278,45.9031289],[19.7727233,45.9025646],[19.772714,45.9025299],[19.7727194,45.9025192],[19.7727241,45.9024981],[19.7727421,45.9024695],[19.7727846,45.9024593],[19.7728382,45.9024631],[19.7728992,45.9024945],[19.7735166,45.903101],[19.7735375,45.9031324],[19.7735555,45.9031669],[19.7740063,45.9055694],[19.77401,45.9056471],[19.7739899,45.9057212],[19.7739247,45.905832],[19.7738126,45.9060021],[19.7736648,45.9061544],[19.7734033,45.9063639],[19.7731766,45.9065158],[19.7731145,45.9065426],[19.7725034,45.9067243],[19.7724079,45.9067355],[19.7723096,45.9067334],[19.7721922,45.9067061],[19.7713883,45.9064442],[19.7713276,45.9064352],[19.771283,45.9064382],[19.771234,45.9064536],[19.7703544,45.9068446],[19.7702504,45.9068797],[19.7701039,45.9068873],[19.7699941,45.9068826],[19.7699358,45.9068881],[19.7697747,45.9069961],[19.7697382,45.9069984],[19.7697007,45.9069918],[19.7696854,45.906976],[19.7696849,45.906946]]]},"properties":{"category":"water-area","class":"water","name":"","osmType":"way","osmId":468867434}},{"type":"Feature","geometry":{"type":"Polygon","coordinates":[[[19.7587318,45.9162846],[19.7588041,45.9163267],[19.7588088,45.9163637],[19.7587827,45.9164085],[19.7587484,45.9164188],[19.7587221,45.916443],[19.7587672,45.9164708],[19.7587627,45.9164879],[19.758733,45.9164977],[19.7587379,45.916531],[19.7587282,45.9165688],[19.7586989,45.9165912],[19.7586605,45.9166211],[19.7586583,45.9166398],[19.7586459,45.9166478],[19.7586236,45.9166492],[19.7585952,45.9166544],[19.7585914,45.916685],[19.7585898,45.9167131],[19.7585884,45.9167618],[19.7586009,45.9168003],[19.7586244,45.9168287],[19.7585154,45.9169786],[19.7584857,45.9169818],[19.7584522,45.9169893],[19.758441,45.9170453],[19.7584225,45.9170828],[19.758398,45.917107],[19.7583706,45.9171132],[19.7583399,45.9171229],[19.7583194,45.9171356],[19.7583115,45.9171494],[19.7583201,45.917164],[19.7583308,45.9171952],[19.7583272,45.91722],[19.7583091,45.9172426],[19.7582748,45.9172552],[19.7582429,45.9172684],[19.7582245,45.9172962],[19.7581941,45.9173067],[19.7581249,45.9173157],[19.7580807,45.9173164],[19.7580526,45.9173061],[19.7580284,45.9173024],[19.7580177,45.9172874],[19.7580472,45.9172688],[19.7580552,45.9172464],[19.7580526,45.9172203],[19.7580552,45.917196],[19.758074,45.9171717],[19.758125,45.9171717],[19.758192,45.9171661],[19.758235,45.9171531],[19.758235,45.9171102],[19.7581947,45.9170747],[19.7581518,45.9170486],[19.7581384,45.9170075],[19.7581545,45.9169833],[19.7581786,45.9169665],[19.7582484,45.9169441],[19.7582806,45.9169385],[19.7583744,45.916931],[19.75842,45.9169161],[19.7584764,45.916903],[19.7585139,45.9168825],[19.75853,45.9168508],[19.7585354,45.916806],[19.7585246,45.916765],[19.7584978,45.9167146],[19.7584764,45.9166903],[19.7584603,45.9166493],[19.7584522,45.9166306],[19.758479,45.9165914],[19.7585246,45.9165877],[19.7585675,45.9165672],[19.758581,45.9165541],[19.7585944,45.9165242],[19.7585997,45.9165093],[19.7585944,45.9164851],[19.7586105,45.9164571],[19.7586346,45.9164123],[19.7586507,45.9163731],[19.7586668,45.9163208],[19.7587318,45.9162846]]]},"properties":{"category":"water-area","class":"water","name":"","osmType":"way","osmId":470005592}},{"type":"Feature","geometry":{"type":"Polygon","coordinates":[[[19.6640276,46.1002488],[19.6639512,46.1003143],[19.6639398,46.1003194],[19.6639268,46.1003219],[19.6639133,46.1003216],[19.6639005,46.1003186],[19.6638884,46.1003121],[19.6638802,46.1003032],[19.6638767,46.1002924],[19.6638811,46.1002811],[19.6639603,46.1002048],[19.6639455,46.1001973],[19.6639415,46.1001909],[19.6639406,46.100184],[19.6639429,46.1001773],[19.6639481,46.1001714],[19.6639562,46.1001667],[19.663966,46.1001642],[19.6639765,46.100164],[19.6639865,46.1001662],[19.6639982,46.1001729],[19.6640636,46.1001177],[19.6640752,46.1001104],[19.6640916,46.1001068],[19.6641041,46.1001067],[19.6641173,46.1001091],[19.6641291,46.1001136],[19.6641381,46.1001206],[19.6641433,46.1001292],[19.6641448,46.1001397],[19.6641405,46.1001488],[19.6640678,46.1002155],[19.6640796,46.1002217],[19.664086,46.1002277],[19.6640892,46.1002347],[19.6640889,46.1002421],[19.664085,46.100249],[19.6640781,46.1002546],[19.6640696,46.1002581],[19.6640599,46.1002596],[19.6640501,46.100259],[19.664041,46.1002563],[19.6640276,46.1002488]]]},"properties":{"category":"water-area","class":"water","name":"Плава фонтана","osmType":"way","osmId":470321158}},{"type":"Feature","geometry":{"type":"Polygon","coordinates":[[[19.7450731,45.939349],[19.7450165,45.9393138],[19.7449039,45.939178],[19.7448518,45.939044],[19.7448023,45.9388948],[19.7448131,45.9387605],[19.7448458,45.938604],[19.7449299,45.9384413],[19.7452855,45.9380165],[19.7463974,45.9367145],[19.7464068,45.9367022],[19.7469076,45.9361128],[19.7469306,45.9361224],[19.7469681,45.9360791],[19.7470004,45.9360926],[19.7470429,45.9361104],[19.7470062,45.9361528],[19.7470299,45.9361627],[19.7469699,45.9362453],[19.7469808,45.9362736],[19.7470188,45.9362912],[19.7470378,45.9363003],[19.7471866,45.9363647],[19.7468277,45.9368029],[19.7468645,45.9368179],[19.7466926,45.937022],[19.7466648,45.9370106],[19.7464125,45.9373142],[19.7458137,45.9380323],[19.748321,45.938354],[19.7485274,45.9383922],[19.7486057,45.9384132],[19.7486839,45.9384511],[19.7495214,45.9385796],[19.7495418,45.9383149],[19.7496269,45.9377406],[19.7496832,45.9373621],[19.749477,45.9372742],[19.7492511,45.937194],[19.7490492,45.9371158],[19.7487773,45.9369987],[19.7485186,45.9368605],[19.7482044,45.9366811],[19.7478815,45.9365153],[19.7475192,45.9363197],[19.747492,45.9363039],[19.7474667,45.9362831],[19.7474297,45.9362014],[19.7474171,45.9361464],[19.7473965,45.9360943],[19.7474149,45.93608],[19.7473694,45.9360518],[19.7473909,45.9360351],[19.7473756,45.9360256],[19.7473829,45.9360212],[19.7473882,45.9360158],[19.7474009,45.9360237],[19.7474293,45.9360016],[19.7474792,45.9360325],[19.7480999,45.936358],[19.748553,45.9366041],[19.7492183,45.9369192],[19.7498161,45.9371582],[19.7498998,45.9372166],[19.7499166,45.9372368],[19.7499177,45.9372525],[19.7499465,45.9373462],[19.7499443,45.9374431],[19.7499164,45.9376138],[19.7499014,45.9377198],[19.7498243,45.93802],[19.749731,45.9385923],[19.7497055,45.9386722],[19.7496869,45.9387049],[19.7496568,45.9387167],[19.7496246,45.93872],[19.7495448,45.9387191],[19.7493569,45.9387242],[19.7485479,45.9386041],[19.7483996,45.9386257],[19.7482891,45.9386239],[19.7456564,45.93829],[19.745341,45.9386544],[19.7452402,45.9388446],[19.7452166,45.9389242],[19.7451998,45.9391371],[19.7452487,45.9392789],[19.7452451,45.9393178],[19.745228,45.9393418],[19.7451553,45.9393513],[19.7450731,45.939349]]]},"properties":{"category":"water-area","class":"water","name":"","osmType":"way","osmId":481238778}},{"type":"Feature","geometry":{"type":"Polygon","coordinates":[[[19.7500031,45.9372885],[19.7500032,45.9373653],[19.7500027,45.9374426],[19.7499298,45.938057],[19.7498832,45.9384791],[19.7498873,45.9385182],[19.7499006,45.9385572],[19.7499277,45.9386171],[19.7499465,45.9386439],[19.7499724,45.9386798],[19.7499903,45.9387218],[19.7499958,45.9387602],[19.7499704,45.9388051],[19.7499316,45.9388381],[19.7498873,45.938845],[19.7498491,45.9388434],[19.74981,45.9388348],[19.7497283,45.938817],[19.7496484,45.9387995],[19.7495338,45.9387792],[19.7488339,45.9387161],[19.7479369,45.9399275],[19.7460836,45.9392049],[19.7458436,45.9395094],[19.7456629,45.9394222],[19.745462,45.9393566],[19.7452552,45.9393799],[19.7450626,45.9394103],[19.7448929,45.9393408],[19.744737,45.9390834],[19.7446812,45.9388758],[19.7446859,45.9387199],[19.7447372,45.9385056],[19.7449007,45.9382783],[19.7468213,45.9359333],[19.7469415,45.9359269],[19.7470956,45.9357613],[19.747319,45.9358479],[19.7477277,45.9360586],[19.7487375,45.9366215],[19.7499104,45.9371541],[19.749976,45.937189],[19.750007,45.9372208],[19.7500031,45.9372885]]]},"properties":{"category":"green","class":"park","name":"Cooltour Sziget","osmType":"way","osmId":483105350}},{"type":"Feature","geometry":{"type":"Polygon","coordinates":[[[19.7565504,45.9258849],[19.7577536,45.9262229],[19.7576466,45.9264654],[19.7592934,45.9268815],[19.7593769,45.9267256],[19.7596707,45.9267958],[19.7597227,45.9268793],[19.759718,45.9269776],[19.7597121,45.9270568],[19.7596804,45.927152],[19.7596025,45.9272151],[19.7594998,45.9272512],[19.7592858,45.9271849],[19.7589761,45.9270891],[19.7584756,45.9272053],[19.7575195,45.9274666],[19.7573297,45.9273881],[19.7562463,45.9275526],[19.7547075,45.926936],[19.7545719,45.9271038],[19.7544098,45.9270342],[19.7544715,45.9269394],[19.7545449,45.9268266],[19.754577,45.9267406],[19.7545851,45.9266658],[19.7545431,45.9263774],[19.754498,45.9260713],[19.754518,45.9259059],[19.754545,45.9258523],[19.7545977,45.9258117],[19.75467,45.9258062],[19.7547329,45.9258202],[19.7551354,45.9259297],[19.7554391,45.9260072],[19.755516,45.9258771],[19.7563236,45.926088],[19.7564053,45.9260757],[19.7565504,45.9258849]]]},"properties":{"category":"green","class":"forest","name":"","osmType":"way","osmId":484102960}},{"type":"Feature","geometry":{"type":"Polygon","coordinates":[[[19.7709453,45.9224296],[19.7709421,45.9224084],[19.7709498,45.9223934],[19.7709807,45.9223709],[19.7710115,45.9223345],[19.771013,45.9222873],[19.7710338,45.9222536],[19.77107,45.9222198],[19.7710935,45.9221813],[19.7718827,45.9224806],[19.7718572,45.9225145],[19.7718541,45.9225424],[19.7718397,45.922571],[19.7717991,45.9225752],[19.7717665,45.9225681],[19.7717462,45.9225399],[19.7717151,45.9225378],[19.7716852,45.9225512],[19.7716568,45.9225766],[19.7715999,45.9226021],[19.7715389,45.9226134],[19.7714698,45.9226077],[19.77136,45.9225823],[19.7712665,45.9225512],[19.7711892,45.9225257],[19.7711283,45.9225031],[19.7710063,45.9224805],[19.7709696,45.9224593],[19.7709453,45.9224296]]]},"properties":{"category":"green","class":"forest","name":"","osmType":"way","osmId":491798267}},{"type":"Feature","geometry":{"type":"Polygon","coordinates":[[[19.7720319,45.9225789],[19.772051,45.9225653],[19.7720767,45.9225677],[19.7721316,45.9225824],[19.7721701,45.9225946],[19.7722157,45.9226108],[19.7722939,45.9226335],[19.7723266,45.9226303],[19.7726206,45.9227088],[19.7726687,45.9227302],[19.772727,45.922744],[19.7727515,45.9227245],[19.7727726,45.9227237],[19.7727864,45.9227343],[19.7727889,45.9227472],[19.7727784,45.922761],[19.7727854,45.9227773],[19.7728286,45.9227952],[19.7730434,45.9228699],[19.7731181,45.9228902],[19.7731625,45.922904],[19.7732034,45.9229267],[19.7732944,45.9229576],[19.7733773,45.9229779],[19.7734497,45.9230071],[19.7734754,45.9230282],[19.7735805,45.923068],[19.7736283,45.9230867],[19.7736879,45.9231078],[19.7737498,45.9231273],[19.7737836,45.9231444],[19.7738023,45.9231566],[19.773835,45.9231752],[19.7738338,45.9231907],[19.7738198,45.9232045],[19.773807,45.923215],[19.7737848,45.9232183],[19.7737416,45.9231988],[19.7736622,45.9231736],[19.773619,45.9231639],[19.7735805,45.9231541],[19.7735303,45.9231379],[19.7734906,45.9231208],[19.7734415,45.9231062],[19.7734053,45.9230908],[19.7733645,45.9230794],[19.7733481,45.9230591],[19.7733341,45.9230453],[19.7732851,45.923029],[19.7732232,45.9230104],[19.7731345,45.9229803],[19.7730971,45.9229689],[19.7730469,45.9229641],[19.7729932,45.9229568],[19.7729605,45.9229332],[19.7729162,45.9229137],[19.7728566,45.9228975],[19.7728134,45.9228837],[19.7727749,45.9228747],[19.7727259,45.9228642],[19.7727095,45.9228479],[19.772664,45.9228284],[19.7726266,45.9228155],[19.7726079,45.9228171],[19.7725928,45.922809],[19.7725764,45.9228146],[19.772511,45.9228057],[19.7724737,45.9227846],[19.7724445,45.922757],[19.7723861,45.9227383],[19.7723394,45.9227131],[19.7722962,45.9226904],[19.772218,45.9226782],[19.772183,45.9226571],[19.7721421,45.9226392],[19.7720884,45.9226246],[19.7720487,45.9226173],[19.7720335,45.9226019],[19.7720319,45.9225789]]]},"properties":{"category":"green","class":"forest","name":"","osmType":"way","osmId":491798268}},{"type":"Feature","geometry":{"type":"Polygon","coordinates":[[[19.7470288,45.9360059],[19.7470691,45.9359593],[19.7471104,45.9359136],[19.7471332,45.935908],[19.7471426,45.935895],[19.7471486,45.9358847],[19.7471647,45.9358745],[19.7471727,45.9358577],[19.7471915,45.9358469],[19.7472163,45.9358493],[19.7472257,45.9358558],[19.7472297,45.9358651],[19.7472492,45.9358745],[19.747308,45.9359135],[19.7472886,45.9359286],[19.7473339,45.9359568],[19.7472865,45.9359937],[19.7472423,45.9359662],[19.7472284,45.9359607],[19.7472036,45.9359533],[19.7471967,45.9359646],[19.7471815,45.9359766],[19.7471681,45.9359873],[19.7471526,45.9359897],[19.7471401,45.9359933],[19.7471025,45.9360367],[19.7470288,45.9360059]]]},"properties":{"category":"water-area","class":"water","name":"","osmType":"way","osmId":504561420}},{"type":"Feature","geometry":{"type":"Polygon","coordinates":[[[19.710166,46.1181284],[19.7101857,46.1180417],[19.710194,46.1180053],[19.7117164,46.1182255],[19.7116884,46.1183291],[19.7103655,46.1181355],[19.7103277,46.1181507],[19.710166,46.1181284]]]},"properties":{"category":"water-area","class":"pond","name":"","osmType":"way","osmId":506117810}},{"type":"Feature","geometry":{"type":"Polygon","coordinates":[[[19.7012837,46.1216692],[19.7013772,46.1216945],[19.7014463,46.1217368],[19.7014788,46.1217847],[19.701243,46.1220101],[19.7010194,46.122151],[19.7009137,46.122151],[19.7007918,46.1220975],[19.7007877,46.1220552],[19.7011251,46.1217396],[19.7011861,46.1216974],[19.7012837,46.1216692]]]},"properties":{"category":"water-area","class":"lake","name":"","osmType":"way","osmId":506117815}},{"type":"Feature","geometry":{"type":"Polygon","coordinates":[[[19.6660771,46.1039243],[19.6650917,46.1034904],[19.6651898,46.1033317],[19.6655167,46.1034062],[19.6656801,46.1032734],[19.6665301,46.1035875],[19.6660771,46.1039243]]]},"properties":{"category":"green","class":"park","name":"","osmType":"way","osmId":506299902}},{"type":"Feature","geometry":{"type":"Polygon","coordinates":[[[19.6993077,46.133171],[19.6994145,46.1332066],[19.6994436,46.1332332],[19.6994493,46.1332647],[19.6991573,46.1336439],[19.6990977,46.1336498],[19.6990269,46.1336242],[19.6989843,46.1336046],[19.6989758,46.1335731],[19.6990155,46.1334945],[19.6992565,46.1331959],[19.6993077,46.133171]]]},"properties":{"category":"water-area","class":"lake","name":"","osmType":"way","osmId":506827085}},{"type":"Feature","geometry":{"type":"Polygon","coordinates":[[[19.687649,46.134599],[19.6875782,46.1346206],[19.6874704,46.1346501],[19.6874336,46.1346481],[19.6874052,46.1346147],[19.6874052,46.1345892],[19.6877142,46.1341648],[19.6877908,46.1341275],[19.687924,46.1341255],[19.6879666,46.1341314],[19.6879808,46.1341766],[19.6879836,46.1342061],[19.6879609,46.1342355],[19.6879297,46.134263],[19.687649,46.134599]]]},"properties":{"category":"water-area","class":"lake","name":"","osmType":"way","osmId":506827103}},{"type":"Feature","geometry":{"type":"Polygon","coordinates":[[[19.6860495,46.1191102],[19.6862751,46.1191967],[19.6863063,46.1192217],[19.6863063,46.1192533],[19.6862511,46.1192766],[19.6862511,46.1193016],[19.6861887,46.1192982],[19.6859798,46.11924],[19.6859606,46.1192084],[19.685975,46.1191718],[19.6860135,46.1191202],[19.6860495,46.1191102]]]},"properties":{"category":"water-area","class":"pond","name":"","osmType":"way","osmId":506827108}},{"type":"Feature","geometry":{"type":"Polygon","coordinates":[[[19.6863735,46.1191269],[19.6863207,46.1191127],[19.6861287,46.119032],[19.6861287,46.1189921],[19.6861743,46.1189188],[19.6862247,46.1189039],[19.6862967,46.1187574],[19.6863423,46.1187242],[19.686388,46.1187125],[19.686544,46.1187641],[19.6865704,46.118794],[19.6866064,46.1188223],[19.6866208,46.1188556],[19.6865632,46.1189388],[19.6865104,46.1189638],[19.6864984,46.119002],[19.6864168,46.1191036],[19.6863735,46.1191269]]]},"properties":{"category":"water-area","class":"lake","name":"","osmType":"way","osmId":506827109}},{"type":"Feature","geometry":{"type":"Polygon","coordinates":[[[19.8165871,46.1223728],[19.816398,46.1223372],[19.8163443,46.1223178],[19.8163256,46.1223016],[19.8163116,46.1222773],[19.8163116,46.1222531],[19.8163372,46.122198],[19.8163839,46.1221414],[19.8164166,46.1221042],[19.816454,46.1220864],[19.8165521,46.1220686],[19.8165637,46.1220394],[19.8166291,46.1219229],[19.8167132,46.1218064],[19.8167389,46.1217853],[19.8167692,46.1217756],[19.8168042,46.1217724],[19.8168533,46.1217772],[19.8169093,46.1217999],[19.8169584,46.121829],[19.8169654,46.1218485],[19.8169537,46.1218857],[19.8166665,46.1223324],[19.8166408,46.1223599],[19.8166151,46.1223728],[19.8165871,46.1223728]]]},"properties":{"category":"water-area","class":"lake","name":"","osmType":"way","osmId":508543572}},{"type":"Feature","geometry":{"type":"Polygon","coordinates":[[[19.7847602,46.1127503],[19.784809,46.112739],[19.7849248,46.1127658],[19.7849492,46.1127742],[19.7849756,46.1127672],[19.7851078,46.1127249],[19.7851301,46.1126798],[19.7851545,46.1126516],[19.7851952,46.1126375],[19.7852419,46.1126333],[19.7855245,46.112677],[19.7855773,46.1127009],[19.7855855,46.1127193],[19.7855753,46.1127376],[19.7855509,46.1127489],[19.785498,46.112739],[19.7854289,46.112715],[19.7854106,46.1127023],[19.7852805,46.1126798],[19.7852379,46.1126784],[19.7852074,46.1126911],[19.7851728,46.112715],[19.7850691,46.1127996],[19.7849899,46.112839],[19.7849289,46.1128517],[19.7848781,46.112863],[19.7848313,46.1128475],[19.7848211,46.1128179],[19.7847541,46.1127799],[19.7847602,46.1127503]]]},"properties":{"category":"water-area","class":"lake","name":"","osmType":"way","osmId":508545504}},{"type":"Feature","geometry":{"type":"Polygon","coordinates":[[[19.8065824,46.1058837],[19.8066292,46.1059105],[19.806689,46.1059259],[19.8067448,46.1061476],[19.8067448,46.1062215],[19.8067347,46.1062742],[19.8066839,46.1063341],[19.8066179,46.1063481],[19.8065266,46.1063446],[19.8059683,46.1061757],[19.8056892,46.1060666],[19.8056841,46.1059751],[19.8058516,46.1060174],[19.8060546,46.1056479],[19.8061104,46.1056303],[19.8061307,46.1056761],[19.8060952,46.1057359],[19.8060546,46.1058309],[19.8060749,46.1058766],[19.8061662,46.1059329],[19.8062576,46.1059505],[19.8063337,46.10594],[19.8063845,46.1059153],[19.8064302,46.1058696],[19.8065114,46.1058661],[19.8065824,46.1058837]]]},"properties":{"category":"water-area","class":"lake","name":"","osmType":"way","osmId":509090328}},{"type":"Feature","geometry":{"type":"Polygon","coordinates":[[[19.806771,46.1064232],[19.8069004,46.1064873],[19.8068264,46.1068077],[19.8066169,46.1067693],[19.8066077,46.106703],[19.806771,46.1064232]]]},"properties":{"category":"water-area","class":"lake","name":"","osmType":"way","osmId":509090329}},{"type":"Feature","geometry":{"type":"Polygon","coordinates":[[[19.8089013,46.1077418],[19.8090559,46.1077709],[19.8090537,46.1078061],[19.8090338,46.1078582],[19.809025,46.1078965],[19.8090228,46.1079348],[19.809025,46.1079531],[19.809014,46.1079746],[19.808972,46.1079838],[19.8089565,46.1079822],[19.8088527,46.1079501],[19.8088152,46.1079409],[19.8088152,46.1079072],[19.8088571,46.1078214],[19.8088792,46.1077939],[19.8088858,46.1077678],[19.8089013,46.1077418]]]},"properties":{"category":"water-area","class":"pond","name":"","osmType":"way","osmId":509090333}},{"type":"Feature","geometry":{"type":"Polygon","coordinates":[[[19.809025,46.1080205],[19.8090029,46.1081339],[19.80893,46.1081369],[19.8089149,46.108124],[19.8089417,46.1080124],[19.8089739,46.108004],[19.809025,46.1080205]]]},"properties":{"category":"water-area","class":"pond","name":"","osmType":"way","osmId":509090336}},{"type":"Feature","geometry":{"type":"Polygon","coordinates":[[[19.8765371,46.1294498],[19.8766347,46.1294836],[19.876655,46.1295062],[19.87659,46.1296189],[19.8766042,46.1296386],[19.8765819,46.1296583],[19.8765351,46.1296611],[19.8764599,46.1297555],[19.8763969,46.1297485],[19.8763603,46.1297358],[19.8763989,46.129602],[19.8764192,46.1295808],[19.8764152,46.1295513],[19.8764416,46.1294879],[19.876464,46.1294498],[19.8764863,46.1294428],[19.8765371,46.1294498]]]},"properties":{"category":"water-area","class":"pond","name":"","osmType":"way","osmId":509097135}},{"type":"Feature","geometry":{"type":"Polygon","coordinates":[[[19.5028985,45.9215165],[19.504653,45.9205988],[19.5048137,45.9207292],[19.504432,45.9209808],[19.5029923,45.9216096],[19.5028985,45.9215165]]]},"properties":{"category":"green","class":"forest","name":"","osmType":"way","osmId":548762137}},{"type":"Feature","geometry":{"type":"Polygon","coordinates":[[[19.521886,45.9412842],[19.5219771,45.9413252],[19.5224546,45.941702],[19.5236133,45.9426756],[19.5236334,45.9427043],[19.5236106,45.9427314],[19.5235683,45.9427314],[19.5235292,45.9427133],[19.5222916,45.9417554],[19.5222167,45.9417146],[19.522119,45.9416014],[19.5220539,45.9415855],[19.5220051,45.9415085],[19.5219074,45.941427],[19.5218911,45.9413907],[19.5218487,45.9413613],[19.5218292,45.9413296],[19.5218292,45.9412979],[19.521886,45.9412842]]]},"properties":{"category":"water-area","class":"pond","name":"","osmType":"way","osmId":549033797}},{"type":"Feature","geometry":{"type":"Polygon","coordinates":[[[19.5144095,45.9416416],[19.5148306,45.9413548],[19.5156729,45.9420062],[19.515226,45.942317],[19.5144095,45.9416416]]]},"properties":{"category":"green","class":"forest","name":"","osmType":"way","osmId":549054100}},{"type":"Feature","geometry":{"type":"Polygon","coordinates":[[[19.4024108,45.9686887],[19.4033638,45.9686585],[19.4033876,45.9689113],[19.4024187,45.9689388],[19.4024108,45.9686887]]]},"properties":{"category":"green","class":"forest","name":"","osmType":"way","osmId":549061046}},{"type":"Feature","geometry":{"type":"Polygon","coordinates":[[[19.3489262,45.9918137],[19.3509416,45.991616],[19.3509955,45.9920168],[19.3498031,45.9922252],[19.3489493,45.9918885],[19.3489262,45.9918137]]]},"properties":{"category":"green","class":"forest","name":"","osmType":"way","osmId":549061053}},{"type":"Feature","geometry":{"type":"Polygon","coordinates":[[[19.3419895,45.9639576],[19.3386784,45.9629545],[19.3387438,45.9628669],[19.3420502,45.9638634],[19.3419895,45.9639576]]]},"properties":{"category":"water-area","class":"lake","name":"","osmType":"way","osmId":549061054}},{"type":"Feature","geometry":{"type":"Polygon","coordinates":[[[19.3615756,45.9554081],[19.363331,45.9553703],[19.3633636,45.9561005],[19.3616082,45.9561384],[19.3615756,45.9554081]]]},"properties":{"category":"green","class":"forest","name":"","osmType":"way","osmId":549068192}},{"type":"Feature","geometry":{"type":"Polygon","coordinates":[[[19.5449365,45.9287217],[19.5443442,45.9282188],[19.544475,45.9281492],[19.5446288,45.9281653],[19.5450057,45.9283205],[19.5451365,45.9284007],[19.5452211,45.9284917],[19.5452365,45.9285773],[19.545175,45.9286522],[19.5449365,45.9287217]]]},"properties":{"category":"green","class":"forest","name":"","osmType":"way","osmId":549250241}},{"type":"Feature","geometry":{"type":"Polygon","coordinates":[[[19.5592251,45.9282099],[19.5588636,45.9276107],[19.5593713,45.9274555],[19.5596482,45.9279799],[19.5592251,45.9282099]]]},"properties":{"category":"green","class":"forest","name":"","osmType":"way","osmId":549250244}},{"type":"Feature","geometry":{"type":"Polygon","coordinates":[[[19.5604482,45.9276588],[19.5606636,45.9275251],[19.5614482,45.928012],[19.5617251,45.9278461],[19.5619943,45.9280387],[19.5615867,45.9283063],[19.5621405,45.9287129],[19.5620097,45.9287396],[19.5618328,45.928638],[19.5617097,45.9287343],[19.5619713,45.9288841],[19.5619328,45.9290018],[19.5615482,45.9288038],[19.5614405,45.9288413],[19.5610713,45.9285898],[19.5614328,45.9282688],[19.5604482,45.9276588]]]},"properties":{"category":"green","class":"forest","name":"","osmType":"way","osmId":549250245}},{"type":"Feature","geometry":{"type":"Polygon","coordinates":[[[19.5641658,45.9249406],[19.5637581,45.92478],[19.5635351,45.924673],[19.5634197,45.9245714],[19.5630581,45.9240523],[19.5636966,45.9238169],[19.5645735,45.9245178],[19.5641658,45.9249406]]]},"properties":{"category":"green","class":"forest","name":"","osmType":"way","osmId":549250246}},{"type":"Feature","geometry":{"type":"Polygon","coordinates":[[[19.4099913,46.0062101],[19.4109415,46.0060022],[19.4110387,46.0061893],[19.4110986,46.0064803],[19.4102082,46.0066622],[19.4099913,46.0062101]]]},"properties":{"category":"green","class":"forest","name":"","osmType":"way","osmId":549428245}},{"type":"Feature","geometry":{"type":"Polygon","coordinates":[[[19.411595,46.0164134],[19.4118078,46.0169035],[19.410613,46.0171596],[19.4104431,46.0166547],[19.411595,46.0164134]]]},"properties":{"category":"green","class":"forest","name":"","osmType":"way","osmId":549428248}},{"type":"Feature","geometry":{"type":"Polygon","coordinates":[[[19.4691904,45.9597856],[19.4693383,45.9597813],[19.4699152,45.9641198],[19.4697863,45.9641318],[19.4691904,45.9597856]]]},"properties":{"category":"green","class":"forest","name":"","osmType":"way","osmId":549442684}},{"type":"Feature","geometry":{"type":"Polygon","coordinates":[[[19.4617224,45.9727639],[19.4616564,45.9728681],[19.4599822,45.9720008],[19.4602572,45.9716962],[19.4617224,45.9727639]]]},"properties":{"category":"green","class":"forest","name":"","osmType":"way","osmId":549442693}},{"type":"Feature","geometry":{"type":"Polygon","coordinates":[[[19.4405794,45.9915861],[19.4405269,45.9914683],[19.4453492,45.9904307],[19.4454017,45.9905484],[19.4405794,45.9915861]]]},"properties":{"category":"green","class":"forest","name":"","osmType":"way","osmId":549445140}},{"type":"Feature","geometry":{"type":"Polygon","coordinates":[[[19.4405464,45.9917883],[19.4363165,45.9926684],[19.4362758,45.992574],[19.4405057,45.991694],[19.4405464,45.9917883]]]},"properties":{"category":"green","class":"forest","name":"","osmType":"way","osmId":549445141}},{"type":"Feature","geometry":{"type":"Polygon","coordinates":[[[19.4245302,45.9965057],[19.4244195,45.9961437],[19.4252076,45.9959808],[19.4253574,45.9963202],[19.4245302,45.9965057]]]},"properties":{"category":"green","class":"forest","name":"","osmType":"way","osmId":549445142}},{"type":"Feature","geometry":{"type":"Polygon","coordinates":[[[19.4225632,45.9969854],[19.4225045,45.9968406],[19.4235076,45.9967274],[19.4234295,45.9968044],[19.4225632,45.9969854]]]},"properties":{"category":"green","class":"forest","name":"","osmType":"way","osmId":549445143}},{"type":"Feature","geometry":{"type":"Polygon","coordinates":[[[19.4237957,45.9983802],[19.4237023,45.998161],[19.4240874,45.9980819],[19.4241807,45.9983011],[19.4237957,45.9983802]]]},"properties":{"category":"green","class":"forest","name":"","osmType":"way","osmId":549445144}},{"type":"Feature","geometry":{"type":"Polygon","coordinates":[[[19.4893567,45.9945814],[19.4898577,45.9948179],[19.489092,45.9955869],[19.4885735,45.9953554],[19.4893567,45.9945814]]]},"properties":{"category":"green","class":"park","name":"","osmType":"way","osmId":549614158}},{"type":"Feature","geometry":{"type":"Polygon","coordinates":[[[19.7495052,46.0610712],[19.7497288,46.0611164],[19.7499361,46.061122],[19.7502288,46.0611107],[19.7504036,46.0610797],[19.7505703,46.0610882],[19.7507411,46.0610289],[19.7508386,46.0610148],[19.7509484,46.0609753],[19.7509809,46.0610233],[19.750798,46.0611192],[19.7507777,46.0611643],[19.7507004,46.0612208],[19.7506435,46.0612913],[19.7506191,46.0613505],[19.7506354,46.0614069],[19.7506842,46.0614436],[19.7507655,46.061469],[19.7509769,46.0615057],[19.7509362,46.0615565],[19.7505825,46.0614775],[19.7503833,46.0614182],[19.7500052,46.0613138],[19.7498304,46.0612715],[19.749619,46.061249],[19.7495662,46.0612264],[19.749497,46.0612123],[19.7494279,46.0612151],[19.7494279,46.0611559],[19.7494642,46.0610975],[19.7495052,46.0610712]]]},"properties":{"category":"water-area","class":"lake","name":"","osmType":"way","osmId":550007781}},{"type":"Feature","geometry":{"type":"Polygon","coordinates":[[[19.4802955,46.0188565],[19.4802807,46.0190187],[19.4805306,46.0191157],[19.4804695,46.0192446],[19.4797147,46.0190842],[19.4792587,46.0188946],[19.4795111,46.0186431],[19.4802955,46.0188565]]]},"properties":{"category":"green","class":"forest","name":"","osmType":"way","osmId":550015822}},{"type":"Feature","geometry":{"type":"Polygon","coordinates":[[[19.5962857,46.0577452],[19.5957818,46.0581764],[19.5947348,46.0575871],[19.5952387,46.0571559],[19.5962857,46.0577452]]]},"properties":{"category":"green","class":"forest","name":"","osmType":"way","osmId":551517306}},{"type":"Feature","geometry":{"type":"Polygon","coordinates":[[[19.319514,45.9981328],[19.3192875,45.9980271],[19.3194853,45.9978227],[19.3197117,45.9979284],[19.319514,45.9981328]]]},"properties":{"category":"green","class":"forest","name":"","osmType":"way","osmId":551523607}},{"type":"Feature","geometry":{"type":"Polygon","coordinates":[[[19.307214,45.9960624],[19.306891,45.9959395],[19.3068602,45.995854],[19.3068525,45.9954532],[19.3069064,45.9953677],[19.307014,45.9953516],[19.3071217,45.9954371],[19.3072064,45.9955333],[19.3074448,45.9956616],[19.3074833,45.9957364],[19.307214,45.9960624]]]},"properties":{"category":"green","class":"forest","name":"","osmType":"way","osmId":551523608}},{"type":"Feature","geometry":{"type":"Polygon","coordinates":[[[19.5740596,46.0964418],[19.5737106,46.0963335],[19.5740835,46.0960226],[19.5744101,46.0962267],[19.5740596,46.0964418]]]},"properties":{"category":"green","class":"forest","name":"","osmType":"way","osmId":551636946}},{"type":"Feature","geometry":{"type":"Polygon","coordinates":[[[19.5856541,46.0812145],[19.5849945,46.0818405],[19.5848033,46.0817436],[19.5845858,46.08195],[19.5841887,46.0817486],[19.5850658,46.0809162],[19.5856541,46.0812145]]]},"properties":{"category":"green","class":"forest","name":"","osmType":"way","osmId":551636963}},{"type":"Feature","geometry":{"type":"Polygon","coordinates":[[[19.3726054,45.9955841],[19.3724655,45.9953501],[19.3741845,45.994854],[19.3743244,45.995088],[19.3726054,45.9955841]]]},"properties":{"category":"green","class":"forest","name":"","osmType":"way","osmId":551660729}},{"type":"Feature","geometry":{"type":"Polygon","coordinates":[[[19.3872666,46.0215856],[19.3871853,46.0214868],[19.3871243,46.0213795],[19.3870714,46.0210718],[19.3871446,46.0210323],[19.3872422,46.0210436],[19.3873764,46.0210803],[19.3874739,46.0210492],[19.3876162,46.0208968],[19.3876447,46.0209391],[19.3873438,46.0215574],[19.3872666,46.0215856]]]},"properties":{"category":"green","class":"forest","name":"","osmType":"way","osmId":551660731}},{"type":"Feature","geometry":{"type":"Polygon","coordinates":[[[19.3865686,46.0080547],[19.386495,46.0079943],[19.3862472,46.0080547],[19.3860195,46.0074547],[19.3876401,46.0070919],[19.387774,46.0071803],[19.3878544,46.0071152],[19.3881356,46.0077152],[19.3865686,46.0080547]]]},"properties":{"category":"green","class":"forest","name":"","osmType":"way","osmId":551660738}},{"type":"Feature","geometry":{"type":"Polygon","coordinates":[[[19.5533811,46.1364532],[19.5532912,46.1363778],[19.5529466,46.136089],[19.5531826,46.1359254],[19.5535313,46.1360704],[19.5538531,46.1362228],[19.5533811,46.1364532]]]},"properties":{"category":"green","class":"forest","name":"","osmType":"way","osmId":551710389}},{"type":"Feature","geometry":{"type":"Polygon","coordinates":[[[19.5473102,46.1385395],[19.5468811,46.1382682],[19.5473705,46.138224],[19.5477984,46.1382385],[19.5473102,46.1385395]]]},"properties":{"category":"green","class":"forest","name":"","osmType":"way","osmId":551710396}},{"type":"Feature","geometry":{"type":"Polygon","coordinates":[[[19.502933,46.0718519],[19.5036653,46.072087],[19.5034705,46.0723858],[19.5032208,46.0724843],[19.502781,46.0731339],[19.5024994,46.0739956],[19.5021237,46.0741696],[19.5015336,46.0740282],[19.5028318,46.0718176],[19.502933,46.0718519]]]},"properties":{"category":"green","class":"forest","name":"","osmType":"way","osmId":552093856}},{"type":"Feature","geometry":{"type":"Polygon","coordinates":[[[19.3131743,45.9941632],[19.3132914,45.9940354],[19.3133917,45.9940122],[19.3139434,45.9943897],[19.3137511,45.9946975],[19.3124052,45.9940354],[19.3125557,45.9938554],[19.3128817,45.994047],[19.3131743,45.9941632]]]},"properties":{"category":"green","class":"forest","name":"","osmType":"way","osmId":552175205}},{"type":"Feature","geometry":{"type":"Polygon","coordinates":[[[19.3297281,45.9989883],[19.3301886,45.9991929],[19.3299309,45.9994728],[19.3294704,45.9992683],[19.3297281,45.9989883]]]},"properties":{"category":"green","class":"forest","name":"","osmType":"way","osmId":552175206}},{"type":"Feature","geometry":{"type":"Polygon","coordinates":[[[19.3309826,45.997292],[19.3311171,45.9970166],[19.331202,45.9970166],[19.3315276,45.9971592],[19.3314356,45.9973117],[19.3312303,45.9974297],[19.3309826,45.997292]]]},"properties":{"category":"green","class":"forest","name":"","osmType":"way","osmId":552175207}},{"type":"Feature","geometry":{"type":"Polygon","coordinates":[[[19.3307006,45.9994219],[19.3309466,45.9991683],[19.3313294,45.9993474],[19.3313294,45.9997162],[19.3307006,45.9994219]]]},"properties":{"category":"green","class":"forest","name":"","osmType":"way","osmId":552175209}},{"type":"Feature","geometry":{"type":"Polygon","coordinates":[[[19.3251589,46.0039515],[19.3255199,46.0040744],[19.3259022,46.0042612],[19.3255199,46.0045464],[19.3249537,46.004276],[19.3251589,46.0039515]]]},"properties":{"category":"green","class":"forest","name":"","osmType":"way","osmId":552175211}},{"type":"Feature","geometry":{"type":"Polygon","coordinates":[[[19.3364382,46.0116173],[19.3350177,46.0109888],[19.3316133,46.0094152],[19.3286105,46.0080582],[19.3241693,46.0060266],[19.3080665,45.9987301],[19.3081769,45.9985805],[19.3233062,46.005373],[19.3293358,46.0081456],[19.3328121,46.0097316],[19.3364202,46.0113717],[19.3364382,46.0116173]]]},"properties":{"category":"green","class":"forest","name":"","osmType":"way","osmId":552175213}},{"type":"Feature","geometry":{"type":"Polygon","coordinates":[[[19.4867376,46.0036388],[19.4861518,46.0033174],[19.4865481,46.0029688],[19.487134,46.0032902],[19.4867376,46.0036388]]]},"properties":{"category":"green","class":"forest","name":"","osmType":"way","osmId":552207810}},{"type":"Feature","geometry":{"type":"Polygon","coordinates":[[[19.4645321,46.021095],[19.4646597,46.0211487],[19.4645559,46.0212676],[19.4644283,46.0212139],[19.4645321,46.021095]]]},"properties":{"category":"water-area","class":"pond","name":"","osmType":"way","osmId":552207819}},{"type":"Feature","geometry":{"type":"Polygon","coordinates":[[[19.7541709,45.9287036],[19.7541967,45.9287168],[19.7542058,45.9287247],[19.7542155,45.9287344],[19.7542214,45.9287458],[19.7542219,45.9287581],[19.7542151,45.9287727],[19.7541992,45.9288062],[19.7541854,45.9288327],[19.754169,45.9288607],[19.7541413,45.9288986],[19.7537854,45.9293266],[19.7537789,45.9293334],[19.7537716,45.9293377],[19.7537564,45.9293395],[19.7537403,45.9293381],[19.7537036,45.9293266],[19.7536595,45.9293113],[19.7533805,45.929199],[19.753346,45.9291776],[19.7533154,45.9291516],[19.7532975,45.9291295],[19.7532836,45.9291063],[19.7532079,45.9289641],[19.7531938,45.9289315],[19.7531837,45.9288988],[19.7531817,45.9288846],[19.7531809,45.9288704],[19.7531818,45.9288562],[19.7531839,45.9288419],[19.7531877,45.92883],[19.753193,45.9288183],[19.7532,45.9288078],[19.7532079,45.9287977],[19.7534744,45.9284806],[19.7534998,45.9284479],[19.7535036,45.9284444],[19.7535092,45.9284414],[19.753514,45.9284404],[19.7535192,45.92844],[19.7535246,45.92844],[19.75353,45.9284406],[19.7535423,45.9284432],[19.7535585,45.9284484],[19.7535741,45.9284541],[19.7536084,45.9284678],[19.7541709,45.9287036]]]},"properties":{"category":"water-area","class":"water","name":"","osmType":"way","osmId":559546817}},{"type":"Feature","geometry":{"type":"Polygon","coordinates":[[[19.5362164,46.0059791],[19.5368872,46.0061909],[19.5365782,46.006911],[19.5359236,46.0067133],[19.5362164,46.0059791]]]},"properties":{"category":"green","class":"forest","name":"","osmType":"way","osmId":566441699}},{"type":"Feature","geometry":{"type":"Polygon","coordinates":[[[19.5381447,45.9783993],[19.5383409,45.9783347],[19.5385337,45.9784017],[19.5386163,45.978483],[19.5384373,45.9785093],[19.5381447,45.9783993]]]},"properties":{"category":"green","class":"forest","name":"","osmType":"way","osmId":566441704}},{"type":"Feature","geometry":{"type":"Polygon","coordinates":[[[19.5513375,45.9845067],[19.5505693,45.9842031],[19.5507997,45.9839029],[19.5506989,45.9838495],[19.5505933,45.9839896],[19.5501419,45.9838228],[19.5502668,45.9836493],[19.5507901,45.9837661],[19.551059,45.9834191],[19.5513519,45.983656],[19.5510878,45.9840163],[19.5513135,45.984103],[19.5514863,45.9843065],[19.5513375,45.9845067]]]},"properties":{"category":"green","class":"forest","name":"","osmType":"way","osmId":566441705}},{"type":"Feature","geometry":{"type":"Polygon","coordinates":[[[19.5520529,45.984093],[19.5515007,45.983686],[19.5516688,45.9834425],[19.5523265,45.9836893],[19.5520529,45.984093]]]},"properties":{"category":"green","class":"forest","name":"","osmType":"way","osmId":566441706}},{"type":"Feature","geometry":{"type":"Polygon","coordinates":[[[19.5652407,45.9846794],[19.5659835,45.9849552],[19.565649,45.9853846],[19.5649402,45.9851207],[19.5648211,45.9852231],[19.5649345,45.9854043],[19.5651217,45.9855304],[19.5653428,45.9856565],[19.5654959,45.9857904],[19.5653428,45.9860465],[19.5647191,45.9858101],[19.5648211,45.9856407],[19.5641237,45.9853531],[19.5644412,45.9849079],[19.5649175,45.9850616],[19.5651727,45.9850616],[19.5653031,45.9850813],[19.5655866,45.9851679],[19.5654449,45.9850458],[19.5653258,45.9849631],[19.5651897,45.9848409],[19.5651047,45.9847936],[19.5652407,45.9846794]]]},"properties":{"category":"green","class":"forest","name":"","osmType":"way","osmId":566441712}},{"type":"Feature","geometry":{"type":"Polygon","coordinates":[[[19.5643204,45.9858334],[19.5647193,45.9859888],[19.5645521,45.986196],[19.5641532,45.9860405],[19.5643204,45.9858334]]]},"properties":{"category":"green","class":"forest","name":"","osmType":"way","osmId":566441715}},{"type":"Feature","geometry":{"type":"Polygon","coordinates":[[[19.5738227,45.9740715],[19.5740844,45.9737672],[19.5743007,45.9738571],[19.5744436,45.973691],[19.5752441,45.9740235],[19.5749918,45.9743169],[19.5748778,45.9742695],[19.5747255,45.9744466],[19.5738227,45.9740715]]]},"properties":{"category":"green","class":"forest","name":"","osmType":"way","osmId":566441719}},{"type":"Feature","geometry":{"type":"Polygon","coordinates":[[[19.574227,45.9748023],[19.573984,45.974696],[19.5741165,45.9745498],[19.5742733,45.9746184],[19.5743392,45.9745456],[19.5744254,45.9745833],[19.574227,45.9748023]]]},"properties":{"category":"green","class":"forest","name":"","osmType":"way","osmId":566441721}},{"type":"Feature","geometry":{"type":"Polygon","coordinates":[[[19.5741716,45.9752849],[19.5727921,45.9746706],[19.5724974,45.9744937],[19.571801,45.9740097],[19.5718546,45.973926],[19.5714903,45.9736469],[19.5706591,45.973212],[19.5704349,45.9730044],[19.5693434,45.9720364],[19.5702943,45.972432],[19.5705755,45.9725949],[19.5708434,45.972795],[19.571118,45.972916],[19.5714863,45.9731394],[19.5719014,45.9734466],[19.572109,45.9735583],[19.5718747,45.9737538],[19.5722899,45.9741493],[19.5733278,45.9746752],[19.5735756,45.974773],[19.5736894,45.9748567],[19.5740979,45.9751499],[19.5741716,45.9752849]]]},"properties":{"category":"green","class":"forest","name":"","osmType":"way","osmId":566441723}},{"type":"Feature","geometry":{"type":"Polygon","coordinates":[[[19.570776,45.9780197],[19.5692961,45.9773734],[19.5694208,45.9772513],[19.5699198,45.9774444],[19.5702827,45.9770267],[19.571326,45.9775074],[19.570776,45.9780197]]]},"properties":{"category":"green","class":"forest","name":"","osmType":"way","osmId":566441726}},{"type":"Feature","geometry":{"type":"Polygon","coordinates":[[[19.5746639,45.9690971],[19.5732294,45.9685138],[19.5732464,45.9684665],[19.5735526,45.9685689],[19.5738077,45.9683482],[19.5743067,45.9682261],[19.5744485,45.9681945],[19.5751573,45.9684862],[19.5746639,45.9690971]]]},"properties":{"category":"green","class":"forest","name":"","osmType":"way","osmId":566441728}},{"type":"Feature","geometry":{"type":"Polygon","coordinates":[[[19.6140751,45.9991753],[19.614941,45.9986552],[19.6155293,45.9991279],[19.6146634,45.999648],[19.6140751,45.9991753]]]},"properties":{"category":"green","class":"forest","name":"","osmType":"way","osmId":566441743}},{"type":"Feature","geometry":{"type":"Polygon","coordinates":[[[19.6357633,45.9975158],[19.6356102,45.9970814],[19.635633,45.997052],[19.6356688,45.9970407],[19.6357796,45.9970294],[19.6359685,45.997009],[19.6362192,45.9969728],[19.6362583,45.9969751],[19.6365123,45.9977579],[19.6364505,45.9977805],[19.6363983,45.9977918],[19.6362681,45.9978167],[19.6361899,45.9978393],[19.6360499,45.9978642],[19.6359978,45.9978755],[19.6359196,45.9978891],[19.6354604,45.9979547],[19.635392,45.997966],[19.6353634,45.9979648],[19.6353441,45.9979399],[19.6353138,45.9978824],[19.6352973,45.9978115],[19.635289,45.9976851],[19.6353028,45.9976315],[19.6353221,45.9975931],[19.6355537,45.9975587],[19.6356502,45.9975376],[19.6357054,45.9975223],[19.6357633,45.9975158]]]},"properties":{"category":"water-area","class":"lake","name":"","osmType":"way","osmId":566466083}},{"type":"Feature","geometry":{"type":"Polygon","coordinates":[[[19.633514,45.9974863],[19.6334033,45.9971978],[19.6333558,45.9971498],[19.633427,45.9971223],[19.6335081,45.9971031],[19.6335812,45.9970907],[19.6336959,45.9970756],[19.633777,45.997077],[19.6338185,45.9970811],[19.6338304,45.9970921],[19.6338402,45.9971072],[19.6337809,45.9971347],[19.6338284,45.9975714],[19.6338521,45.9976607],[19.63389,45.9976584],[19.6339204,45.9976535],[19.6339414,45.997673],[19.6340301,45.9978839],[19.6340395,45.9979115],[19.6340535,45.9979244],[19.6340838,45.9979293],[19.6341329,45.9979293],[19.6344318,45.9978985],[19.6345135,45.9978887],[19.634803,45.9978547],[19.6349244,45.9978239],[19.6350879,45.9978044],[19.6351906,45.9978028],[19.6352303,45.9978141],[19.6352467,45.9978368],[19.6352654,45.997939],[19.635249,45.9979553],[19.635179,45.9979699],[19.6351299,45.9979682],[19.6349338,45.9980137],[19.6346232,45.9980493],[19.6343804,45.998085],[19.6341422,45.9981191],[19.6341025,45.9981061],[19.6340885,45.9980834],[19.6340301,45.9980737],[19.6340185,45.9980996],[19.6339975,45.9981126],[19.6339134,45.9981304],[19.6338177,45.9981418],[19.633778,45.9981434],[19.6337546,45.9981386],[19.6337453,45.998124],[19.6337009,45.9979553],[19.6336752,45.9979001],[19.6335561,45.9976049],[19.6335491,45.997566],[19.633514,45.9974863]]]},"properties":{"category":"water-area","class":"lake","name":"","osmType":"way","osmId":566466084}},{"type":"Feature","geometry":{"type":"Polygon","coordinates":[[[19.6339951,45.9976795],[19.634238,45.9976471],[19.6343244,45.9976389],[19.6346022,45.9976389],[19.6348427,45.9976325],[19.6351766,45.997626],[19.6352046,45.9976341],[19.6352163,45.9976503],[19.6352373,45.9977282],[19.6352397,45.9977541],[19.6352257,45.9977687],[19.6351976,45.9977801],[19.6351346,45.9977898],[19.6350272,45.9977898],[19.6348334,45.9978206],[19.6347657,45.9978385],[19.6341632,45.9978952],[19.6341329,45.9978969],[19.6341142,45.9978936],[19.6341002,45.9978774],[19.6340815,45.9978628],[19.6340675,45.9978531],[19.6340488,45.9978466],[19.6339904,45.9977038],[19.6339951,45.9976795]]]},"properties":{"category":"water-area","class":"lake","name":"","osmType":"way","osmId":566466085}},{"type":"Feature","geometry":{"type":"Polygon","coordinates":[[[19.63473,45.9957083],[19.6349494,45.9956986],[19.6349728,45.9957067],[19.6349961,45.9957343],[19.6350755,45.9964545],[19.6350615,45.9964934],[19.6350475,45.9965145],[19.6350172,45.9965372],[19.6349845,45.9965453],[19.6348163,45.9965567],[19.6347907,45.9965486],[19.6347743,45.9965307],[19.6347626,45.9965015],[19.6347136,45.995903],[19.6347159,45.9957472],[19.6347183,45.9957278],[19.63473,45.9957083]]]},"properties":{"category":"water-area","class":"lake","name":"","osmType":"way","osmId":566466105}},{"type":"Feature","geometry":{"type":"Polygon","coordinates":[[[19.6186333,46.0193798],[19.6189647,46.01975],[19.6186213,46.0198983],[19.6182898,46.0195281],[19.6186333,46.0193798]]]},"properties":{"category":"green","class":"forest","name":"","osmType":"way","osmId":566466133}},{"type":"Feature","geometry":{"type":"Polygon","coordinates":[[[19.6405771,46.0018228],[19.6398466,46.0012211],[19.6404414,46.000634],[19.6411198,46.0009674],[19.6415476,46.0011124],[19.6420381,46.0011921],[19.6424033,46.0011559],[19.6425285,46.0014458],[19.6405771,46.0018228]]]},"properties":{"category":"green","class":"forest","name":"","osmType":"way","osmId":566466135}},{"type":"Feature","geometry":{"type":"Polygon","coordinates":[[[19.6540277,45.998518],[19.6536253,45.9987117],[19.6531962,45.9981639],[19.6531372,45.9979329],[19.6540277,45.998518]]]},"properties":{"category":"green","class":"forest","name":"","osmType":"way","osmId":566466153}},{"type":"Feature","geometry":{"type":"Polygon","coordinates":[[[19.8464665,46.1416285],[19.8471907,46.1407978],[19.8485547,46.1414421],[19.8484369,46.1415585],[19.8478322,46.1421565],[19.8477001,46.1422871],[19.8464665,46.1416285]]]},"properties":{"category":"green","class":"forest","name":"","osmType":"way","osmId":589468640}},{"type":"Feature","geometry":{"type":"Polygon","coordinates":[[[19.7391003,46.1649377],[19.7391459,46.1648597],[19.7392854,46.1647854],[19.7394571,46.1647743],[19.7394946,46.164804],[19.7394732,46.1648746],[19.7395053,46.1649062],[19.7399533,46.1650603],[19.7399962,46.1650882],[19.7399962,46.1651625],[19.7399613,46.1651941],[19.739913,46.1652089],[19.7396448,46.1651829],[19.7393337,46.1650269],[19.7391003,46.1649377]]]},"properties":{"category":"green","class":"forest","name":"","osmType":"way","osmId":599710206}},{"type":"Feature","geometry":{"type":"Polygon","coordinates":[[[19.7382045,46.1633271],[19.738521,46.1630485],[19.73869,46.1631265],[19.7386524,46.1632602],[19.7384968,46.1633568],[19.7383091,46.1633661],[19.7382045,46.1633271]]]},"properties":{"category":"green","class":"forest","name":"","osmType":"way","osmId":599710208}},{"type":"Feature","geometry":{"type":"Polygon","coordinates":[[[19.7395053,46.1629426],[19.7394544,46.1629221],[19.7394276,46.1628906],[19.7394249,46.1628162],[19.7394758,46.1627494],[19.7395563,46.1626992],[19.7396073,46.1626936],[19.7396448,46.1627215],[19.7398031,46.1627401],[19.7398272,46.1627735],[19.7397494,46.1629166],[19.7397011,46.1629333],[19.7395053,46.1629426]]]},"properties":{"category":"green","class":"forest","name":"","osmType":"way","osmId":599710210}},{"type":"Feature","geometry":{"type":"Polygon","coordinates":[[[19.7387999,46.162794],[19.7394168,46.1622738],[19.7395697,46.1622255],[19.7397494,46.162036],[19.7398031,46.162036],[19.7399345,46.1621047],[19.7399694,46.1621753],[19.7399667,46.1622552],[19.7398916,46.1624057],[19.7398111,46.1624596],[19.7394732,46.1625209],[19.7392988,46.1626268],[19.7392532,46.1626992],[19.7392935,46.1628107],[19.739272,46.1628497],[19.7391701,46.1628794],[19.7389474,46.1628757],[19.7387999,46.162794]]]},"properties":{"category":"green","class":"forest","name":"","osmType":"way","osmId":599710214}},{"type":"Feature","geometry":{"type":"Polygon","coordinates":[[[19.741466,46.1636745],[19.7413695,46.1636448],[19.7411442,46.1635315],[19.7410369,46.1634442],[19.7409993,46.1633736],[19.7409993,46.1632993],[19.741061,46.1632361],[19.7411147,46.1632231],[19.7412166,46.1632454],[19.7413668,46.163407],[19.7415438,46.1634999],[19.7415867,46.1635723],[19.7415706,46.1636095],[19.741466,46.1636745]]]},"properties":{"category":"green","class":"forest","name":"","osmType":"way","osmId":599710217}},{"type":"Feature","geometry":{"type":"Polygon","coordinates":[[[19.739854,46.1641166],[19.7397977,46.1641092],[19.7397387,46.1640479],[19.7397441,46.1638566],[19.7399694,46.16355],[19.7400767,46.1633383],[19.7401571,46.1632417],[19.7402376,46.1631915],[19.7402939,46.1631915],[19.7403797,46.1632361],[19.740479,46.1633271],[19.7405353,46.1634367],[19.7406131,46.1634887],[19.7406721,46.1635946],[19.7406587,46.1637488],[19.7406131,46.1638213],[19.7405085,46.1639142],[19.7403958,46.1639216],[19.7401759,46.1639086],[19.7399801,46.1640498],[19.739854,46.1641166]]]},"properties":{"category":"green","class":"forest","name":"","osmType":"way","osmId":599710220}},{"type":"Feature","geometry":{"type":"Polygon","coordinates":[[[19.7406909,46.1625636],[19.7406775,46.1624596],[19.7407553,46.1624001],[19.7408411,46.1622979],[19.7408974,46.1621883],[19.7408974,46.161997],[19.740833,46.1618019],[19.7408545,46.1617257],[19.7408947,46.1616979],[19.7410583,46.1616979],[19.7411656,46.1617202],[19.7413132,46.1617778],[19.7413132,46.1620044],[19.7413856,46.1620639],[19.7415519,46.1620713],[19.7417557,46.1620026],[19.741863,46.161984],[19.7420159,46.1620323],[19.7421125,46.162127],[19.7421259,46.1621642],[19.7420695,46.1623481],[19.7417799,46.1626806],[19.7416243,46.1627902],[19.7414714,46.1627679],[19.7412354,46.1626063],[19.7411817,46.162597],[19.7411308,46.1626045],[19.7410342,46.1626379],[19.7407553,46.1626453],[19.7407043,46.162636],[19.7406802,46.1626026],[19.7406909,46.1625636]]]},"properties":{"category":"green","class":"forest","name":"","osmType":"way","osmId":599710222}},{"type":"Feature","geometry":{"type":"Polygon","coordinates":[[[19.7405769,46.1611545],[19.7405058,46.1611136],[19.7408625,46.1608173],[19.7410208,46.160717],[19.7410923,46.1607281],[19.7412005,46.1607448],[19.7412541,46.1608257],[19.7412582,46.1609538],[19.7410583,46.1611025],[19.7408344,46.1610997],[19.7407056,46.1610579],[19.7405769,46.1611545]]]},"properties":{"category":"green","class":"forest","name":"","osmType":"way","osmId":599710228}},{"type":"Feature","geometry":{"type":"Polygon","coordinates":[[[19.6379092,45.9017902],[19.6373021,45.9016667],[19.637573,45.9010947],[19.6377784,45.9011142],[19.6379746,45.9010882],[19.6382361,45.9011402],[19.6379092,45.9017902]]]},"properties":{"category":"green","class":"forest","name":"","osmType":"way","osmId":636127420}},{"type":"Feature","geometry":{"type":"Polygon","coordinates":[[[19.4932561,46.0903915],[19.4933979,46.0901976],[19.4940206,46.0903676],[19.4939086,46.0905448],[19.4932561,46.0903915]]]},"properties":{"category":"green","class":"forest","name":"","osmType":"way","osmId":638265207}},{"type":"Feature","geometry":{"type":"Polygon","coordinates":[[[19.5768598,45.9461062],[19.5763598,45.9458511],[19.5763371,45.9457249],[19.5764151,45.9456462],[19.5761472,45.9455179],[19.5762351,45.9454292],[19.5764165,45.9453898],[19.5766977,45.9455333],[19.576656,45.9455729],[19.5768784,45.9456864],[19.5770291,45.9455436],[19.577305,45.9456844],[19.5768598,45.9461062]]]},"properties":{"category":"green","class":"forest","name":"","osmType":"way","osmId":639678966}},{"type":"Feature","geometry":{"type":"Polygon","coordinates":[[[19.5734085,45.9689028],[19.5739223,45.9691155],[19.5739429,45.9691992],[19.5737681,45.9694033],[19.5731861,45.9691624],[19.5734085,45.9689028]]]},"properties":{"category":"green","class":"forest","name":"","osmType":"way","osmId":639910946}},{"type":"Feature","geometry":{"type":"Polygon","coordinates":[[[19.5751875,45.9677251],[19.5746885,45.9675281],[19.5748983,45.9671891],[19.575488,45.9674216],[19.5751875,45.9677251]]]},"properties":{"category":"green","class":"forest","name":"","osmType":"way","osmId":639910951}},{"type":"Feature","geometry":{"type":"Polygon","coordinates":[[[19.576021,45.9672955],[19.5753009,45.9669881],[19.5755787,45.9669132],[19.5757318,45.9667398],[19.5755901,45.9665349],[19.5762762,45.9668344],[19.5759983,45.9670906],[19.576021,45.9672955]]]},"properties":{"category":"green","class":"forest","name":"","osmType":"way","osmId":639910952}},{"type":"Feature","geometry":{"type":"Polygon","coordinates":[[[19.5908807,45.9547735],[19.5900919,45.9543995],[19.5904858,45.953998],[19.5906038,45.954054],[19.5909712,45.9536795],[19.5915515,45.9539548],[19.5911838,45.9543296],[19.59145,45.9544484],[19.5911957,45.9549229],[19.5908807,45.9547735]]]},"properties":{"category":"green","class":"forest","name":"","osmType":"way","osmId":639910965}},{"type":"Feature","geometry":{"type":"Polygon","coordinates":[[[19.539892,45.936532],[19.540382,45.9362052],[19.5405754,45.9363476],[19.5408695,45.9366239],[19.5404217,45.93693],[19.539892,45.936532]]]},"properties":{"category":"green","class":"forest","name":"","osmType":"way","osmId":639910982}},{"type":"Feature","geometry":{"type":"Polygon","coordinates":[[[19.605021,45.9156402],[19.6052971,45.9150579],[19.6062874,45.9152852],[19.6061774,45.9155171],[19.6062512,45.9155341],[19.6060945,45.9158651],[19.6060515,45.9158552],[19.6058988,45.9161779],[19.6057502,45.9161494],[19.605741,45.9158055],[19.605021,45.9156402]]]},"properties":{"category":"green","class":"forest","name":"","osmType":"way","osmId":639999621}},{"type":"Feature","geometry":{"type":"Polygon","coordinates":[[[19.5909915,45.9094537],[19.5911477,45.9093646],[19.5913022,45.9092097],[19.5915247,45.9092634],[19.5918836,45.9094784],[19.5920789,45.9094784],[19.5923242,45.9096459],[19.5924377,45.9096585],[19.5928147,45.9098955],[19.5929737,45.9098734],[19.5929964,45.9099461],[19.5932826,45.910101],[19.5933507,45.9102653],[19.5932366,45.9103434],[19.592515,45.9097849],[19.5919108,45.9101926],[19.5909915,45.9094537]]]},"properties":{"category":"green","class":"forest","name":"","osmType":"way","osmId":639999623}},{"type":"Feature","geometry":{"type":"Polygon","coordinates":[[[19.5146717,46.0003596],[19.5142124,46.0001276],[19.5147606,45.999604],[19.5152199,45.999836],[19.5146717,46.0003596]]]},"properties":{"category":"green","class":"forest","name":"","osmType":"way","osmId":640082608}},{"type":"Feature","geometry":{"type":"Polygon","coordinates":[[[19.5521527,45.8921809],[19.5521318,45.8921496],[19.5522157,45.8921204],[19.5522726,45.8920662],[19.5522876,45.8920182],[19.5709115,45.8831426],[19.5709744,45.8831343],[19.5710104,45.8831635],[19.5709774,45.8832094],[19.5708036,45.8833158],[19.5669866,45.8851535],[19.5591577,45.8889297],[19.552277,45.8922043],[19.552206,45.8922078],[19.5521527,45.8921809]]]},"properties":{"category":"green","class":"forest","name":"","osmType":"way","osmId":640241475}},{"type":"Feature","geometry":{"type":"Polygon","coordinates":[[[19.5411914,45.8977414],[19.5411589,45.8977406],[19.5411321,45.8977276],[19.5411124,45.8977002],[19.5411124,45.8976658],[19.5416702,45.8973807],[19.5417146,45.8973223],[19.5417837,45.8972845],[19.5418479,45.8972776],[19.5418923,45.8972982],[19.5419219,45.8973326],[19.541917,45.8973704],[19.5418084,45.8974425],[19.5411914,45.8977414]]]},"properties":{"category":"green","class":"forest","name":"","osmType":"way","osmId":640241481}},{"type":"Feature","geometry":{"type":"Polygon","coordinates":[[[19.5524013,45.922956],[19.5525894,45.9228892],[19.5526187,45.9228601],[19.5526187,45.9227932],[19.5525476,45.9223018],[19.5525643,45.9222408],[19.55279,45.9216854],[19.5528068,45.9215604],[19.5527817,45.9214325],[19.5527357,45.9213539],[19.5527273,45.9212754],[19.5526187,45.921133],[19.5525685,45.9209963],[19.5525225,45.9208771],[19.5523386,45.9206009],[19.5524348,45.9205776],[19.5525309,45.9206183],[19.5528151,45.9206387],[19.5530283,45.9207172],[19.5535633,45.9209469],[19.5536845,45.9209847],[19.5538475,45.9209963],[19.5540356,45.9209818],[19.5541652,45.9209527],[19.5543993,45.9209033],[19.5552854,45.9205718],[19.5556448,45.9204671],[19.5557201,45.9206067],[19.5557995,45.9206648],[19.5559332,45.9207288],[19.5560503,45.9207724],[19.5561757,45.9207782],[19.5562843,45.9207753],[19.556673,45.9206706],[19.5567399,45.9206299],[19.5567859,45.9206009],[19.5567943,45.9205572],[19.5566898,45.9205805],[19.5566187,45.9204933],[19.5566521,45.9204351],[19.5567566,45.9203508],[19.5565936,45.9200746],[19.5564599,45.9198856],[19.5564432,45.9198303],[19.5565769,45.9197925],[19.5568068,45.92006],[19.5571328,45.9204933],[19.5571746,45.9205078],[19.5573042,45.92047],[19.5574505,45.9204264],[19.5577263,45.9209149],[19.5575048,45.9209323],[19.5570116,45.9209992],[19.5568737,45.921037],[19.5566856,45.921101],[19.5565059,45.9212057],[19.5564348,45.9210167],[19.5561297,45.9210138],[19.5560001,45.9210486],[19.5560335,45.9211359],[19.5532456,45.9215139],[19.5530868,45.921479],[19.5531202,45.9216214],[19.5531244,45.9216767],[19.5531077,45.921729],[19.5529113,45.9223803],[19.5529071,45.9224472],[19.5529154,45.9225373],[19.5530826,45.9230781],[19.5524013,45.9232642],[19.5521714,45.9231944],[19.5517117,45.9231305],[19.5512561,45.9231305],[19.5510638,45.9232235],[19.5505664,45.9225693],[19.5504619,45.9225257],[19.5503658,45.9225286],[19.5501568,45.9225897],[19.5497597,45.9227758],[19.5491536,45.9219558],[19.5494964,45.9219791],[19.5498015,45.9220285],[19.5500523,45.9220431],[19.550232,45.9220372],[19.5503909,45.9220198],[19.5505079,45.9219965],[19.5506124,45.9219733],[19.5511516,45.9226304],[19.5512686,45.9227118],[19.5513229,45.9227321],[19.5514191,45.9227409],[19.5515069,45.9227467],[19.5515988,45.9227176],[19.5516699,45.9227234],[19.5524013,45.922956]]]},"properties":{"category":"green","class":"forest","name":"","osmType":"way","osmId":640241486}},{"type":"Feature","geometry":{"type":"Polygon","coordinates":[[[19.5430806,45.9243967],[19.5427587,45.9240827],[19.5428674,45.9240216],[19.5429845,45.9240739],[19.5430931,45.9240652],[19.5431349,45.9239082],[19.543114,45.9237716],[19.5432143,45.9237047],[19.5433063,45.9237832],[19.5433063,45.9242629],[19.5430806,45.9243967]]]},"properties":{"category":"green","class":"forest","name":"","osmType":"way","osmId":640241488}},{"type":"Feature","geometry":{"type":"Polygon","coordinates":[[[19.5327008,45.9292243],[19.5321564,45.9287724],[19.5329076,45.9283346],[19.533452,45.9287865],[19.5327008,45.9292243]]]},"properties":{"category":"green","class":"forest","name":"","osmType":"way","osmId":640241492}},{"type":"Feature","geometry":{"type":"Polygon","coordinates":[[[19.5337765,45.9277435],[19.5346034,45.9271899],[19.5344891,45.9273648],[19.5343928,45.9274702],[19.5343652,45.9276665],[19.5344616,45.9278725],[19.5343996,45.9280257],[19.534441,45.9283418],[19.5337765,45.9277435]]]},"properties":{"category":"green","class":"forest","name":"","osmType":"way","osmId":640241493}},{"type":"Feature","geometry":{"type":"Polygon","coordinates":[[[19.5200358,45.9392954],[19.5197512,45.939504],[19.5190714,45.9389147],[19.5193347,45.9386909],[19.5200358,45.9392954]]]},"properties":{"category":"green","class":"forest","name":"","osmType":"way","osmId":640241502}},{"type":"Feature","geometry":{"type":"Polygon","coordinates":[[[19.5223084,45.9402466],[19.5225305,45.9402125],[19.5228557,45.940433],[19.5228883,45.9406366],[19.5225061,45.9408627],[19.522067,45.9410437],[19.5215873,45.9406874],[19.5213759,45.9411907],[19.520888,45.9414168],[19.5201888,45.9415017],[19.5198436,45.9411732],[19.5202205,45.9409911],[19.520382,45.9411623],[19.5208282,45.9409216],[19.521082,45.9410874],[19.5212358,45.9403278],[19.5210128,45.9401513],[19.5212512,45.9400282],[19.5214974,45.9400175],[19.5215205,45.9402583],[19.5216589,45.9404027],[19.5217282,45.9406969],[19.5221743,45.9406381],[19.5224128,45.9403652],[19.5223084,45.9402466]]]},"properties":{"category":"green","class":"forest","name":"","osmType":"way","osmId":640241503}},{"type":"Feature","geometry":{"type":"Polygon","coordinates":[[[19.4977066,45.9288382],[19.4982815,45.9285032],[19.498795,45.9289296],[19.4982201,45.9292646],[19.4977066,45.9288382]]]},"properties":{"category":"green","class":"forest","name":"","osmType":"way","osmId":640241509}},{"type":"Feature","geometry":{"type":"Polygon","coordinates":[[[19.5870364,45.9072651],[19.5863844,45.9066623],[19.5748072,45.895643],[19.5749072,45.8955928],[19.5761989,45.8968516],[19.5805015,45.9009419],[19.5849942,45.9052106],[19.5871091,45.9072197],[19.5870364,45.9072651]]]},"properties":{"category":"green","class":"forest","name":"","osmType":"way","osmId":640241514}},{"type":"Feature","geometry":{"type":"Polygon","coordinates":[[[19.512425,46.0225607],[19.5123631,46.0225665],[19.5109204,46.0225484],[19.5104579,46.0225394],[19.5101811,46.022519],[19.5100313,46.0224263],[19.5123082,46.0224943],[19.5124063,46.0225397],[19.512425,46.0225607]]]},"properties":{"category":"green","class":"forest","name":"","osmType":"way","osmId":640282836}},{"type":"Feature","geometry":{"type":"Polygon","coordinates":[[[19.5163384,46.0268972],[19.515226,46.0263579],[19.5152292,46.0262567],[19.5155016,46.0259884],[19.5156695,46.0259466],[19.5160718,46.0261292],[19.5160845,46.0262237],[19.5167105,46.0265272],[19.5163384,46.0268972]]]},"properties":{"category":"green","class":"forest","name":"","osmType":"way","osmId":640282842}},{"type":"Feature","geometry":{"type":"Polygon","coordinates":[[[19.5533982,46.0213694],[19.5533509,46.0209576],[19.5546767,46.0213235],[19.5544796,46.0216679],[19.5533982,46.0213694]]]},"properties":{"category":"green","class":"forest","name":"","osmType":"way","osmId":640282870}},{"type":"Feature","geometry":{"type":"Polygon","coordinates":[[[19.5505696,46.0227742],[19.5510029,46.022879],[19.5508901,46.0231037],[19.5507856,46.0230784],[19.5504899,46.0229329],[19.5505696,46.0227742]]]},"properties":{"category":"green","class":"forest","name":"","osmType":"way","osmId":640282877}},{"type":"Feature","geometry":{"type":"Polygon","coordinates":[[[19.5484286,46.0489501],[19.5486596,46.0487748],[19.5487318,46.0488206],[19.5490423,46.048585],[19.5491774,46.0486707],[19.5491004,46.0487291],[19.5498145,46.0491823],[19.5493499,46.0495349],[19.5484286,46.0489501]]]},"properties":{"category":"green","class":"forest","name":"","osmType":"way","osmId":640326922}},{"type":"Feature","geometry":{"type":"Polygon","coordinates":[[[19.7695385,45.9062497],[19.7711267,45.905545],[19.7712018,45.9055116],[19.771258,45.9054778],[19.771293,45.9054386],[19.7713103,45.9053983],[19.7713194,45.9053058],[19.7713999,45.9047655],[19.7714871,45.9047614],[19.7715621,45.9047488],[19.7716064,45.9047367],[19.7716467,45.9047134],[19.7716683,45.9046837],[19.7716771,45.90465],[19.7716714,45.9046189],[19.7716508,45.9045923],[19.7716263,45.9045702],[19.7715794,45.9045453],[19.7715146,45.904529],[19.7714376,45.9045127],[19.7715211,45.903952],[19.7721696,45.9040259],[19.772133,45.9048499],[19.7719681,45.905676],[19.7719402,45.905738],[19.7718832,45.9057884],[19.7700079,45.9065961],[19.7695385,45.9062497]]]},"properties":{"category":"water-area","class":"water","name":"","osmType":"way","osmId":640932928}},{"type":"Feature","geometry":{"type":"Polygon","coordinates":[[[19.8443566,46.065673],[19.8451041,46.0657521],[19.8451453,46.0657631],[19.8451548,46.0657895],[19.845139,46.065829],[19.8451295,46.0659257],[19.8451168,46.0660071],[19.8450946,46.06604],[19.8450661,46.0660532],[19.8450313,46.0660576],[19.844743,46.0660093],[19.844686,46.0660049],[19.8446227,46.0659807],[19.8445308,46.0659829],[19.8444864,46.0659631],[19.8444453,46.0659565],[19.8443059,46.0659653],[19.8442615,46.0659455],[19.8441412,46.0659367],[19.8439986,46.0659367],[19.8439321,46.0659104],[19.8439036,46.0658796],[19.8439828,46.0655785],[19.8440113,46.0655565],[19.8440588,46.0655499],[19.844176,46.0655521],[19.8442109,46.0655719],[19.8442774,46.0655719],[19.8443122,46.0655741],[19.8443376,46.0655939],[19.8443376,46.0656312],[19.8443344,46.0656532],[19.8443566,46.065673]]]},"properties":{"category":"water-area","class":"lake","name":"","osmType":"way","osmId":642734821}},{"type":"Feature","geometry":{"type":"Polygon","coordinates":[[[19.8084615,45.9277736],[19.8088048,45.9278856],[19.8087565,45.9281542],[19.8083273,45.9279714],[19.8084615,45.9277736]]]},"properties":{"category":"green","class":"forest","name":"","osmType":"way","osmId":643487239}},{"type":"Feature","geometry":{"type":"Polygon","coordinates":[[[19.8092603,45.9669598],[19.808948,45.966838],[19.8092704,45.9664388],[19.8095826,45.9665605],[19.8092603,45.9669598]]]},"properties":{"category":"green","class":"forest","name":"","osmType":"way","osmId":643487279}},{"type":"Feature","geometry":{"type":"Polygon","coordinates":[[[19.8239428,46.0003721],[19.8238455,46.0002993],[19.8245339,45.9992858],[19.8246536,45.9994469],[19.8239428,46.0003721]]]},"properties":{"category":"green","class":"forest","name":"","osmType":"way","osmId":643487290}},{"type":"Feature","geometry":{"type":"Polygon","coordinates":[[[19.8310779,46.0314953],[19.8304462,46.0308032],[19.8306175,46.0307278],[19.8307901,46.0309169],[19.8311945,46.030739],[19.8316536,46.031242],[19.8310779,46.0314953]]]},"properties":{"category":"green","class":"forest","name":"","osmType":"way","osmId":643536945}},{"type":"Feature","geometry":{"type":"Polygon","coordinates":[[[19.8279856,46.0313846],[19.8274905,46.0315856],[19.8269535,46.0310441],[19.8274112,46.0307848],[19.8279856,46.0313846]]]},"properties":{"category":"green","class":"forest","name":"","osmType":"way","osmId":643536947}},{"type":"Feature","geometry":{"type":"Polygon","coordinates":[[[19.7943918,46.0042527],[19.7958055,46.0032764],[19.7973076,46.0043582],[19.7959142,46.0053044],[19.7950954,46.0047374],[19.7943918,46.0042527]]]},"properties":{"category":"green","class":"park","name":"","osmType":"way","osmId":643536955}},{"type":"Feature","geometry":{"type":"Polygon","coordinates":[[[19.6837669,46.0677273],[19.684113,46.0670015],[19.6844477,46.0670762],[19.6845515,46.0671029],[19.6846477,46.0671509],[19.6848284,46.067247],[19.684113,46.0678528],[19.6837669,46.0677273]]]},"properties":{"category":"green","class":"park","name":"","osmType":"way","osmId":643771662}},{"type":"Feature","geometry":{"type":"Polygon","coordinates":[[[19.6818395,46.0690721],[19.6819939,46.0686799],[19.6820187,46.0686168],[19.6825427,46.0687009],[19.6828205,46.0687843],[19.6838994,46.0691084],[19.684291,46.0692366],[19.6838967,46.06956],[19.6838277,46.0695867],[19.6837891,46.0695867],[19.6818395,46.0690721]]]},"properties":{"category":"green","class":"park","name":"","osmType":"way","osmId":643771663}},{"type":"Feature","geometry":{"type":"Polygon","coordinates":[[[19.7519483,46.0173359],[19.7512647,46.0169348],[19.7516424,46.0166243],[19.752326,46.0170254],[19.7519483,46.0173359]]]},"properties":{"category":"green","class":"forest","name":"","osmType":"way","osmId":644405785}},{"type":"Feature","geometry":{"type":"Polygon","coordinates":[[[19.7658337,46.0010954],[19.7663201,46.0013072],[19.7663918,46.0014527],[19.7662528,46.0016068],[19.7656206,46.0013317],[19.7658337,46.0010954]]]},"properties":{"category":"green","class":"forest","name":"","osmType":"way","osmId":644519668}},{"type":"Feature","geometry":{"type":"Polygon","coordinates":[[[19.7427691,45.9923772],[19.7422564,45.9921579],[19.7425419,45.9918356],[19.7430546,45.9920548],[19.7427691,45.9923772]]]},"properties":{"category":"green","class":"forest","name":"","osmType":"way","osmId":644519696}},{"type":"Feature","geometry":{"type":"Polygon","coordinates":[[[19.7458207,45.9902141],[19.7468365,45.9906497],[19.7465563,45.9909652],[19.7455405,45.9905295],[19.7458207,45.9902141]]]},"properties":{"category":"green","class":"forest","name":"","osmType":"way","osmId":644519697}},{"type":"Feature","geometry":{"type":"Polygon","coordinates":[[[19.7346555,45.9710425],[19.734555,45.9711339],[19.7340314,45.9711304],[19.7330137,45.9720157],[19.7327757,45.9723665],[19.7319683,45.9722716],[19.7322701,45.9718247],[19.7324683,45.971869],[19.7325462,45.9717263],[19.7326311,45.9712245],[19.7323621,45.9711802],[19.7315479,45.9722559],[19.7309787,45.9722347],[19.7303455,45.972409],[19.7307978,45.971864],[19.7313358,45.9717706],[19.7313995,45.9710769],[19.7319799,45.9707325],[19.732532,45.9702897],[19.7329638,45.9704275],[19.7333248,45.9704275],[19.7336492,45.9703408],[19.7338769,45.9702799],[19.7342521,45.9699011],[19.7344149,45.9699552],[19.7344149,45.9700733],[19.7345281,45.9702012],[19.7351086,45.9704127],[19.7346555,45.9710425]]]},"properties":{"category":"green","class":"forest","name":"","osmType":"way","osmId":644528591}},{"type":"Feature","geometry":{"type":"Polygon","coordinates":[[[19.7315755,45.9737671],[19.7316008,45.9738483],[19.7315958,45.9739823],[19.7316871,45.974014],[19.7317531,45.9740775],[19.7317429,45.9741692],[19.7312253,45.9739611],[19.7312608,45.9739012],[19.7312913,45.9737883],[19.7312253,45.9736719],[19.7312405,45.9736049],[19.7313166,45.9736084],[19.7313674,45.973626],[19.731479,45.973686],[19.7315755,45.9737671]]]},"properties":{"category":"green","class":"forest","name":"","osmType":"way","osmId":644528599}},{"type":"Feature","geometry":{"type":"Polygon","coordinates":[[[19.5904144,46.0438519],[19.5907168,46.0440648],[19.5907902,46.0441727],[19.5908421,46.0442477],[19.5908421,46.0442867],[19.5905181,46.0444306],[19.5902718,46.0441757],[19.5900731,46.0440468],[19.590099,46.0440078],[19.5904144,46.0438519]]]},"properties":{"category":"green","class":"forest","name":"","osmType":"way","osmId":644573236}},{"type":"Feature","geometry":{"type":"Polygon","coordinates":[[[19.5671638,46.0405016],[19.5667948,46.0403088],[19.5668754,46.0402344],[19.5672444,46.0404271],[19.5671638,46.0405016]]]},"properties":{"category":"green","class":"forest","name":"","osmType":"way","osmId":645111608}},{"type":"Feature","geometry":{"type":"Polygon","coordinates":[[[19.5627363,46.0453572],[19.5620731,46.045054],[19.5622793,46.0448364],[19.5629313,46.0451197],[19.5627363,46.0453572]]]},"properties":{"category":"green","class":"forest","name":"","osmType":"way","osmId":645111622}},{"type":"Feature","geometry":{"type":"Polygon","coordinates":[[[19.5629704,46.044982],[19.5625221,46.0447838],[19.5624669,46.044844],[19.5623987,46.0448138],[19.562489,46.0447155],[19.5630054,46.0449439],[19.5629704,46.044982]]]},"properties":{"category":"green","class":"forest","name":"","osmType":"way","osmId":645111623}},{"type":"Feature","geometry":{"type":"Polygon","coordinates":[[[19.6003962,46.0315086],[19.5999212,46.0310564],[19.6004984,46.0307642],[19.6009733,46.0312164],[19.6003962,46.0315086]]]},"properties":{"category":"green","class":"forest","name":"","osmType":"way","osmId":645302311}},{"type":"Feature","geometry":{"type":"Polygon","coordinates":[[[19.5887205,46.0416026],[19.5887667,46.0415728],[19.5889583,46.0414972],[19.5890937,46.0415958],[19.5891663,46.0416233],[19.5892159,46.0416508],[19.589206,46.0417769],[19.5891796,46.0418525],[19.5890904,46.0418892],[19.5889814,46.0419213],[19.5889054,46.0419488],[19.5887667,46.0418571],[19.5888691,46.0417837],[19.5887205,46.0416026]]]},"properties":{"category":"green","class":"forest","name":"","osmType":"way","osmId":645302327}},{"type":"Feature","geometry":{"type":"Polygon","coordinates":[[[19.6006036,46.0175995],[19.6012742,46.0173108],[19.6015824,46.017656],[19.6009118,46.0179447],[19.6006036,46.0175995]]]},"properties":{"category":"green","class":"forest","name":"","osmType":"way","osmId":645312568}},{"type":"Feature","geometry":{"type":"Polygon","coordinates":[[[19.6688375,46.0082832],[19.6682818,46.0080111],[19.668621,46.007677],[19.6691767,46.0079492],[19.6688375,46.0082832]]]},"properties":{"category":"green","class":"forest","name":"","osmType":"way","osmId":645334062}},{"type":"Feature","geometry":{"type":"Polygon","coordinates":[[[19.3681099,46.0372939],[19.3689097,46.0376551],[19.3685912,46.0380285],[19.3684779,46.0379868],[19.36817,46.0379057],[19.3679718,46.0378566],[19.3677276,46.0377681],[19.3681099,46.0372939]]]},"properties":{"category":"green","class":"forest","name":"","osmType":"way","osmId":645785836}},{"type":"Feature","geometry":{"type":"Polygon","coordinates":[[[19.3543377,46.0347891],[19.3546437,46.0344802],[19.3557517,46.0350413],[19.3554727,46.0353751],[19.3543377,46.0347891]]]},"properties":{"category":"green","class":"forest","name":"","osmType":"way","osmId":645785843}},{"type":"Feature","geometry":{"type":"Polygon","coordinates":[[[19.347359,46.0423082],[19.3474182,46.0421951],[19.3476404,46.0419792],[19.3480896,46.0421745],[19.3479859,46.0425515],[19.347359,46.0423082]]]},"properties":{"category":"green","class":"forest","name":"","osmType":"way","osmId":645785844}},{"type":"Feature","geometry":{"type":"Polygon","coordinates":[[[19.3559471,46.0368567],[19.3561642,46.0366717],[19.3563296,46.0365748],[19.3565574,46.0366792],[19.3565552,46.0367403],[19.3564929,46.0368388],[19.3562694,46.0370774],[19.355988,46.0368984],[19.3559471,46.0368567]]]},"properties":{"category":"green","class":"forest","name":"","osmType":"way","osmId":645785846}},{"type":"Feature","geometry":{"type":"Polygon","coordinates":[[[19.3582139,46.0306802],[19.3644318,46.0335502],[19.3634225,46.0346563],[19.3570276,46.0318627],[19.3582139,46.0306802]]]},"properties":{"category":"green","class":"forest","name":"","osmType":"way","osmId":645785847}},{"type":"Feature","geometry":{"type":"Polygon","coordinates":[[[19.3590042,46.0297903],[19.3574634,46.0291157],[19.3577399,46.0288306],[19.3578659,46.0288673],[19.358183,46.0290254],[19.3582765,46.0290875],[19.3583212,46.0291355],[19.3584229,46.0292258],[19.358553,46.0292879],[19.359053,46.0295165],[19.359179,46.0296068],[19.3590042,46.0297903]]]},"properties":{"category":"green","class":"forest","name":"","osmType":"way","osmId":645785848}},{"type":"Feature","geometry":{"type":"Polygon","coordinates":[[[19.3666845,46.0294532],[19.366318,46.0292866],[19.3665947,46.0289931],[19.3669612,46.0291597],[19.3666845,46.0294532]]]},"properties":{"category":"green","class":"forest","name":"","osmType":"way","osmId":645785849}},{"type":"Feature","geometry":{"type":"Polygon","coordinates":[[[19.3332153,46.0152279],[19.3251503,46.0115433],[19.3252915,46.0114022],[19.3332842,46.0150367],[19.3334219,46.0148885],[19.333501,46.0149267],[19.3332153,46.0152279]]]},"properties":{"category":"green","class":"forest","name":"","osmType":"way","osmId":645785890}},{"type":"Feature","geometry":{"type":"Polygon","coordinates":[[[19.3338616,46.0163254],[19.3342505,46.0158786],[19.3345914,46.0160353],[19.3342649,46.0163621],[19.3339336,46.0164038],[19.3338616,46.0163254]]]},"properties":{"category":"green","class":"forest","name":"","osmType":"way","osmId":645785891}},{"type":"Feature","geometry":{"type":"Polygon","coordinates":[[[19.3348795,46.0163688],[19.3354748,46.0162087],[19.3357149,46.0163121],[19.3354364,46.0166255],[19.3348795,46.0163688]]]},"properties":{"category":"green","class":"forest","name":"","osmType":"way","osmId":645785892}},{"type":"Feature","geometry":{"type":"Polygon","coordinates":[[[19.3389654,46.0152251],[19.3381011,46.0154919],[19.3379907,46.0154652],[19.3381876,46.0153385],[19.3378851,46.0151484],[19.3381347,46.0149083],[19.3389654,46.0152251]]]},"properties":{"category":"green","class":"forest","name":"","osmType":"way","osmId":645785893}},{"type":"Feature","geometry":{"type":"Polygon","coordinates":[[[19.3377794,46.0165321],[19.3366896,46.015962],[19.3379859,46.0155985],[19.3383316,46.0155685],[19.3385092,46.0156386],[19.3383316,46.015932],[19.3378515,46.0157419],[19.3377362,46.0159186],[19.3376594,46.016102],[19.3380195,46.0162787],[19.3377794,46.0165321]]]},"properties":{"category":"green","class":"forest","name":"","osmType":"way","osmId":645785894}},{"type":"Feature","geometry":{"type":"Polygon","coordinates":[[[19.3386367,46.0155789],[19.3384405,46.0155645],[19.3383648,46.0154952],[19.3388192,46.0154091],[19.3387882,46.0154588],[19.3387279,46.0154677],[19.3386367,46.0155789]]]},"properties":{"category":"green","class":"forest","name":"","osmType":"way","osmId":645785895}},{"type":"Feature","geometry":{"type":"Polygon","coordinates":[[[19.3343485,46.0150429],[19.3346769,46.0151908],[19.3342772,46.0156188],[19.3338884,46.0154437],[19.3341627,46.0151499],[19.3342231,46.0151772],[19.3343485,46.0150429]]]},"properties":{"category":"green","class":"forest","name":"","osmType":"way","osmId":645785912}},{"type":"Feature","geometry":{"type":"Polygon","coordinates":[[[19.3319207,46.0158822],[19.3323621,46.0160729],[19.332114,46.0163498],[19.3313033,46.0159995],[19.3313494,46.015948],[19.3317187,46.0161076],[19.3319207,46.0158822]]]},"properties":{"category":"green","class":"forest","name":"","osmType":"way","osmId":645785913}},{"type":"Feature","geometry":{"type":"Polygon","coordinates":[[[19.3319386,46.0165689],[19.3311382,46.0162026],[19.3312223,46.016114],[19.3320227,46.0164802],[19.3319386,46.0165689]]]},"properties":{"category":"green","class":"forest","name":"","osmType":"way","osmId":645785914}},{"type":"Feature","geometry":{"type":"Polygon","coordinates":[[[19.3415255,46.0008204],[19.3426534,46.0013563],[19.3423782,46.0016358],[19.3412502,46.0010999],[19.3415255,46.0008204]]]},"properties":{"category":"green","class":"forest","name":"","osmType":"way","osmId":645785925}},{"type":"Feature","geometry":{"type":"Polygon","coordinates":[[[19.3410532,46.0029588],[19.3416005,46.0031941],[19.3414601,46.0033518],[19.3410585,46.0031792],[19.3409956,46.0032499],[19.3412093,46.0033418],[19.3411576,46.0033999],[19.3407979,46.0032453],[19.3410532,46.0029588]]]},"properties":{"category":"green","class":"forest","name":"","osmType":"way","osmId":645785926}},{"type":"Feature","geometry":{"type":"Polygon","coordinates":[[[19.3417477,46.005449],[19.341356,46.0052668],[19.3412398,46.0053873],[19.3416708,46.0055878],[19.3416175,46.0056431],[19.3408012,46.0052633],[19.3410869,46.0049815],[19.3413815,46.0050731],[19.3418846,46.005307],[19.3417477,46.005449]]]},"properties":{"category":"green","class":"forest","name":"","osmType":"way","osmId":645785927}},{"type":"Feature","geometry":{"type":"Polygon","coordinates":[[[19.3369612,46.0081943],[19.337587,46.0075845],[19.3375309,46.0074742],[19.3374469,46.0075326],[19.3371387,46.0074807],[19.3372601,46.0072537],[19.3375963,46.0068644],[19.3375776,46.0066893],[19.3399874,46.0078051],[19.3393336,46.0084927],[19.3390067,46.0083695],[19.3385023,46.0088755],[19.3369612,46.0081943]]]},"properties":{"category":"green","class":"forest","name":"","osmType":"way","osmId":645785928}},{"type":"Feature","geometry":{"type":"Polygon","coordinates":[[[19.3345207,46.0075994],[19.3385236,46.0093659],[19.3384621,46.0094331],[19.3344592,46.0076666],[19.3345207,46.0075994]]]},"properties":{"category":"green","class":"forest","name":"","osmType":"way","osmId":645785929}},{"type":"Feature","geometry":{"type":"Polygon","coordinates":[[[19.3894449,46.0160658],[19.3896346,46.016032],[19.3897626,46.016379],[19.3893327,46.0164555],[19.3894449,46.0160658]]]},"properties":{"category":"green","class":"forest","name":"","osmType":"way","osmId":645790573}},{"type":"Feature","geometry":{"type":"Polygon","coordinates":[[[19.5580304,46.1635427],[19.5582654,46.1632627],[19.5577773,46.1630658],[19.5587536,46.1618211],[19.561704,46.1631253],[19.5606365,46.1640727],[19.5607116,46.1641173],[19.5602231,46.164644],[19.5598936,46.1645343],[19.5597948,46.1645845],[19.5594696,46.1645371],[19.5594953,46.1644186],[19.5593498,46.1642467],[19.5580304,46.1635427]]]},"properties":{"category":"green","class":"park","name":"","osmType":"way","osmId":783399155}},{"type":"Feature","geometry":{"type":"Polygon","coordinates":[[[19.6319994,46.1491576],[19.6325581,46.1486031],[19.634028,46.1493786],[19.6338847,46.1495279],[19.6334925,46.1499365],[19.6319994,46.1491576]]]},"properties":{"category":"green","class":"forest","name":"","osmType":"way","osmId":784541086}},{"type":"Feature","geometry":{"type":"Polygon","coordinates":[[[19.6273958,46.1466618],[19.6277528,46.1463001],[19.6279676,46.1464019],[19.6283068,46.1462923],[19.628533,46.1459084],[19.6286008,46.1455794],[19.6289287,46.1453601],[19.6298785,46.1458771],[19.6302403,46.1460416],[19.630489,46.1459789],[19.6307378,46.1461199],[19.6315744,46.1462688],[19.6314388,46.1465116],[19.6311561,46.1466526],[19.6314727,46.1470521],[19.6315971,46.1474829],[19.6313483,46.1478041],[19.6313709,46.1479216],[19.6314614,46.1482193],[19.6317553,46.1483054],[19.6319815,46.1479451],[19.6322189,46.1478119],[19.6323885,46.1475534],[19.6324677,46.1473263],[19.6328521,46.1471696],[19.6330782,46.1472871],[19.6330895,46.1475613],[19.6329425,46.1477963],[19.6327277,46.1481096],[19.6321172,46.1487519],[19.6318119,46.1490574],[19.6273958,46.1466618]]]},"properties":{"category":"green","class":"forest","name":"","osmType":"way","osmId":784541087}},{"type":"Feature","geometry":{"type":"Polygon","coordinates":[[[19.6297199,46.1449467],[19.6294112,46.1448123],[19.6293936,46.1446413],[19.6297728,46.144293],[19.6299668,46.1442869],[19.6301432,46.1443419],[19.6304166,46.1443297],[19.6304166,46.1444824],[19.6304342,46.1449467],[19.6306106,46.1450017],[19.6306987,46.14535],[19.6308663,46.145405],[19.6312984,46.1453194],[19.6314011,46.1451938],[19.6316415,46.1450616],[19.6316418,46.145211],[19.6314853,46.1454074],[19.6316722,46.1454954],[19.6318221,46.1453082],[19.6320605,46.1452886],[19.6322702,46.1451509],[19.6317845,46.1448061],[19.6319363,46.1446853],[19.6323044,46.1449492],[19.632842,46.1453107],[19.6325298,46.1455122],[19.6328083,46.1456192],[19.632495,46.1456823],[19.6322875,46.1457266],[19.6322832,46.1455854],[19.6320736,46.1455754],[19.6320175,46.1457034],[19.6320992,46.145825],[19.6325675,46.1462858],[19.6322572,46.1463115],[19.6311838,46.1455822],[19.6308222,46.1457593],[19.6303725,46.1456371],[19.6298522,46.14513],[19.6297199,46.1449467]]]},"properties":{"category":"green","class":"forest","name":"","osmType":"way","osmId":784541088}},{"type":"Feature","geometry":{"type":"Polygon","coordinates":[[[19.6398212,46.1504328],[19.6400589,46.1502975],[19.6406581,46.15018],[19.6410878,46.1498588],[19.6426933,46.1482687],[19.6423089,46.1480494],[19.6420648,46.1478165],[19.6427966,46.1471516],[19.6435187,46.1465768],[19.6434056,46.1463261],[19.6427498,46.1460284],[19.6423315,46.1458717],[19.6421732,46.1457856],[19.642094,46.1453391],[19.6419358,46.1451667],[19.6416079,46.1452137],[19.6414609,46.1450649],[19.6418566,46.1449631],[19.6423767,46.1450649],[19.6426376,46.1452944],[19.6427837,46.1455114],[19.642829,46.1458404],[19.643383,46.1458404],[19.6437222,46.1456054],[19.643937,46.1454096],[19.6442536,46.1455427],[19.6445137,46.1452999],[19.6459383,46.1461694],[19.6456443,46.1463104],[19.645339,46.1464671],[19.6447624,46.1463026],[19.6445702,46.1460597],[19.6444232,46.1461929],[19.6444571,46.1463653],[19.6438692,46.1470938],[19.6437335,46.1472739],[19.6438466,46.1475403],[19.6439822,46.1477988],[19.6442875,46.1479006],[19.6446207,46.147822],[19.6447842,46.1478999],[19.644744,46.1479664],[19.6446126,46.1480542],[19.6442415,46.1481973],[19.6444755,46.1484312],[19.6450029,46.1486086],[19.6448642,46.1487309],[19.6445589,46.1488954],[19.6447285,46.1490207],[19.6452712,46.1490599],[19.6449546,46.1492479],[19.6446041,46.149522],[19.6445137,46.1499137],[19.6441969,46.1501495],[19.6438309,46.1501495],[19.6437141,46.1499444],[19.6437686,46.1497826],[19.6442359,46.1495883],[19.6444773,46.1493563],[19.6440334,46.1490326],[19.6437141,46.1490218],[19.6431689,46.1489895],[19.6429586,46.1491028],[19.6424368,46.1493671],[19.6422266,46.1496585],[19.6420163,46.1501009],[19.6412141,46.150867],[19.6414945,46.1510828],[19.6422889,46.1512825],[19.642686,46.1517465],[19.6427016,46.1519191],[19.6423176,46.1521666],[19.6421331,46.151849],[19.6418449,46.1516493],[19.6414633,46.1515306],[19.6412453,46.1516224],[19.6412063,46.1517734],[19.6414633,46.1518651],[19.6415178,46.1522212],[19.6411674,46.1523291],[19.6407468,46.1522752],[19.6402873,46.1519515],[19.6402095,46.1517411],[19.6398746,46.1515576],[19.639602,46.151412],[19.6393294,46.1512501],[19.6393104,46.1512251],[19.6390179,46.1508401],[19.6384658,46.1506685],[19.6381846,46.1505811],[19.6382573,46.1504454],[19.6383871,46.1502034],[19.6389089,46.1501279],[19.638831,46.1497826],[19.6393372,46.1496693],[19.6397733,46.1497232],[19.6399525,46.1497772],[19.6399836,46.1499606],[19.6397344,46.1502088],[19.6396098,46.1503761],[19.6398212,46.1504328]]]},"properties":{"category":"green","class":"forest","name":"","osmType":"way","osmId":784541092}},{"type":"Feature","geometry":{"type":"Polygon","coordinates":[[[19.6339367,46.1501553],[19.634436,46.1496434],[19.6347755,46.1496158],[19.6352847,46.1490831],[19.6355144,46.1491661],[19.6360075,46.1494526],[19.6363318,46.1490811],[19.6363692,46.1488178],[19.6382338,46.149707],[19.6374684,46.1500884],[19.6370272,46.1497553],[19.6369685,46.149711],[19.6368453,46.1497565],[19.6363795,46.1499287],[19.6362901,46.1499617],[19.6361092,46.1501732],[19.6364484,46.1505335],[19.6361771,46.150792],[19.6359962,46.1511836],[19.6339367,46.1501553]]]},"properties":{"category":"green","class":"forest","name":"","osmType":"way","osmId":784541095}},{"type":"Feature","geometry":{"type":"Polygon","coordinates":[[[19.6371494,46.1566036],[19.6406319,46.1538075],[19.6413553,46.1531394],[19.6420217,46.1525239],[19.6421922,46.1523664],[19.6427016,46.1519191],[19.6446344,46.1503847],[19.6456068,46.1495936],[19.6455502,46.1493272],[19.6456775,46.1491665],[19.6459047,46.1492441],[19.6460972,46.1493416],[19.646753,46.1496192],[19.6470284,46.1494736],[19.6471212,46.1495103],[19.6474522,46.1495686],[19.6477758,46.1496819],[19.6475826,46.1501144],[19.6463191,46.1517867],[19.6447248,46.1536509],[19.6424974,46.1562903],[19.6409888,46.1581361],[19.6407618,46.1580609],[19.6371494,46.1566036]]]},"properties":{"category":"green","class":"forest","name":"","osmType":"way","osmId":784541097}},{"type":"Feature","geometry":{"type":"Polygon","coordinates":[[[19.6380146,46.1691395],[19.6369231,46.1691589],[19.6367598,46.1692303],[19.6367147,46.1693612],[19.6367834,46.1702109],[19.6378212,46.1701766],[19.6387757,46.1699713],[19.6388639,46.1703133],[19.6383259,46.1705881],[19.6376028,46.1713393],[19.6373118,46.1713759],[19.6365446,46.1712721],[19.6361125,46.1711317],[19.6357333,46.1711133],[19.63531,46.1710584],[19.6352659,46.1706492],[19.6347368,46.1704416],[19.6347192,46.170295],[19.6350712,46.1701371],[19.6350191,46.169922],[19.634428,46.1698989],[19.634146,46.1697637],[19.6358215,46.1679132],[19.6365799,46.1677728],[19.6370032,46.1681942],[19.6373684,46.1689538],[19.6379291,46.1690736],[19.6380146,46.1691395]]]},"properties":{"category":"green","class":"forest","name":"","osmType":"way","osmId":784541098}},{"type":"Feature","geometry":{"type":"Polygon","coordinates":[[[19.6535199,46.0998433],[19.6532413,46.0996131],[19.6536475,46.0995093],[19.6537304,46.099527],[19.6537751,46.0995668],[19.6537687,46.0996155],[19.653622,46.0997526],[19.6535199,46.0998433]]]},"properties":{"category":"green","class":"park","name":"Трг краља Томислава","osmType":"way","osmId":809210105}},{"type":"Feature","geometry":{"type":"Polygon","coordinates":[[[19.4840939,46.0202231],[19.4841554,46.0200583],[19.4843781,46.0199619],[19.4847745,46.0197536],[19.4857416,46.0195547],[19.4864867,46.0193225],[19.4870796,46.0190503],[19.4877637,46.0188406],[19.4884882,46.018449],[19.48929,46.0178908],[19.4898175,46.0176049],[19.491001,46.0171736],[19.4914799,46.0169165],[19.4920352,46.0164843],[19.4926915,46.0161804],[19.4933226,46.0159449],[19.4941351,46.0155305],[19.4945863,46.0152251],[19.4950026,46.0147852],[19.4952737,46.0143696],[19.4953726,46.0139537],[19.4953609,46.0134892],[19.4954302,46.0132375],[19.4954984,46.0128006],[19.4959006,46.0122489],[19.4963414,46.0115745],[19.4964649,46.0109436],[19.4967972,46.0105075],[19.4969505,46.0101621],[19.4972317,46.0098947],[19.4973639,46.0096397],[19.4975547,46.009113],[19.4975058,46.0087281],[19.4974559,46.0084069],[19.4974976,46.008107],[19.4977667,46.0077225],[19.4984797,46.0070683],[19.4991601,46.0067926],[19.4999171,46.0064698],[19.5004029,46.0064173],[19.50076,46.0064014],[19.5009914,46.0065593],[19.5022806,46.007575],[19.5018433,46.0079101],[19.5013191,46.0083284],[19.5007317,46.0087818],[19.5005606,46.0088613],[19.5004148,46.0088399],[19.4997889,46.0084688],[19.4994677,46.0082893],[19.4990209,46.0086338],[19.4989655,46.0088655],[19.4991011,46.0092721],[19.4991448,46.0097633],[19.49894,46.0101101],[19.498634,46.0104227],[19.4983384,46.0107286],[19.4980227,46.0111252],[19.4980311,46.0114916],[19.4978338,46.0116923],[19.4975576,46.0120604],[19.4971372,46.012714],[19.4970429,46.0130794],[19.4969966,46.01324],[19.4968421,46.0133817],[19.4967425,46.0137048],[19.4966482,46.0141372],[19.4966748,46.0144297],[19.4966523,46.0147034],[19.4965247,46.0149118],[19.4961846,46.0151631],[19.4956279,46.0156971],[19.4952293,46.0160676],[19.4943256,46.0166122],[19.4938932,46.0168118],[19.4934791,46.0168884],[19.4930339,46.0170505],[19.4926842,46.0174194],[19.4920436,46.0178346],[19.4916847,46.0179916],[19.491088,46.0182279],[19.4906962,46.0183005],[19.4903381,46.0182949],[19.4899801,46.0183095],[19.4898793,46.0185229],[19.4897255,46.0187447],[19.4894134,46.0190347],[19.488762,46.0194735],[19.4883396,46.0195962],[19.4878607,46.0197838],[19.4873202,46.0199412],[19.4865515,46.0202308],[19.4859477,46.020504],[19.4857417,46.0205908],[19.4852994,46.0203756],[19.4847148,46.0203748],[19.4840939,46.0202231]]]},"properties":{"category":"water-area","class":"lake","name":"Скендерево","osmType":"way","osmId":812660936}},{"type":"Feature","geometry":{"type":"Polygon","coordinates":[[[19.4838021,46.0203758],[19.4840711,46.0204288],[19.4841249,46.0205689],[19.4840667,46.0206779],[19.4838066,46.0208429],[19.4834165,46.0210671],[19.4830757,46.0212196],[19.4829681,46.0212445],[19.4827439,46.0212477],[19.482448,46.021229],[19.4823359,46.0211854],[19.4820668,46.0211231],[19.4817619,46.0211387],[19.4814436,46.0211978],[19.481318,46.0213473],[19.4811297,46.0214749],[19.4808293,46.0217614],[19.4804392,46.0220373],[19.4802284,46.0222864],[19.4801701,46.022414],[19.4800535,46.0226787],[19.4798831,46.0229464],[19.47978,46.0233014],[19.4797352,46.0234477],[19.47952,46.0238493],[19.4791254,46.0245969],[19.4789415,46.0249104],[19.4787711,46.0251003],[19.4787846,46.0252249],[19.4786277,46.0253712],[19.4786142,46.0254988],[19.4784124,46.0258382],[19.4783317,46.0258755],[19.4782241,46.0260997],[19.4781972,46.0262087],[19.4779596,46.0268002],[19.4778923,46.0269278],[19.4779237,46.0269901],[19.4778519,46.027015],[19.4777757,46.0272361],[19.4777174,46.0273544],[19.4777221,46.0274684],[19.4778041,46.0276198],[19.4780389,46.0280533],[19.4784662,46.0287026],[19.4787442,46.0292287],[19.4788429,46.0293688],[19.478816,46.0295182],[19.4786904,46.0297112],[19.4784931,46.0298606],[19.4783353,46.029876],[19.4783003,46.0298171],[19.4784169,46.0296988],[19.4785245,46.0295991],[19.4785963,46.029484],[19.4785469,46.0292754],[19.4777398,46.027918],[19.4776188,46.0277219],[19.4775291,46.0275756],[19.4774887,46.0274199],[19.4775515,46.0272113],[19.4776367,46.026956],[19.4777085,46.0267692],[19.4779865,46.0261746],[19.4780806,46.0258634],[19.4776434,46.0255309],[19.4777251,46.0254746],[19.4779324,46.0255327],[19.4780576,46.0253967],[19.4779912,46.0252817],[19.4780852,46.0251026],[19.4784393,46.0249823],[19.4786052,46.0245745],[19.478816,46.0240919],[19.4788788,46.0239541],[19.4787308,46.0238887],[19.4786859,46.023758],[19.478659,46.0235649],[19.4787715,46.023329],[19.478798,46.0232162],[19.4789774,46.022908],[19.479381,46.0222484],[19.4795564,46.0220179],[19.4796903,46.0218374],[19.4801193,46.0214963],[19.4805406,46.0211202],[19.4808203,46.0208566],[19.4811073,46.0207414],[19.4816139,46.0205888],[19.4822641,46.0204705],[19.4829636,46.0204799],[19.4832326,46.0204799],[19.4836227,46.0204083],[19.4838021,46.0203758]]]},"properties":{"category":"water-area","class":"lake","name":"Мишићево","osmType":"way","osmId":812660939}},{"type":"Feature","geometry":{"type":"Polygon","coordinates":[[[19.6762607,46.0701067],[19.6754964,46.0699516],[19.6756509,46.0692916],[19.676525,46.0694693],[19.6762607,46.0701067]]]},"properties":{"category":"green","class":"park","name":"","osmType":"way","osmId":863509099}},{"type":"Feature","geometry":{"type":"Polygon","coordinates":[[[19.6698957,46.0757824],[19.6696055,46.0755899],[19.6702662,46.0751107],[19.6705563,46.0753031],[19.6698957,46.0757824]]]},"properties":{"category":"green","class":"park","name":"","osmType":"way","osmId":868076232}},{"type":"Feature","geometry":{"type":"Polygon","coordinates":[[[19.6433222,45.9536584],[19.6433345,45.9534828],[19.6479499,45.9539455],[19.6488619,45.9542454],[19.6467259,45.954019],[19.6455546,45.9538949],[19.6433222,45.9536584]]]},"properties":{"category":"green","class":"forest","name":"","osmType":"way","osmId":875247397}},{"type":"Feature","geometry":{"type":"Polygon","coordinates":[[[19.7483152,45.9996767],[19.7470809,45.9991255],[19.7475018,45.9986708],[19.7487359,45.9992222],[19.7483152,45.9996767]]]},"properties":{"category":"green","class":"forest","name":"","osmType":"way","osmId":875262035}},{"type":"Feature","geometry":{"type":"Polygon","coordinates":[[[19.6150691,45.9376185],[19.6153034,45.9371856],[19.6164191,45.9374778],[19.6161847,45.9379106],[19.6150691,45.9376185]]]},"properties":{"category":"green","class":"forest","name":"","osmType":"way","osmId":875777930}},{"type":"Feature","geometry":{"type":"Polygon","coordinates":[[[19.5286634,46.0666896],[19.5282526,46.0662323],[19.5281897,46.0661711],[19.5282036,46.0661079],[19.5282279,46.0660519],[19.5283678,46.065939],[19.5284296,46.0658919],[19.5284685,46.0658696],[19.5284962,46.0658537],[19.5285441,46.0658375],[19.5286061,46.0658375],[19.5286697,46.0658474],[19.5292561,46.0661959],[19.5296571,46.0664],[19.529665,46.0664923],[19.529647,46.0665765],[19.5293149,46.0668539],[19.5292182,46.0669197],[19.5291177,46.0669489],[19.5286634,46.0666896]]]},"properties":{"category":"green","class":"park","name":"","osmType":"way","osmId":881229781}},{"type":"Feature","geometry":{"type":"Polygon","coordinates":[[[19.3281216,46.0208696],[19.3310344,46.0221681],[19.3353976,46.0241324],[19.3351339,46.024382],[19.3317176,46.0228839],[19.3289727,46.0216354],[19.3290206,46.0214523],[19.3280257,46.0210194],[19.3281216,46.0208696]]]},"properties":{"category":"green","class":"forest","name":"","osmType":"way","osmId":885976090}},{"type":"Feature","geometry":{"type":"Polygon","coordinates":[[[19.6800312,45.9391173],[19.67998,45.939222],[19.6799719,45.9393268],[19.680085,45.9396779],[19.6798524,45.9397438],[19.6796098,45.9397933],[19.6795307,45.9398],[19.6794531,45.9398046],[19.6793694,45.9398012],[19.6792821,45.9397866],[19.6791953,45.9397707],[19.6791451,45.9397644],[19.6783923,45.9393488],[19.678255,45.9392615],[19.6781289,45.9391626],[19.6781048,45.939121],[19.6781,45.9391075],[19.6780951,45.9390939],[19.6780886,45.9390606],[19.6780883,45.9390445],[19.6780896,45.9390295],[19.6780938,45.9390084],[19.6780993,45.9389852],[19.6781164,45.9389442],[19.6781322,45.9389069],[19.6781516,45.9388697],[19.678196,45.9387962],[19.6785661,45.9382484],[19.6793561,45.9384237],[19.6804063,45.9386304],[19.6800312,45.9391173]]]},"properties":{"category":"green","class":"forest","name":"Buduća Žednička šuma","osmType":"way","osmId":893079239}},{"type":"Feature","geometry":{"type":"Polygon","coordinates":[[[19.7913206,45.9993918],[19.7914374,45.9993254],[19.7916851,45.9992],[19.7955322,45.9965791],[19.7967391,45.9974495],[19.7968736,45.9973314],[19.7973266,45.9973216],[19.7991245,45.9985976],[19.7987175,45.9988681],[19.8003101,45.9999277],[19.796211,46.0028211],[19.7956527,46.0031702],[19.7958055,46.0032764],[19.7943918,46.0042527],[19.7912773,46.0063938],[19.7910978,46.0063218],[19.7906872,46.0060327],[19.7868751,46.0031047],[19.7872564,46.0025723],[19.7889147,46.0036955],[19.789995,46.002926],[19.7883368,46.0018027],[19.7890225,46.0013102],[19.7911994,45.9997121],[19.7913206,45.9993918]]]},"properties":{"category":"green","class":"forest","name":"","osmType":"way","osmId":902370690}},{"type":"Feature","geometry":{"type":"Polygon","coordinates":[[[19.6710312,45.9402691],[19.6709426,45.939598],[19.6714103,45.9395639],[19.6724575,45.9394876],[19.6724925,45.9396722],[19.6725452,45.9399495],[19.6725082,45.9399573],[19.671616,45.9401456],[19.6715698,45.9401554],[19.6712596,45.9402209],[19.6710312,45.9402691]]]},"properties":{"category":"green","class":"park","name":"","osmType":"way","osmId":910071399}},{"type":"Feature","geometry":{"type":"Polygon","coordinates":[[[19.7689059,46.0875232],[19.7689892,46.0873073],[19.7692976,46.0873761],[19.7730561,46.0879307],[19.7732465,46.0876326],[19.7738122,46.0877307],[19.7748771,46.0879578],[19.7749109,46.0880363],[19.7754494,46.0881117],[19.7754657,46.0880061],[19.7757921,46.088074],[19.7757649,46.0882815],[19.7755256,46.0882589],[19.7755129,46.088376],[19.7765064,46.0885495],[19.7764522,46.0887363],[19.775964,46.0886738],[19.7689059,46.0875232]]]},"properties":{"category":"green","class":"forest","name":"","osmType":"way","osmId":933908477}},{"type":"Feature","geometry":{"type":"Polygon","coordinates":[[[19.8274934,46.0674981],[19.8272652,46.0670202],[19.8272433,46.0668954],[19.8269976,46.0664783],[19.8272301,46.0663018],[19.8273179,46.0662866],[19.8277654,46.0671694],[19.8278444,46.0674068],[19.8278181,46.0674373],[19.8274934,46.0674981]]]},"properties":{"category":"water-area","class":"pond","name":"","osmType":"way","osmId":933908520}},{"type":"Feature","geometry":{"type":"Polygon","coordinates":[[[19.6932396,46.128458],[19.6934031,46.128149],[19.6942204,46.1284271],[19.6942725,46.1285043],[19.6941164,46.1288339],[19.6934551,46.1286125],[19.6934625,46.1285095],[19.6932396,46.128458]]]},"properties":{"category":"water-area","class":"fishpond","name":"","osmType":"way","osmId":934201620}},{"type":"Feature","geometry":{"type":"Polygon","coordinates":[[[19.6943022,46.1286537],[19.6943616,46.1284477],[19.6943022,46.1283756],[19.6942502,46.1281748],[19.6942502,46.1280718],[19.6943542,46.1280306],[19.6949115,46.1282417],[19.6950006,46.128355],[19.6948594,46.1287773],[19.6947629,46.1288133],[19.6943022,46.1286537]]]},"properties":{"category":"water-area","class":"fishpond","name":"","osmType":"way","osmId":934201621}},{"type":"Feature","geometry":{"type":"Polygon","coordinates":[[[19.6959814,46.1265269],[19.6960557,46.1263827],[19.6973337,46.1266556],[19.6972966,46.1267689],[19.6959814,46.1265269]]]},"properties":{"category":"water-area","class":"fishpond","name":"","osmType":"way","osmId":934201622}},{"type":"Feature","geometry":{"type":"Polygon","coordinates":[[[19.7204159,46.1133396],[19.720832,46.1123686],[19.723772,46.1127684],[19.7239213,46.1127845],[19.7237011,46.1132667],[19.7231396,46.1131826],[19.7229135,46.1138529],[19.7219067,46.1137245],[19.7219485,46.113607],[19.7204159,46.1133396]]]},"properties":{"category":"green","class":"forest","name":"","osmType":"way","osmId":934201631}},{"type":"Feature","geometry":{"type":"Polygon","coordinates":[[[19.7165364,46.1307701],[19.7167477,46.1303857],[19.7188234,46.1309339],[19.7186122,46.131318],[19.7184549,46.1312765],[19.7165364,46.1307701]]]},"properties":{"category":"green","class":"forest","name":"","osmType":"way","osmId":934201660}},{"type":"Feature","geometry":{"type":"Polygon","coordinates":[[[19.7195383,46.1313939],[19.720178,46.1318294],[19.7198075,46.13207],[19.7195926,46.1319169],[19.7192305,46.1321217],[19.7188654,46.1318702],[19.7195383,46.1313939]]]},"properties":{"category":"green","class":"forest","name":"","osmType":"way","osmId":934201665}},{"type":"Feature","geometry":{"type":"Polygon","coordinates":[[[19.7330124,46.1623635],[19.7329534,46.1620058],[19.7334552,46.1610756],[19.7350789,46.1593736],[19.7351228,46.1593276],[19.7357722,46.1584076],[19.7363182,46.1577431],[19.7364806,46.1571298],[19.7377202,46.1558928],[19.738222,46.1558213],[19.7388271,46.1563222],[19.739078,46.15668],[19.7382368,46.1575898],[19.7385762,46.157048],[19.7387828,46.1565982],[19.7379617,46.1565327],[19.737307,46.1568129],[19.7365839,46.1574876],[19.7365986,46.1580089],[19.737676,46.1580498],[19.738281,46.157784],[19.7384785,46.1578387],[19.7387238,46.1579067],[19.7375136,46.1589187],[19.7374103,46.1593787],[19.7340012,46.1622511],[19.7338771,46.1623421],[19.7334995,46.1626191],[19.7330124,46.1623635]]]},"properties":{"category":"green","class":"forest","name":"","osmType":"way","osmId":934201667}},{"type":"Feature","geometry":{"type":"Polygon","coordinates":[[[19.7189612,46.1614702],[19.7189298,46.1611655],[19.7193382,46.1608609],[19.7198879,46.1605998],[19.7206576,46.1604257],[19.7211132,46.1604257],[19.7206576,46.1608827],[19.7205634,46.1611982],[19.7202492,46.1614702],[19.7197309,46.1618618],[19.7193225,46.1615246],[19.7189612,46.1614702]]]},"properties":{"category":"green","class":"forest","name":"","osmType":"way","osmId":934201680}},{"type":"Feature","geometry":{"type":"Polygon","coordinates":[[[19.7152227,46.160763],[19.7150185,46.1607195],[19.7145944,46.1605672],[19.7139346,46.160404],[19.7138561,46.1601102],[19.7142174,46.1598056],[19.7147514,46.1596859],[19.715097,46.1594574],[19.7155368,46.1595009],[19.715851,46.1598273],[19.7157882,46.1600667],[19.715584,46.1603169],[19.7153326,46.1605019],[19.7152227,46.160763]]]},"properties":{"category":"green","class":"forest","name":"","osmType":"way","osmId":934201681}},{"type":"Feature","geometry":{"type":"Polygon","coordinates":[[[19.7173984,46.1597505],[19.7170337,46.1595881],[19.7170727,46.159182],[19.7173593,46.1589745],[19.7177111,46.1586948],[19.7180237,46.1586406],[19.7185632,46.158709],[19.7183363,46.1592271],[19.7183233,46.1595429],[19.7178804,46.1597775],[19.717685,46.1599941],[19.7173984,46.1597505]]]},"properties":{"category":"green","class":"forest","name":"","osmType":"way","osmId":934201685}},{"type":"Feature","geometry":{"type":"Polygon","coordinates":[[[19.7166559,46.160734],[19.7165777,46.1604362],[19.7163302,46.1603009],[19.7165256,46.1600482],[19.7170206,46.1598497],[19.7175417,46.1601836],[19.7174766,46.160364],[19.7175287,46.160725],[19.7170727,46.1610047],[19.7166559,46.160734]]]},"properties":{"category":"green","class":"forest","name":"","osmType":"way","osmId":934201686}},{"type":"Feature","geometry":{"type":"Polygon","coordinates":[[[19.7194306,46.1587218],[19.7189616,46.1588391],[19.7187272,46.1585684],[19.718662,46.1582075],[19.718636,46.1579819],[19.7190268,46.157648],[19.7193524,46.157612],[19.7192222,46.158027],[19.7193003,46.1582616],[19.719639,46.1583789],[19.7197433,46.1586045],[19.7194306,46.1587218]]]},"properties":{"category":"green","class":"forest","name":"","osmType":"way","osmId":934201687}},{"type":"Feature","geometry":{"type":"Polygon","coordinates":[[[19.7181409,46.1614378],[19.7179586,46.161131],[19.7177632,46.1609505],[19.7178283,46.1607159],[19.718154,46.1606889],[19.7183103,46.1604091],[19.7187011,46.1605084],[19.718662,46.1608693],[19.7185578,46.1612302],[19.7181409,46.1614378]]]},"properties":{"category":"green","class":"forest","name":"","osmType":"way","osmId":934201688}},{"type":"Feature","geometry":{"type":"Polygon","coordinates":[[[19.7247978,46.1540822],[19.7245144,46.1538859],[19.7242972,46.1535784],[19.7243539,46.153356],[19.7246844,46.1532644],[19.7248544,46.1530485],[19.7250905,46.1530616],[19.72527,46.1531794],[19.7253266,46.1533168],[19.7254966,46.1535326],[19.7257138,46.1535915],[19.7256666,46.1537289],[19.7253266,46.153827],[19.7252133,46.1540626],[19.7247978,46.1540822]]]},"properties":{"category":"green","class":"forest","name":"","osmType":"way","osmId":934282732}},{"type":"Feature","geometry":{"type":"Polygon","coordinates":[[[19.7259783,46.1548411],[19.7257138,46.1545598],[19.7259783,46.1543439],[19.7257138,46.1542327],[19.7257138,46.1539971],[19.7261388,46.1539383],[19.7263372,46.1537224],[19.7266866,46.1530158],[19.726441,46.1528392],[19.7259594,46.1528195],[19.7263844,46.1520868],[19.7266866,46.1522176],[19.7273477,46.1522176],[19.7276593,46.1521064],[19.7282354,46.1519298],[19.7285565,46.151812],[19.7287171,46.1518971],[19.728736,46.1523158],[19.7285943,46.1526233],[19.729737,46.1529569],[19.7297654,46.1532382],[19.7295482,46.1534672],[19.7295104,46.153742],[19.7291798,46.1539383],[19.7288115,46.1538859],[19.7287549,46.1534149],[19.7288399,46.1532186],[19.7284715,46.1531794],[19.7282732,46.1528261],[19.7279804,46.1530027],[19.7275271,46.1528457],[19.7271493,46.1528195],[19.7272155,46.1530943],[19.7273571,46.1532121],[19.7276688,46.1531925],[19.7281976,46.1532382],[19.7285093,46.1534083],[19.7286226,46.15367],[19.7285565,46.1539186],[19.7283676,46.1543308],[19.7282732,46.154514],[19.727971,46.1545532],[19.7280465,46.1541084],[19.7277883,46.1539676],[19.7276027,46.1538663],[19.7270549,46.1538336],[19.7269699,46.1540626],[19.7267999,46.1543177],[19.7269416,46.1545729],[19.727376,46.1545532],[19.7278482,46.1547102],[19.728226,46.1549785],[19.7284243,46.155214],[19.7275838,46.1553579],[19.7277538,46.15577],[19.7275838,46.1558813],[19.727291,46.1559859],[19.7269038,46.1559467],[19.7266771,46.1557897],[19.726696,46.1555803],[19.7269605,46.1554037],[19.7272155,46.1550701],[19.7265355,46.1550635],[19.7259783,46.1548411]]]},"properties":{"category":"green","class":"forest","name":"","osmType":"way","osmId":934282733}},{"type":"Feature","geometry":{"type":"Polygon","coordinates":[[[19.7304737,46.1558355],[19.7303604,46.1555803],[19.730587,46.1553579],[19.729907,46.1552205],[19.7301904,46.154913],[19.730417,46.1544355],[19.7306626,46.1542327],[19.7311442,46.154213],[19.7311537,46.1546514],[19.7312103,46.1553121],[19.7308609,46.1554757],[19.7308987,46.1557112],[19.7307192,46.1558224],[19.7304737,46.1558355]]]},"properties":{"category":"green","class":"forest","name":"","osmType":"way","osmId":934282734}},{"type":"Feature","geometry":{"type":"Polygon","coordinates":[[[19.7211208,46.1584827],[19.7208899,46.1582927],[19.721193,46.1580827],[19.7206012,46.1578728],[19.720428,46.1575828],[19.7209043,46.1574029],[19.7213373,46.1571729],[19.7217848,46.1572329],[19.7219869,46.1573129],[19.7217126,46.1575028],[19.7215827,46.1577028],[19.7217271,46.1577928],[19.7217992,46.1579728],[19.7215394,46.1582427],[19.7213662,46.1583327],[19.7211208,46.1584827]]]},"properties":{"category":"green","class":"forest","name":"","osmType":"way","osmId":934282784}},{"type":"Feature","geometry":{"type":"Polygon","coordinates":[[[19.7197351,46.1592625],[19.7195186,46.1589526],[19.7199805,46.1586326],[19.7204136,46.1585626],[19.7209332,46.1588426],[19.7203414,46.1591325],[19.7197351,46.1592625]]]},"properties":{"category":"green","class":"forest","name":"","osmType":"way","osmId":934282785}},{"type":"Feature","geometry":{"type":"Polygon","coordinates":[[[19.7082166,46.1599424],[19.7084187,46.1593825],[19.7088662,46.1591425],[19.7092126,46.1588726],[19.709559,46.1586026],[19.7097755,46.1586326],[19.7105418,46.1589218],[19.7106648,46.1591603],[19.7103041,46.1592171],[19.7097629,46.159041],[19.7093694,46.1592171],[19.7091972,46.1595692],[19.7094186,46.1597964],[19.7092464,46.1599894],[19.7086971,46.1599497],[19.7082166,46.1599424]]]},"properties":{"category":"green","class":"forest","name":"","osmType":"way","osmId":934282786}},{"type":"Feature","geometry":{"type":"Polygon","coordinates":[[[19.6987422,46.1594972],[19.6990103,46.1590859],[19.7002456,46.1603594],[19.7000541,46.1604125],[19.6987422,46.1594972]]]},"properties":{"category":"green","class":"forest","name":"","osmType":"way","osmId":934282791}},{"type":"Feature","geometry":{"type":"Polygon","coordinates":[[[19.8846723,46.1220905],[19.8846901,46.1219856],[19.8849837,46.1216341],[19.8863184,46.1219918],[19.8860515,46.1224544],[19.8846723,46.1220905]]]},"properties":{"category":"water-area","class":"pond","name":"","osmType":"way","osmId":934312055}},{"type":"Feature","geometry":{"type":"Polygon","coordinates":[[[19.7984475,46.1082413],[19.7986635,46.1078806],[19.7987028,46.1078751],[19.7989109,46.1078928],[19.7989364,46.107935],[19.7987362,46.1082903],[19.7984475,46.1082413]]]},"properties":{"category":"water-area","class":"pond","name":"","osmType":"way","osmId":935286515}},{"type":"Feature","geometry":{"type":"Polygon","coordinates":[[[19.7461403,46.0980902],[19.7462454,46.0975757],[19.7465415,46.096914],[19.7494353,46.0971805],[19.7486469,46.0979658],[19.7472456,46.0978093],[19.7469961,46.09825],[19.7461403,46.0980902]]]},"properties":{"category":"green","class":"forest","name":"","osmType":"way","osmId":941471991}},{"type":"Feature","geometry":{"type":"Polygon","coordinates":[[[19.7522392,46.0815754],[19.7522702,46.0814804],[19.7524027,46.0814682],[19.7525927,46.0814835],[19.7526059,46.0815969],[19.7523939,46.0815908],[19.7522392,46.0815754]]]},"properties":{"category":"water-area","class":"pond","name":"","osmType":"way","osmId":941472001}},{"type":"Feature","geometry":{"type":"Polygon","coordinates":[[[19.7883298,46.1207315],[19.7882516,46.1205644],[19.789261,46.11823],[19.7910329,46.118456],[19.7912257,46.1178838],[19.7913129,46.1176252],[19.7949735,46.1180993],[19.7948689,46.1183146],[19.7941523,46.1198692],[19.7927475,46.1196479],[19.792303,46.1195712],[19.7915995,46.1211152],[19.7911762,46.1210656],[19.7914237,46.1205148],[19.7909482,46.1204335],[19.7907202,46.1210159],[19.7883298,46.1207315]]]},"properties":{"category":"green","class":"forest","name":"","osmType":"way","osmId":941722536}},{"type":"Feature","geometry":{"type":"Polygon","coordinates":[[[19.7572638,46.1449242],[19.7577699,46.1444642],[19.7570326,46.1442393],[19.7570975,46.1440457],[19.7578586,46.1442491],[19.758226,46.143977],[19.7589166,46.1442974],[19.7590899,46.1444084],[19.7580677,46.1454035],[19.7566775,46.1465832],[19.7562614,46.1464003],[19.7572504,46.1454562],[19.7576685,46.1451709],[19.7572638,46.1449242]]]},"properties":{"category":"green","class":"forest","name":"","osmType":"way","osmId":941722615}},{"type":"Feature","geometry":{"type":"Polygon","coordinates":[[[19.7586588,46.146927],[19.7589578,46.1472817],[19.7585428,46.1478296],[19.7584943,46.1477536],[19.7584288,46.1476508],[19.7585745,46.1474533],[19.7584478,46.1473216],[19.7578966,46.1478483],[19.7565155,46.1492133],[19.7542918,46.1503501],[19.7531704,46.1495776],[19.7533035,46.1494284],[19.7564015,46.1470276],[19.7574468,46.1461014],[19.7583718,46.1452938],[19.7597424,46.1458319],[19.7586588,46.146927]]]},"properties":{"category":"green","class":"park","name":"","osmType":"way","osmId":941722616}},{"type":"Feature","geometry":{"type":"Polygon","coordinates":[[[19.748323,46.1543021],[19.7483064,46.154417],[19.7472931,46.1554762],[19.7466742,46.1559937],[19.7461941,46.1557768],[19.7465594,46.1554804],[19.746622,46.1550612],[19.7472481,46.1543311],[19.7474046,46.1543383],[19.747269,46.1547214],[19.7475612,46.1549094],[19.748323,46.1543021]]]},"properties":{"category":"green","class":"forest","name":"","osmType":"way","osmId":941722622}},{"type":"Feature","geometry":{"type":"Polygon","coordinates":[[[19.81064,46.1266281],[19.8115034,46.1250714],[19.8118027,46.1251512],[19.8109388,46.1267077],[19.81064,46.1266281]]]},"properties":{"category":"green","class":"forest","name":"","osmType":"way","osmId":941729673}},{"type":"Feature","geometry":{"type":"Polygon","coordinates":[[[19.7830364,46.1411497],[19.7837773,46.1404281],[19.7841474,46.1404876],[19.7845283,46.1405136],[19.7845658,46.1406177],[19.784539,46.1409448],[19.784716,46.1410637],[19.7847375,46.1407255],[19.7849735,46.1407032],[19.7850808,46.1408482],[19.7849735,46.1411678],[19.7848072,46.1413276],[19.7842601,46.1416696],[19.7842396,46.1416924],[19.7831228,46.141179],[19.7830364,46.1411497]]]},"properties":{"category":"green","class":"forest","name":"","osmType":"way","osmId":941729711}},{"type":"Feature","geometry":{"type":"Polygon","coordinates":[[[19.654758,46.1330937],[19.6554128,46.1325084],[19.6565071,46.1331268],[19.6561411,46.1335898],[19.6559269,46.1336916],[19.655852,46.1337178],[19.654758,46.1330937]]]},"properties":{"category":"green","class":"forest","name":"","osmType":"way","osmId":941747333}},{"type":"Feature","geometry":{"type":"Polygon","coordinates":[[[19.6543575,46.1386959],[19.6548268,46.1377568],[19.6551131,46.1376857],[19.655367,46.1374499],[19.6550321,46.1373151],[19.6550861,46.1371991],[19.6562511,46.1378564],[19.6558207,46.1380862],[19.6556046,46.1381498],[19.6553508,46.1381199],[19.6554372,46.1383669],[19.6554966,46.1384754],[19.6567876,46.1390968],[19.6569821,46.1389358],[19.6571333,46.1387786],[19.6572414,46.1388722],[19.6573062,46.1390668],[19.6575547,46.1390968],[19.6576951,46.1391641],[19.6577275,46.1393139],[19.6579166,46.1394187],[19.6583271,46.1395833],[19.6582947,46.1397069],[19.6575871,46.1394374],[19.6572684,46.1392465],[19.6570847,46.1391604],[19.6569227,46.1392577],[19.6569443,46.1393475],[19.6568956,46.1393887],[19.6567768,46.1394037],[19.6565715,46.139516],[19.656631,46.1396769],[19.6563825,46.1398229],[19.6565986,46.1399015],[19.6561054,46.1405185],[19.6558882,46.1403974],[19.6566307,46.139224],[19.6564223,46.139242],[19.6560966,46.139391],[19.6560301,46.1393764],[19.6556276,46.1391834],[19.6554844,46.1391879],[19.6552694,46.1392962],[19.6551391,46.1392511],[19.6549437,46.1391698],[19.6546181,46.13889],[19.6545855,46.1386689],[19.6543575,46.1386959]]]},"properties":{"category":"green","class":"forest","name":"","osmType":"way","osmId":941747345}},{"type":"Feature","geometry":{"type":"Polygon","coordinates":[[[19.6453593,46.141531],[19.6467023,46.1402745],[19.647473,46.140706],[19.6470592,46.1409906],[19.6473136,46.1411143],[19.6474869,46.1412295],[19.6479319,46.1409584],[19.6485753,46.1413496],[19.6483951,46.1414169],[19.6481247,46.1417099],[19.6479098,46.1417099],[19.6478127,46.1415562],[19.6479652,46.1412295],[19.6478474,46.1411959],[19.6467451,46.1420029],[19.6465371,46.1420846],[19.6458993,46.1416763],[19.6464816,46.1410614],[19.6463776,46.1409798],[19.6460518,46.1410374],[19.6456844,46.1415322],[19.6453593,46.141531]]]},"properties":{"category":"green","class":"forest","name":"","osmType":"way","osmId":941747351}},{"type":"Feature","geometry":{"type":"Polygon","coordinates":[[[19.6511986,46.1466585],[19.651885,46.1458047],[19.6523507,46.1460467],[19.6521867,46.1462977],[19.6529024,46.1466713],[19.6525203,46.147208],[19.6511986,46.1466585]]]},"properties":{"category":"green","class":"forest","name":"","osmType":"way","osmId":941747369}},{"type":"Feature","geometry":{"type":"Polygon","coordinates":[[[19.6598648,46.1432135],[19.6599549,46.1431268],[19.6605905,46.1425372],[19.6606756,46.1425199],[19.661011,46.1427453],[19.661001,46.1428285],[19.6605905,46.143158],[19.6604904,46.1431927],[19.6603503,46.1431233],[19.6601951,46.143099],[19.660095,46.1431476],[19.6599899,46.1432377],[19.6599298,46.1432551],[19.6598648,46.1432135]]]},"properties":{"category":"water-area","class":"pond","name":"","osmType":"way","osmId":941747377}},{"type":"Feature","geometry":{"type":"Polygon","coordinates":[[[19.6545132,46.1349724],[19.6551573,46.1343802],[19.6558539,46.133787],[19.6559007,46.1339069],[19.6560259,46.1341844],[19.6560134,46.1342676],[19.655557,46.135159],[19.6553301,46.1354295],[19.6545132,46.1349724]]]},"properties":{"category":"green","class":"forest","name":"","osmType":"way","osmId":941747382}},{"type":"Feature","geometry":{"type":"Polygon","coordinates":[[[19.7116264,46.1224111],[19.7131531,46.1227957],[19.7124635,46.1235119],[19.7118873,46.1241288],[19.7104396,46.1237465],[19.7116264,46.1224111]]]},"properties":{"category":"green","class":"forest","name":"","osmType":"way","osmId":941766360}},{"type":"Feature","geometry":{"type":"Polygon","coordinates":[[[19.7097276,46.1251787],[19.7101953,46.1244336],[19.7107119,46.1245449],[19.7103513,46.1250806],[19.7108096,46.1252223],[19.7107189,46.1254109],[19.7097276,46.1251787]]]},"properties":{"category":"green","class":"forest","name":"","osmType":"way","osmId":941766362}},{"type":"Feature","geometry":{"type":"Polygon","coordinates":[[[19.7473678,46.099278],[19.7475523,46.0991096],[19.7476042,46.0991118],[19.7476357,46.0991086],[19.7476707,46.0990956],[19.7477058,46.09909],[19.7477443,46.0990956],[19.7477805,46.0991094],[19.7478108,46.0991215],[19.7478494,46.0991175],[19.7478949,46.0991191],[19.7479451,46.0991305],[19.7480011,46.0991321],[19.7480747,46.0991442],[19.7481086,46.0991564],[19.7481179,46.099175],[19.7481226,46.0991928],[19.7481529,46.0992074],[19.7481973,46.0992244],[19.748216,46.09923],[19.7481693,46.0992997],[19.7481132,46.0993547],[19.7481716,46.099396],[19.7481669,46.0994162],[19.7481564,46.099434],[19.7481307,46.0994486],[19.7480899,46.0994608],[19.7480443,46.0994664],[19.7480152,46.0994672],[19.7479603,46.0994664],[19.7478972,46.0994664],[19.74784,46.0994575],[19.747805,46.0994405],[19.7477887,46.0994122],[19.7477688,46.0993741],[19.7477606,46.0993401],[19.7477408,46.0993134],[19.7477046,46.0993061],[19.7476509,46.0993223],[19.7476077,46.0993417],[19.7475412,46.0993515],[19.7474886,46.0993369],[19.7474664,46.0993134],[19.7474396,46.0992932],[19.7474162,46.0992907],[19.7473859,46.0992899],[19.7473678,46.099278]]]},"properties":{"category":"water-area","class":"lake","name":"","osmType":"way","osmId":957891098}},{"type":"Feature","geometry":{"type":"Polygon","coordinates":[[[19.8013976,46.133625],[19.8015024,46.1335291],[19.8016507,46.1333823],[19.8017568,46.1333476],[19.8020074,46.1334254],[19.8020468,46.1333218],[19.8022191,46.1333106],[19.8029342,46.132946],[19.803119,46.1330912],[19.803353,46.1336536],[19.8034534,46.1337657],[19.8030203,46.1340329],[19.8029426,46.1339957],[19.8028155,46.1338454],[19.8029239,46.1337469],[19.8028978,46.1335861],[19.8027369,46.133345],[19.8026134,46.133371],[19.8025199,46.1334539],[19.8024451,46.1335343],[19.802258,46.1336354],[19.8022319,46.1337106],[19.802389,46.1337806],[19.802475,46.1338635],[19.8025573,46.1339543],[19.8026621,46.1340009],[19.8028597,46.134101],[19.802228,46.1343689],[19.8021907,46.1341772],[19.802172,46.1340891],[19.8020411,46.1339335],[19.8020037,46.1338117],[19.8015884,46.1337158],[19.8013976,46.133625]]]},"properties":{"category":"green","class":"forest","name":"","osmType":"way","osmId":967503248}},{"type":"Feature","geometry":{"type":"Polygon","coordinates":[[[19.7929326,46.1385837],[19.7934817,46.1383576],[19.7941544,46.1379542],[19.7945283,46.1381212],[19.7944848,46.1381627],[19.7932827,46.1384868],[19.7929326,46.1385837]]]},"properties":{"category":"green","class":"forest","name":"","osmType":"way","osmId":967503262}},{"type":"Feature","geometry":{"type":"Polygon","coordinates":[[[19.8086615,46.1308893],[19.8106002,46.1295598],[19.8108185,46.1293572],[19.8112222,46.1295041],[19.8116104,46.1292564],[19.811713,46.1293008],[19.8119863,46.1294193],[19.8118588,46.1295739],[19.8114427,46.1295106],[19.8111483,46.1298342],[19.8109656,46.1297638],[19.8088848,46.131037],[19.8086615,46.1308893]]]},"properties":{"category":"green","class":"forest","name":"","osmType":"way","osmId":967503264}},{"type":"Feature","geometry":{"type":"Polygon","coordinates":[[[19.8147287,46.1283439],[19.814163,46.1278269],[19.8147476,46.1275619],[19.8154113,46.1281059],[19.8151474,46.1281459],[19.8147287,46.1283439]]]},"properties":{"category":"green","class":"forest","name":"","osmType":"way","osmId":967503267}},{"type":"Feature","geometry":{"type":"Polygon","coordinates":[[[19.8164467,46.1279489],[19.8158994,46.1274334],[19.8162003,46.1273442],[19.816612,46.1272223],[19.8169594,46.127509],[19.8170356,46.1276253],[19.8169982,46.12779],[19.8164467,46.1279489]]]},"properties":{"category":"green","class":"forest","name":"","osmType":"way","osmId":967503268}},{"type":"Feature","geometry":{"type":"Polygon","coordinates":[[[19.8588133,46.1280383],[19.859513,46.1282522],[19.8585096,46.1291805],[19.857886,46.1290784],[19.8588133,46.1280383]]]},"properties":{"category":"green","class":"forest","name":"","osmType":"way","osmId":968086544}},{"type":"Feature","geometry":{"type":"Polygon","coordinates":[[[19.8775291,46.1309539],[19.8774983,46.1308706],[19.8775168,46.13083],[19.8776616,46.1308044],[19.8777633,46.1308557],[19.8778003,46.1309133],[19.8777664,46.1309731],[19.8775291,46.1309539]]]},"properties":{"category":"water-area","class":"pond","name":"","osmType":"way","osmId":968086566}},{"type":"Feature","geometry":{"type":"Polygon","coordinates":[[[19.8904915,46.1214833],[19.8904646,46.1214119],[19.8911097,46.1204152],[19.8912083,46.1203686],[19.8913516,46.1204617],[19.8913785,46.1210082],[19.8913337,46.1210517],[19.8911724,46.1210486],[19.8911321,46.1210672],[19.8909664,46.1214895],[19.8910828,46.1215299],[19.8914188,46.1215796],[19.8915487,46.1214088],[19.8916204,46.1211511],[19.8915487,46.1210672],[19.8917279,46.1208996],[19.8918713,46.1208996],[19.892037,46.1210144],[19.8920818,46.1211324],[19.8919519,46.1216199],[19.8918041,46.1218373],[19.8916697,46.1218311],[19.8904915,46.1214833]]]},"properties":{"category":"water-area","class":"pond","name":"","osmType":"way","osmId":968086593}},{"type":"Feature","geometry":{"type":"Polygon","coordinates":[[[19.8932466,46.1217752],[19.8944785,46.1226663],[19.8944516,46.1227222],[19.8938916,46.1224769],[19.8927627,46.1221633],[19.8930226,46.1220671],[19.8930942,46.1219398],[19.8932466,46.1217752]]]},"properties":{"category":"green","class":"forest","name":"","osmType":"way","osmId":968086598}},{"type":"Feature","geometry":{"type":"Polygon","coordinates":[[[19.867322,46.1286482],[19.8683348,46.1273181],[19.8685322,46.1274362],[19.8675803,46.1286226],[19.867322,46.1286482]]]},"properties":{"category":"green","class":"forest","name":"","osmType":"way","osmId":968102113}},{"type":"Feature","geometry":{"type":"Polygon","coordinates":[[[19.8668479,46.129121],[19.867049,46.1289908],[19.8671006,46.1293386],[19.8665325,46.1297937],[19.8663775,46.1297374],[19.8668479,46.129121]]]},"properties":{"category":"green","class":"forest","name":"","osmType":"way","osmId":968102114}},{"type":"Feature","geometry":{"type":"Polygon","coordinates":[[[19.8728684,46.1236799],[19.8734604,46.12385],[19.8732455,46.1240621],[19.8731152,46.1240305],[19.872539,46.1250479],[19.8723692,46.1253342],[19.871916,46.1253258],[19.8728684,46.1236799]]]},"properties":{"category":"green","class":"forest","name":"","osmType":"way","osmId":968102123}},{"type":"Feature","geometry":{"type":"Polygon","coordinates":[[[19.8621642,46.1286775],[19.8625331,46.1281405],[19.8630644,46.1283042],[19.8627692,46.1288514],[19.8621642,46.1286775]]]},"properties":{"category":"green","class":"forest","name":"","osmType":"way","osmId":968102141}},{"type":"Feature","geometry":{"type":"Polygon","coordinates":[[[19.8631751,46.126995],[19.863913,46.1254403],[19.8640532,46.1253891],[19.8642672,46.1254454],[19.8633891,46.1269489],[19.8633227,46.1270359],[19.8631751,46.126995]]]},"properties":{"category":"green","class":"forest","name":"","osmType":"way","osmId":968102143}},{"type":"Feature","geometry":{"type":"Polygon","coordinates":[[[19.8498203,46.1255213],[19.8498124,46.1254583],[19.8501565,46.125091],[19.8501841,46.1250307],[19.8503146,46.1250773],[19.8517777,46.125894],[19.8521613,46.1260338],[19.8521336,46.1261023],[19.8498203,46.1255213]]]},"properties":{"category":"green","class":"park","name":"","osmType":"way","osmId":968102180}},{"type":"Feature","geometry":{"type":"Polygon","coordinates":[[[19.8519695,46.1259201],[19.8524776,46.1249458],[19.8527604,46.1244039],[19.8529669,46.1244535],[19.8538351,46.1229154],[19.8540928,46.1229887],[19.8534267,46.1240797],[19.8530747,46.1248663],[19.8525488,46.1258447],[19.8523313,46.1259352],[19.8519695,46.1259201]]]},"properties":{"category":"green","class":"park","name":"","osmType":"way","osmId":968102183}},{"type":"Feature","geometry":{"type":"Polygon","coordinates":[[[19.8415813,46.1172907],[19.8427743,46.1178196],[19.8422224,46.1184936],[19.8409955,46.1179962],[19.84145,46.1174488],[19.8415813,46.1172907]]]},"properties":{"category":"green","class":"forest","name":"","osmType":"way","osmId":968115627}},{"type":"Feature","geometry":{"type":"Polygon","coordinates":[[[19.8461362,46.1238165],[19.8464922,46.1232496],[19.8470195,46.1227237],[19.8470561,46.1228076],[19.8470057,46.1229484],[19.8469518,46.1231977],[19.8466521,46.1235923],[19.8464843,46.123825],[19.8463404,46.1238582],[19.8461362,46.1238165]]]},"properties":{"category":"green","class":"forest","name":"","osmType":"way","osmId":968115648}},{"type":"Feature","geometry":{"type":"Polygon","coordinates":[[[19.849653,46.1188407],[19.8492219,46.1194797],[19.8486902,46.1193397],[19.8486579,46.119391],[19.848104,46.1192455],[19.848521,46.1185604],[19.849653,46.1188407]]]},"properties":{"category":"green","class":"forest","name":"","osmType":"way","osmId":968115662}},{"type":"Feature","geometry":{"type":"Polygon","coordinates":[[[19.8512187,46.1185629],[19.8516459,46.1183971],[19.8517083,46.1185346],[19.8520769,46.1187194],[19.8522243,46.1187508],[19.8525645,46.1185346],[19.8529217,46.1182123],[19.8531032,46.1181416],[19.8535171,46.1183185],[19.8538573,46.1184364],[19.8539821,46.1185464],[19.8537269,46.1191753],[19.8529607,46.119037],[19.8514688,46.1186373],[19.8512187,46.1185629]]]},"properties":{"category":"green","class":"forest","name":"","osmType":"way","osmId":968115668}},{"type":"Feature","geometry":{"type":"Polygon","coordinates":[[[19.8458057,46.1154663],[19.8459734,46.1151638],[19.8460182,46.1150836],[19.8474331,46.1154407],[19.8472309,46.1158259],[19.8458057,46.1154663]]]},"properties":{"category":"green","class":"forest","name":"","osmType":"way","osmId":968115681}},{"type":"Feature","geometry":{"type":"Polygon","coordinates":[[[19.8554847,46.1169742],[19.8559129,46.1164437],[19.8560895,46.1165708],[19.8562321,46.1164767],[19.8564854,46.1163608],[19.8566975,46.1163905],[19.8565648,46.1165332],[19.8564901,46.1165238],[19.8557275,46.1170903],[19.8554847,46.1169742]]]},"properties":{"category":"green","class":"forest","name":"","osmType":"way","osmId":968115694}},{"type":"Feature","geometry":{"type":"Polygon","coordinates":[[[19.8437366,46.1137171],[19.8433363,46.1143292],[19.8415594,46.1138622],[19.8413723,46.1138131],[19.8416304,46.1135226],[19.8407302,46.1132662],[19.8409234,46.1130143],[19.8437366,46.1137171]]]},"properties":{"category":"green","class":"forest","name":"","osmType":"way","osmId":968190093}},{"type":"Feature","geometry":{"type":"Polygon","coordinates":[[[19.8623867,46.1085126],[19.8629306,46.1076005],[19.8648785,46.1081101],[19.8656753,46.1082956],[19.8655281,46.1085445],[19.864302,46.1082365],[19.8639355,46.108856],[19.8623867,46.1085126]]]},"properties":{"category":"green","class":"forest","name":"","osmType":"way","osmId":968190150}},{"type":"Feature","geometry":{"type":"Polygon","coordinates":[[[19.8751264,46.113961],[19.8749185,46.1143232],[19.8745278,46.1142184],[19.8747292,46.1138713],[19.8747415,46.1138508],[19.8751264,46.113961]]]},"properties":{"category":"green","class":"forest","name":"","osmType":"way","osmId":968190196}},{"type":"Feature","geometry":{"type":"Polygon","coordinates":[[[19.8939758,46.1220664],[19.8949617,46.1225362],[19.8967672,46.1238346],[19.8973218,46.1234758],[19.8980612,46.1240097],[19.8974019,46.1247785],[19.895695,46.1234587],[19.8939758,46.1220664]]]},"properties":{"category":"green","class":"forest","name":"","osmType":"way","osmId":968405393}},{"type":"Feature","geometry":{"type":"Polygon","coordinates":[[[19.8778085,46.1367531],[19.8781277,46.1369647],[19.8780328,46.1371675],[19.8777323,46.1373593],[19.8773606,46.1376059],[19.8771391,46.1377319],[19.8770205,46.1382032],[19.8769968,46.1385046],[19.8767358,46.1385594],[19.8765065,46.1388334],[19.8763483,46.1391841],[19.8761895,46.1393824],[19.8761348,46.1393047],[19.876285,46.1391184],[19.8760113,46.1388127],[19.8762962,46.1384862],[19.8765381,46.1384608],[19.8766373,46.1380953],[19.8769483,46.1377388],[19.8778085,46.1367531]]]},"properties":{"category":"green","class":"forest","name":"","osmType":"way","osmId":968806090}},{"type":"Feature","geometry":{"type":"Polygon","coordinates":[[[19.8556475,46.1498263],[19.854197,46.1497795],[19.8540687,46.1496846],[19.8543102,46.1494456],[19.8547472,46.1490393],[19.8554371,46.1490075],[19.8556326,46.1494217],[19.8556475,46.1498263]]]},"properties":{"category":"green","class":"forest","name":"","osmType":"way","osmId":968806092}},{"type":"Feature","geometry":{"type":"Polygon","coordinates":[[[19.8582198,46.1497643],[19.8584498,46.1493898],[19.8588408,46.1492544],[19.8601171,46.1496129],[19.861882,46.1498274],[19.8585961,46.1498167],[19.8582198,46.1497643]]]},"properties":{"category":"green","class":"forest","name":"","osmType":"way","osmId":968806093}},{"type":"Feature","geometry":{"type":"Polygon","coordinates":[[[19.8592175,46.1345132],[19.8585308,46.1352641],[19.8584021,46.1352641],[19.8576618,46.1348849],[19.8583055,46.1342381],[19.8589064,46.1343273],[19.8592175,46.1345132]]]},"properties":{"category":"green","class":"forest","name":"","osmType":"way","osmId":969262065}},{"type":"Feature","geometry":{"type":"Polygon","coordinates":[[[19.8344392,46.1280249],[19.8342461,46.127787],[19.8346753,46.1273037],[19.834686,46.1270732],[19.8348791,46.1267534],[19.8346216,46.1266196],[19.8342783,46.126694],[19.8343963,46.1264783],[19.8347611,46.1262255],[19.8349542,46.1261809],[19.8370054,46.1264239],[19.8371108,46.1264936],[19.8370752,46.1266154],[19.8368532,46.1270509],[19.8364026,46.127326],[19.8357911,46.1271624],[19.8355121,46.1273632],[19.8353512,46.127616],[19.8351795,46.127735],[19.8352439,46.1280696],[19.8348684,46.1282034],[19.8344392,46.1280249]]]},"properties":{"category":"water-area","class":"water","name":"","osmType":"way","osmId":969262090}},{"type":"Feature","geometry":{"type":"Polygon","coordinates":[[[19.8426596,46.1378086],[19.8434536,46.1381654],[19.8432175,46.1384033],[19.8424021,46.1380614],[19.8426596,46.1378086]]]},"properties":{"category":"green","class":"forest","name":"","osmType":"way","osmId":969262113}},{"type":"Feature","geometry":{"type":"Polygon","coordinates":[[[19.6756111,46.0837189],[19.6759947,46.083217],[19.6747622,46.082755],[19.6749526,46.0824313],[19.6747622,46.082342],[19.6749258,46.082141],[19.6750036,46.0818397],[19.6749017,46.0817969],[19.6750063,46.0815587],[19.675279,46.081585],[19.6752197,46.0818757],[19.6754371,46.0818895],[19.6755637,46.0816783],[19.6758009,46.0817414],[19.6754806,46.0823585],[19.6755439,46.0824572],[19.6772719,46.0828906],[19.6770861,46.0831018],[19.6769872,46.0831018],[19.6768172,46.0833047],[19.6765681,46.0833349],[19.6764139,46.0833623],[19.6763229,46.0835187],[19.676398,46.0835543],[19.6764929,46.0836119],[19.6762201,46.083963],[19.6756111,46.0837189]]]},"properties":{"category":"green","class":"forest","name":"","osmType":"way","osmId":1011718159}},{"type":"Feature","geometry":{"type":"Polygon","coordinates":[[[19.7123259,46.0704446],[19.7122511,46.0695928],[19.714467,46.0694553],[19.7145087,46.0703109],[19.7138898,46.0703369],[19.713884,46.0698821],[19.7132976,46.0699021],[19.7133436,46.0703927],[19.7123259,46.0704446]]]},"properties":{"category":"green","class":"forest","name":"","osmType":"way","osmId":1011718200}},{"type":"Feature","geometry":{"type":"Polygon","coordinates":[[[19.7774798,46.1104637],[19.7763186,46.1103214],[19.7766814,46.1096842],[19.7772458,46.1098013],[19.7771745,46.1099328],[19.777645,46.1100612],[19.7774798,46.1104637]]]},"properties":{"category":"green","class":"forest","name":"","osmType":"way","osmId":1012084669}},{"type":"Feature","geometry":{"type":"Polygon","coordinates":[[[19.66773,46.1003296],[19.6677527,46.1003323],[19.6677711,46.1003346],[19.6677684,46.1003451],[19.6677499,46.1003428],[19.6677274,46.10034],[19.66773,46.1003296]]]},"properties":{"category":"water-area","class":"water","name":"","osmType":"way","osmId":1029886318}},{"type":"Feature","geometry":{"type":"Polygon","coordinates":[[[19.6607621,46.1009762],[19.6608073,46.100961],[19.6609587,46.1010276],[19.6609579,46.101062],[19.6605418,46.1015055],[19.6604901,46.1015276],[19.6603283,46.1014607],[19.6603407,46.1014165],[19.6607621,46.1009762]]]},"properties":{"category":"green","class":"park","name":"","osmType":"way","osmId":1030973829}},{"type":"Feature","geometry":{"type":"Polygon","coordinates":[[[19.5899326,46.1566674],[19.5899598,46.1563666],[19.5906329,46.1565906],[19.5913168,46.1561499],[19.5923666,46.1568495],[19.5917264,46.1572365],[19.5908843,46.1566152],[19.5905899,46.1567528],[19.5899326,46.1566674]]]},"properties":{"category":"green","class":"forest","name":"","osmType":"way","osmId":1076588089}},{"type":"Feature","geometry":{"type":"Polygon","coordinates":[[[19.60222,46.1532632],[19.6024609,46.1530949],[19.6046914,46.1548095],[19.6055285,46.155453],[19.6058957,46.1552516],[19.6064771,46.1556385],[19.6061558,46.1558292],[19.6056662,46.1555537],[19.6055285,46.1556491],[19.6060181,46.1561684],[19.6057733,46.1563326],[19.6055209,46.1564492],[19.603914,46.1551875],[19.6040842,46.1550746],[19.6042448,46.1547831],[19.60222,46.1532632]]]},"properties":{"category":"green","class":"forest","name":"","osmType":"way","osmId":1076588101}},{"type":"Feature","geometry":{"type":"Polygon","coordinates":[[[19.5618489,46.1434067],[19.5611776,46.1431824],[19.5614533,46.1429083],[19.5619208,46.1430329],[19.5621726,46.1432073],[19.5620527,46.1434067],[19.5618489,46.1434067]]]},"properties":{"category":"green","class":"forest","name":"","osmType":"way","osmId":1076588104}},{"type":"Feature","geometry":{"type":"Polygon","coordinates":[[[19.5729051,46.149372],[19.5735091,46.1487682],[19.5710028,46.1474431],[19.5712831,46.1472318],[19.5736575,46.1484027],[19.5742841,46.1479515],[19.5762514,46.1488314],[19.5743292,46.1508704],[19.5725835,46.1500227],[19.5727615,46.1496683],[19.5741852,46.150331],[19.5744521,46.1500767],[19.5729051,46.149372]]]},"properties":{"category":"green","class":"forest","name":"","osmType":"way","osmId":1076588109}},{"type":"Feature","geometry":{"type":"Polygon","coordinates":[[[19.606115,46.1539767],[19.6078556,46.1529146],[19.6081569,46.1531278],[19.608015,46.1531721],[19.6078304,46.1532459],[19.6076388,46.1535753],[19.607511,46.1539932],[19.6076813,46.1546521],[19.6075323,46.1550258],[19.606115,46.1539767]]]},"properties":{"category":"green","class":"forest","name":"","osmType":"way","osmId":1076588114}},{"type":"Feature","geometry":{"type":"Polygon","coordinates":[[[19.6058957,46.1552516],[19.6050698,46.1546577],[19.6054034,46.1544561],[19.6062196,46.1550757],[19.6058957,46.1552516]]]},"properties":{"category":"green","class":"forest","name":"","osmType":"way","osmId":1076588117}},{"type":"Feature","geometry":{"type":"Polygon","coordinates":[[[19.6024903,46.1330926],[19.6027892,46.1328359],[19.6035332,46.1332186],[19.6032686,46.1334658],[19.6024903,46.1330926]]]},"properties":{"category":"green","class":"forest","name":"","osmType":"way","osmId":1076588136}},{"type":"Feature","geometry":{"type":"Polygon","coordinates":[[[19.6114434,46.1292106],[19.6120105,46.1294553],[19.6113257,46.1300485],[19.6107587,46.129789],[19.6114434,46.1292106]]]},"properties":{"category":"green","class":"forest","name":"","osmType":"way","osmId":1076588138}},{"type":"Feature","geometry":{"type":"Polygon","coordinates":[[[19.6079448,46.1296036],[19.6089681,46.1288069],[19.6094035,46.1290145],[19.6083912,46.1298037],[19.6079448,46.1296036]]]},"properties":{"category":"green","class":"forest","name":"","osmType":"way","osmId":1076588139}},{"type":"Feature","geometry":{"type":"Polygon","coordinates":[[[19.6068957,46.1719306],[19.606937,46.1717019],[19.6071434,46.1712874],[19.6074014,46.1713517],[19.6086502,46.1718305],[19.6088669,46.1720592],[19.6093107,46.1722379],[19.6101982,46.1720378],[19.6106007,46.1719663],[19.6110548,46.171902],[19.6113954,46.171852],[19.6116947,46.1719092],[19.6116534,46.1720235],[19.6115777,46.1720566],[19.6114573,46.1721093],[19.6109413,46.1722022],[19.6092591,46.1725023],[19.6087328,46.1725452],[19.6082374,46.1725095],[19.6076594,46.1724166],[19.6074634,46.1722665],[19.6068957,46.1719306]]]},"properties":{"category":"green","class":"forest","name":"","osmType":"way","osmId":1076769217}},{"type":"Feature","geometry":{"type":"Polygon","coordinates":[[[19.6140204,46.1706506],[19.6137768,46.1705183],[19.6138821,46.1703131],[19.6140336,46.1701763],[19.6139678,46.1699847],[19.6133816,46.1697612],[19.6135792,46.1694784],[19.6126901,46.1691728],[19.612914,46.1689265],[19.6124003,46.1685936],[19.6124727,46.1682834],[19.6127299,46.1682526],[19.6127236,46.1683184],[19.6127996,46.1683579],[19.6128566,46.1683754],[19.612958,46.1683315],[19.6137499,46.1676515],[19.613883,46.1675111],[19.6138133,46.1674497],[19.6143036,46.167061],[19.6168261,46.168361],[19.6163519,46.1687715],[19.6155682,46.1683655],[19.6152125,46.1687259],[19.6158514,46.1692048],[19.6146659,46.1702538],[19.6144222,46.1704362],[19.6140204,46.1706506]]]},"properties":{"category":"green","class":"forest","name":"","osmType":"way","osmId":1076769218}},{"type":"Feature","geometry":{"type":"Polygon","coordinates":[[[19.5720263,46.1315694],[19.5709459,46.1310159],[19.5717077,46.1309596],[19.5723159,46.1312726],[19.5720263,46.1315694]]]},"properties":{"category":"green","class":"forest","name":"","osmType":"way","osmId":1076782413}},{"type":"Feature","geometry":{"type":"Polygon","coordinates":[[[19.5906322,46.1348836],[19.591489,46.1339559],[19.5945312,46.1358357],[19.5940476,46.1362145],[19.5931643,46.1356098],[19.5925905,46.1360339],[19.5906322,46.1348836]]]},"properties":{"category":"green","class":"forest","name":"","osmType":"way","osmId":1076782439}},{"type":"Feature","geometry":{"type":"Polygon","coordinates":[[[19.5936462,46.1338022],[19.5937387,46.1337052],[19.594526,46.1341257],[19.5952175,46.1336751],[19.5963548,46.1344074],[19.5954334,46.1351291],[19.5941588,46.1344118],[19.5944112,46.1342527],[19.5936462,46.1338022]]]},"properties":{"category":"green","class":"forest","name":"","osmType":"way","osmId":1076782441}},{"type":"Feature","geometry":{"type":"Polygon","coordinates":[[[19.5924026,46.1327234],[19.5916851,46.1323321],[19.591513,46.1323601],[19.5913832,46.1323911],[19.5913421,46.1321742],[19.5914978,46.1319943],[19.5921097,46.1323512],[19.5924758,46.1326253],[19.5924026,46.1327234]]]},"properties":{"category":"green","class":"forest","name":"","osmType":"way","osmId":1076782443}},{"type":"Feature","geometry":{"type":"Polygon","coordinates":[[[19.5927285,46.1324347],[19.5925314,46.1323101],[19.593106,46.1318787],[19.5933091,46.1320421],[19.5927285,46.1324347]]]},"properties":{"category":"green","class":"forest","name":"","osmType":"way","osmId":1076782444}},{"type":"Feature","geometry":{"type":"Polygon","coordinates":[[[19.5901529,46.1294757],[19.5901589,46.1292194],[19.5904078,46.1289927],[19.5902174,46.1287965],[19.5902711,46.1286679],[19.5904322,46.1286307],[19.5912647,46.128682],[19.5911491,46.1287897],[19.5901529,46.1294757]]]},"properties":{"category":"green","class":"forest","name":"","osmType":"way","osmId":1076782452}},{"type":"Feature","geometry":{"type":"Polygon","coordinates":[[[19.5926092,46.1284962],[19.5932846,46.1276486],[19.5934887,46.127498],[19.5936271,46.1275893],[19.5928828,46.1284611],[19.5926092,46.1284962]]]},"properties":{"category":"green","class":"forest","name":"","osmType":"way","osmId":1076782458}},{"type":"Feature","geometry":{"type":"Polygon","coordinates":[[[19.5660583,46.1417475],[19.5669945,46.1408505],[19.5671703,46.1407411],[19.5684478,46.141234],[19.5687538,46.1409425],[19.5696565,46.1400149],[19.5718826,46.1410485],[19.5712477,46.141939],[19.5696106,46.1435926],[19.5661688,46.1418634],[19.5660583,46.1417475]]]},"properties":{"category":"green","class":"forest","name":"","osmType":"way","osmId":1076782461}},{"type":"Feature","geometry":{"type":"Polygon","coordinates":[[[19.5805909,46.1117945],[19.5802166,46.1115036],[19.5807837,46.1112481],[19.5811522,46.1115272],[19.5805909,46.1117945]]]},"properties":{"category":"green","class":"forest","name":"","osmType":"way","osmId":1076782476}},{"type":"Feature","geometry":{"type":"Polygon","coordinates":[[[19.6018952,46.1089535],[19.6013585,46.1085171],[19.601503,46.1082237],[19.6019674,46.1080305],[19.602597,46.1084813],[19.602308,46.1087818],[19.6018952,46.1089535]]]},"properties":{"category":"green","class":"forest","name":"","osmType":"way","osmId":1076782480}},{"type":"Feature","geometry":{"type":"Polygon","coordinates":[[[19.5042652,46.0653752],[19.5046788,46.0648014],[19.5070805,46.0656401],[19.5074023,46.0653519],[19.5090499,46.0658606],[19.5084705,46.0667058],[19.5078518,46.0664816],[19.5071984,46.0672995],[19.505983,46.066854],[19.5065079,46.0662029],[19.5042652,46.0653752]]]},"properties":{"category":"green","class":"forest","name":"","osmType":"way","osmId":1076812872}},{"type":"Feature","geometry":{"type":"Polygon","coordinates":[[[19.5542847,46.1503996],[19.5549994,46.1497376],[19.5570834,46.1508426],[19.5569856,46.1510876],[19.557565,46.1513899],[19.5574747,46.1515879],[19.5568427,46.1514368],[19.5563461,46.1512283],[19.5562634,46.151343],[19.5557367,46.1512074],[19.5542847,46.1503996]]]},"properties":{"category":"green","class":"forest","name":"","osmType":"way","osmId":1076819834}},{"type":"Feature","geometry":{"type":"Polygon","coordinates":[[[19.6782693,46.1262506],[19.6783692,46.1259965],[19.6773049,46.1253392],[19.6774371,46.124995],[19.6771345,46.1247916],[19.6773736,46.1244318],[19.677954,46.1245673],[19.6798114,46.1250569],[19.679593,46.1254034],[19.6782693,46.1262506]]]},"properties":{"category":"green","class":"forest","name":"","osmType":"way","osmId":1078517249}},{"type":"Feature","geometry":{"type":"Polygon","coordinates":[[[19.6787504,46.1236461],[19.6789234,46.1235105],[19.6796333,46.1233342],[19.6803303,46.1231611],[19.6805168,46.1231113],[19.6812858,46.1229056],[19.6820758,46.1227909],[19.682124,46.1227779],[19.6826175,46.1226449],[19.6826175,46.1227127],[19.6825197,46.1228483],[19.6809548,46.1232446],[19.6800745,46.1233802],[19.6796635,46.1234627],[19.6787504,46.1236461]]]},"properties":{"category":"green","class":"forest","name":"","osmType":"way","osmId":1078517250}},{"type":"Feature","geometry":{"type":"Polygon","coordinates":[[[19.6804076,46.1220424],[19.6817448,46.12022],[19.6821962,46.1203139],[19.6824971,46.1204129],[19.6826175,46.1205746],[19.6825272,46.1207154],[19.6814137,46.1223581],[19.6811694,46.1222686],[19.6804076,46.1220424]]]},"properties":{"category":"green","class":"forest","name":"","osmType":"way","osmId":1078517251}},{"type":"Feature","geometry":{"type":"Polygon","coordinates":[[[19.79902,46.1180503],[19.7999473,46.1169532],[19.8002281,46.1170006],[19.7994145,46.1181336],[19.79902,46.1180503]]]},"properties":{"category":"green","class":"forest","name":"","osmType":"way","osmId":1078736098}},{"type":"Feature","geometry":{"type":"Polygon","coordinates":[[[19.798598,46.1234592],[19.798126,46.1232658],[19.7980702,46.1231426],[19.7980956,46.1230019],[19.7984458,46.1226924],[19.7984204,46.122907],[19.7985676,46.1229949],[19.7987858,46.1229914],[19.7988822,46.1230125],[19.798598,46.1234592]]]},"properties":{"category":"green","class":"forest","name":"","osmType":"way","osmId":1078736105}},{"type":"Feature","geometry":{"type":"Polygon","coordinates":[[[19.8076193,46.1183481],[19.8085386,46.116754],[19.8090365,46.1168938],[19.8084348,46.1179613],[19.8081144,46.1185188],[19.8076862,46.1184582],[19.8076193,46.1183481]]]},"properties":{"category":"green","class":"forest","name":"","osmType":"way","osmId":1078736116}},{"type":"Feature","geometry":{"type":"Polygon","coordinates":[[[19.8052978,46.1116909],[19.8055221,46.1114974],[19.8058712,46.1113123],[19.8060835,46.1110465],[19.8059123,46.1108709],[19.8061588,46.1105433],[19.8063916,46.1103202],[19.8064943,46.110325],[19.8063916,46.1107427],[19.8064532,46.1108993],[19.8066038,46.1108519],[19.8074528,46.110363],[19.8078979,46.1101778],[19.8079595,46.1100639],[19.8079527,46.1099025],[19.8076403,46.10972],[19.8085198,46.1099078],[19.8081798,46.1103969],[19.8079887,46.1108776],[19.8076229,46.1108776],[19.8072889,46.1107894],[19.8067242,46.1110761],[19.8066368,46.1113573],[19.8062789,46.1114124],[19.8057858,46.1118149],[19.8052978,46.1116909]]]},"properties":{"category":"green","class":"forest","name":"","osmType":"way","osmId":1078736128}},{"type":"Feature","geometry":{"type":"Polygon","coordinates":[[[19.7740584,46.105679],[19.7737576,46.1055946],[19.7738591,46.1054468],[19.7727375,46.1051125],[19.7729659,46.1046833],[19.7731232,46.1046938],[19.773481,46.1048046],[19.7736733,46.1049016],[19.7737519,46.1051046],[19.7740185,46.1051712],[19.774469,46.1044709],[19.7748182,46.1046134],[19.774428,46.1052922],[19.7743218,46.1052856],[19.7740584,46.105679]]]},"properties":{"category":"green","class":"forest","name":"","osmType":"way","osmId":1078736149}},{"type":"Feature","geometry":{"type":"Polygon","coordinates":[[[19.7773593,46.0955709],[19.7777502,46.0951527],[19.7793436,46.0956067],[19.7795521,46.0956548],[19.7794378,46.0960658],[19.7791389,46.0960352],[19.7773593,46.0955709]]]},"properties":{"category":"green","class":"forest","name":"","osmType":"way","osmId":1078736159}},{"type":"Feature","geometry":{"type":"Polygon","coordinates":[[[19.779713,46.0950164],[19.7782138,46.0946519],[19.778516,46.0944754],[19.7798595,46.0947823],[19.779713,46.0950164]]]},"properties":{"category":"green","class":"forest","name":"","osmType":"way","osmId":1078736160}},{"type":"Feature","geometry":{"type":"Polygon","coordinates":[[[19.7271423,46.1247826],[19.7275082,46.1242536],[19.7291871,46.1248113],[19.7299059,46.1250501],[19.7295398,46.1255794],[19.7271423,46.1247826]]]},"properties":{"category":"green","class":"forest","name":"","osmType":"way","osmId":1078776959}},{"type":"Feature","geometry":{"type":"Polygon","coordinates":[[[19.7379241,46.1107499],[19.7388069,46.1083847],[19.739292,46.1085115],[19.7383933,46.110805],[19.7382661,46.1108381],[19.7379241,46.1107499]]]},"properties":{"category":"green","class":"forest","name":"","osmType":"way","osmId":1078776971}},{"type":"Feature","geometry":{"type":"Polygon","coordinates":[[[19.7347743,46.1098909],[19.7351566,46.1093385],[19.7354197,46.1090649],[19.7354588,46.1090242],[19.7355543,46.108506],[19.7359598,46.1077782],[19.7364565,46.1078548],[19.7362939,46.1081145],[19.7367074,46.1082027],[19.7365086,46.1087486],[19.7360791,46.1086659],[19.7359996,46.1087265],[19.7359917,46.1089305],[19.7363813,46.1090794],[19.735928,46.1101931],[19.7347743,46.1098909]]]},"properties":{"category":"green","class":"forest","name":"","osmType":"way","osmId":1078776972}},{"type":"Feature","geometry":{"type":"Polygon","coordinates":[[[19.7317859,46.1043846],[19.7350751,46.1038569],[19.7353833,46.1040446],[19.7357266,46.1039628],[19.7359197,46.1037694],[19.736424,46.1033528],[19.7370248,46.1030627],[19.737217,46.1029716],[19.7372823,46.1031445],[19.7367086,46.1040134],[19.7367244,46.104157],[19.7317998,46.1045951],[19.7317859,46.1043846]]]},"properties":{"category":"green","class":"forest","name":"","osmType":"way","osmId":1078776987}},{"type":"Feature","geometry":{"type":"Polygon","coordinates":[[[19.736835,46.1041426],[19.7369925,46.1039148],[19.7377799,46.1038151],[19.7380264,46.1036157],[19.738711,46.10344],[19.7389781,46.1033166],[19.7390465,46.1031315],[19.739204,46.1030793],[19.7394272,46.1031301],[19.7395624,46.103913],[19.736835,46.1041426]]]},"properties":{"category":"green","class":"forest","name":"","osmType":"way","osmId":1078776991}},{"type":"Feature","geometry":{"type":"Polygon","coordinates":[[[19.7174912,46.1237706],[19.7190097,46.1220639],[19.7195236,46.1222077],[19.7192117,46.1225735],[19.7190558,46.1225321],[19.7179072,46.1238746],[19.7174912,46.1237706]]]},"properties":{"category":"green","class":"forest","name":"","osmType":"way","osmId":1078777002}},{"type":"Feature","geometry":{"type":"Polygon","coordinates":[[[19.6951257,46.1410507],[19.6923942,46.1394414],[19.6925586,46.1392233],[19.6954336,46.1407855],[19.6951257,46.1410507]]]},"properties":{"category":"green","class":"forest","name":"","osmType":"way","osmId":1078777003}},{"type":"Feature","geometry":{"type":"Polygon","coordinates":[[[19.6992417,46.1388988],[19.698748,46.1386604],[19.6983481,46.1384708],[19.6995945,46.1373676],[19.7000405,46.1376323],[19.6994157,46.1381803],[19.6997716,46.1383667],[19.6992417,46.1388988]]]},"properties":{"category":"green","class":"forest","name":"","osmType":"way","osmId":1078777007}},{"type":"Feature","geometry":{"type":"Polygon","coordinates":[[[19.6973339,46.1359627],[19.6983055,46.1350964],[19.6987136,46.1351592],[19.6992966,46.1345847],[19.6991865,46.1343557],[19.6996863,46.1340421],[19.7005851,46.1333876],[19.7011388,46.132855],[19.7015743,46.1323247],[19.7019073,46.1319387],[19.7021093,46.1320064],[19.7021648,46.1319141],[19.7024892,46.1319858],[19.7031636,46.1312944],[19.7035292,46.1309611],[19.7039356,46.1310869],[19.7037919,46.1313752],[19.7032478,46.132044],[19.704783,46.1326321],[19.7051068,46.1327578],[19.7053465,46.1324929],[19.7049514,46.1323179],[19.7047441,46.1320665],[19.704634,46.1319183],[19.7042648,46.1319049],[19.7041287,46.1317792],[19.704498,46.13164],[19.7047182,46.1314739],[19.7050162,46.1315323],[19.7051004,46.1319049],[19.7055926,46.1317702],[19.7056574,46.1315951],[19.7045303,46.1311642],[19.7047571,46.1308814],[19.7065448,46.1315278],[19.7064153,46.1317119],[19.7055991,46.1330001],[19.7052817,46.1332381],[19.70306,46.1323313],[19.7028851,46.1325378],[19.7036429,46.13287],[19.7035587,46.1330361],[19.7039344,46.1331438],[19.7035134,46.1335972],[19.702613,46.1332964],[19.7023475,46.1335208],[19.7020624,46.1336645],[19.7029045,46.1339787],[19.7028138,46.1341358],[19.7012657,46.1335208],[19.7009419,46.1337228],[19.7033838,46.134854],[19.7025353,46.1354959],[19.7005079,46.1345712],[19.7003006,46.1345892],[19.6986424,46.1361108],[19.6984157,46.136021],[19.6980594,46.1363217],[19.6973339,46.1359627]]]},"properties":{"category":"green","class":"forest","name":"","osmType":"way","osmId":1078777008}},{"type":"Feature","geometry":{"type":"Polygon","coordinates":[[[19.723208,46.1576282],[19.7228556,46.157374],[19.7228412,46.1570701],[19.7230066,46.1569555],[19.7235246,46.1569555],[19.7238195,46.15709],[19.723949,46.1572395],[19.7238555,46.1574488],[19.723726,46.1576232],[19.723208,46.1576282]]]},"properties":{"category":"green","class":"forest","name":"","osmType":"way","osmId":1078777042}},{"type":"Feature","geometry":{"type":"Polygon","coordinates":[[[19.7723225,46.1346583],[19.7717892,46.1343926],[19.771914,46.1342254],[19.7723223,46.133678],[19.7710464,46.1331694],[19.771763,46.1323397],[19.7735656,46.1331492],[19.7723225,46.1346583]]]},"properties":{"category":"green","class":"forest","name":"","osmType":"way","osmId":1078790976}},{"type":"Feature","geometry":{"type":"Polygon","coordinates":[[[19.8875712,46.1107639],[19.887442,46.1106285],[19.887214,46.1108001],[19.8871722,46.1105864],[19.8875715,46.1103498],[19.887942,46.1100472],[19.888288,46.1098798],[19.8887279,46.110155],[19.8880198,46.110698],[19.8878374,46.110579],[19.8875712,46.1107639]]]},"properties":{"category":"green","class":"forest","name":"","osmType":"way","osmId":1079111879}},{"type":"Feature","geometry":{"type":"Polygon","coordinates":[[[19.8197713,46.118004],[19.8200288,46.1182568],[19.8194771,46.119245],[19.8191301,46.1191519],[19.8197713,46.118004]]]},"properties":{"category":"green","class":"forest","name":"","osmType":"way","osmId":1079217387}},{"type":"Feature","geometry":{"type":"Polygon","coordinates":[[[19.819943,46.1232469],[19.8201504,46.1228578],[19.820576,46.1229753],[19.8206904,46.1229918],[19.8209539,46.1230298],[19.8212734,46.1230759],[19.8213485,46.1229718],[19.8215432,46.1229951],[19.8216596,46.123009],[19.8213699,46.1235072],[19.819943,46.1232469]]]},"properties":{"category":"green","class":"forest","name":"","osmType":"way","osmId":1079217413}},{"type":"Feature","geometry":{"type":"Polygon","coordinates":[[[19.7459738,46.1258212],[19.7456996,46.1256657],[19.7456311,46.1254368],[19.7459676,46.1251993],[19.7463663,46.1251086],[19.7467963,46.125087],[19.7470829,46.1252036],[19.7471016,46.1253505],[19.7469894,46.1254541],[19.7465408,46.1256571],[19.7459738,46.1258212]]]},"properties":{"category":"water-area","class":"pond","name":"","osmType":"way","osmId":1079413432}},{"type":"Feature","geometry":{"type":"Polygon","coordinates":[[[19.7424521,46.1637981],[19.741892,46.1635816],[19.7423609,46.1628327],[19.7424298,46.1622767],[19.7423436,46.1619543],[19.7422635,46.1618776],[19.7418533,46.1617116],[19.7417133,46.1616954],[19.7417474,46.1613749],[19.7422834,46.1610556],[19.7421469,46.160693],[19.742511,46.1604782],[19.7426475,46.1602143],[19.7430774,46.1604868],[19.7434292,46.1599905],[19.7444192,46.1592235],[19.7443801,46.1588716],[19.744397,46.1587609],[19.7446826,46.1583113],[19.7460673,46.157514],[19.7467942,46.1570464],[19.7472784,46.1568099],[19.7463825,46.1574843],[19.7456878,46.1578708],[19.7448966,46.1583408],[19.7446364,46.1587551],[19.7447571,46.1591898],[19.7442475,46.1596469],[19.7439042,46.1599906],[19.7433624,46.1606259],[19.7429788,46.1611071],[19.7430029,46.1616143],[19.742842,46.1619673],[19.7426623,46.1622273],[19.7427937,46.1625023],[19.742614,46.1629017],[19.7423512,46.1632472],[19.74226,46.163433],[19.7423753,46.1635519],[19.7425577,46.1636262],[19.7424521,46.1637981]]]},"properties":{"category":"green","class":"forest","name":"","osmType":"way","osmId":1079413452}},{"type":"Feature","geometry":{"type":"Polygon","coordinates":[[[19.5969823,46.0967814],[19.5975865,46.0967386],[19.597702,46.0969293],[19.5974088,46.0971203],[19.5969823,46.0967814]]]},"properties":{"category":"green","class":"forest","name":"","osmType":"way","osmId":1079438190}},{"type":"Feature","geometry":{"type":"Polygon","coordinates":[[[19.49105,46.0684613],[19.4904816,46.0690353],[19.4881419,46.0682895],[19.4884738,46.0678627],[19.4888937,46.0677544],[19.49105,46.0684613]]]},"properties":{"category":"green","class":"forest","name":"","osmType":"way","osmId":1079454135}},{"type":"Feature","geometry":{"type":"Polygon","coordinates":[[[19.4828452,46.0759465],[19.4808791,46.0752248],[19.4812966,46.0748521],[19.4820693,46.0741687],[19.483313,46.0730004],[19.4856513,46.070776],[19.4862926,46.0702592],[19.4868346,46.069693],[19.4889879,46.0703867],[19.4886547,46.0709394],[19.488123,46.071398],[19.4881075,46.0714997],[19.487899,46.0719393],[19.486644,46.0734727],[19.4858039,46.0734065],[19.4857751,46.073404],[19.4855065,46.0736773],[19.4838609,46.075209],[19.4830266,46.0759856],[19.4828452,46.0759465]]]},"properties":{"category":"green","class":"forest","name":"","osmType":"way","osmId":1079454137}},{"type":"Feature","geometry":{"type":"Polygon","coordinates":[[[19.4907295,46.0721773],[19.4915396,46.070811],[19.4919934,46.0709446],[19.492267,46.0710252],[19.4914996,46.0724077],[19.4907295,46.0721773]]]},"properties":{"category":"green","class":"forest","name":"","osmType":"way","osmId":1079454139}},{"type":"Feature","geometry":{"type":"Polygon","coordinates":[[[19.4875237,46.0742874],[19.4880794,46.0733653],[19.4886917,46.0735429],[19.4892558,46.0725508],[19.4898349,46.072749],[19.490255,46.0721581],[19.4905669,46.0722545],[19.4890428,46.0747854],[19.4887931,46.074713],[19.4898258,46.0729992],[19.4892838,46.072842],[19.4882804,46.0745069],[19.4875237,46.0742874]]]},"properties":{"category":"green","class":"forest","name":"","osmType":"way","osmId":1079454143}},{"type":"Feature","geometry":{"type":"Polygon","coordinates":[[[19.4846117,46.0754927],[19.4848485,46.0752291],[19.4845058,46.0750086],[19.485241,46.074343],[19.485565,46.074464],[19.4860959,46.0740318],[19.48653,46.074115],[19.4857675,46.0753453],[19.4856523,46.0754538],[19.485322,46.0756138],[19.4846633,46.0755015],[19.4846117,46.0754927]]]},"properties":{"category":"green","class":"forest","name":"","osmType":"way","osmId":1079454147}},{"type":"Feature","geometry":{"type":"Polygon","coordinates":[[[19.4852789,46.078236],[19.4860533,46.076991],[19.4881524,46.0776326],[19.4881373,46.0776616],[19.4872926,46.0792836],[19.4876477,46.0794392],[19.4873674,46.0798887],[19.4879032,46.0801264],[19.4876789,46.0804549],[19.4843286,46.0794959],[19.4847478,46.078788],[19.484875,46.0788946],[19.4852789,46.078236]]]},"properties":{"category":"green","class":"forest","name":"","osmType":"way","osmId":1079454153}},{"type":"Feature","geometry":{"type":"Polygon","coordinates":[[[19.4852693,46.0766832],[19.4843309,46.0764036],[19.4848664,46.0760572],[19.4855369,46.0762512],[19.4852693,46.0766832]]]},"properties":{"category":"green","class":"forest","name":"","osmType":"way","osmId":1079454154}},{"type":"Feature","geometry":{"type":"Polygon","coordinates":[[[19.4858792,46.076865],[19.487419,46.0743801],[19.4882312,46.0746378],[19.4880817,46.074828],[19.4876829,46.0747416],[19.487066,46.0757962],[19.487383,46.0759],[19.4866548,46.0770756],[19.4858792,46.076865]]]},"properties":{"category":"green","class":"forest","name":"","osmType":"way","osmId":1079454156}},{"type":"Feature","geometry":{"type":"Polygon","coordinates":[[[19.4898264,46.0779576],[19.4912014,46.0755127],[19.4941614,46.0763612],[19.4939081,46.0767527],[19.4942121,46.0768481],[19.4937996,46.0775058],[19.4929456,46.0773552],[19.4927864,46.0774957],[19.4939733,46.0779275],[19.4938068,46.0781183],[19.4930903,46.0779225],[19.4926923,46.0780379],[19.4922363,46.0778271],[19.4918528,46.0785751],[19.4898264,46.0779576]]]},"properties":{"category":"green","class":"forest","name":"","osmType":"way","osmId":1079454158}},{"type":"Feature","geometry":{"type":"Polygon","coordinates":[[[19.4884006,46.0806886],[19.488495,46.0805307],[19.4888239,46.0804844],[19.4890677,46.0804844],[19.4891854,46.0803736],[19.4895553,46.0799013],[19.4900008,46.0800237],[19.4901269,46.0798546],[19.4902614,46.079464],[19.4904631,46.0792191],[19.4905556,46.0789742],[19.4908834,46.0784844],[19.492489,46.0788925],[19.4916147,46.0801112],[19.491766,46.0802278],[19.4915643,46.0803619],[19.4915307,46.0805602],[19.4919594,46.0807876],[19.4922536,46.08091],[19.492573,46.0809683],[19.4928504,46.0812249],[19.4927647,46.0813833],[19.4926487,46.081598],[19.4919005,46.0815106],[19.4915979,46.0813065],[19.4915055,46.0810674],[19.4911356,46.080945],[19.4908582,46.0813648],[19.4884006,46.0806886]]]},"properties":{"category":"green","class":"forest","name":"","osmType":"way","osmId":1079454160}},{"type":"Feature","geometry":{"type":"Polygon","coordinates":[[[19.4928588,46.0789975],[19.4987935,46.0807001],[19.4988355,46.0808051],[19.4983311,46.0817147],[19.4981108,46.0816296],[19.4940467,46.0805206],[19.4936574,46.0804144],[19.4933212,46.08091],[19.4930185,46.0807526],[19.4931782,46.0798955],[19.4930858,46.0797089],[19.492842,46.0798197],[19.4925982,46.0800179],[19.4927075,46.0802978],[19.4927075,46.080671],[19.4923881,46.0807293],[19.4920603,46.0804494],[19.4920014,46.0802278],[19.4922704,46.0799596],[19.4924637,46.0798022],[19.4925628,46.0795322],[19.4925814,46.0794815],[19.4928588,46.0789975]]]},"properties":{"category":"green","class":"forest","name":"","osmType":"way","osmId":1079454162}},{"type":"Feature","geometry":{"type":"Polygon","coordinates":[[[19.4939904,46.0817085],[19.4934802,46.0815731],[19.4938171,46.080945],[19.4951795,46.0813358],[19.4949418,46.0817071],[19.4941348,46.0815438],[19.4939904,46.0817085]]]},"properties":{"category":"green","class":"forest","name":"","osmType":"way","osmId":1079454166}},{"type":"Feature","geometry":{"type":"Polygon","coordinates":[[[19.483653,46.0821314],[19.4844615,46.0807257],[19.4847253,46.0807774],[19.4853014,46.0799308],[19.487342,46.0804726],[19.4862484,46.082721],[19.4854478,46.0824569],[19.4853111,46.0825856],[19.483653,46.0821314]]]},"properties":{"category":"green","class":"forest","name":"","osmType":"way","osmId":1079454167}},{"type":"Feature","geometry":{"type":"Polygon","coordinates":[[[19.4871518,46.0834351],[19.4872242,46.0832293],[19.4867827,46.0831289],[19.4868913,46.0829181],[19.4867248,46.0828679],[19.488013,46.0806692],[19.4904013,46.0813619],[19.489142,46.0835506],[19.4888815,46.0835957],[19.4884979,46.0835506],[19.4881578,46.0837162],[19.4871518,46.0834351]]]},"properties":{"category":"green","class":"forest","name":"","osmType":"way","osmId":1079454172}},{"type":"Feature","geometry":{"type":"Polygon","coordinates":[[[19.4913123,46.081617],[19.4934598,46.0822423],[19.4927051,46.0834892],[19.4920802,46.0834282],[19.4917619,46.0839535],[19.4912732,46.0838111],[19.4911492,46.0840159],[19.4906964,46.083884],[19.4904157,46.0843475],[19.4897728,46.0841603],[19.4913123,46.081617]]]},"properties":{"category":"green","class":"forest","name":"","osmType":"way","osmId":1079454173}},{"type":"Feature","geometry":{"type":"Polygon","coordinates":[[[19.4948013,46.0855949],[19.4951631,46.0849488],[19.496264,46.0829829],[19.4970962,46.0832219],[19.4972054,46.0832977],[19.4971718,46.0834493],[19.4958016,46.0858223],[19.4953729,46.0857698],[19.4948013,46.0855949]]]},"properties":{"category":"green","class":"forest","name":"","osmType":"way","osmId":1079454176}},{"type":"Feature","geometry":{"type":"Polygon","coordinates":[[[19.4943474,46.0854549],[19.4931117,46.085111],[19.4933891,46.084662],[19.4924476,46.0843472],[19.4928763,46.0836592],[19.4932546,46.08377],[19.4938262,46.0828313],[19.4937085,46.0823182],[19.4948434,46.0825864],[19.4943138,46.0833852],[19.4950451,46.0835951],[19.4946416,46.0842539],[19.4950367,46.0843647],[19.4947402,46.0848337],[19.4943474,46.0854549]]]},"properties":{"category":"green","class":"forest","name":"","osmType":"way","osmId":1079454177}},{"type":"Feature","geometry":{"type":"Polygon","coordinates":[[[19.4961535,46.0798138],[19.4963195,46.0795403],[19.4991411,46.0803639],[19.4990455,46.0805237],[19.498908,46.080584],[19.4961535,46.0798138]]]},"properties":{"category":"green","class":"forest","name":"","osmType":"way","osmId":1079454184}},{"type":"Feature","geometry":{"type":"Polygon","coordinates":[[[19.4957483,46.0796954],[19.4920327,46.0786362],[19.4920978,46.0785709],[19.4932702,46.0788872],[19.4939143,46.0786713],[19.4940518,46.0784454],[19.4944209,46.0784805],[19.4946019,46.0783751],[19.4946163,46.0781341],[19.4942183,46.0780387],[19.4942979,46.0777777],[19.4946019,46.0774062],[19.4950288,46.076613],[19.4972552,46.0772135],[19.4968909,46.0778135],[19.4966572,46.0776572],[19.4964618,46.0777174],[19.4961506,46.077597],[19.4959986,46.0772857],[19.4957815,46.0771552],[19.4953618,46.0773008],[19.4951591,46.0776974],[19.4952315,46.0779986],[19.4953111,46.0782295],[19.4952243,46.0784404],[19.4949275,46.0786211],[19.4948262,46.078842],[19.4951229,46.0788671],[19.4953835,46.0787968],[19.4954993,46.0790076],[19.4956151,46.0791482],[19.495981,46.0793122],[19.4957483,46.0796954]]]},"properties":{"category":"green","class":"forest","name":"","osmType":"way","osmId":1079454185}},{"type":"Feature","geometry":{"type":"Polygon","coordinates":[[[19.4955128,46.0765978],[19.4959036,46.0759753],[19.4961569,46.0757293],[19.4964681,46.0757795],[19.4966056,46.0760104],[19.4963595,46.0765074],[19.4965984,46.076653],[19.4969747,46.0763769],[19.4971411,46.0764171],[19.4973293,46.0764472],[19.4976405,46.0760305],[19.4981254,46.0760706],[19.4977346,46.0767032],[19.4978938,46.0768739],[19.4976405,46.0772404],[19.4955128,46.0765978]]]},"properties":{"category":"green","class":"forest","name":"","osmType":"way","osmId":1079454191}},{"type":"Feature","geometry":{"type":"Polygon","coordinates":[[[19.4971122,46.0756489],[19.4968806,46.0754381],[19.4974466,46.0744352],[19.4975464,46.0742582],[19.49848,46.0745221],[19.4977201,46.0758046],[19.4974379,46.0758046],[19.4971122,46.0756489]]]},"properties":{"category":"green","class":"forest","name":"","osmType":"way","osmId":1079454192}},{"type":"Feature","geometry":{"type":"Polygon","coordinates":[[[19.4980709,46.0742884],[19.497282,46.0740725],[19.4974629,46.0738064],[19.497832,46.0737461],[19.4979334,46.07347],[19.4982301,46.0730734],[19.49844,46.0731236],[19.4981288,46.0735604],[19.4979985,46.0740223],[19.4981867,46.0741578],[19.4980709,46.0742884]]]},"properties":{"category":"green","class":"forest","name":"","osmType":"way","osmId":1079454196}},{"type":"Feature","geometry":{"type":"Polygon","coordinates":[[[19.4984182,46.0743988],[19.4984906,46.0743084],[19.4998512,46.0746699],[19.5001624,46.0743034],[19.5002751,46.0742405],[19.5003868,46.0743486],[19.5004736,46.0744942],[19.5006762,46.0745795],[19.5006401,46.0747051],[19.5008644,46.0748356],[19.5010598,46.0748004],[19.5013348,46.0747352],[19.5016605,46.0748908],[19.501769,46.0750465],[19.502102,46.0752322],[19.5020079,46.075413],[19.4984182,46.0743988]]]},"properties":{"category":"green","class":"forest","name":"","osmType":"way","osmId":1079454197}},{"type":"Feature","geometry":{"type":"Polygon","coordinates":[[[19.492643,46.0758146],[19.4931713,46.0749109],[19.4935187,46.0749862],[19.4938878,46.0742733],[19.4945319,46.0743938],[19.4942786,46.0748557],[19.4946115,46.0750264],[19.494076,46.0762062],[19.492643,46.0758146]]]},"properties":{"category":"green","class":"forest","name":"","osmType":"way","osmId":1079454200}},{"type":"Feature","geometry":{"type":"Polygon","coordinates":[[[19.4947418,46.0738114],[19.4953714,46.0739921],[19.4955523,46.0738867],[19.4959128,46.0739993],[19.4953497,46.0748205],[19.4949372,46.0747251],[19.4951398,46.0743888],[19.4946405,46.0742432],[19.4944668,46.0741327],[19.4947418,46.0738114]]]},"properties":{"category":"green","class":"forest","name":"","osmType":"way","osmId":1079454208}},{"type":"Feature","geometry":{"type":"Polygon","coordinates":[[[19.5007731,46.0777322],[19.5003575,46.0775848],[19.5007177,46.0770658],[19.5006161,46.0768832],[19.4997848,46.0767455],[19.499663,46.0765978],[19.4998874,46.076407],[19.5011611,46.0767283],[19.5014506,46.0763317],[19.5011973,46.0760706],[19.501219,46.0758698],[19.5014506,46.0758548],[19.5017401,46.0760305],[19.5007731,46.0777322]]]},"properties":{"category":"green","class":"forest","name":"","osmType":"way","osmId":1079454209}},{"type":"Feature","geometry":{"type":"Polygon","coordinates":[[[19.4957188,46.0736357],[19.4960662,46.0731537],[19.4966596,46.0733545],[19.496428,46.0738365],[19.4957188,46.0736357]]]},"properties":{"category":"green","class":"forest","name":"","osmType":"way","osmId":1079454216}},{"type":"Feature","geometry":{"type":"Polygon","coordinates":[[[19.4941773,46.0710249],[19.4942352,46.0712006],[19.4940406,46.0715166],[19.4933102,46.0726882],[19.4931538,46.0728881],[19.493018,46.0728414],[19.4940587,46.0711369],[19.4941773,46.0710249]]]},"properties":{"category":"green","class":"forest","name":"","osmType":"way","osmId":1079454217}},{"type":"Feature","geometry":{"type":"Polygon","coordinates":[[[19.5103534,46.0690976],[19.5091533,46.068684],[19.509933,46.067809],[19.5095861,46.0675789],[19.5103922,46.0670192],[19.5119891,46.0676923],[19.5116833,46.0679203],[19.5113317,46.0677718],[19.511133,46.0679203],[19.5114617,46.0681378],[19.5103534,46.0690976]]]},"properties":{"category":"green","class":"forest","name":"","osmType":"way","osmId":1079508218}},{"type":"Feature","geometry":{"type":"Polygon","coordinates":[[[19.5120642,46.0653544],[19.51306,46.0662167],[19.5127951,46.0664365],[19.5132215,46.0666155],[19.5128199,46.0669822],[19.5124045,46.0667604],[19.5125012,46.0666794],[19.51137,46.0662021],[19.5115312,46.066013],[19.5120642,46.0653544]]]},"properties":{"category":"green","class":"forest","name":"","osmType":"way","osmId":1079508219}},{"type":"Feature","geometry":{"type":"Polygon","coordinates":[[[19.5072672,46.0718825],[19.5073373,46.0716137],[19.507824,46.0711677],[19.5066576,46.0707181],[19.5061298,46.070535],[19.5064009,46.070239],[19.5080291,46.0708932],[19.5083004,46.0705681],[19.5086404,46.0706507],[19.507428,46.0717985],[19.5072672,46.0718825]]]},"properties":{"category":"green","class":"forest","name":"","osmType":"way","osmId":1079508221}},{"type":"Feature","geometry":{"type":"Polygon","coordinates":[[[19.5061868,46.0712102],[19.5068954,46.0714644],[19.506706,46.0716805],[19.5055451,46.0712625],[19.5057201,46.0710558],[19.5061868,46.0712102]]]},"properties":{"category":"green","class":"forest","name":"","osmType":"way","osmId":1079508222}},{"type":"Feature","geometry":{"type":"Polygon","coordinates":[[[19.5049802,46.0721408],[19.5052105,46.0717705],[19.5055037,46.071895],[19.5055966,46.0717482],[19.5068476,46.0722365],[19.5065745,46.0724999],[19.5063745,46.0725676],[19.5049802,46.0721408]]]},"properties":{"category":"green","class":"forest","name":"","osmType":"way","osmId":1079508223}},{"type":"Feature","geometry":{"type":"Polygon","coordinates":[[[19.5167698,46.0639017],[19.5166843,46.0637374],[19.5169212,46.0635228],[19.5171186,46.0633127],[19.517478,46.0624655],[19.5177688,46.0621959],[19.5179017,46.0622625],[19.5182176,46.0619977],[19.5175069,46.0616552],[19.5181189,46.0611072],[19.5184677,46.0613218],[19.5187441,46.0612031],[19.5189612,46.0613355],[19.5188494,46.0615045],[19.5196456,46.0620342],[19.5192509,46.0624793],[19.5184855,46.0621118],[19.518128,46.0624704],[19.5185976,46.0626959],[19.517961,46.0630753],[19.5175266,46.0636552],[19.517349,46.0638606],[19.5170331,46.0639839],[19.5167698,46.0639017]]]},"properties":{"category":"green","class":"forest","name":"","osmType":"way","osmId":1079508230}},{"type":"Feature","geometry":{"type":"Polygon","coordinates":[[[19.5156774,46.0657966],[19.5152581,46.0655849],[19.5143341,46.0651183],[19.513876,46.0648871],[19.5137444,46.064782],[19.5141259,46.0644453],[19.5161447,46.0654177],[19.5159275,46.0656642],[19.5156774,46.0657966]]]},"properties":{"category":"green","class":"forest","name":"","osmType":"way","osmId":1079508231}},{"type":"Feature","geometry":{"type":"Polygon","coordinates":[[[19.5133911,46.0659421],[19.5133808,46.0658058],[19.513614,46.0656075],[19.5136966,46.0655638],[19.5139467,46.0655181],[19.514837,46.0658903],[19.5150457,46.0659747],[19.5140178,46.066292],[19.5133911,46.0659421]]]},"properties":{"category":"green","class":"forest","name":"","osmType":"way","osmId":1079508232}},{"type":"Feature","geometry":{"type":"Polygon","coordinates":[[[19.5141366,46.0666864],[19.5143777,46.0664929],[19.514209,46.0663987],[19.51586,46.0658824],[19.5160136,46.0659525],[19.515785,46.0661664],[19.5154762,46.0664636],[19.5149206,46.0669655],[19.5141366,46.0666864]]]},"properties":{"category":"green","class":"forest","name":"","osmType":"way","osmId":1079508238}},{"type":"Feature","geometry":{"type":"Polygon","coordinates":[[[19.5164435,46.0664959],[19.5168148,46.0661517],[19.518271,46.0669093],[19.5179189,46.0672342],[19.5164435,46.0664959]]]},"properties":{"category":"green","class":"forest","name":"","osmType":"way","osmId":1079508239}},{"type":"Feature","geometry":{"type":"Polygon","coordinates":[[[19.5174971,46.0662293],[19.5177355,46.0659796],[19.5187274,46.0664668],[19.518455,46.066722],[19.5174971,46.0662293]]]},"properties":{"category":"green","class":"forest","name":"","osmType":"way","osmId":1079508240}},{"type":"Feature","geometry":{"type":"Polygon","coordinates":[[[19.5207466,46.066575],[19.519438,46.0658253],[19.5195419,46.0657307],[19.5197947,46.0655069],[19.5211225,46.0662482],[19.5207466,46.066575]]]},"properties":{"category":"green","class":"forest","name":"","osmType":"way","osmId":1079508241}},{"type":"Feature","geometry":{"type":"Polygon","coordinates":[[[19.5195419,46.0657307],[19.5191182,46.0655004],[19.5194133,46.0652392],[19.5197201,46.0649677],[19.5201436,46.0651979],[19.5200855,46.0652562],[19.5197947,46.0655069],[19.5195419,46.0657307]]]},"properties":{"category":"green","class":"forest","name":"","osmType":"way","osmId":1079508242}},{"type":"Feature","geometry":{"type":"Polygon","coordinates":[[[19.5222007,46.0659554],[19.5215918,46.065659],[19.5203079,46.0650338],[19.5206305,46.064715],[19.5221627,46.0654613],[19.522523,46.0656368],[19.5222007,46.0659554]]]},"properties":{"category":"green","class":"forest","name":"","osmType":"way","osmId":1079508243}},{"type":"Feature","geometry":{"type":"Polygon","coordinates":[[[19.5217363,46.064449],[19.5228991,46.0634967],[19.5230711,46.0636196],[19.5226124,46.0639619],[19.5227989,46.0640721],[19.5221453,46.0646582],[19.5217363,46.064449]]]},"properties":{"category":"green","class":"forest","name":"","osmType":"way","osmId":1079508255}},{"type":"Feature","geometry":{"type":"Polygon","coordinates":[[[19.5206252,46.0594868],[19.5215544,46.0589089],[19.5219057,46.0590976],[19.5215544,46.0594279],[19.5221266,46.059766],[19.5215147,46.0600412],[19.5206252,46.0594868]]]},"properties":{"category":"green","class":"forest","name":"","osmType":"way","osmId":1079508260}},{"type":"Feature","geometry":{"type":"Polygon","coordinates":[[[19.5225912,46.0601866],[19.5228688,46.0604147],[19.5225742,46.0607292],[19.5222966,46.0606899],[19.5212881,46.0612206],[19.5212601,46.0611511],[19.5221947,46.0605605],[19.5220455,46.0604469],[19.5225912,46.0601866]]]},"properties":{"category":"green","class":"forest","name":"","osmType":"way","osmId":1079508261}},{"type":"Feature","geometry":{"type":"Polygon","coordinates":[[[19.5186375,46.0582529],[19.5203448,46.0571353],[19.5219255,46.0561147],[19.522438,46.0565476],[19.5206886,46.05768],[19.5206323,46.0576359],[19.5205988,46.0576565],[19.5199853,46.0580338],[19.5196873,46.0579586],[19.519095,46.0583514],[19.5186375,46.0582529]]]},"properties":{"category":"green","class":"forest","name":"","osmType":"way","osmId":1079508266}},{"type":"Feature","geometry":{"type":"Polygon","coordinates":[[[19.5211016,46.0629062],[19.5215951,46.0625877],[19.5217392,46.0626843],[19.5212687,46.0631334],[19.5211016,46.0629062]]]},"properties":{"category":"green","class":"forest","name":"","osmType":"way","osmId":1079508273}},{"type":"Feature","geometry":{"type":"Polygon","coordinates":[[[19.5165894,46.0682905],[19.5169055,46.0684212],[19.5157299,46.0695072],[19.5155235,46.0694221],[19.5161091,46.0689113],[19.5162039,46.0687682],[19.5161147,46.0686831],[19.5165894,46.0682905]]]},"properties":{"category":"green","class":"forest","name":"","osmType":"way","osmId":1079508275}},{"type":"Feature","geometry":{"type":"Polygon","coordinates":[[[19.6615639,46.1019066],[19.660708,46.1015395],[19.6611417,46.1011008],[19.661813,46.1013893],[19.6617583,46.1014507],[19.6619105,46.1015159],[19.6616562,46.1018012],[19.6615639,46.1019066]]]},"properties":{"category":"green","class":"park","name":"","osmType":"way","osmId":1079727847}},{"type":"Feature","geometry":{"type":"Polygon","coordinates":[[[19.8103283,46.110845],[19.8109367,46.1110234],[19.8102602,46.1121322],[19.8101321,46.1123421],[19.8095235,46.1121635],[19.8103283,46.110845]]]},"properties":{"category":"green","class":"forest","name":"","osmType":"way","osmId":1080348594}},{"type":"Feature","geometry":{"type":"Polygon","coordinates":[[[19.8210184,46.1156492],[19.8213245,46.1151509],[19.8219372,46.1140781],[19.8225247,46.1142483],[19.8216213,46.115826],[19.8210184,46.1156492]]]},"properties":{"category":"green","class":"forest","name":"","osmType":"way","osmId":1080348616}},{"type":"Feature","geometry":{"type":"Polygon","coordinates":[[[19.8204792,46.1124105],[19.8208127,46.1124991],[19.8202152,46.1135805],[19.8200984,46.1135495],[19.8198828,46.1134845],[19.8204792,46.1124105]]]},"properties":{"category":"green","class":"forest","name":"","osmType":"way","osmId":1080348624}},{"type":"Feature","geometry":{"type":"Polygon","coordinates":[[[19.8294818,46.1114463],[19.8288008,46.1124415],[19.8280069,46.1123448],[19.8282342,46.1119229],[19.8286828,46.1120027],[19.8290261,46.1114151],[19.8294818,46.1114463]]]},"properties":{"category":"green","class":"forest","name":"","osmType":"way","osmId":1080348631}},{"type":"Feature","geometry":{"type":"Polygon","coordinates":[[[19.8218979,46.1107045],[19.8211908,46.1118805],[19.8204109,46.1116605],[19.8211404,46.1104928],[19.8218979,46.1107045]]]},"properties":{"category":"green","class":"forest","name":"","osmType":"way","osmId":1080348632}},{"type":"Feature","geometry":{"type":"Polygon","coordinates":[[[19.8388467,46.116037],[19.8384264,46.1159334],[19.8382022,46.1160985],[19.8373336,46.1157715],[19.8378165,46.1152185],[19.8390718,46.115806],[19.8388467,46.116037]]]},"properties":{"category":"green","class":"forest","name":"","osmType":"way","osmId":1080348638}},{"type":"Feature","geometry":{"type":"Polygon","coordinates":[[[19.8308178,46.1129107],[19.830721,46.1128821],[19.8316513,46.1118419],[19.8315259,46.1117572],[19.8318049,46.1113853],[19.8321619,46.1114958],[19.8308178,46.1129107]]]},"properties":{"category":"green","class":"forest","name":"","osmType":"way","osmId":1080349673}},{"type":"Feature","geometry":{"type":"Polygon","coordinates":[[[19.6377486,46.0838993],[19.6380114,46.0837021],[19.638108,46.083717],[19.6413642,46.0859494],[19.6413803,46.0860127],[19.6410691,46.0862285],[19.6409618,46.0861987],[19.6377968,46.0839477],[19.6377486,46.0838993]]]},"properties":{"category":"green","class":"park","name":"Park Mali Bajmok","osmType":"way","osmId":1088618682}},{"type":"Feature","geometry":{"type":"Polygon","coordinates":[[[19.6657139,46.0998862],[19.6657225,46.0998893],[19.665733,46.0998932],[19.6657485,46.0998971],[19.6657612,46.0999002],[19.6657789,46.0999016],[19.6657875,46.0999023],[19.6657848,46.0999158],[19.6657777,46.0999476],[19.6657633,46.099947],[19.6657537,46.0999466],[19.6657344,46.0999426],[19.6657184,46.0999393],[19.6656992,46.099933],[19.6656786,46.0999263],[19.6656892,46.0999142],[19.665705,46.0998963],[19.6657139,46.0998862]]]},"properties":{"category":"water-area","class":"water","name":"","osmType":"way","osmId":1088742032}},{"type":"Feature","geometry":{"type":"Polygon","coordinates":[[[19.6657777,46.0999476],[19.6657848,46.0999158],[19.6658048,46.099918],[19.6658228,46.0999159],[19.6658323,46.0999136],[19.6658551,46.0999081],[19.6658696,46.0999355],[19.6658378,46.0999445],[19.6658108,46.0999487],[19.6657964,46.0999482],[19.6657777,46.0999476]]]},"properties":{"category":"water-area","class":"water","name":"","osmType":"way","osmId":1088742033}},{"type":"Feature","geometry":{"type":"Polygon","coordinates":[[[19.6658696,46.0999355],[19.6658551,46.0999081],[19.6658529,46.0999017],[19.6658509,46.0998957],[19.6658602,46.0998933],[19.6658694,46.0998909],[19.6658784,46.0998859],[19.6658874,46.099881],[19.665898,46.0998746],[19.6659055,46.09987],[19.6659174,46.0998758],[19.6659389,46.0998862],[19.6659521,46.0998926],[19.6659409,46.099902],[19.6659314,46.0999101],[19.6659149,46.0999187],[19.6658976,46.0999267],[19.6658829,46.0999313],[19.6658696,46.0999355]]]},"properties":{"category":"water-area","class":"water","name":"","osmType":"way","osmId":1088742034}},{"type":"Feature","geometry":{"type":"Polygon","coordinates":[[[19.6657155,46.0998104],[19.6657103,46.0997827],[19.6657244,46.0997564],[19.6657545,46.0997377],[19.6657936,46.0997309],[19.6658328,46.0997374],[19.6658632,46.0997558],[19.6658777,46.0997819],[19.6658731,46.0998097],[19.6658504,46.0998328],[19.6658148,46.099846],[19.6657744,46.0998462],[19.6657386,46.0998333],[19.6657155,46.0998104]]]},"properties":{"category":"water-area","class":"water","name":"Нова фонтана","osmType":"way","osmId":1088742036}},{"type":"Feature","geometry":{"type":"Polygon","coordinates":[[[19.6279137,46.1451866],[19.6275703,46.1451085],[19.6276347,46.1449339],[19.6274094,46.144867],[19.6275757,46.1447517],[19.6277635,46.1448335],[19.627919,46.1447778],[19.6280317,46.144644],[19.6282516,46.1447034],[19.6282677,46.1445994],[19.6280746,46.1445733],[19.6279405,46.1445362],[19.6279727,46.1444953],[19.6281068,46.1444358],[19.6281282,46.1443392],[19.627978,46.1442574],[19.6277903,46.144302],[19.6275435,46.1443689],[19.6274094,46.1443689],[19.6273611,46.1442091],[19.627565,46.1441088],[19.6277098,46.1440121],[19.6277098,46.1438783],[19.6277259,46.1437111],[19.6278868,46.1437259],[19.6280478,46.1437854],[19.6280209,46.1439229],[19.6280156,46.144105],[19.6282409,46.1441794],[19.628493,46.1439452],[19.6284877,46.1437854],[19.6285788,46.1436553],[19.62867,46.1436367],[19.6288417,46.1436776],[19.6289544,46.1437073],[19.6289034,46.1439861],[19.6287827,46.1441125],[19.6287344,46.1442203],[19.628611,46.1442872],[19.628552,46.1443726],[19.6285493,46.1444637],[19.628721,46.1443931],[19.628772,46.1444358],[19.6286191,46.1446384],[19.6285091,46.1447276],[19.6286808,46.1446607],[19.6288712,46.1445585],[19.6289356,46.1446031],[19.62889,46.1447406],[19.6287478,46.1448911],[19.6285976,46.1448948],[19.6284903,46.1448447],[19.6283428,46.1449915],[19.6282784,46.1450862],[19.6282087,46.1450974],[19.6280505,46.145129],[19.6279137,46.1451866]]]},"properties":{"category":"green","class":"forest","name":"","osmType":"way","osmId":1100634394}},{"type":"Feature","geometry":{"type":"Polygon","coordinates":[[[19.6100673,46.1529363],[19.6109883,46.1544095],[19.6108171,46.1542965],[19.6107588,46.1542981],[19.610694,46.1542099],[19.6104146,46.1544904],[19.6097575,46.1547207],[19.6097895,46.1543325],[19.6103431,46.1541899],[19.6102153,46.1539687],[19.6098533,46.1538802],[19.6099527,46.153595],[19.6102579,46.1534081],[19.6098392,46.1530688],[19.6100673,46.1529363]]]},"properties":{"category":"green","class":"forest","name":"","osmType":"way","osmId":1100634400}},{"type":"Feature","geometry":{"type":"Polygon","coordinates":[[[19.6185563,46.1458414],[19.6213186,46.14337],[19.6217894,46.1435929],[19.6234467,46.1445149],[19.6237603,46.1447412],[19.623905,46.1448116],[19.6238555,46.1448529],[19.6216258,46.1467134],[19.6211066,46.1463847],[19.6200236,46.1472499],[19.619372,46.1476387],[19.6191857,46.1480503],[19.6184699,46.1477308],[19.6177383,46.1478299],[19.6170544,46.1487115],[19.6167363,46.1491081],[19.6161796,46.1497693],[19.6156229,46.1501549],[19.6153366,46.1504965],[19.6162273,46.1503422],[19.6168794,46.1500337],[19.6177224,46.1503643],[19.617452,46.150772],[19.617277,46.1517967],[19.616943,46.1521603],[19.6164806,46.1521456],[19.6162539,46.1518315],[19.6163511,46.1513289],[19.6160402,46.1508981],[19.6156515,46.1508039],[19.6151722,46.1507186],[19.6144467,46.1508532],[19.6139605,46.1508707],[19.613424,46.1505528],[19.6133188,46.1504905],[19.6139012,46.1499736],[19.6185563,46.1458414]]]},"properties":{"category":"green","class":"forest","name":"","osmType":"way","osmId":1100634401}},{"type":"Feature","geometry":{"type":"Polygon","coordinates":[[[19.6134978,46.1557548],[19.6114513,46.1546953],[19.6112686,46.1544914],[19.6101115,46.1527195],[19.6108931,46.1521921],[19.6111265,46.1519179],[19.6119098,46.1515747],[19.6121883,46.1518888],[19.6124603,46.1519158],[19.6123567,46.1524138],[19.6122401,46.1526741],[19.6124344,46.1529523],[19.6127454,46.1531183],[19.6130498,46.1530779],[19.6137494,46.1530376],[19.6154205,46.1530555],[19.6159258,46.1529433],[19.6169622,46.1528267],[19.6172925,46.1529568],[19.6172472,46.1531452],[19.6174026,46.1532754],[19.6179532,46.153235],[19.6185103,46.1534773],[19.6187305,46.1536702],[19.618005,46.1540068],[19.61772,46.1541459],[19.6175969,46.1543433],[19.6183613,46.1546305],[19.6182382,46.1548279],[19.6181734,46.1550792],[19.6185491,46.1555458],[19.618341,46.1557435],[19.6183224,46.1557612],[19.6185621,46.1559541],[19.6183548,46.1562817],[19.6176034,46.1563041],[19.6174868,46.1566047],[19.6176099,46.1568515],[19.6178496,46.1569098],[19.6173961,46.1573854],[19.6175298,46.1577555],[19.6160797,46.1571267],[19.61595,46.1565877],[19.6160325,46.1563509],[19.6165866,46.1561141],[19.6164687,46.1559181],[19.6160325,46.1557874],[19.6167163,46.1550933],[19.6169992,46.1546441],[19.6166691,46.1541214],[19.6163272,46.1540234],[19.6157731,46.1540724],[19.6150304,46.1545379],[19.6140303,46.1549536],[19.6139104,46.1550034],[19.6134978,46.1557548]]]},"properties":{"category":"green","class":"forest","name":"","osmType":"way","osmId":1100634405}},{"type":"Feature","geometry":{"type":"Polygon","coordinates":[[[19.6177224,46.1503643],[19.6186192,46.1500529],[19.6198871,46.1504104],[19.6210685,46.1506213],[19.6208655,46.151015],[19.6208046,46.1514861],[19.6211903,46.1514932],[19.6220328,46.1516268],[19.6220226,46.1517393],[19.6224083,46.1517463],[19.622591,46.1518729],[19.6232,46.1524565],[19.6235452,46.1526604],[19.6237685,46.1525619],[19.6237482,46.1520627],[19.6239207,46.1517322],[19.6244688,46.1515705],[19.6248545,46.1517815],[19.6255244,46.1520487],[19.6259101,46.1523932],[19.6258391,46.152569],[19.6254635,46.1525338],[19.6254522,46.1529536],[19.6249217,46.1533619],[19.6245445,46.1537131],[19.6240965,46.1540561],[19.6235777,46.1542848],[19.6232005,46.1540234],[19.6233773,46.1537294],[19.6242379,46.1533537],[19.6242026,46.1529944],[19.6238489,46.1529781],[19.6229529,46.1533129],[19.6224342,46.1532067],[19.6215499,46.1532884],[19.6206186,46.1533129],[19.6198405,46.1532312],[19.6191331,46.1528556],[19.6184729,46.1525534],[19.6180839,46.1523084],[19.6178245,46.1518592],[19.6177773,46.1514753],[19.6180956,46.151018],[19.6178952,46.1507648],[19.617452,46.150772],[19.6177224,46.1503643]]]},"properties":{"category":"green","class":"forest","name":"","osmType":"way","osmId":1100634406}},{"type":"Feature","geometry":{"type":"Polygon","coordinates":[[[19.6865671,46.1816171],[19.6869985,46.1808728],[19.6866219,46.1800764],[19.6855807,46.1797285],[19.6859758,46.1796324],[19.687261,46.1798532],[19.6880944,46.1793799],[19.6875488,46.178978],[19.6867035,46.1792011],[19.6859854,46.1794462],[19.68544,46.1791664],[19.6847297,46.1790715],[19.6830349,46.1793822],[19.6825987,46.1791751],[19.681851,46.1792268],[19.6807295,46.179201],[19.6806547,46.1793994],[19.6805301,46.1796151],[19.6798696,46.1799775],[19.6791745,46.1803084],[19.678773,46.1805815],[19.6782247,46.1807713],[19.6782247,46.1803399],[19.6785736,46.179805],[19.6791593,46.1790198],[19.6797201,46.1782777],[19.6799569,46.178062],[19.680418,46.1777514],[19.6806298,46.1775788],[19.6810037,46.1778376],[19.6801936,46.1785279],[19.6801313,46.1787782],[19.6803183,46.1789939],[19.681066,46.1788731],[19.6827607,46.1787436],[19.6834711,46.1785107],[19.6840069,46.1784416],[19.6848169,46.1785538],[19.6856394,46.1772768],[19.6858762,46.1776392],[19.6874339,46.1782604],[19.6877329,46.1781224],[19.6879697,46.1778376],[19.6894651,46.1773889],[19.6905617,46.1770352],[19.6916583,46.1773803],[19.6931787,46.1779584],[19.6939139,46.1780534],[19.6940715,46.178239],[19.6939194,46.1783155],[19.6936347,46.1784588],[19.6936281,46.178525],[19.6935884,46.1789245],[19.6935424,46.1793863],[19.6936059,46.1800466],[19.6930086,46.1802624],[19.6922142,46.1803199],[19.6910318,46.1803583],[19.6893877,46.1806141],[19.688972,46.1804287],[19.6883716,46.1807484],[19.6878636,46.1803327],[19.6872539,46.1807293],[19.6875125,46.1811066],[19.6871154,46.1813944],[19.6868475,46.1816374],[19.6865671,46.1816171]]]},"properties":{"category":"green","class":"forest","name":"","osmType":"way","osmId":1101046592}},{"type":"Feature","geometry":{"type":"Polygon","coordinates":[[[19.7133635,46.1780277],[19.7132419,46.1778976],[19.714246,46.1773529],[19.7140117,46.1769473],[19.7134834,46.1766723],[19.7130076,46.1765881],[19.7125217,46.1767422],[19.7115013,46.1772023],[19.7111834,46.1775847],[19.7110308,46.1779134],[19.7114115,46.1783591],[19.7105805,46.1785242],[19.7102294,46.1780598],[19.7108152,46.1774109],[19.7118695,46.1758233],[19.7134092,46.1742472],[19.7146142,46.1742124],[19.7140452,46.1751163],[19.7135302,46.1758016],[19.7142133,46.176193],[19.7146413,46.176125],[19.7150384,46.1763478],[19.7156752,46.176234],[19.7173663,46.1758832],[19.7174426,46.1759623],[19.7172611,46.1760359],[19.7148193,46.1770258],[19.7146208,46.1773055],[19.7133635,46.1780277]]]},"properties":{"category":"green","class":"forest","name":"","osmType":"way","osmId":1101046594}},{"type":"Feature","geometry":{"type":"Polygon","coordinates":[[[19.8668741,46.1365566],[19.8667654,46.1365157],[19.8667118,46.1364581],[19.8667601,46.1363595],[19.8669163,46.1361889],[19.8669974,46.1361226],[19.8670216,46.1360919],[19.8669974,46.1360352],[19.8671101,46.135894],[19.8671557,46.13588],[19.8671678,46.1358586],[19.8671436,46.1358196],[19.8672442,46.1357007],[19.8672858,46.1356626],[19.8673394,46.13567],[19.8673689,46.135722],[19.8673837,46.1357555],[19.8674306,46.135775],[19.8674735,46.1358531],[19.8674051,46.1359637],[19.8669545,46.136538],[19.8668741,46.1365566]]]},"properties":{"category":"green","class":"forest","name":"","osmType":"way","osmId":1121932833}},{"type":"Feature","geometry":{"type":"Polygon","coordinates":[[[19.6462694,46.1357546],[19.6462378,46.1357217],[19.6462265,46.1356857],[19.6462333,46.1356419],[19.6464704,46.135429],[19.6465427,46.135404],[19.6466534,46.1354384],[19.6467302,46.1354822],[19.6467414,46.1355198],[19.6465879,46.1356826],[19.6464591,46.1357859],[19.6463869,46.1357937],[19.6463168,46.1357827],[19.6462694,46.1357546]]]},"properties":{"category":"water-area","class":"pond","name":"","osmType":"way","osmId":1122585674}},{"type":"Feature","geometry":{"type":"Polygon","coordinates":[[[19.6665714,45.9277587],[19.6664742,45.9271279],[19.6679834,45.927628],[19.6676401,45.9281326],[19.6665714,45.9277587]]]},"properties":{"category":"green","class":"forest","name":"","osmType":"way","osmId":1148497688}},{"type":"Feature","geometry":{"type":"Polygon","coordinates":[[[19.6662928,45.9260781],[19.666241,45.9255554],[19.6679511,45.9261547],[19.6676531,45.9265106],[19.6662928,45.9260781]]]},"properties":{"category":"green","class":"forest","name":"","osmType":"way","osmId":1148497689}},{"type":"Feature","geometry":{"type":"Polygon","coordinates":[[[19.809567,46.1263923],[19.8099155,46.1264822],[19.8095759,46.1271148],[19.8092272,46.1270249],[19.809567,46.1263923]]]},"properties":{"category":"green","class":"forest","name":"","osmType":"way","osmId":1258178748}},{"type":"Feature","geometry":{"type":"Polygon","coordinates":[[[19.6602411,46.1053967],[19.6603132,46.1052975],[19.6603691,46.1052271],[19.6604689,46.1050824],[19.6605723,46.1049414],[19.6605912,46.104948],[19.6607852,46.1050158],[19.6606281,46.1052318],[19.6605359,46.1053584],[19.6604756,46.1054414],[19.6604539,46.1054712],[19.6602411,46.1053967]]]},"properties":{"category":"green","class":"park","name":"","osmType":"way","osmId":1281204211}},{"type":"Feature","geometry":{"type":"Polygon","coordinates":[[[19.8564328,46.0966381],[19.8569226,46.0966663],[19.8569096,46.0975155],[19.8569024,46.0979877],[19.8563859,46.0979515],[19.8564328,46.0966381]]]},"properties":{"category":"green","class":"forest","name":"","osmType":"way","osmId":1299956056}},{"type":"Feature","geometry":{"type":"Polygon","coordinates":[[[19.8589632,46.1009062],[19.859456,46.1008395],[19.859468,46.1000018],[19.8593813,46.1000054],[19.8593908,46.0992982],[19.8605686,46.0993242],[19.8605078,46.0996601],[19.8611572,46.0996933],[19.8611269,46.1002936],[19.8610427,46.1003227],[19.8609285,46.1002185],[19.8608444,46.100006],[19.8607963,46.0998476],[19.8607121,46.099856],[19.8604657,46.0999768],[19.8603996,46.1001435],[19.8603756,46.1004686],[19.860616,46.1005436],[19.8608023,46.1004186],[19.861217,46.1003686],[19.861207,46.1005651],[19.8620535,46.1005857],[19.8621256,46.1005875],[19.8627636,46.100639],[19.864757,46.1007311],[19.8648231,46.100677],[19.8648864,46.1006185],[19.8651701,46.1005463],[19.8653701,46.1005311],[19.8654182,46.1005978],[19.8654242,46.1008062],[19.8653881,46.1008687],[19.8652093,46.1008364],[19.8650876,46.1008145],[19.8645948,46.1008103],[19.862383,46.1008395],[19.8612951,46.1007561],[19.86064,46.1007937],[19.8598587,46.100952],[19.8589391,46.1010187],[19.8589632,46.1009062]]]},"properties":{"category":"green","class":"forest","name":"","osmType":"way","osmId":1299956082}},{"type":"Feature","geometry":{"type":"Polygon","coordinates":[[[19.8489057,46.1025494],[19.8489739,46.1024102],[19.8492247,46.1023916],[19.8497265,46.1022301],[19.8499795,46.1021425],[19.8499773,46.1022239],[19.850488,46.102081],[19.8509808,46.1019319],[19.8510704,46.1017083],[19.8519574,46.1015157],[19.8522979,46.1013728],[19.8530261,46.1012524],[19.8529626,46.1014028],[19.8491411,46.1024973],[19.8489057,46.1025494]]]},"properties":{"category":"green","class":"forest","name":"","osmType":"way","osmId":1299956085}},{"type":"Feature","geometry":{"type":"Polygon","coordinates":[[[19.8712598,46.1034498],[19.8717863,46.1034498],[19.8717301,46.1039122],[19.8713903,46.1038884],[19.8709341,46.1037986],[19.8712598,46.1034498]]]},"properties":{"category":"green","class":"forest","name":"","osmType":"way","osmId":1299956103}},{"type":"Feature","geometry":{"type":"Polygon","coordinates":[[[19.8503806,46.105457],[19.8489937,46.1059142],[19.8489057,46.1058107],[19.8499734,46.1048731],[19.8503806,46.105457]]]},"properties":{"category":"green","class":"forest","name":"","osmType":"way","osmId":1299956125}},{"type":"Feature","geometry":{"type":"Polygon","coordinates":[[[19.8503424,46.1047567],[19.8499734,46.1048731],[19.8494845,46.1037388],[19.8497394,46.1035014],[19.8510034,46.1024157],[19.8511105,46.1024017],[19.8510895,46.1025144],[19.8507337,46.102834],[19.8508631,46.1032264],[19.8507175,46.1034563],[19.8505558,46.1034395],[19.8503779,46.1033105],[19.850386,46.1030358],[19.8499412,46.1034843],[19.8499817,46.1036918],[19.850297,46.1039048],[19.8505234,46.1042973],[19.8503536,46.1044038],[19.8502,46.1046112],[19.8503424,46.1047567]]]},"properties":{"category":"green","class":"forest","name":"","osmType":"way","osmId":1299956126}},{"type":"Feature","geometry":{"type":"Polygon","coordinates":[[[19.8513347,46.1023516],[19.8517981,46.103349],[19.8515077,46.1034139],[19.8510895,46.1025144],[19.8511105,46.1024017],[19.8513347,46.1023516]]]},"properties":{"category":"green","class":"forest","name":"","osmType":"way","osmId":1299956131}},{"type":"Feature","geometry":{"type":"Polygon","coordinates":[[[19.8524711,46.1022237],[19.8527757,46.1019981],[19.853648,46.101926],[19.8536065,46.1020893],[19.8533242,46.1021433],[19.8535401,46.1026857],[19.8526844,46.1029329],[19.8524711,46.1022237]]]},"properties":{"category":"green","class":"forest","name":"","osmType":"way","osmId":1299956132}},{"type":"Feature","geometry":{"type":"Polygon","coordinates":[[[19.879423,46.1055208],[19.8795416,46.105305],[19.8796364,46.1054016],[19.8802084,46.1055804],[19.8799002,46.1056461],[19.879423,46.1055208]]]},"properties":{"category":"green","class":"forest","name":"","osmType":"way","osmId":1299971877}},{"type":"Feature","geometry":{"type":"Polygon","coordinates":[[[19.8811034,46.1053411],[19.8816288,46.1054101],[19.8823898,46.1052908],[19.8842425,46.1053316],[19.8845006,46.1052657],[19.8845006,46.1052971],[19.8844101,46.105385],[19.8843294,46.1053809],[19.8840221,46.1053938],[19.8836672,46.1054039],[19.8833139,46.1053819],[19.8826208,46.1060665],[19.8811034,46.1053411]]]},"properties":{"category":"green","class":"forest","name":"","osmType":"way","osmId":1299971885}},{"type":"Feature","geometry":{"type":"Polygon","coordinates":[[[19.8859225,46.1027991],[19.8860557,46.1028584],[19.8857881,46.1031706],[19.8855617,46.1034935],[19.8851217,46.1043409],[19.8847615,46.1049974],[19.8846122,46.1051526],[19.8842726,46.1052882],[19.8833283,46.1052828],[19.8824252,46.1052632],[19.8822245,46.1052668],[19.881553,46.1053542],[19.8809458,46.1052668],[19.8810101,46.1052293],[19.8815684,46.1052971],[19.8818772,46.1052614],[19.8822914,46.1052311],[19.8834313,46.1052239],[19.8839819,46.1052204],[19.8844862,46.1051009],[19.8846148,46.1049671],[19.8848747,46.1044123],[19.8853404,46.1034953],[19.8854484,46.1033544],[19.88559,46.1032045],[19.8857057,46.103019],[19.8859225,46.1027991]]]},"properties":{"category":"green","class":"forest","name":"","osmType":"way","osmId":1299971889}},{"type":"Feature","geometry":{"type":"Polygon","coordinates":[[[19.7450756,46.1586044],[19.7457656,46.1586505],[19.745724,46.1588635],[19.7458155,46.158996],[19.7456824,46.1590651],[19.7454497,46.159399],[19.7451318,46.1597455],[19.7450582,46.1597522],[19.7448179,46.1599288],[19.7448927,46.1597215],[19.7450257,46.1596294],[19.7450756,46.1594969],[19.7450091,46.1593242],[19.7448428,46.1590478],[19.7448345,46.1589038],[19.7450839,46.1588578],[19.7450174,46.1586793],[19.7450756,46.1586044]]]},"properties":{"category":"water-area","class":"pond","name":"","osmType":"way","osmId":1304163772}},{"type":"Feature","geometry":{"type":"Polygon","coordinates":[[[19.665735,46.1180851],[19.6655226,46.1180017],[19.6659013,46.1161347],[19.6667976,46.1165197],[19.6673064,46.1173958],[19.665735,46.1180851]]]},"properties":{"category":"green","class":"park","name":"","osmType":"way","osmId":1313302668}},{"type":"Feature","geometry":{"type":"Polygon","coordinates":[[[19.6406482,46.0855203],[19.6410708,46.0857843],[19.6410498,46.0858054],[19.6410615,46.0858394],[19.6411292,46.0858961],[19.6412436,46.0859592],[19.6412623,46.0859932],[19.6412272,46.0860289],[19.6411992,46.086071],[19.6411245,46.0861309],[19.6410638,46.0861503],[19.6410031,46.0861082],[19.6409307,46.0860451],[19.640849,46.0859868],[19.6407392,46.085943],[19.6406131,46.0858685],[19.6404941,46.0857876],[19.640459,46.0857309],[19.6404964,46.0856791],[19.640473,46.0856386],[19.6405431,46.0856062],[19.6406248,46.0855803],[19.6406482,46.0855203]]]},"properties":{"category":"green","class":"forest","name":"","osmType":"way","osmId":1329450705}},{"type":"Feature","geometry":{"type":"Polygon","coordinates":[[[19.6402505,46.0855307],[19.6402009,46.0855798],[19.6401726,46.0855774],[19.6393338,46.0849588],[19.6389728,46.0846961],[19.6389126,46.0846299],[19.638941,46.084593],[19.6389622,46.0845464],[19.638987,46.0844899],[19.6390011,46.0843917],[19.6390507,46.0844065],[19.6391002,46.0844605],[19.6391745,46.0845218],[19.6392312,46.0846225],[19.639309,46.0846544],[19.6394187,46.0846691],[19.6402788,46.0852313],[19.6403,46.0852975],[19.6402752,46.0853761],[19.6402009,46.0854424],[19.6401867,46.0854866],[19.6402505,46.0855307]]]},"properties":{"category":"green","class":"forest","name":"","osmType":"way","osmId":1329450707}},{"type":"Feature","geometry":{"type":"Polygon","coordinates":[[[19.5286288,46.1467443],[19.5274626,46.1459036],[19.5277555,46.1457975],[19.5289777,46.1466247],[19.5286288,46.1467443]]]},"properties":{"category":"green","class":"forest","name":"","osmType":"way","osmId":1364468560}},{"type":"Feature","geometry":{"type":"Polygon","coordinates":[[[19.5363988,46.1158341],[19.5359165,46.1159358],[19.5353921,46.1160812],[19.5345427,46.116103],[19.534293,46.115881],[19.5363988,46.1158341]]]},"properties":{"category":"green","class":"forest","name":"","osmType":"way","osmId":1364468575}},{"type":"Feature","geometry":{"type":"Polygon","coordinates":[[[19.6677128,46.0773864],[19.667075,46.076946],[19.6673269,46.0767552],[19.6646477,46.0748262],[19.6653512,46.0743248],[19.6677872,46.0760752],[19.6672835,46.0764481],[19.6681785,46.0770532],[19.6677128,46.0773864]]]},"properties":{"category":"green","class":"park","name":"Мини Југославија","osmType":"way","osmId":1445268955}},{"type":"Feature","geometry":{"type":"LineString","coordinates":[[19.6668593,46.0447744],[19.6668607,46.0447781],[19.6669823,46.0450874],[19.6673208,46.0460404],[19.6680638,46.0480248],[19.6682894,46.0486735],[19.6689713,46.050505],[19.6694897,46.0518973],[19.6701505,46.0536834]]},"properties":{"category":"road","class":"secondary","name":"Београдски пут","ref":"100","osmType":"way","osmId":26700956}},{"type":"Feature","geometry":{"type":"LineString","coordinates":[[19.6467204,45.9918654],[19.64635,45.9908913],[19.6455095,45.9886808],[19.6446298,45.9863669],[19.6442277,45.9853094],[19.6441159,45.9850154],[19.6439961,45.9847002],[19.6436832,45.9838772],[19.6435864,45.9836226],[19.6434008,45.9831343],[19.643056,45.9822275],[19.6427651,45.9814623],[19.6424515,45.9806374],[19.6422923,45.9802186],[19.642237,45.9800731],[19.6421389,45.9798149],[19.641963,45.9793523],[19.6417805,45.9788723],[19.6411753,45.9772802],[19.6410565,45.9769676],[19.6409899,45.9768034],[19.6408458,45.9764132],[19.6407569,45.9761794],[19.6405593,45.9756595],[19.6401124,45.9744838],[19.6400631,45.9743542],[19.639913,45.9739593],[19.6394095,45.9726347],[19.6391023,45.9718264],[19.6387653,45.9709398],[19.6372924,45.9670645],[19.6370729,45.966487],[19.6370175,45.9663413],[19.6367546,45.9656495],[19.6365461,45.9651008],[19.6365071,45.9649983]]},"properties":{"category":"road","class":"secondary","name":"Стари Жедник салаши","ref":"100","osmType":"way","osmId":26730510}},{"type":"Feature","geometry":{"type":"LineString","coordinates":[[19.7942023,46.1066238],[19.794955,46.1066259]]},"properties":{"category":"road","class":"secondary","name":"","ref":"100","osmType":"way","osmId":26732455}},{"type":"Feature","geometry":{"type":"LineString","coordinates":[[19.794955,46.1066259],[19.7952189,46.1066266]]},"properties":{"category":"road","class":"secondary","name":"","ref":"100","osmType":"way","osmId":26732456}},{"type":"Feature","geometry":{"type":"LineString","coordinates":[[19.5590175,46.1681589],[19.5598382,46.1678632],[19.5600692,46.1677784]]},"properties":{"category":"road","class":"primary","name":"","ref":"11","osmType":"way","osmId":26956493}},{"type":"Feature","geometry":{"type":"LineString","coordinates":[[19.4235597,45.9668325],[19.4238214,45.9668606],[19.4239713,45.9668711],[19.4240064,45.9668732],[19.4241641,45.9668829],[19.4242564,45.9668889],[19.4243017,45.9668948],[19.4243594,45.9669023],[19.4244782,45.9669239],[19.424539,45.9669379],[19.4246092,45.966954],[19.4247205,45.9669806]]},"properties":{"category":"road","class":"primary","name":"Моше Пијаде","ref":"12","osmType":"way","osmId":28417343}},{"type":"Feature","geometry":{"type":"LineString","coordinates":[[19.7942023,46.1066238],[19.7940454,46.1066108],[19.7938496,46.1065894],[19.7936243,46.1065513],[19.7933789,46.1064862]]},"properties":{"category":"road","class":"secondary","name":"","ref":"100","osmType":"way","osmId":75682032}},{"type":"Feature","geometry":{"type":"LineString","coordinates":[[19.6585369,46.1002086],[19.6586154,46.1002232],[19.6603728,46.1005512],[19.6605089,46.1005766],[19.6606806,46.1006252]]},"properties":{"category":"road","class":"tertiary","name":"Шандора Петефија","osmType":"way","osmId":75682062}},{"type":"Feature","geometry":{"type":"LineString","coordinates":[[19.6786452,46.0963875],[19.6792919,46.0955501],[19.6796573,46.095014],[19.6797836,46.094816],[19.6799149,46.0944603],[19.6800276,46.0942313],[19.6801429,46.0940237],[19.6804191,46.0936259],[19.680604,46.0934384],[19.6807455,46.0933506],[19.6809389,46.0932596],[19.6810824,46.093218],[19.6812536,46.0931711],[19.6822162,46.0930567],[19.6823316,46.0930383],[19.6824123,46.0930157],[19.6824623,46.0929798]]},"properties":{"category":"road","class":"tertiary","name":"Болманска","osmType":"way","osmId":75682105}},{"type":"Feature","geometry":{"type":"LineString","coordinates":[[19.673085,46.0952582],[19.6732158,46.0951833]]},"properties":{"category":"road","class":"secondary","name":"Сенћански пут","ref":"100","osmType":"way","osmId":75682117}},{"type":"Feature","geometry":{"type":"LineString","coordinates":[[19.6626954,46.0998742],[19.6627849,46.0998698],[19.6628444,46.0998655]]},"properties":{"category":"road","class":"tertiary","name":"Штросмајерова","osmType":"way","osmId":75682156}},{"type":"Feature","geometry":{"type":"LineString","coordinates":[[19.6447468,46.0889468],[19.6447967,46.0889818],[19.6448241,46.089001],[19.6448584,46.0890251],[19.6448737,46.0890359],[19.6450337,46.0891482],[19.6456406,46.0895727],[19.6467349,46.0903503],[19.6469112,46.0904749],[19.6469338,46.0904909],[19.6469667,46.0905141],[19.6474566,46.0908603],[19.6477017,46.0910336],[19.6483669,46.0914925],[19.6484732,46.0915597],[19.6485711,46.0916209],[19.6487063,46.0917055],[19.6491167,46.0919622],[19.6496835,46.0923028],[19.6502395,46.0926374],[19.6511779,46.0931937],[19.6512233,46.0932215]]},"properties":{"category":"road","class":"secondary","name":"Сомборски пут","osmType":"way","osmId":75682177}},{"type":"Feature","geometry":{"type":"LineString","coordinates":[[19.6563626,46.0897928],[19.6542411,46.0896183],[19.6530067,46.0895064],[19.6521625,46.0894218],[19.6516978,46.0893659],[19.6515666,46.089343],[19.651198,46.0892837],[19.6509526,46.0892349],[19.6496759,46.0889812],[19.6489155,46.0888014],[19.6474372,46.0884246],[19.646102,46.0880798],[19.6459709,46.0880466],[19.6459038,46.0880311],[19.6458397,46.088022],[19.6458002,46.0880202],[19.6457637,46.0880211],[19.645697,46.0880298]]},"properties":{"category":"road","class":"tertiary","name":"Велебитска","osmType":"way","osmId":75682185}},{"type":"Feature","geometry":{"type":"LineString","coordinates":[[19.7555143,46.1057319],[19.7560528,46.1044196],[19.7564188,46.1036107],[19.7565862,46.1032534]]},"properties":{"category":"road","class":"tertiary","name":"Зеленгорска","osmType":"way","osmId":75682215}},{"type":"Feature","geometry":{"type":"LineString","coordinates":[[19.6604894,46.1016229],[19.6605829,46.1016616],[19.6614315,46.1020269],[19.6615762,46.1021136]]},"properties":{"category":"road","class":"tertiary","name":"Трг синагоге","osmType":"way","osmId":75682235}},{"type":"Feature","geometry":{"type":"LineString","coordinates":[[19.6592547,46.1052887],[19.6593653,46.1053368],[19.6596016,46.1054443],[19.6596885,46.1054812],[19.6604069,46.1058135],[19.6604683,46.1058419],[19.6606157,46.105908],[19.6606507,46.1059237],[19.6609392,46.1060532],[19.661893,46.1064811],[19.6619732,46.1065171]]},"properties":{"category":"road","class":"tertiary","name":"Петра Лековића","osmType":"way","osmId":75682283}},{"type":"Feature","geometry":{"type":"LineString","coordinates":[[19.7349855,46.1045025],[19.7348731,46.1045127],[19.7334396,46.1046422],[19.7291838,46.1050112],[19.7289607,46.1050287]]},"properties":{"category":"road","class":"secondary","name":"Мира","ref":"100","osmType":"way","osmId":75682294}},{"type":"Feature","geometry":{"type":"LineString","coordinates":[[19.7261422,46.1048894],[19.7263564,46.1049094],[19.7267197,46.1049433],[19.7270412,46.104958],[19.7274288,46.1049742],[19.7278672,46.1049805]]},"properties":{"category":"road","class":"secondary","name":"Сегедински пут","ref":"100","osmType":"way","osmId":75682330}},{"type":"Feature","geometry":{"type":"LineString","coordinates":[[19.6460452,46.1250475],[19.6463779,46.1246343],[19.6467116,46.1242198],[19.6472719,46.1234774],[19.647346,46.1233764],[19.6475983,46.1230446],[19.6476685,46.1229519],[19.6478073,46.1227563],[19.6482844,46.1220843],[19.648884,46.1212674],[19.6490655,46.1210205],[19.6490964,46.1209787],[19.6495472,46.1203704],[19.649619,46.1202735],[19.6497811,46.1200546],[19.649819,46.1200036],[19.6505964,46.118951],[19.6513061,46.1180105],[19.6516795,46.1174858],[19.6518823,46.1172091],[19.6523613,46.1165554],[19.6525163,46.1162982]]},"properties":{"category":"road","class":"tertiary","name":"Пролетерских бригада","osmType":"way","osmId":75682337}},{"type":"Feature","geometry":{"type":"LineString","coordinates":[[19.6623867,46.1101979],[19.6624806,46.109854],[19.662926,46.108707],[19.6631793,46.1080889],[19.6634304,46.1074361],[19.6635115,46.1071109],[19.6635741,46.1068417],[19.6636131,46.1065788],[19.6635527,46.1063233]]},"properties":{"category":"road","class":"tertiary","name":"Плитвичка","osmType":"way","osmId":75682340}},{"type":"Feature","geometry":{"type":"LineString","coordinates":[[19.6297476,46.1153999],[19.6297873,46.115377],[19.6302034,46.1151372],[19.6304234,46.1150194],[19.6306362,46.1149021],[19.6310991,46.1146446],[19.6316656,46.1143238],[19.6332657,46.1134401],[19.6335108,46.1132845],[19.6337628,46.1131003],[19.6338884,46.1129942],[19.6342694,46.1126733],[19.6348004,46.1122338],[19.6352959,46.111833],[19.6354063,46.1117664],[19.6355358,46.111695],[19.6356392,46.1116434],[19.6357287,46.1116042],[19.6358496,46.1115581],[19.6359944,46.111516]]},"properties":{"category":"road","class":"secondary","name":"Едвина Здовца","osmType":"way","osmId":75682387}},{"type":"Feature","geometry":{"type":"LineString","coordinates":[[19.6819488,46.0649263],[19.6822239,46.0650071],[19.6828032,46.065131],[19.6833271,46.0652379],[19.6834044,46.0652534],[19.6846927,46.0655083],[19.6848778,46.0655416],[19.685653,46.0656809],[19.6861313,46.0657634],[19.687167,46.0659582],[19.6874017,46.0660023]]},"properties":{"category":"road","class":"tertiary","name":"Толминска","osmType":"way","osmId":75682389}},{"type":"Feature","geometry":{"type":"LineString","coordinates":[[19.7289607,46.1050287],[19.7283075,46.1050708],[19.7277964,46.1050911],[19.7271771,46.1050782],[19.7261191,46.1049928],[19.7236148,46.1047042],[19.7218293,46.104507],[19.7178393,46.1040521]]},"properties":{"category":"road","class":"secondary","name":"Сегедински пут","ref":"100","osmType":"way","osmId":75682399}},{"type":"Feature","geometry":{"type":"LineString","coordinates":[[19.6726897,46.0878352],[19.6731371,46.0880345],[19.6733264,46.0881188],[19.6738436,46.0884168]]},"properties":{"category":"road","class":"tertiary","name":"Наде Димић","osmType":"way","osmId":75682401}},{"type":"Feature","geometry":{"type":"LineString","coordinates":[[19.6587199,46.0959774],[19.6593864,46.0955171]]},"properties":{"category":"road","class":"secondary","name":"Загребачка","osmType":"way","osmId":75682412}},{"type":"Feature","geometry":{"type":"LineString","coordinates":[[19.6729247,46.0907209],[19.6729204,46.0907069],[19.6729194,46.0906927],[19.672922,46.0906785],[19.6729312,46.0906596],[19.6729465,46.0906427],[19.6729671,46.0906288],[19.6729918,46.0906186],[19.6730193,46.0906127],[19.6730522,46.0906116],[19.6730843,46.0906167],[19.6731145,46.0906281],[19.673139,46.090645],[19.6731556,46.0906659],[19.6731635,46.0906927],[19.6731588,46.0907197],[19.6731419,46.0907442],[19.6731148,46.0907638],[19.6730801,46.0907764],[19.6730414,46.0907807],[19.6730031,46.0907764],[19.6729688,46.0907641],[19.6729418,46.0907449],[19.6729247,46.0907209]]},"properties":{"category":"road","class":"tertiary","name":"","osmType":"way","osmId":75682420}},{"type":"Feature","geometry":{"type":"LineString","coordinates":[[19.6563525,46.0977878],[19.65553,46.0983172],[19.6554116,46.0983934],[19.6549322,46.0986907],[19.6542674,46.0991784],[19.6542108,46.0992199],[19.65412,46.0993194]]},"properties":{"category":"road","class":"secondary","name":"Прерадовићева","osmType":"way","osmId":75682422}},{"type":"Feature","geometry":{"type":"LineString","coordinates":[[19.691934,46.0941217],[19.6915211,46.0946614],[19.6914911,46.0947006],[19.6912929,46.0949399],[19.6908583,46.0954768],[19.6903709,46.0960606],[19.6896984,46.0968821],[19.6896847,46.0968987],[19.6896708,46.0969157],[19.6895964,46.0970066],[19.6894164,46.0972402],[19.6891413,46.09758],[19.6889085,46.0978676],[19.6888915,46.0978902],[19.6883839,46.0985135],[19.68834,46.0985698],[19.6881364,46.0988311],[19.6875109,46.0995962]]},"properties":{"category":"road","class":"tertiary","name":"Ђорђа Натошевића","osmType":"way","osmId":75682425}},{"type":"Feature","geometry":{"type":"LineString","coordinates":[[19.6608614,46.0928104],[19.6607525,46.0928776]]},"properties":{"category":"road","class":"secondary","name":"Београдски пут","osmType":"way","osmId":75682426}},{"type":"Feature","geometry":{"type":"LineString","coordinates":[[19.64326,46.1074156],[19.6433678,46.1074512],[19.6435856,46.1075232],[19.6438087,46.1075862],[19.6439895,46.1076373],[19.6443346,46.1077169],[19.6446806,46.1077549],[19.6450431,46.1077894],[19.6458379,46.1078818],[19.6465894,46.1079698],[19.6479874,46.1081251],[19.6492048,46.1082603],[19.65242,46.1086114]]},"properties":{"category":"road","class":"tertiary","name":"Ласла Секереша","osmType":"way","osmId":75682469}},{"type":"Feature","geometry":{"type":"LineString","coordinates":[[19.6584701,46.1002997],[19.658423,46.1003233],[19.6583686,46.1003374],[19.6583108,46.1003412],[19.6582372,46.1003302],[19.6581733,46.1003026],[19.6581353,46.1002718],[19.6581103,46.1002481]]},"properties":{"category":"road","class":"tertiary","name":"Шандора Петефија","osmType":"way","osmId":75682479}},{"type":"Feature","geometry":{"type":"LineString","coordinates":[[19.6532721,46.1078879],[19.6534541,46.1077214],[19.6536984,46.1074915],[19.6537798,46.1073129],[19.6539344,46.1071435],[19.6543467,46.1068564],[19.655671,46.1058106],[19.6558522,46.1056661],[19.6562162,46.1053754]]},"properties":{"category":"road","class":"tertiary","name":"Зрињског и Франкопана","osmType":"way","osmId":75682558}},{"type":"Feature","geometry":{"type":"LineString","coordinates":[[19.6611278,46.1008891],[19.6610893,46.1008945],[19.6610443,46.1008952],[19.6609924,46.1008926],[19.6609441,46.1008852],[19.6609035,46.1008762],[19.6608307,46.1008537],[19.6607523,46.1008243]]},"properties":{"category":"road","class":"tertiary","name":"","osmType":"way","osmId":75682607}},{"type":"Feature","geometry":{"type":"LineString","coordinates":[[19.5840871,46.0897126],[19.5841158,46.0897223],[19.5843601,46.0898047],[19.5861113,46.0903304],[19.5888997,46.0911703],[19.5924429,46.0922845],[19.5934041,46.0925911],[19.5957589,46.0933195],[19.5984987,46.0941714],[19.6047492,46.0961147]]},"properties":{"category":"road","class":"tertiary","name":"Западне Угарнице","osmType":"way","osmId":75682613}},{"type":"Feature","geometry":{"type":"LineString","coordinates":[[19.6623867,46.1101979],[19.6627177,46.1102758],[19.6628552,46.1103283],[19.6629868,46.1104077],[19.6631158,46.1105342],[19.6640339,46.1114342],[19.6643428,46.1117618],[19.6645301,46.111912],[19.6646662,46.1119968],[19.6648166,46.1121152],[19.6649683,46.1122357],[19.6650064,46.1122736],[19.6650981,46.1123635],[19.6652183,46.1125075],[19.6656828,46.1131114],[19.66583,46.1133429]]},"properties":{"category":"road","class":"tertiary","name":"Косовска","osmType":"way","osmId":75682620}},{"type":"Feature","geometry":{"type":"LineString","coordinates":[[19.6778685,46.0962576],[19.6777759,46.0962581],[19.6776612,46.0962708],[19.6775455,46.096299],[19.6774299,46.096369],[19.6765339,46.0971885],[19.6761676,46.0975058],[19.6753757,46.0982527],[19.6753078,46.0983261],[19.6752694,46.0983781],[19.6752505,46.0984037],[19.6751579,46.0985493],[19.6749814,46.0988825],[19.6748644,46.0991115],[19.6747943,46.0992175],[19.6746984,46.0993233],[19.6745221,46.0995299]]},"properties":{"category":"road","class":"tertiary","name":"Пала Папа","osmType":"way","osmId":75682647}},{"type":"Feature","geometry":{"type":"LineString","coordinates":[[19.6496743,46.1027922],[19.6497285,46.1028158],[19.6498096,46.1028167],[19.651712,46.1026486],[19.6523296,46.1025861],[19.6526421,46.1025631],[19.6529439,46.1025656],[19.6531235,46.102582],[19.6533031,46.1026113]]},"properties":{"category":"road","class":"tertiary","name":"Браће Мајера","osmType":"way","osmId":75682651}},{"type":"Feature","geometry":{"type":"LineString","coordinates":[[19.6297539,46.1162394],[19.6303135,46.1164741],[19.6314412,46.1169814],[19.6321813,46.1172956],[19.6333586,46.117692],[19.6341917,46.1179492],[19.6345814,46.1180783],[19.6353868,46.1183451],[19.635648,46.1184316],[19.6359718,46.1185388],[19.6364307,46.1187008],[19.636821,46.1188907],[19.6390659,46.1203515],[19.6394039,46.1205728],[19.6402562,46.1211361],[19.6411507,46.1217549],[19.6419982,46.122348],[19.6422387,46.1225163],[19.6436918,46.1235266],[19.6442747,46.1239134],[19.6447685,46.124241],[19.6448937,46.1243201],[19.6460452,46.1250475]]},"properties":{"category":"road","class":"tertiary","name":"Зоркина","osmType":"way","osmId":75682659}},{"type":"Feature","geometry":{"type":"LineString","coordinates":[[19.6698454,46.075951],[19.6694712,46.0762304],[19.6688375,46.0766863],[19.6682019,46.0771421],[19.6675968,46.0775684],[19.6669281,46.0780565],[19.6660461,46.078664]]},"properties":{"category":"road","class":"tertiary","name":"Отмара Мајера","osmType":"way","osmId":75682694}},{"type":"Feature","geometry":{"type":"LineString","coordinates":[[19.6623933,46.0999044],[19.66235,46.0999324],[19.6623218,46.0999504],[19.662214,46.1000264],[19.6620133,46.1001988],[19.6614348,46.1006516],[19.6613495,46.1007051],[19.6612707,46.1007654],[19.6612221,46.1007919]]},"properties":{"category":"road","class":"tertiary","name":"Рудић","osmType":"way","osmId":75682698}},{"type":"Feature","geometry":{"type":"LineString","coordinates":[[19.662009,46.0873409],[19.6619598,46.0873434],[19.6618935,46.0873554],[19.661786,46.0873967],[19.6614317,46.087596],[19.6605721,46.0880322],[19.6602512,46.0882],[19.6594332,46.0886131],[19.658879,46.0888971],[19.6582016,46.089262],[19.6577284,46.0895202],[19.6575344,46.0896326],[19.6572075,46.089881],[19.6571146,46.0899516]]},"properties":{"category":"road","class":"tertiary","name":"Гундулићева","osmType":"way","osmId":75682717}},{"type":"Feature","geometry":{"type":"LineString","coordinates":[[19.6694999,46.0810969],[19.6695826,46.081155],[19.6697042,46.0812375],[19.6702848,46.0816315],[19.6703058,46.0816461],[19.6704263,46.0817299],[19.6705654,46.0818266],[19.6707297,46.0819302],[19.6708083,46.0819798],[19.670854,46.0819992],[19.6710852,46.0820975],[19.6712318,46.0821624],[19.6714822,46.08226],[19.6718339,46.0824169],[19.6718716,46.0824337],[19.6721125,46.0825412],[19.6721591,46.0825589],[19.6721858,46.082569],[19.6721969,46.0825732],[19.6727403,46.0827794],[19.673005,46.0828831],[19.673173,46.08294],[19.6732632,46.0829705],[19.6734098,46.0830138]]},"properties":{"category":"road","class":"tertiary","name":"Изворска","osmType":"way","osmId":75682730}},{"type":"Feature","geometry":{"type":"LineString","coordinates":[[19.6297476,46.1153999],[19.6297379,46.1154051],[19.6291227,46.1157372],[19.6259844,46.11732],[19.6240754,46.1182093],[19.6238784,46.1183009],[19.6222795,46.1190491],[19.6221861,46.1190925],[19.620481,46.1198483],[19.6202701,46.1199322],[19.6188251,46.1204884],[19.6167494,46.1213116],[19.6159458,46.1216846],[19.6156134,46.1218396],[19.6138388,46.1227096]]},"properties":{"category":"road","class":"secondary","name":"Пут Едварда Кардеља","osmType":"way","osmId":75682732}},{"type":"Feature","geometry":{"type":"LineString","coordinates":[[19.6708958,46.0975836],[19.6707206,46.0979269],[19.6706459,46.0980734],[19.6705934,46.0981763],[19.6704786,46.0984013]]},"properties":{"category":"road","class":"secondary","name":"Трг Лазара Нешића","ref":"100","osmType":"way","osmId":75682767}},{"type":"Feature","geometry":{"type":"LineString","coordinates":[[19.6399044,46.1026541],[19.6399768,46.1027288],[19.6403635,46.1031281],[19.6404689,46.1032388],[19.6414634,46.1043754],[19.6416905,46.104635],[19.6422277,46.1051919],[19.6423681,46.1052796],[19.6433397,46.1058863],[19.643788,46.1061914]]},"properties":{"category":"road","class":"tertiary","name":"Метохијска","osmType":"way","osmId":75682780}},{"type":"Feature","geometry":{"type":"LineString","coordinates":[[19.6825551,46.1053451],[19.6831051,46.1055937],[19.6840121,46.1059984],[19.6840692,46.1060193],[19.6846839,46.1062444],[19.6847371,46.1062632],[19.6847825,46.1062793],[19.68485,46.1063032],[19.6852505,46.1064448],[19.6852895,46.1064586],[19.6853547,46.1064817],[19.6859238,46.1066829],[19.685979,46.1067024],[19.6860193,46.1067172],[19.6865877,46.1069256],[19.6868394,46.1070006],[19.6870936,46.1070763],[19.6879981,46.1073153],[19.6882522,46.1073824],[19.6886167,46.1074694]]},"properties":{"category":"road","class":"tertiary","name":"Теслина","osmType":"way","osmId":75682798}},{"type":"Feature","geometry":{"type":"LineString","coordinates":[[19.65242,46.1086114],[19.6527629,46.1083322],[19.6532721,46.1078879]]},"properties":{"category":"road","class":"tertiary","name":"Зрињског и Франкопана","osmType":"way","osmId":75682825}},{"type":"Feature","geometry":{"type":"LineString","coordinates":[[19.6582209,46.1000534],[19.6582103,46.1000031],[19.6582042,46.0999715],[19.6582036,46.0999455],[19.6582063,46.0999241],[19.6582195,46.099897],[19.6582543,46.0998397],[19.6585104,46.0995023],[19.658977,46.0988877]]},"properties":{"category":"road","class":"tertiary","name":"Трг жртава фашизма","osmType":"way","osmId":75682832}},{"type":"Feature","geometry":{"type":"LineString","coordinates":[[19.6439905,46.1006727],[19.6438269,46.10096],[19.643662,46.1012092],[19.643556,46.1013748],[19.643542,46.1014081],[19.6435346,46.1014259],[19.6435252,46.1014915]]},"properties":{"category":"road","class":"tertiary","name":"Трг Веселина Маслеше","osmType":"way","osmId":75682895}},{"type":"Feature","geometry":{"type":"LineString","coordinates":[[19.6559181,46.1089062],[19.6559768,46.108931],[19.6561927,46.1090223],[19.6563751,46.1090992],[19.6564314,46.109123],[19.6565424,46.1091698],[19.6570084,46.1093165],[19.6576063,46.1095049],[19.6576528,46.1095195],[19.6579469,46.1096168],[19.6580272,46.1096434]]},"properties":{"category":"road","class":"tertiary","name":"Ференца Сепа","osmType":"way","osmId":75682930}},{"type":"Feature","geometry":{"type":"LineString","coordinates":[[19.6642996,46.1039144],[19.6639171,46.1043692],[19.6638995,46.1043909],[19.6635793,46.1048015],[19.6633755,46.1051044],[19.6633088,46.1052256],[19.6632679,46.1052998],[19.6632385,46.1053533],[19.6632105,46.1054047],[19.6631747,46.1054705],[19.6630808,46.1056431],[19.6629261,46.1058098],[19.6627452,46.1059808],[19.662478,46.1061964]]},"properties":{"category":"road","class":"tertiary","name":"Арсенија Чарнојевића","osmType":"way","osmId":75682935}},{"type":"Feature","geometry":{"type":"LineString","coordinates":[[19.6618159,46.1023779],[19.6617774,46.1023663],[19.6617448,46.1023478],[19.6617224,46.1023261],[19.6617086,46.1023012]]},"properties":{"category":"road","class":"tertiary","name":"","osmType":"way","osmId":75682951}},{"type":"Feature","geometry":{"type":"LineString","coordinates":[[19.7004257,46.054856],[19.7018046,46.0535799],[19.7022097,46.0532127],[19.7030025,46.0524807],[19.7043248,46.0512691],[19.7051787,46.0504822],[19.7058659,46.0498469],[19.7075246,46.0482],[19.7081933,46.0475057],[19.708762,46.0469668],[19.7113484,46.0446565],[19.7121825,46.0439137],[19.7124717,46.0436504],[19.7147817,46.0415883],[19.715764,46.040753]]},"properties":{"category":"road","class":"tertiary","name":"Биковачки пут","osmType":"way","osmId":75682980}},{"type":"Feature","geometry":{"type":"LineString","coordinates":[[19.6732936,46.090515],[19.6735463,46.0903142],[19.6739327,46.0900248],[19.6744642,46.0896381],[19.6745883,46.0895485],[19.6750132,46.0892667],[19.6751438,46.0891801],[19.6752301,46.0891204],[19.6761301,46.0884972],[19.6770439,46.0878786],[19.6781507,46.0871114],[19.67858,46.086821],[19.6789415,46.0865649],[19.6792294,46.086366]]},"properties":{"category":"road","class":"tertiary","name":"Браће Радића","osmType":"way","osmId":75683002}},{"type":"Feature","geometry":{"type":"LineString","coordinates":[[19.6795707,46.0859477],[19.6796205,46.0859366],[19.6796527,46.0859352],[19.679692,46.0859403],[19.6797278,46.0859525],[19.6797577,46.085971],[19.6797793,46.0859943],[19.679792,46.0860251]]},"properties":{"category":"road","class":"secondary","name":"Бајнатска","ref":"100","osmType":"way","osmId":75683012}},{"type":"Feature","geometry":{"type":"LineString","coordinates":[[19.6724733,46.059769],[19.6725856,46.0599203],[19.6727088,46.0600747],[19.6728265,46.0602013],[19.6729305,46.0603003],[19.6730344,46.0603895],[19.6731592,46.0604861],[19.6733014,46.0605845],[19.6734288,46.0606637],[19.6737176,46.0608275]]},"properties":{"category":"road","class":"secondary","name":"Београдски пут","ref":"100","osmType":"way","osmId":75683018}},{"type":"Feature","geometry":{"type":"LineString","coordinates":[[19.6603434,46.0985967],[19.6605931,46.0987336],[19.6606376,46.0987581],[19.6607062,46.0987957],[19.6608044,46.0988427],[19.6616104,46.0992833],[19.6616589,46.0993107]]},"properties":{"category":"road","class":"tertiary","name":"Матка Вуковића","osmType":"way","osmId":75683095}},{"type":"Feature","geometry":{"type":"LineString","coordinates":[[19.7018943,46.0983901],[19.7017559,46.0983427],[19.7015615,46.0983018],[19.7014312,46.0982875],[19.7010252,46.0982798],[19.7004962,46.0982648],[19.7001457,46.0982253],[19.6992749,46.0981271],[19.6990819,46.0981032],[19.6989463,46.0980881],[19.6985461,46.0980437],[19.6980604,46.0979899]]},"properties":{"category":"road","class":"tertiary","name":"Магнетна поља","osmType":"way","osmId":75683147}},{"type":"Feature","geometry":{"type":"LineString","coordinates":[[19.6633586,46.106013],[19.6631976,46.1057637],[19.6630808,46.1056431]]},"properties":{"category":"road","class":"tertiary","name":"Боре Станковића","osmType":"way","osmId":75683176}},{"type":"Feature","geometry":{"type":"LineString","coordinates":[[19.6748194,46.0675584],[19.6746801,46.0682289],[19.6746636,46.0683083],[19.6745266,46.0690042],[19.6742262,46.0704479],[19.6740816,46.0710589]]},"properties":{"category":"road","class":"tertiary","name":"Старине Новака","osmType":"way","osmId":75683179}},{"type":"Feature","geometry":{"type":"LineString","coordinates":[[19.6580272,46.1096434],[19.657203,46.1104113],[19.6569348,46.1106612],[19.6562197,46.111475],[19.6560878,46.111625],[19.6552586,46.1125899],[19.6547391,46.113209],[19.6541512,46.114017],[19.6535184,46.1149138],[19.6530336,46.1156164],[19.6529356,46.1157496],[19.6528751,46.1158321],[19.6526856,46.1160951],[19.6525163,46.1162982]]},"properties":{"category":"road","class":"tertiary","name":"Грабовачка","osmType":"way","osmId":75683221}},{"type":"Feature","geometry":{"type":"LineString","coordinates":[[19.6135529,46.0666644],[19.613742,46.0668055],[19.6149528,46.0677088],[19.616805,46.0690167],[19.6169903,46.0691476],[19.618592,46.0703178]]},"properties":{"category":"road","class":"primary","name":"","ref":"12","osmType":"way","osmId":75683235}},{"type":"Feature","geometry":{"type":"LineString","coordinates":[[19.6824623,46.0929798],[19.6824973,46.0928836],[19.6825163,46.0927187],[19.6825159,46.0926485],[19.6825339,46.0925826],[19.6825711,46.0925119],[19.6827363,46.092349],[19.6829964,46.0920912],[19.6832979,46.091847],[19.6834343,46.0917597],[19.6836542,46.0916208],[19.6837323,46.0915391],[19.6837481,46.0914409]]},"properties":{"category":"road","class":"tertiary","name":"Балканска","osmType":"way","osmId":75683240}},{"type":"Feature","geometry":{"type":"LineString","coordinates":[[19.691844,46.1014021],[19.6917836,46.1016876],[19.6917711,46.1017469],[19.691552,46.1026216],[19.6914235,46.1029097],[19.6907697,46.1039741],[19.6907476,46.1040134],[19.6907304,46.1040442],[19.6897163,46.1057002],[19.6896852,46.105751],[19.6896595,46.1057924],[19.6895693,46.1059375],[19.6895399,46.1059847],[19.6893213,46.1063362],[19.689272,46.1064156],[19.6891878,46.106551],[19.6890173,46.1068251],[19.6890003,46.1068524],[19.6889791,46.1068864],[19.6888082,46.1071613],[19.6887583,46.1072416],[19.6887073,46.1073237],[19.6886167,46.1074694],[19.6885217,46.1076221],[19.6884976,46.1076608],[19.6883666,46.1078716],[19.6881975,46.1081435],[19.6880578,46.1083681],[19.6879009,46.1086204],[19.6877895,46.1087995],[19.6877318,46.1088923],[19.687591,46.1092621],[19.6875623,46.1093502],[19.6874674,46.109641],[19.6872978,46.1100546],[19.6871752,46.110302],[19.6865595,46.1112746],[19.6865212,46.1113351],[19.6862188,46.1118399],[19.6855538,46.1129112],[19.6854407,46.1130934]]},"properties":{"category":"road","class":"tertiary","name":"Партизанских база","osmType":"way","osmId":75683287}},{"type":"Feature","geometry":{"type":"LineString","coordinates":[[19.6660461,46.078664],[19.6677976,46.0799196],[19.6683839,46.0803212],[19.669355,46.0809997],[19.6694466,46.0810611],[19.6694999,46.0810969]]},"properties":{"category":"road","class":"tertiary","name":"Пачирски пут","osmType":"way","osmId":75683307}},{"type":"Feature","geometry":{"type":"LineString","coordinates":[[19.6642006,46.0948762],[19.6644398,46.0945223],[19.6644746,46.0944709],[19.664746,46.0941021],[19.6647702,46.0940693],[19.6648367,46.0939788],[19.6649174,46.0938522],[19.665208,46.0933962],[19.6653422,46.0932112],[19.6654718,46.0930325],[19.6660747,46.0922453],[19.6663303,46.0918713],[19.6668064,46.0912418],[19.6670011,46.0909693],[19.6670528,46.0908802],[19.6671074,46.0907816],[19.6671942,46.0906275],[19.6673052,46.0904907],[19.6674326,46.0903568],[19.6676057,46.0902078],[19.6678572,46.0899877],[19.6685136,46.0894375],[19.6694385,46.0887473],[19.6695296,46.0886756]]},"properties":{"category":"road","class":"tertiary","name":"Матије Гупца","osmType":"way","osmId":75683328}},{"type":"Feature","geometry":{"type":"LineString","coordinates":[[19.6771011,46.0851379],[19.6777102,46.0853635],[19.6780146,46.0854766]]},"properties":{"category":"road","class":"secondary","name":"Бајнатска","ref":"100","osmType":"way","osmId":75683358}},{"type":"Feature","geometry":{"type":"LineString","coordinates":[[19.74916,46.1075345],[19.7489777,46.1074965],[19.7489177,46.107484],[19.7478591,46.1072634],[19.746637,46.1070244],[19.7465429,46.107006],[19.7464652,46.1069895],[19.7457168,46.1068311],[19.7446483,46.1066109],[19.7436182,46.1064036],[19.7429414,46.1062527],[19.7426712,46.1061967],[19.7414931,46.1059613],[19.7404769,46.1057373],[19.7403888,46.1057179],[19.7382039,46.1051977],[19.7365337,46.1048082]]},"properties":{"category":"road","class":"tertiary","name":"Дубровачка","osmType":"way","osmId":75683373}},{"type":"Feature","geometry":{"type":"LineString","coordinates":[[19.6556312,46.1087728],[19.6557184,46.1086803],[19.6560842,46.1082923],[19.6571757,46.10713],[19.6572393,46.1070623],[19.6572697,46.1070285],[19.6588972,46.1052224],[19.6589599,46.1051582],[19.6589956,46.1051183],[19.6598272,46.1042532],[19.6598409,46.104239],[19.6598794,46.1041989]]},"properties":{"category":"road","class":"tertiary","name":"Алеја маршала Тита","osmType":"way","osmId":75683422}},{"type":"Feature","geometry":{"type":"LineString","coordinates":[[19.6679127,46.087836],[19.6679893,46.0878751],[19.6687458,46.0882605],[19.6688348,46.0883059],[19.6694676,46.0886426],[19.6695296,46.0886756]]},"properties":{"category":"road","class":"tertiary","name":"Блашка Рајића","osmType":"way","osmId":75683441}},{"type":"Feature","geometry":{"type":"LineString","coordinates":[[19.672453,46.0840694],[19.6723287,46.0839838],[19.6719493,46.0837223],[19.6714609,46.0833912],[19.6709068,46.083021],[19.6708045,46.0829547],[19.670758,46.0829319],[19.6707193,46.0829224],[19.6706545,46.0829169],[19.6705803,46.0829184],[19.6705251,46.0829309],[19.6704536,46.0829561],[19.6689869,46.0837344],[19.6683711,46.0841048],[19.6679633,46.0843593],[19.6671379,46.0848916],[19.666749,46.0851589],[19.6661536,46.0855261],[19.6656538,46.0858322],[19.6653014,46.0860733]]},"properties":{"category":"road","class":"tertiary","name":"Ивана Антуновића","osmType":"way","osmId":75683461}},{"type":"Feature","geometry":{"type":"LineString","coordinates":[[19.6648834,46.1034941],[19.6649401,46.103517],[19.6660912,46.1039805],[19.6670444,46.1044215]]},"properties":{"category":"road","class":"tertiary","name":"Змај Јовина","osmType":"way","osmId":75683466}},{"type":"Feature","geometry":{"type":"LineString","coordinates":[[19.65412,46.0993194],[19.6542269,46.0993471],[19.6542871,46.0993587],[19.6545258,46.0994047]]},"properties":{"category":"road","class":"tertiary","name":"Шандора Петефија","osmType":"way","osmId":75683470}},{"type":"Feature","geometry":{"type":"LineString","coordinates":[[19.6661903,46.0904918],[19.666267,46.0905372],[19.6669576,46.090946],[19.6670011,46.0909693],[19.6670637,46.0910135],[19.6673874,46.0912654],[19.6676374,46.0914458],[19.6677943,46.0915562],[19.6678813,46.0916174],[19.6679952,46.0916979],[19.668109,46.0917783],[19.6690245,46.092419],[19.6691032,46.092474],[19.6691777,46.0925207],[19.6694118,46.0926574],[19.6701823,46.0930712],[19.6702561,46.093118],[19.6703016,46.093151],[19.6703824,46.0932019],[19.6707327,46.0934044],[19.6713734,46.0938014],[19.6722052,46.0943133],[19.6728253,46.0947074],[19.6732818,46.0950189],[19.6733083,46.0950376],[19.6733833,46.0950907],[19.6734782,46.0951503]]},"properties":{"category":"road","class":"tertiary","name":"Евгенија Кумичића","osmType":"way","osmId":75683485}},{"type":"Feature","geometry":{"type":"LineString","coordinates":[[19.800194,46.1071182],[19.800207,46.1070954],[19.8027786,46.1025888],[19.8030652,46.1021178],[19.8032197,46.1018746],[19.8033637,46.1015563],[19.8040999,46.1004152],[19.804978,46.0994875],[19.8057227,46.0986489],[19.8064622,46.0978528],[19.8065409,46.0977662],[19.8066907,46.0976015],[19.8071425,46.0971046],[19.8081977,46.0959987],[19.8085089,46.0954221],[19.8090778,46.0946634],[19.8093209,46.0943971],[19.8096464,46.0941021],[19.8099822,46.0939182],[19.8105346,46.093673],[19.8107695,46.0935975],[19.8108534,46.0935834],[19.8109585,46.0935658],[19.8114398,46.0935578],[19.8120241,46.0935578],[19.8129236,46.0935538],[19.8143215,46.0935101],[19.8151865,46.0934347],[19.816487,46.0932559],[19.8170943,46.0931605],[19.8173235,46.0930771]]},"properties":{"category":"road","class":"tertiary","name":"Лудашки шор","osmType":"way","osmId":76904033}},{"type":"Feature","geometry":{"type":"LineString","coordinates":[[19.6602003,46.1015061],[19.6602983,46.1013981],[19.6607038,46.1009512],[19.6607249,46.100928],[19.6607444,46.100877],[19.6607523,46.1008243]]},"properties":{"category":"road","class":"tertiary","name":"Трг Јакаба и Комора","osmType":"way","osmId":77409616}},{"type":"Feature","geometry":{"type":"LineString","coordinates":[[19.6836859,46.0914211],[19.6837481,46.0914409],[19.6846843,46.0916816],[19.6848993,46.091735],[19.6857837,46.0919534],[19.6861165,46.0920376],[19.6866564,46.0921742],[19.68772,46.0924432],[19.6880331,46.0925245],[19.689033,46.09277],[19.6892346,46.0928195],[19.6895761,46.0929009],[19.690227,46.093056],[19.690688,46.0931778],[19.69101,46.0932313],[19.6912219,46.0932535],[19.6916265,46.0932816],[19.6920283,46.0932981]]},"properties":{"category":"road","class":"tertiary","name":"Лошињска","osmType":"way","osmId":79176651}},{"type":"Feature","geometry":{"type":"LineString","coordinates":[[19.6359944,46.111516],[19.6366651,46.1113331],[19.6370028,46.1112492],[19.6375296,46.1110955],[19.6377469,46.1110254],[19.6381298,46.1108768],[19.6382954,46.1108164],[19.6383893,46.1107787],[19.6384859,46.1107325],[19.6386073,46.1106627],[19.6387419,46.1105857],[19.6389351,46.1104702],[19.6392434,46.1102709],[19.639903,46.1098095],[19.6400339,46.1097179]]},"properties":{"category":"road","class":"secondary","name":"Карађорђев пут","osmType":"way","osmId":79211901}},{"type":"Feature","geometry":{"type":"LineString","coordinates":[[19.6713969,46.096593],[19.6714111,46.0965632],[19.6714613,46.0964572],[19.6715525,46.0963187],[19.671676,46.096178],[19.6718477,46.0960448]]},"properties":{"category":"road","class":"secondary","name":"Трг Лазара Нешића","ref":"100","osmType":"way","osmId":79673874}},{"type":"Feature","geometry":{"type":"LineString","coordinates":[[19.4615515,45.9815136],[19.4633019,45.9823046],[19.4662812,45.9836851],[19.4682652,45.9846117],[19.4719404,45.9863179],[19.4737653,45.9871639],[19.4770816,45.9887079],[19.4791256,45.9896587],[19.4803216,45.9902203],[19.4815173,45.9907712]]},"properties":{"category":"road","class":"primary","name":"","ref":"12","osmType":"way","osmId":79788382}},{"type":"Feature","geometry":{"type":"LineString","coordinates":[[19.4354898,45.9696582],[19.4355231,45.9696725]]},"properties":{"category":"road","class":"primary","name":"Суботичка","ref":"12","osmType":"way","osmId":79825545}},{"type":"Feature","geometry":{"type":"LineString","coordinates":[[19.4222599,45.9663865],[19.4222667,45.9663893],[19.4230425,45.9667156],[19.4232361,45.9667728],[19.4234015,45.9668077],[19.4235597,45.9668325]]},"properties":{"category":"road","class":"primary","name":"Штросмајерова","ref":"12","osmType":"way","osmId":79825546}},{"type":"Feature","geometry":{"type":"LineString","coordinates":[[19.41509,45.9786275],[19.4150261,45.9786527],[19.4149478,45.9786729],[19.4147671,45.9787034],[19.4144582,45.9787276],[19.4143848,45.9787423],[19.41432,45.978763],[19.4142333,45.9787985],[19.4141459,45.9788425],[19.4131394,45.9797352],[19.4127234,45.9801209],[19.4123344,45.9805133],[19.4107458,45.9819736],[19.4092307,45.9833203],[19.4069034,45.9854941],[19.4068075,45.9856032],[19.405325,45.9879911]]},"properties":{"category":"road","class":"secondary","name":"Његошева","ref":"105","osmType":"way","osmId":79853402}},{"type":"Feature","geometry":{"type":"LineString","coordinates":[[19.4145031,45.9770942],[19.4145155,45.977155],[19.4145341,45.9772116],[19.4145576,45.9772593],[19.4146034,45.9773451],[19.4146403,45.977408],[19.4148495,45.9777162],[19.4152668,45.9782918],[19.4152894,45.9783251],[19.4153073,45.9783651],[19.415312,45.9784077],[19.4153047,45.9784519],[19.4152844,45.9784918],[19.4152587,45.9785234],[19.4152233,45.9785534],[19.4151732,45.9785848],[19.41509,45.9786275]]},"properties":{"category":"road","class":"secondary","name":"Жељезничка","ref":"105","osmType":"way","osmId":79858053}},{"type":"Feature","geometry":{"type":"LineString","coordinates":[[19.4241641,45.9668829],[19.4240418,45.9670799],[19.424034,45.9670925],[19.4236765,45.9675687],[19.4234776,45.9677911],[19.423259,45.9680355],[19.4227449,45.9686104],[19.4227216,45.9686365],[19.4225844,45.9687877],[19.422483,45.9688856],[19.422373,45.9689819],[19.4222278,45.9690872],[19.4220343,45.9692181],[19.4215036,45.9696202],[19.4213988,45.9696994],[19.4213204,45.9697587],[19.4198688,45.9708557],[19.4198178,45.9708958],[19.4184918,45.9719384],[19.4183299,45.9720799],[19.4179612,45.9725326],[19.4171241,45.9736496],[19.417067,45.9737343],[19.4167144,45.9741902],[19.4156028,45.9756273],[19.4152185,45.9761502],[19.4145597,45.9769808],[19.4145284,45.9770203],[19.4145117,45.9770545],[19.4145031,45.9770942]]},"properties":{"category":"road","class":"secondary","name":"Југословенске народне армије","ref":"105","osmType":"way","osmId":79863820}},{"type":"Feature","geometry":{"type":"LineString","coordinates":[[19.4252103,45.9653801],[19.4250782,45.9655597],[19.4249735,45.965702],[19.4247473,45.9660316],[19.4245157,45.966341],[19.4244382,45.9664562],[19.424267,45.9667108],[19.4242477,45.9667431],[19.4241641,45.9668829]]},"properties":{"category":"road","class":"secondary","name":"Трг маршала Тита","ref":"105","osmType":"way","osmId":79863822}},{"type":"Feature","geometry":{"type":"LineString","coordinates":[[19.4228541,45.9571303],[19.4233121,45.9586294],[19.4234876,45.9592229],[19.4236338,45.9597171],[19.423734,45.9599992],[19.4251655,45.9640294],[19.4254265,45.9646886],[19.4254434,45.9647608],[19.4254451,45.9648224],[19.4254355,45.9649505],[19.4254183,45.965017],[19.4253749,45.9651036],[19.4252103,45.9653801]]},"properties":{"category":"road","class":"secondary","name":"Ђерђа Доже","ref":"105","osmType":"way","osmId":79872247}},{"type":"Feature","geometry":{"type":"LineString","coordinates":[[19.405325,45.9879911],[19.4012774,45.9944097],[19.4009286,45.9949127],[19.4001569,45.9961147],[19.3998136,45.9967064],[19.3993011,45.9976078],[19.3986675,45.9986614],[19.3980936,45.9998227],[19.3964582,46.0031802],[19.3963155,46.0034752],[19.3941051,46.0079237],[19.3921516,46.0119635],[19.3919726,46.0123336],[19.3899562,46.0164292],[19.389728,46.0168927],[19.3884279,46.0195206],[19.3877493,46.0209066],[19.3870759,46.0222819],[19.3855291,46.0253821],[19.3839139,46.0287509],[19.3829889,46.0306724],[19.3826482,46.0313293],[19.3818839,46.0328419],[19.3816734,46.0332969],[19.381459,46.0337362]]},"properties":{"category":"road","class":"secondary","name":"Бачалмашки пут","ref":"105","osmType":"way","osmId":79872721}},{"type":"Feature","geometry":{"type":"LineString","coordinates":[[19.4896224,45.9945586],[19.4900373,45.9947521],[19.4900869,45.9947761],[19.4901095,45.9947871],[19.4901372,45.9948002],[19.4904981,45.9949709]]},"properties":{"category":"road","class":"primary","name":"Владе Ћетковића","osmType":"way","osmId":80376766}},{"type":"Feature","geometry":{"type":"LineString","coordinates":[[19.5044573,45.9847024],[19.5034585,45.986069],[19.503048,45.986603],[19.5018042,45.9882352],[19.5013274,45.9887845],[19.5006126,45.9895256],[19.4994824,45.9906045],[19.4979366,45.992089],[19.496708,45.9932242]]},"properties":{"category":"road","class":"tertiary","name":"Ђурђински пут","osmType":"way","osmId":80376767}},{"type":"Feature","geometry":{"type":"LineString","coordinates":[[19.5349779,45.9549311],[19.5347419,45.9552146],[19.5343051,45.9555637],[19.5341906,45.9556679],[19.5336317,45.9561327],[19.5297696,45.9593351],[19.5291437,45.9598277],[19.5280613,45.9607138],[19.5272433,45.9614068],[19.5226137,45.9652344],[19.5196845,45.9676384],[19.5196211,45.967713],[19.5195364,45.9678366],[19.5181886,45.9700011],[19.5178018,45.9705947],[19.5174111,45.9712027],[19.5173627,45.9712563],[19.5172735,45.9713263]]},"properties":{"category":"road","class":"tertiary","name":"Мишићевски пут","osmType":"way","osmId":80457412}},{"type":"Feature","geometry":{"type":"LineString","coordinates":[[19.5298079,46.0166268],[19.5295453,46.0168494],[19.5291846,46.0171495],[19.5272708,46.0188054],[19.5254166,46.0204363],[19.5247995,46.0209663],[19.5236269,46.0219662],[19.5228475,46.0226308],[19.5200056,46.0249832],[19.5194831,46.0254303],[19.5188999,46.025914],[19.5187032,46.0260832],[19.5175515,46.027074],[19.5160351,46.028333],[19.5159531,46.0284011],[19.5156681,46.028643],[19.5139508,46.0301424],[19.5137347,46.0303303],[19.5131723,46.03079],[19.5124914,46.0313629],[19.5118705,46.031899],[19.508952,46.0344784],[19.5058146,46.0371531],[19.5053426,46.0375554],[19.5014647,46.040839],[19.5014304,46.04087]]},"properties":{"category":"road","class":"tertiary","name":"Салаш","osmType":"way","osmId":80565371}},{"type":"Feature","geometry":{"type":"LineString","coordinates":[[19.7289654,46.1049413],[19.7291734,46.1049188],[19.7293028,46.1049074],[19.7296376,46.1048779],[19.7308764,46.1047688],[19.7343405,46.1044637]]},"properties":{"category":"road","class":"secondary","name":"Мира","ref":"100","osmType":"way","osmId":80765144}},{"type":"Feature","geometry":{"type":"LineString","coordinates":[[19.7525959,46.1029514],[19.7524742,46.1029604],[19.752456,46.1029627],[19.7510205,46.1030736],[19.7504351,46.1031279],[19.7496475,46.1031955],[19.7489764,46.1032595],[19.7480614,46.1033406],[19.7464153,46.1034912],[19.7461193,46.1035183],[19.7439482,46.1037029],[19.7437282,46.1037211],[19.7419308,46.1038812]]},"properties":{"category":"road","class":"secondary","name":"Хоргошки пут","ref":"100","osmType":"way","osmId":80765167}},{"type":"Feature","geometry":{"type":"LineString","coordinates":[[19.7480935,46.1032798],[19.7489677,46.1032034],[19.749324,46.1031722],[19.7496368,46.1031449],[19.7503115,46.1030848],[19.7504632,46.1030713],[19.7510265,46.1030195],[19.7512652,46.1029986],[19.7517748,46.102954]]},"properties":{"category":"road","class":"secondary","name":"Хоргошки пут","ref":"100","osmType":"way","osmId":80765168}},{"type":"Feature","geometry":{"type":"LineString","coordinates":[[19.7359857,46.1044093],[19.7359328,46.1044449],[19.7359058,46.1044844],[19.7358805,46.1045858],[19.7358931,46.1046526]]},"properties":{"category":"road","class":"tertiary","name":"Дубровачка","osmType":"way","osmId":80765173}},{"type":"Feature","geometry":{"type":"LineString","coordinates":[[19.6611278,46.1008891],[19.6610242,46.1010657],[19.6610056,46.1010851],[19.6605825,46.1015259],[19.6604894,46.1016229]]},"properties":{"category":"road","class":"tertiary","name":"Трг Јакаба и Комора","osmType":"way","osmId":80765451}},{"type":"Feature","geometry":{"type":"LineString","coordinates":[[19.4967266,45.9978313],[19.4981234,45.9984742],[19.499001,45.9988814],[19.4995141,45.9991168]]},"properties":{"category":"road","class":"primary","name":"Владе Ћетковића","ref":"12","osmType":"way","osmId":81008573}},{"type":"Feature","geometry":{"type":"LineString","coordinates":[[19.5680707,46.0388107],[19.5685839,46.0391135],[19.5686021,46.0391243],[19.568661,46.039161]]},"properties":{"category":"road","class":"primary","name":"Суботичка","ref":"12","osmType":"way","osmId":81008575}},{"type":"Feature","geometry":{"type":"LineString","coordinates":[[19.5950085,46.0547534],[19.5962078,46.0554984],[19.5964986,46.055679],[19.5976827,46.0564146],[19.597857,46.0565222],[19.6027562,46.0595451],[19.6046521,46.0606857],[19.6072199,46.0622948],[19.6075959,46.0625304],[19.6078252,46.0626746],[19.6078352,46.0626808]]},"properties":{"category":"road","class":"primary","name":"","ref":"12","osmType":"way","osmId":81008577}},{"type":"Feature","geometry":{"type":"LineString","coordinates":[[19.5709538,46.040521],[19.5713966,46.0407841],[19.5714751,46.0408307],[19.5715278,46.040862],[19.5715484,46.0408743],[19.571699,46.0409637],[19.5718472,46.0410478]]},"properties":{"category":"road","class":"primary","name":"Суботичка","ref":"12","osmType":"way","osmId":81008578}},{"type":"Feature","geometry":{"type":"LineString","coordinates":[[19.7982377,46.1121327],[19.7978434,46.1116776]]},"properties":{"category":"road","class":"motorway","name":"","ref":"A1","osmType":"way","osmId":81053588}},{"type":"Feature","geometry":{"type":"LineString","coordinates":[[19.7869815,46.0844539],[19.7873305,46.084319],[19.7876398,46.0841896]]},"properties":{"category":"road","class":"tertiary","name":"Костолањи Арпада","osmType":"way","osmId":81468218}},{"type":"Feature","geometry":{"type":"LineString","coordinates":[[19.7876398,46.0841896],[19.7906983,46.0829394],[19.7909076,46.0828748],[19.7922005,46.0823911],[19.7926511,46.0822274],[19.7927906,46.0821715],[19.793672,46.0818114],[19.7963077,46.0806625],[19.7974341,46.0801706],[19.7987001,46.0796198],[19.7994807,46.0792845],[19.8000192,46.0790725],[19.8010204,46.0786094],[19.80125,46.0785032],[19.8030438,46.0777448],[19.805419,46.0768109],[19.8068745,46.0762152],[19.808723,46.0754428],[19.810454,46.0747504],[19.812882,46.0736621],[19.8134249,46.0734383],[19.8147603,46.0728634],[19.8192249,46.0709415],[19.8196758,46.0707607],[19.8236836,46.0691798],[19.8240296,46.0690173],[19.8242475,46.0688894],[19.8243906,46.0687874],[19.8244805,46.0687185],[19.8246677,46.0685535],[19.8251246,46.0681153],[19.8258842,46.0673572],[19.8265045,46.0667017],[19.8268322,46.0664117],[19.8271599,46.06617],[19.8272895,46.0660783],[19.8274361,46.0660328]]},"properties":{"category":"road","class":"tertiary","name":"Костолањи Арпада","osmType":"way","osmId":81468219}},{"type":"Feature","geometry":{"type":"LineString","coordinates":[[19.8646886,46.1306985],[19.8640604,46.1305706],[19.8627944,46.1303187],[19.8610054,46.1299855],[19.8593102,46.129669],[19.8581421,46.1294757],[19.8574568,46.129354],[19.8559763,46.1291142],[19.8544903,46.1288827],[19.853172,46.128681],[19.8519154,46.1284859],[19.8506816,46.1283037],[19.8491339,46.1280778],[19.848399,46.1279607],[19.8473167,46.1277971],[19.8465644,46.1276837],[19.8454325,46.1275174],[19.844255,46.1273398],[19.8430869,46.1271632],[19.8422098,46.1270303],[19.8412496,46.1268863],[19.8405951,46.1267896],[19.8392661,46.1265926],[19.8376608,46.1263472],[19.8359737,46.1260981],[19.8347439,46.1259103],[19.8340519,46.125809],[19.8329937,46.1256491],[19.831481,46.1254233],[19.830392,46.1252569],[19.829303,46.1250951],[19.8282288,46.1249353],[19.8272753,46.1247958],[19.826594,46.1246908],[19.8255506,46.1245412],[19.8244724,46.1243711],[19.8233485,46.1241972]]},"properties":{"category":"road","class":"motorway","name":"","ref":"A1","osmType":"way","osmId":81615612}},{"type":"Feature","geometry":{"type":"LineString","coordinates":[[19.4925842,46.0463039],[19.492549,46.0463084],[19.4924569,46.046342],[19.492431,46.0463638],[19.492365,46.0464193],[19.4916685,46.0470808],[19.4916214,46.0471255],[19.4911445,46.047574],[19.4908432,46.0478574],[19.4903091,46.0483597],[19.489004,46.0495871]]},"properties":{"category":"road","class":"tertiary","name":"Марка Орешковића","osmType":"way","osmId":81817330}},{"type":"Feature","geometry":{"type":"LineString","coordinates":[[19.5007473,46.0414547],[19.5004953,46.0416778],[19.4998701,46.0421996],[19.4984476,46.0434247],[19.4945541,46.0467845],[19.4942225,46.0470889]]},"properties":{"category":"road","class":"tertiary","name":"26. нова","osmType":"way","osmId":81817355}},{"type":"Feature","geometry":{"type":"LineString","coordinates":[[19.4879931,46.0490712],[19.4843294,46.0472012],[19.4824869,46.0462962],[19.4802198,46.0451119]]},"properties":{"category":"road","class":"tertiary","name":"Змај Јовина","osmType":"way","osmId":81817360}},{"type":"Feature","geometry":{"type":"LineString","coordinates":[[19.6549685,45.9445159],[19.655401,45.9444565],[19.6554563,45.9444489],[19.6557399,45.9444082],[19.6563721,45.9443176],[19.6574813,45.9441586],[19.6575297,45.9441517],[19.6576069,45.9441406],[19.6586148,45.9439998],[19.6610487,45.9436474],[19.6614113,45.9435917]]},"properties":{"category":"road","class":"tertiary","name":"Филипа Кљајића","ref":"303","osmType":"way","osmId":81869329}},{"type":"Feature","geometry":{"type":"LineString","coordinates":[[19.7350189,45.9531241],[19.7348963,45.9531757]]},"properties":{"category":"road","class":"tertiary","name":"","osmType":"way","osmId":81869362}},{"type":"Feature","geometry":{"type":"LineString","coordinates":[[19.7373072,46.0302445],[19.7379187,46.0301097]]},"properties":{"category":"road","class":"trunk","name":"","ref":"11","osmType":"way","osmId":81925664}},{"type":"Feature","geometry":{"type":"LineString","coordinates":[[19.7819297,46.0755951],[19.7814712,46.0749723],[19.7810313,46.0744066],[19.780468,46.0736828],[19.7800845,46.073212],[19.7795078,46.0725552],[19.7790411,46.0719988],[19.7784644,46.0713605],[19.7779924,46.0708135],[19.7775444,46.0703203],[19.7767693,46.0695127],[19.7757876,46.0685078],[19.7750688,46.0677988],[19.7744223,46.0671847],[19.7737303,46.0665315],[19.7729284,46.065789],[19.771834,46.0648361],[19.7712453,46.0643681],[19.7709542,46.0641364],[19.770804,46.0640015],[19.770155,46.063472],[19.7692913,46.0627797],[19.7684652,46.0621394],[19.7679314,46.06173],[19.7675854,46.0614638],[19.7664186,46.0606207]]},"properties":{"category":"road","class":"motorway","name":"","ref":"A1","osmType":"way","osmId":81925665}},{"type":"Feature","geometry":{"type":"LineString","coordinates":[[19.7264657,46.0309555],[19.7265955,46.0308694],[19.726745,46.0308029],[19.7269514,46.0307445],[19.7282674,46.0305015],[19.7284647,46.0304616],[19.7285144,46.0304498],[19.7285641,46.0304337],[19.7286102,46.0304109],[19.7286554,46.0303846],[19.7294777,46.029851],[19.7299384,46.0295521],[19.7303792,46.0292661],[19.7308365,46.0289694],[19.7316806,46.0284217],[19.7324837,46.0279005],[19.7326135,46.0278163],[19.7330133,46.0275433],[19.7334156,46.027263],[19.7335519,46.0271383],[19.7336828,46.0270135],[19.7342482,46.0263145],[19.7344225,46.0261777],[19.7346082,46.0260405],[19.7348136,46.0259506],[19.734974,46.0259015],[19.7352967,46.0258171],[19.7355739,46.0257621]]},"properties":{"category":"road","class":"tertiary","name":"Биковачки пут","osmType":"way","osmId":81925670}},{"type":"Feature","geometry":{"type":"LineString","coordinates":[[19.7431035,46.0397809],[19.7427745,46.0393183]]},"properties":{"category":"road","class":"motorway","name":"","ref":"A1","osmType":"way","osmId":81925681}},{"type":"Feature","geometry":{"type":"LineString","coordinates":[[19.7355739,46.0257621],[19.7363145,46.0256241]]},"properties":{"category":"road","class":"tertiary","name":"","osmType":"way","osmId":81925701}},{"type":"Feature","geometry":{"type":"LineString","coordinates":[[19.8521508,46.1286551],[19.8519577,46.1292195]]},"properties":{"category":"road","class":"secondary","name":"","ref":"101","osmType":"way","osmId":81950539}},{"type":"Feature","geometry":{"type":"LineString","coordinates":[[19.8441082,46.1187099],[19.8447007,46.1194808],[19.8458713,46.120944],[19.8472483,46.1226573],[19.8472905,46.1227068],[19.8478981,46.1234811],[19.8480389,46.1236305],[19.848211,46.12378],[19.8484034,46.1239189],[19.8486464,46.1240683],[19.849679,46.1246524],[19.8500809,46.1248917],[19.850119,46.1249202],[19.8501451,46.1249515],[19.8501476,46.1249843],[19.8501415,46.1250213],[19.8501266,46.1250561],[19.8501043,46.1250902],[19.8497179,46.1255457],[19.8496961,46.1255898],[19.8496838,46.1256219],[19.8496814,46.1256542],[19.8496868,46.1256828]]},"properties":{"category":"road","class":"secondary","name":"","ref":"101","osmType":"way","osmId":81950544}},{"type":"Feature","geometry":{"type":"LineString","coordinates":[[19.8523061,46.1281584],[19.8521508,46.1286551]]},"properties":{"category":"road","class":"secondary","name":"","ref":"101","osmType":"way","osmId":81950553}},{"type":"Feature","geometry":{"type":"LineString","coordinates":[[19.8519577,46.1292195],[19.8521365,46.1292468],[19.8530802,46.1291844],[19.8538241,46.1291315],[19.8543626,46.1291105],[19.8547473,46.1291149],[19.8551514,46.1291631],[19.8556658,46.1292348],[19.856411,46.1293463]]},"properties":{"category":"road","class":"secondary","name":"Гробљанска","ref":"101","osmType":"way","osmId":81950556}},{"type":"Feature","geometry":{"type":"LineString","coordinates":[[19.8534317,46.133021],[19.853232,46.1332697]]},"properties":{"category":"road","class":"secondary","name":"Мушкатли","ref":"101","osmType":"way","osmId":81950557}},{"type":"Feature","geometry":{"type":"LineString","coordinates":[[19.8529092,46.1268652],[19.8527579,46.1270867],[19.8526345,46.1272772],[19.852523,46.1274907],[19.8524388,46.1277007],[19.8523061,46.1281584]]},"properties":{"category":"road","class":"secondary","name":"","ref":"101","osmType":"way","osmId":81950563}},{"type":"Feature","geometry":{"type":"LineString","coordinates":[[19.8563242,46.1294864],[19.8559901,46.1299027],[19.8534317,46.133021]]},"properties":{"category":"road","class":"secondary","name":"Мушкатли","ref":"101","osmType":"way","osmId":81950570}},{"type":"Feature","geometry":{"type":"LineString","coordinates":[[19.822393,46.1102706],[19.8231314,46.1103457],[19.8239709,46.1104287],[19.8243588,46.1104671],[19.8257015,46.1106209],[19.82774,46.1108341]]},"properties":{"category":"road","class":"secondary","name":"Бориса Кидрича","ref":"100","osmType":"way","osmId":82538501}},{"type":"Feature","geometry":{"type":"LineString","coordinates":[[19.8274361,46.0660328],[19.8275386,46.0662527],[19.8278462,46.0668309],[19.8280016,46.0671706],[19.8281112,46.0675421],[19.8281378,46.0680421],[19.8280622,46.0685051],[19.8279846,46.0687776],[19.8278291,46.0691025],[19.8272602,46.07014],[19.8269064,46.0707601],[19.8265657,46.0713725],[19.8260098,46.0724436],[19.8254599,46.0735034],[19.8252694,46.073997],[19.8251033,46.0744875],[19.8250632,46.0749969],[19.8250932,46.0755161],[19.8251828,46.0759513],[19.8252126,46.0764443],[19.8251835,46.076568],[19.8249201,46.0770398],[19.8247481,46.0772784],[19.8243691,46.0778638],[19.8241857,46.078103],[19.8237645,46.078684],[19.8235133,46.0791267],[19.8231782,46.079909],[19.8229673,46.0803702],[19.822027,46.0819993],[19.8219697,46.082186],[19.822004,46.082349],[19.8224015,46.0836279],[19.8224165,46.0836762],[19.8224624,46.0839106],[19.8224624,46.0842087],[19.8224509,46.0843875],[19.8223879,46.0847014],[19.8222962,46.0849636],[19.8218723,46.0860723],[19.8218364,46.0861373],[19.8217421,46.0863078],[19.8217119,46.0863623],[19.8215327,46.0865958],[19.821477,46.0866683],[19.8199398,46.0884505],[19.8195177,46.0889411],[19.818854,46.0897007],[19.8183547,46.0902721],[19.8177531,46.0908522],[19.81765,46.0909833],[19.817587,46.0911263],[19.8175526,46.091325],[19.8173922,46.0926043],[19.8173235,46.0930771]]},"properties":{"category":"road","class":"tertiary","name":"Лудашки шор","osmType":"way","osmId":82538512}},{"type":"Feature","geometry":{"type":"LineString","coordinates":[[19.8675867,46.067137],[19.8679975,46.0671537],[19.8683228,46.0671529],[19.8691497,46.0671077],[19.8695596,46.0670905],[19.8700842,46.0670627],[19.8719226,46.0670627],[19.8728598,46.0670905],[19.8746821,46.0672016],[19.8777966,46.0674199],[19.8817499,46.0678416],[19.884581,46.0681792],[19.8848799,46.0682148],[19.8879016,46.0684999],[19.8925132,46.0689833],[19.8972162,46.0699298],[19.8973786,46.0699625],[19.8979675,46.0700574],[19.8991972,46.0702339],[19.9030564,46.070704],[19.9034992,46.0707511],[19.9038078,46.0707694],[19.9040517,46.0707749],[19.9042199,46.0707704],[19.9044804,46.070751],[19.9047261,46.070721],[19.9049586,46.070687],[19.9061505,46.070454],[19.9074758,46.0702001],[19.9078411,46.0701439],[19.9081362,46.0701294],[19.9084283,46.0701413],[19.9087411,46.0701675],[19.9089923,46.0702148],[19.9092426,46.070285],[19.9094716,46.0704082],[19.9100506,46.0708308],[19.9101475,46.0708851],[19.9102324,46.0709103],[19.9103182,46.0709315],[19.9103921,46.0709466],[19.9103997,46.0709479]]},"properties":{"category":"road","class":"tertiary","name":"Шупљачки пут","osmType":"way","osmId":82538522}},{"type":"Feature","geometry":{"type":"LineString","coordinates":[[19.7604004,45.926553],[19.76027,45.9267532],[19.76017,45.9268963],[19.7600817,45.9270203],[19.7600214,45.9270978],[19.7598297,45.9273494],[19.7590129,45.9284672],[19.7588091,45.9287579],[19.7582685,45.9294677],[19.7580195,45.9298027]]},"properties":{"category":"road","class":"tertiary","name":"Маршала Тита","osmType":"way","osmId":82680477}},{"type":"Feature","geometry":{"type":"LineString","coordinates":[[19.7580195,45.9298027],[19.7578932,45.9299766],[19.7574207,45.9306498],[19.7571474,45.9310353],[19.7561616,45.9323062],[19.7559185,45.9326208],[19.7551885,45.9335626],[19.7547675,45.9341233],[19.7543635,45.934653],[19.7540219,45.9351031],[19.7538537,45.9353248],[19.7524427,45.9371837],[19.7521401,45.9375732],[19.7509592,45.9391485],[19.7500705,45.9402742],[19.7495719,45.9409271],[19.7494387,45.9411025],[19.7482844,45.9426223]]},"properties":{"category":"road","class":"tertiary","name":"Суботички пут","osmType":"way","osmId":82680481}},{"type":"Feature","geometry":{"type":"LineString","coordinates":[[19.7597655,45.9267578],[19.7598337,45.9267511],[19.7598996,45.9267416],[19.7599551,45.9267337],[19.7600247,45.9267206],[19.7600972,45.9267014],[19.7601619,45.9266792],[19.760233,45.9266489],[19.7602881,45.9266207],[19.7603417,45.9265924],[19.7604004,45.926553]]},"properties":{"category":"road","class":"tertiary","name":"Жељезнички трг","ref":"303","osmType":"way","osmId":82680526}},{"type":"Feature","geometry":{"type":"LineString","coordinates":[[19.7921271,45.9041993],[19.8015969,45.9017493],[19.8037767,45.9012041],[19.8044692,45.9010105],[19.805125,45.9007978],[19.8052575,45.9007242],[19.80577,45.9004655],[19.8102593,45.8970956],[19.8105387,45.8968858],[19.8140815,45.8942055]]},"properties":{"category":"road","class":"tertiary","name":"Душаново салаши","ref":"303","osmType":"way","osmId":82680535}},{"type":"Feature","geometry":{"type":"LineString","coordinates":[[19.7676847,45.9170294],[19.7680511,45.9162932],[19.768059,45.9162789],[19.7680622,45.9162726],[19.7680683,45.9162604],[19.7681347,45.9161271],[19.7683135,45.9157717],[19.7683438,45.9157016],[19.7683908,45.9156077],[19.7684338,45.9155172],[19.7686383,45.9151517],[19.7688204,45.9148644],[19.7688453,45.9148294],[19.7696545,45.9138029],[19.7704442,45.9128475],[19.771219,45.9118931],[19.772011,45.9109406],[19.7727624,45.9100369],[19.773134,45.9095898],[19.7734469,45.9092145],[19.7735889,45.9090441],[19.7736035,45.9090287],[19.7736182,45.9090156],[19.7736303,45.9090062],[19.7736435,45.908997]]},"properties":{"category":"road","class":"tertiary","name":"Ослободилачка","ref":"303","osmType":"way","osmId":82680544}},{"type":"Feature","geometry":{"type":"LineString","coordinates":[[19.7525595,45.9254635],[19.7526192,45.9254601],[19.7526701,45.9254528],[19.7527175,45.9254391],[19.75276,45.9254222],[19.7528254,45.9253924],[19.7529197,45.9253481],[19.7529666,45.9253299],[19.7530254,45.9253171],[19.7530777,45.925311],[19.7531214,45.9253103],[19.7531932,45.9253146],[19.7541302,45.9253712],[19.7541552,45.9253727],[19.7546033,45.9253991],[19.7547533,45.9254108],[19.7548233,45.9254195],[19.7548948,45.9254316],[19.7554011,45.9255632],[19.7554595,45.9255783]]},"properties":{"category":"road","class":"tertiary","name":"Жељезнички трг","ref":"303","osmType":"way","osmId":82680559}},{"type":"Feature","geometry":{"type":"LineString","coordinates":[[19.7392992,45.9274376],[19.7405704,45.9271819],[19.7451786,45.9262297],[19.7458864,45.9260922],[19.7463854,45.9259877],[19.7480226,45.9256438],[19.7482151,45.9256054],[19.7488738,45.9254676],[19.7490437,45.9254321],[19.7491243,45.9254153],[19.7492677,45.9253853],[19.7496286,45.9253099],[19.7497397,45.9252927],[19.7498508,45.9252782],[19.7499811,45.9252682],[19.7501074,45.9252665],[19.7502737,45.9252717],[19.7505194,45.9252963],[19.7524497,45.9254603],[19.7525595,45.9254635]]},"properties":{"category":"road","class":"tertiary","name":"Бајмочка","ref":"303","osmType":"way","osmId":82680572}},{"type":"Feature","geometry":{"type":"LineString","coordinates":[[19.7482844,45.9426223],[19.748212,45.9427215],[19.7478893,45.9431639],[19.7464739,45.9451044],[19.7447968,45.947309],[19.744354,45.9478911],[19.7438922,45.9484981]]},"properties":{"category":"road","class":"tertiary","name":"","osmType":"way","osmId":82680588}},{"type":"Feature","geometry":{"type":"LineString","coordinates":[[19.7736435,45.908997],[19.7736937,45.908971],[19.7737405,45.9089498],[19.7737837,45.9089332],[19.7738372,45.9089168],[19.7765441,45.9082375],[19.7794422,45.9074708],[19.7843959,45.9061941],[19.7851008,45.9060125],[19.7852162,45.9059828],[19.7859097,45.905804],[19.7895301,45.9048708],[19.7897448,45.9048155],[19.7897989,45.9048016],[19.7900214,45.9047441],[19.7914406,45.9043753],[19.7921271,45.9041993]]},"properties":{"category":"road","class":"tertiary","name":"Иве Лоле Рибара","ref":"303","osmType":"way","osmId":82680594}},{"type":"Feature","geometry":{"type":"LineString","coordinates":[[19.4385132,45.912556],[19.4381243,45.9128825],[19.4368833,45.9139871],[19.4353845,45.9153498],[19.4344433,45.9162041],[19.4334161,45.9172433],[19.4324219,45.9183032],[19.4318955,45.9188508],[19.4313913,45.9193749],[19.4309331,45.9199085],[19.4305766,45.9203303],[19.4302844,45.9207737],[19.429962,45.9213297],[19.4296391,45.9218984],[19.4295052,45.9221002],[19.4292992,45.922372],[19.4291043,45.922601],[19.4286696,45.9230761],[19.4280796,45.9236967],[19.4278523,45.9239483],[19.4276935,45.9241628],[19.4274934,45.9244674],[19.4273485,45.9247146],[19.4270001,45.9253694],[19.4266546,45.9260205],[19.4260209,45.9271938],[19.4252303,45.928687],[19.4250204,45.9290681],[19.4224512,45.9339155],[19.419701,45.9391343],[19.4182127,45.9419135],[19.4181053,45.9422133],[19.4180586,45.9423782],[19.4180302,45.9425395],[19.4180197,45.9427372],[19.4180206,45.9428067]]},"properties":{"category":"road","class":"secondary","name":"","ref":"105","osmType":"way","osmId":82809827}},{"type":"Feature","geometry":{"type":"LineString","coordinates":[[19.5604604,46.1676347],[19.5605667,46.1675799],[19.5607734,46.1674804],[19.5609226,46.1673898],[19.5611089,46.1671951],[19.5612988,46.1669556],[19.5620373,46.1660046],[19.5621378,46.1658717],[19.562453,46.1654858],[19.5625308,46.1653774],[19.5625603,46.1652711],[19.5625645,46.1651561],[19.5624946,46.1650646]]},"properties":{"category":"road","class":"primary","name":"","ref":"11","osmType":"way","osmId":83648923}},{"type":"Feature","geometry":{"type":"LineString","coordinates":[[19.5624946,46.1650646],[19.562768,46.1652222],[19.5628137,46.1653689],[19.5628053,46.1654925],[19.5625728,46.1658073],[19.561558,46.1670466],[19.561366,46.1672811],[19.5611412,46.1674373],[19.5607083,46.1675978],[19.5604604,46.1676347]]},"properties":{"category":"road","class":"primary","name":"","ref":"11","osmType":"way","osmId":83648958}},{"type":"Feature","geometry":{"type":"LineString","coordinates":[[19.5792784,45.9492645],[19.5788184,45.9492479],[19.5783911,45.9492178],[19.5779467,45.9491711],[19.5776571,45.9491321],[19.5707526,45.9482412]]},"properties":{"category":"road","class":"tertiary","name":"Салаши","osmType":"way","osmId":83847415}},{"type":"Feature","geometry":{"type":"LineString","coordinates":[[19.5484025,45.9479521],[19.5473132,45.9479898],[19.545108,45.9480739],[19.5437563,45.9481186],[19.5436506,45.9481222],[19.5415509,45.9481905],[19.5392653,45.9482756],[19.5392283,45.9482874],[19.5392035,45.9482955]]},"properties":{"category":"road","class":"tertiary","name":"Матка Вуковића","osmType":"way","osmId":83847462}},{"type":"Feature","geometry":{"type":"LineString","coordinates":[[19.6239738,45.9521548],[19.6210079,45.9530435],[19.617381,45.954108],[19.6170339,45.9542099],[19.6152432,45.9546804],[19.6150456,45.9547226],[19.6147843,45.9547648],[19.6144759,45.9547956],[19.6141675,45.9548137],[19.6119881,45.9548753],[19.6103811,45.9548872],[19.6063078,45.9549894],[19.6023041,45.9550468],[19.6016721,45.9550518],[19.6014002,45.9550429],[19.6011901,45.9550294],[19.600975,45.9550093],[19.6007567,45.954986],[19.6005579,45.9549559],[19.6003586,45.9549217],[19.600089,45.9548625],[19.5999153,45.9548203],[19.5997652,45.9547778],[19.5995989,45.9547262],[19.5994077,45.9546535],[19.5992054,45.9545715],[19.5976366,45.953875]]},"properties":{"category":"road","class":"tertiary","name":"","osmType":"way","osmId":83847501}},{"type":"Feature","geometry":{"type":"LineString","coordinates":[[19.6813205,45.9395731],[19.6823059,45.9393677],[19.6863034,45.9385348],[19.6868601,45.9384188],[19.6898147,45.9378031],[19.6925184,45.9372342],[19.6955386,45.9365981],[19.6972398,45.9362389],[19.6975841,45.936169],[19.7026012,45.9351186],[19.7039023,45.9348446],[19.704349,45.9347504]]},"properties":{"category":"road","class":"tertiary","name":"","ref":"303","osmType":"way","osmId":83933718}},{"type":"Feature","geometry":{"type":"LineString","coordinates":[[19.6296032,45.950465],[19.6282521,45.9508741],[19.6256405,45.9516311],[19.6239738,45.9521548]]},"properties":{"category":"road","class":"tertiary","name":"Раде Кончара","osmType":"way","osmId":83933733}},{"type":"Feature","geometry":{"type":"LineString","coordinates":[[19.6779411,45.9402632],[19.6784547,45.9401536],[19.6785472,45.9401264],[19.6786397,45.9400928],[19.6787618,45.9400368],[19.6789052,45.939965],[19.6790268,45.9399045],[19.6790991,45.9398704],[19.6791555,45.9398491],[19.6792161,45.9398363]]},"properties":{"category":"road","class":"tertiary","name":"Маршала Тита","ref":"303","osmType":"way","osmId":83933762}},{"type":"Feature","geometry":{"type":"LineString","coordinates":[[19.7348963,45.9531757],[19.7348388,45.9532006],[19.7243941,45.9573693],[19.7209337,45.9587623],[19.7194156,45.9593694],[19.719075,45.9595447],[19.7187826,45.9597181]]},"properties":{"category":"road","class":"tertiary","name":"","osmType":"way","osmId":84041367}},{"type":"Feature","geometry":{"type":"LineString","coordinates":[[19.7603645,46.05655],[19.7610134,46.0563441]]},"properties":{"category":"road","class":"secondary","name":"Сенћански пут","ref":"300","osmType":"way","osmId":88543731}},{"type":"Feature","geometry":{"type":"LineString","coordinates":[[19.6896196,46.0331382],[19.6901342,46.033142],[19.690643,46.0331522],[19.6913425,46.0331816],[19.6922596,46.0332448],[19.692959,46.0333067],[19.6937857,46.0333803],[19.6954828,46.0335378],[19.6962541,46.0336029],[19.6969748,46.0336461],[19.6975433,46.0336613],[19.6982732,46.0336719],[19.698938,46.0336535],[19.6997684,46.0336006],[19.7003136,46.0335522],[19.7008877,46.0334817],[19.7016266,46.0333721],[19.7022526,46.0332534],[19.7029622,46.0330951],[19.7036061,46.0329388],[19.7048344,46.0325842],[19.7059522,46.0322356],[19.7072331,46.0318494],[19.7081215,46.0315899],[19.7090287,46.0313413],[19.7099425,46.0311187],[19.7108111,46.0309363],[19.7116637,46.0307772],[19.7123238,46.0306784],[19.7129846,46.0305895],[19.7139978,46.0304855],[19.7153637,46.0303949],[19.7161379,46.0303739],[19.716951,46.0303699],[19.7175421,46.0303814],[19.7181475,46.0303971],[19.7181664,46.0303976]]},"properties":{"category":"road","class":"trunk","name":"Обилазница око Суботице","ref":"11","osmType":"way","osmId":95977595}},{"type":"Feature","geometry":{"type":"LineString","coordinates":[[19.7686408,46.0885031],[19.7686895,46.0882586],[19.7689866,46.0869198],[19.7690294,46.0866858],[19.7690617,46.0865087],[19.7691189,46.0859501],[19.7690704,46.0849791],[19.7690455,46.0845314],[19.7690636,46.0843233],[19.7691126,46.0841276],[19.7692974,46.0835311],[19.7695825,46.0825229],[19.7700182,46.0808448],[19.7701875,46.0801939],[19.7705608,46.0787223],[19.7709113,46.0775823],[19.7711858,46.0767023],[19.7716197,46.0753108],[19.7716246,46.075269],[19.771706,46.0745684],[19.771816,46.0739369],[19.7722632,46.07259],[19.7736613,46.0683797],[19.7736996,46.0682077],[19.7737163,46.0680634],[19.7737222,46.0679245],[19.7737189,46.0678045],[19.7737058,46.0677222],[19.7736862,46.0676315],[19.7736469,46.0675185],[19.7735884,46.0673654],[19.7735231,46.0672343],[19.7734184,46.0670811],[19.7733176,46.066956],[19.7732017,46.0668379],[19.7730613,46.0667214],[19.7728814,46.0665877],[19.7727141,46.0664848],[19.7725268,46.0664029],[19.7723244,46.0663158],[19.7721006,46.066242],[19.7719108,46.0661933],[19.7695429,46.0657807],[19.767406,46.0653617],[19.7663972,46.0651717],[19.7653424,46.0649597],[19.7634592,46.0645587],[19.7586683,46.0635505],[19.7572699,46.0632448],[19.7564228,46.0630486],[19.755535,46.0628186],[19.7536775,46.0623325],[19.7526286,46.0620883],[19.7523832,46.0620312]]},"properties":{"category":"road","class":"tertiary","name":"","osmType":"way","osmId":96028740}},{"type":"Feature","geometry":{"type":"LineString","coordinates":[[19.7108256,45.9642559],[19.710883,45.9635756],[19.7110309,45.9620714],[19.7111626,45.960553],[19.7111674,45.9605076],[19.7114394,45.9579108],[19.7114454,45.9577118],[19.7114588,45.9575262],[19.7115195,45.9568929],[19.7116045,45.9559299],[19.711698,45.9544793],[19.711783,45.953011],[19.7118209,45.9516039],[19.7118031,45.9501578],[19.7117788,45.9489663],[19.7117679,45.9487374],[19.7117278,45.9478997],[19.711664,45.9467857],[19.7115691,45.9457561],[19.7114685,45.9448651],[19.7113241,45.9436211],[19.7111711,45.9425899],[19.7110138,45.9416026],[19.7107613,45.9401656],[19.7107117,45.9398876],[19.7106609,45.9396283],[19.7104831,45.9387732],[19.7102566,45.9378356],[19.7101506,45.9373937]]},"properties":{"category":"road","class":"motorway","name":"","ref":"A1","osmType":"way","osmId":103363429}},{"type":"Feature","geometry":{"type":"LineString","coordinates":[[19.7442492,46.0620371],[19.7396239,46.0635914],[19.7383624,46.0640098],[19.7381816,46.0640698],[19.7377911,46.0641994],[19.7367868,46.0645325],[19.7360348,46.0647918],[19.734856,46.0651983],[19.7320963,46.0661266],[19.7315754,46.0663018],[19.7313847,46.066366],[19.7300368,46.0668194],[19.7286699,46.0672996],[19.7276735,46.0676496],[19.727359,46.0677601],[19.725898,46.0682264],[19.7258127,46.0682533],[19.7252772,46.0684224],[19.7240524,46.0688453],[19.7234543,46.0690489],[19.7227463,46.06929],[19.7225349,46.0693615],[19.7217409,46.0696298]]},"properties":{"category":"road","class":"secondary","name":"Сенћански пут","ref":"300","osmType":"way","osmId":120024287}},{"type":"Feature","geometry":{"type":"LineString","coordinates":[[19.7664186,46.0606207],[19.7654745,46.0599572],[19.7647262,46.059424],[19.7640502,46.0589121],[19.7628593,46.058069],[19.7618911,46.0573841],[19.760896,46.0566637]]},"properties":{"category":"road","class":"motorway","name":"","ref":"A1","osmType":"way","osmId":121379642}},{"type":"Feature","geometry":{"type":"LineString","coordinates":[[19.7981009,46.1117514],[19.7985053,46.1122047]]},"properties":{"category":"road","class":"motorway","name":"","ref":"A1","osmType":"way","osmId":121379643}},{"type":"Feature","geometry":{"type":"LineString","coordinates":[[19.7432161,46.0396953],[19.7440289,46.0407705],[19.7446015,46.041505],[19.7450294,46.0420431],[19.7455618,46.0426779],[19.745999,46.0432095],[19.7463477,46.0436172],[19.7470316,46.0444094],[19.7475976,46.0450228],[19.7479007,46.0453709],[19.7482869,46.0457786],[19.7485793,46.0460886],[19.7490567,46.0466006],[19.749451,46.0470083],[19.7499445,46.0475091],[19.750367,46.0479242],[19.7510281,46.0485329],[19.7515967,46.0490784],[19.7519951,46.0494498],[19.7524926,46.0499021],[19.7528373,46.0502074],[19.7532383,46.050562],[19.7538458,46.0510916],[19.7543111,46.05149],[19.75481,46.0519079],[19.7553585,46.0523565],[19.755671,46.0526059],[19.7562973,46.0530983],[19.7570041,46.0536548],[19.7578342,46.0542868],[19.7601959,46.0560094]]},"properties":{"category":"road","class":"motorway","name":"","ref":"A1","osmType":"way","osmId":121379644}},{"type":"Feature","geometry":{"type":"LineString","coordinates":[[19.7985053,46.1122047],[19.798868,46.1125901],[19.7990322,46.112758],[19.7995117,46.1132483],[19.7999221,46.1136406],[19.8001823,46.1138917],[19.8008957,46.114522],[19.8013705,46.1149143],[19.8019257,46.1153643],[19.8026526,46.1159332],[19.8032159,46.1163534],[19.803865,46.1168108],[19.8044792,46.1172199],[19.8051926,46.1176847],[19.8057988,46.1180528],[19.8061502,46.1182666],[19.8070058,46.1187444],[19.8079687,46.119252],[19.808363,46.1194704],[19.8086916,46.1196331],[19.8092227,46.1198878],[19.8097175,46.1201184],[19.8100461,46.120269],[19.8106121,46.12052],[19.8110251,46.1206984],[19.8116152,46.1209466],[19.8125486,46.1213231],[19.8133251,46.1216038],[19.8140936,46.1218725],[19.8150042,46.1221736],[19.8156439,46.1223689],[19.8161924,46.1225371],[19.8171902,46.1228169],[19.817901,46.123],[19.8187351,46.1232017],[19.8193158,46.1233328],[19.8203284,46.1235438],[19.8212336,46.1237223],[19.8218559,46.1238375],[19.822965,46.1240197]]},"properties":{"category":"road","class":"motorway","name":"","ref":"A1","osmType":"way","osmId":121379645}},{"type":"Feature","geometry":{"type":"LineString","coordinates":[[19.7562393,46.0532204],[19.7561002,46.0531104],[19.755784,46.0528607],[19.7554108,46.052564],[19.7549884,46.0522206],[19.7543715,46.0517068],[19.7537412,46.0511782],[19.7533818,46.0508645],[19.7531041,46.0506216],[19.752396,46.0499961],[19.7514237,46.0491054],[19.750843,46.0485422],[19.7500706,46.0478358],[19.7489789,46.0467253],[19.748299,46.0459899],[19.7479215,46.045599],[19.7476217,46.0452732],[19.746986,46.0445658],[19.7461988,46.0436637],[19.7458582,46.0432653],[19.7455403,46.0428837],[19.7448926,46.0421054],[19.7440021,46.040979],[19.7434227,46.040212],[19.7431035,46.0397809]]},"properties":{"category":"road","class":"motorway","name":"","ref":"A1","osmType":"way","osmId":121388654}},{"type":"Feature","geometry":{"type":"LineString","coordinates":[[19.742889,46.0392354],[19.7432161,46.0396953]]},"properties":{"category":"road","class":"motorway","name":"","ref":"A1","osmType":"way","osmId":121388656}},{"type":"Feature","geometry":{"type":"LineString","coordinates":[[19.6994912,45.8836105],[19.6995421,45.8830469],[19.6996068,45.8822152],[19.69968,45.8813404],[19.6998298,45.879737],[19.6998727,45.8791392],[19.6998789,45.8790524],[19.6999528,45.8779176],[19.6999844,45.8774825],[19.7000566,45.8763341],[19.7001184,45.8752558],[19.7001367,45.8727754],[19.7000622,45.8707231],[19.6999462,45.8688485],[19.6998431,45.867689],[19.6996928,45.8665167],[19.6995322,45.8653226],[19.6993682,45.8642048],[19.6991095,45.8627178],[19.6989158,45.8617656],[19.6986889,45.8607263],[19.6984843,45.859913],[19.6981619,45.8586318],[19.6979925,45.8580222],[19.6978538,45.8575229],[19.6974134,45.8560003],[19.6969679,45.8546798],[19.6965258,45.853448],[19.6962204,45.8526554],[19.6959785,45.8520278],[19.6956987,45.8513025],[19.6956374,45.8511461],[19.6954345,45.8506566],[19.6949441,45.8494372],[19.6943259,45.8478998],[19.6935152,45.8458617],[19.6921686,45.8424741],[19.6921196,45.8423531],[19.6918812,45.8417616],[19.6914992,45.840814],[19.6908454,45.8391921],[19.6896764,45.8362644],[19.6891454,45.8347524],[19.6888047,45.8337063],[19.6886648,45.8332766],[19.6884468,45.8325333],[19.6882255,45.8317858],[19.6880472,45.8311289],[19.6878418,45.8301823],[19.687665,45.8294113],[19.6875013,45.8285918],[19.6873806,45.8279348],[19.6872359,45.8270004],[19.6870487,45.8257357],[19.6869996,45.8253308]]},"properties":{"category":"road","class":"motorway","name":"","ref":"A1","osmType":"way","osmId":122223655}},{"type":"Feature","geometry":{"type":"LineString","coordinates":[[19.8742757,46.1327601],[19.8758286,46.133157],[19.8768613,46.1334284],[19.8777947,46.1336682],[19.8792887,46.1340567],[19.8813164,46.134592],[19.8825395,46.1349079],[19.8840094,46.1353001],[19.8856348,46.1357332],[19.886241,46.1358949],[19.8874453,46.1362127],[19.8883411,46.1364376],[19.8892799,46.1366904],[19.8909026,46.1371216],[19.8922357,46.1374729],[19.893373,46.1377665],[19.8948991,46.1381661],[19.8959962,46.1384579],[19.8967257,46.1386512],[19.8979649,46.138982],[19.8994749,46.139368]]},"properties":{"category":"road","class":"motorway","name":"","ref":"A1","osmType":"way","osmId":129694294}},{"type":"Feature","geometry":{"type":"LineString","coordinates":[[19.8687362,46.1314405],[19.8706573,46.1318745],[19.8714191,46.1320641],[19.8725644,46.1323373]]},"properties":{"category":"road","class":"motorway","name":"","ref":"A1","osmType":"way","osmId":129694297}},{"type":"Feature","geometry":{"type":"LineString","coordinates":[[19.8647458,46.130592],[19.8654136,46.1307248],[19.8663256,46.1309172],[19.8678705,46.1312444]]},"properties":{"category":"road","class":"motorway","name":"","ref":"A1","osmType":"way","osmId":129694298}},{"type":"Feature","geometry":{"type":"LineString","coordinates":[[19.8678705,46.1312444],[19.8687362,46.1314405]]},"properties":{"category":"road","class":"motorway","name":"","ref":"A1","osmType":"way","osmId":129694299}},{"type":"Feature","geometry":{"type":"LineString","coordinates":[[19.68426,46.113535],[19.6840534,46.1134714],[19.6839676,46.1134282],[19.6836618,46.1132743],[19.6833913,46.1131054],[19.6827666,46.1126845],[19.6827074,46.1126539],[19.6819445,46.1121393],[19.6814539,46.1117295],[19.6810893,46.1114037],[19.6805156,46.110892],[19.6799991,46.1104549],[19.6797228,46.1102228],[19.6794473,46.1100148],[19.6788839,46.1095893],[19.6781855,46.1091176],[19.6773395,46.108594],[19.6768965,46.1083308],[19.6768046,46.1082688],[19.676103,46.1077876],[19.6758948,46.107629],[19.6756433,46.1074509],[19.6753259,46.1072035],[19.6750145,46.1069566],[19.6744418,46.1064943],[19.6739003,46.1060982],[19.6736144,46.1059237],[19.6730015,46.1056246],[19.6724545,46.1053794],[19.6723738,46.1053441],[19.6715532,46.1049551],[19.6714807,46.1049205]]},"properties":{"category":"road","class":"tertiary","name":"Кирешка","osmType":"way","osmId":142803085}},{"type":"Feature","geometry":{"type":"LineString","coordinates":[[19.6851286,46.1137361],[19.6851486,46.1137626],[19.6851601,46.1137914],[19.6851625,46.1138212],[19.6851569,46.113848],[19.6851439,46.1138736],[19.6851242,46.113897],[19.6850984,46.1139173],[19.6850698,46.1139328],[19.6850376,46.1139445],[19.6850031,46.1139521],[19.6849673,46.1139553],[19.6849312,46.113954],[19.684896,46.1139484],[19.6848627,46.1139385],[19.6848326,46.1139247],[19.6848064,46.1139074],[19.6847851,46.1138872]]},"properties":{"category":"road","class":"tertiary","name":"","osmType":"way","osmId":142803086}},{"type":"Feature","geometry":{"type":"LineString","coordinates":[[19.6789972,46.0731575],[19.6781878,46.0749172],[19.6780198,46.0752826],[19.6780074,46.0753095],[19.677955,46.0754234],[19.6778976,46.0755131],[19.6776187,46.0759482],[19.6776081,46.0759648],[19.6774455,46.0762124],[19.6774257,46.0762418],[19.6773515,46.0763521],[19.6771778,46.0766102],[19.6770878,46.0767439],[19.6768867,46.0770448],[19.6768138,46.077157],[19.6768053,46.0771731],[19.6767756,46.0772188],[19.6765253,46.0776044],[19.6764993,46.0776444]]},"properties":{"category":"road","class":"secondary","name":"Београдски пут","ref":"100","osmType":"way","osmId":142882658}},{"type":"Feature","geometry":{"type":"LineString","coordinates":[[19.6811243,46.0660136],[19.6811241,46.0662486],[19.6811241,46.0662817],[19.6811239,46.0664151],[19.6811202,46.0665888],[19.681117,46.0667409],[19.6811155,46.0668134],[19.6811077,46.0671874],[19.681107,46.067221],[19.6811094,46.067293],[19.6811085,46.0673271],[19.6810964,46.0678026],[19.6810825,46.068345]]},"properties":{"category":"road","class":"secondary","name":"Београдски пут","ref":"100","osmType":"way","osmId":142882659}},{"type":"Feature","geometry":{"type":"LineString","coordinates":[[19.6757256,46.0789498],[19.6755115,46.0793048],[19.6754866,46.0793487],[19.6754815,46.0793576],[19.6752166,46.0798247],[19.6749339,46.0803232],[19.6746807,46.0807806],[19.6746777,46.0807858]]},"properties":{"category":"road","class":"secondary","name":"Београдски пут","ref":"100","osmType":"way","osmId":142882660}},{"type":"Feature","geometry":{"type":"LineString","coordinates":[[19.8473411,46.1404819],[19.8471643,46.1406973],[19.847132,46.1407367],[19.8464467,46.1415756]]},"properties":{"category":"road","class":"secondary","name":"Мушкатли","ref":"101","osmType":"way","osmId":188444331}},{"type":"Feature","geometry":{"type":"LineString","coordinates":[[19.8496868,46.1256828],[19.8497004,46.1257055],[19.8497232,46.1257211],[19.8497574,46.1257385],[19.8498213,46.1257555],[19.8504562,46.1258711],[19.8508019,46.125949],[19.8520206,46.1262843],[19.8524133,46.1263923],[19.8525755,46.1264463],[19.852687,46.1264928],[19.8528573,46.126575]]},"properties":{"category":"road","class":"secondary","name":"Гробљанска","ref":"101","osmType":"way","osmId":188446116}},{"type":"Feature","geometry":{"type":"LineString","coordinates":[[19.381459,46.0337362],[19.3812288,46.0342814],[19.381029,46.034703]]},"properties":{"category":"road","class":"secondary","name":"","ref":"105","osmType":"way","osmId":199504226}},{"type":"Feature","geometry":{"type":"LineString","coordinates":[[19.3807719,46.035201],[19.3805925,46.0355989],[19.3804523,46.0359144]]},"properties":{"category":"road","class":"secondary","name":"","ref":"105","osmType":"way","osmId":199504227}},{"type":"Feature","geometry":{"type":"LineString","coordinates":[[19.3809802,46.0346921],[19.3810628,46.0345066],[19.381459,46.0337362]]},"properties":{"category":"road","class":"secondary","name":"","ref":"105","osmType":"way","osmId":199504229}},{"type":"Feature","geometry":{"type":"LineString","coordinates":[[19.7112137,45.9332925],[19.7109749,45.9333448]]},"properties":{"category":"road","class":"tertiary","name":"","ref":"303","osmType":"way","osmId":224104508}},{"type":"Feature","geometry":{"type":"LineString","coordinates":[[19.7128924,45.9329323],[19.7174769,45.9319658],[19.7185893,45.9317351],[19.7277226,45.929841],[19.729535,45.9294651],[19.7310672,45.9291517],[19.7342863,45.9284814],[19.734741,45.9283867],[19.7349017,45.9283533],[19.7392992,45.9274376]]},"properties":{"category":"road","class":"tertiary","name":"","ref":"303","osmType":"way","osmId":224104509}},{"type":"Feature","geometry":{"type":"LineString","coordinates":[[19.7101034,45.9335263],[19.7095043,45.9336489]]},"properties":{"category":"road","class":"tertiary","name":"","ref":"303","osmType":"way","osmId":224105023}},{"type":"Feature","geometry":{"type":"LineString","coordinates":[[19.7112582,45.9703584],[19.7106633,45.9705197]]},"properties":{"category":"road","class":"tertiary","name":"Нови Жедник салаши","osmType":"way","osmId":224106486}},{"type":"Feature","geometry":{"type":"LineString","coordinates":[[19.7106633,45.9705197],[19.7104185,45.9705943],[19.7101871,45.9706682],[19.7099992,45.9707462],[19.7098343,45.9708267],[19.7097054,45.9708945],[19.7095816,45.9709817],[19.7094724,45.97107],[19.7093864,45.9711446],[19.7093135,45.9712262],[19.7092594,45.9713049],[19.7092232,45.9713882],[19.7092154,45.9714948],[19.7092209,45.9716061],[19.7092353,45.9717394],[19.7092971,45.9722267],[19.7093163,45.9724638],[19.709314,45.9725927],[19.7092887,45.9726931],[19.7092349,45.9728088],[19.7090113,45.9731494]]},"properties":{"category":"road","class":"tertiary","name":"Нови Жедник салаши","osmType":"way","osmId":224106497}},{"type":"Feature","geometry":{"type":"LineString","coordinates":[[19.7934138,46.1037404],[19.7935867,46.1042369],[19.7937611,46.1047149],[19.7939274,46.1051407],[19.7941822,46.1057228],[19.7945932,46.1065215]]},"properties":{"category":"road","class":"motorway","name":"","ref":"A1","osmType":"way","osmId":240617264}},{"type":"Feature","geometry":{"type":"LineString","coordinates":[[19.7601959,46.0560094],[19.7617629,46.0571211]]},"properties":{"category":"road","class":"motorway","name":"","ref":"A1","osmType":"way","osmId":240617265}},{"type":"Feature","geometry":{"type":"LineString","coordinates":[[19.7931495,46.1029332],[19.7934138,46.1037404]]},"properties":{"category":"road","class":"motorway","name":"","ref":"A1","osmType":"way","osmId":240617267}},{"type":"Feature","geometry":{"type":"LineString","coordinates":[[19.7658975,46.0600965],[19.7663529,46.0604179],[19.767293,46.0611009],[19.767808,46.0614769],[19.76872,46.0621674],[19.7691411,46.0624986],[19.7698358,46.0630551],[19.7705868,46.06366],[19.7708979,46.0639019],[19.7713298,46.0642741],[19.7719172,46.0647822],[19.772526,46.0653033],[19.773151,46.0658392],[19.7737679,46.0664236],[19.7744438,46.0670526],[19.7748971,46.0674713],[19.7755355,46.0680835],[19.7761926,46.068746],[19.777008,46.069576],[19.7775739,46.0701696],[19.7781318,46.0707893],[19.7786093,46.0713103],[19.7790465,46.0718164],[19.7794783,46.0723095],[19.7800469,46.0729701],[19.78046,46.0734874],[19.7811118,46.0743322],[19.7817796,46.0751788],[19.7823483,46.075951],[19.7829357,46.0767715],[19.7834882,46.0775604],[19.7838852,46.0781521],[19.7843492,46.0788386],[19.7845691,46.0791922],[19.7849554,46.0798117],[19.7855106,46.0807717],[19.7860175,46.0816517],[19.7865272,46.0825578],[19.7868544,46.0831996],[19.7871146,46.0837094],[19.787474,46.0844256],[19.7876671,46.0848405],[19.7881231,46.0858618],[19.7884878,46.0866971],[19.7887427,46.0872998],[19.7888473,46.0875752],[19.7891611,46.0884011],[19.7894078,46.0890652],[19.7896948,46.0898688],[19.7900194,46.0908305],[19.7902957,46.091755],[19.7905076,46.0924414],[19.7906873,46.0931501],[19.7908509,46.0938048],[19.7910252,46.0944596],[19.7912559,46.0953598],[19.7915134,46.0963698],[19.7917145,46.0972737],[19.7919694,46.098293],[19.7922087,46.0992648]]},"properties":{"category":"road","class":"motorway","name":"","ref":"A1","osmType":"way","osmId":240617268}},{"type":"Feature","geometry":{"type":"LineString","coordinates":[[19.7624302,46.0558196],[19.7627253,46.0557004]]},"properties":{"category":"road","class":"secondary","name":"Сенћански пут","ref":"300","osmType":"way","osmId":252180561}},{"type":"Feature","geometry":{"type":"LineString","coordinates":[[19.6972291,46.0827632],[19.697159,46.0826726],[19.6971633,46.0826398],[19.6974684,46.0825474],[19.697679,46.0824997],[19.6978251,46.0824669],[19.6978638,46.0824758],[19.6979351,46.0825943]]},"properties":{"category":"water-line","class":"canal","name":"","osmType":"way","osmId":253874396}},{"type":"Feature","geometry":{"type":"LineString","coordinates":[[19.6973163,46.0829385],[19.6973825,46.0830332],[19.6974168,46.0830452],[19.6980485,46.0828961],[19.6980958,46.0828574],[19.6980604,46.0827604]]},"properties":{"category":"water-line","class":"canal","name":"","osmType":"way","osmId":253874397}},{"type":"Feature","geometry":{"type":"LineString","coordinates":[[19.6731535,46.1000414],[19.6738378,46.1001072],[19.6740403,46.1001274]]},"properties":{"category":"road","class":"secondary","name":"Максима Горког","ref":"100","osmType":"way","osmId":259480287}},{"type":"Feature","geometry":{"type":"LineString","coordinates":[[19.5928673,46.0926321],[19.5932186,46.0923338]]},"properties":{"category":"road","class":"trunk","name":"","ref":"11","osmType":"way","osmId":259534317}},{"type":"Feature","geometry":{"type":"LineString","coordinates":[[19.5971594,46.089038],[19.5976661,46.0886181]]},"properties":{"category":"road","class":"trunk","name":"","ref":"11","osmType":"way","osmId":259534318}},{"type":"Feature","geometry":{"type":"LineString","coordinates":[[19.502566,46.0074661],[19.5028655,46.0072836],[19.5029285,46.0072506],[19.5029741,46.0072234],[19.5029974,46.007188],[19.50298,46.0071507],[19.5029233,46.0070972],[19.5022886,46.0066003],[19.5023196,46.0065295],[19.5023028,46.0064811],[19.5023196,46.0064277]]},"properties":{"category":"water-line","class":"canal","name":"","osmType":"way","osmId":260758112}},{"type":"Feature","geometry":{"type":"LineString","coordinates":[[19.5140895,46.0068096],[19.5150971,46.0073966],[19.5152208,46.0074703],[19.5159023,46.0078762],[19.5159117,46.0078817]]},"properties":{"category":"road","class":"primary","name":"","ref":"12","osmType":"way","osmId":260758297}},{"type":"Feature","geometry":{"type":"LineString","coordinates":[[19.5054764,46.0020101],[19.5056577,46.0021072]]},"properties":{"category":"road","class":"primary","name":"","ref":"12","osmType":"way","osmId":260758300}},{"type":"Feature","geometry":{"type":"LineString","coordinates":[[19.6208444,46.0719332],[19.621066,46.072087]]},"properties":{"category":"road","class":"secondary","name":"","osmType":"way","osmId":260763923}},{"type":"Feature","geometry":{"type":"LineString","coordinates":[[19.6653533,46.0409751],[19.6653594,46.0409858],[19.6654328,46.0411019],[19.6655026,46.0412366],[19.6655658,46.0413765],[19.6656367,46.041558],[19.6658029,46.041979]]},"properties":{"category":"road","class":"secondary","name":"Београдски пут","ref":"100","osmType":"way","osmId":260763929}},{"type":"Feature","geometry":{"type":"LineString","coordinates":[[19.6019952,46.0850061],[19.6045218,46.0828945],[19.6070294,46.0807981],[19.6074441,46.0804741],[19.6078911,46.0801277],[19.608348,46.0797782],[19.6088146,46.0794194],[19.6091728,46.0791615],[19.6095229,46.0789046],[19.6100995,46.0784991],[19.6106841,46.078091],[19.6119462,46.0772264],[19.6125765,46.0767939],[19.6128876,46.0765789],[19.6132191,46.0763534],[19.6149959,46.0751332],[19.6158823,46.0745238],[19.6167797,46.0739028],[19.617295,46.0735529]]},"properties":{"category":"road","class":"trunk","name":"Обилазница око Суботице","ref":"11","osmType":"way","osmId":260763933}},{"type":"Feature","geometry":{"type":"LineString","coordinates":[[19.5932186,46.0923338],[19.5949282,46.090904]]},"properties":{"category":"road","class":"trunk","name":"Обилазница око Суботице","ref":"11","osmType":"way","osmId":260763935}},{"type":"Feature","geometry":{"type":"LineString","coordinates":[[19.6203664,46.0712986],[19.6204678,46.0712803],[19.6205336,46.071264],[19.6205909,46.0712458],[19.6206931,46.0712001],[19.6209663,46.0710353]]},"properties":{"category":"road","class":"trunk","name":"","ref":"11","osmType":"way","osmId":260763938}},{"type":"Feature","geometry":{"type":"LineString","coordinates":[[19.7713819,46.0975238],[19.7714014,46.0978546],[19.7718307,46.0987316],[19.7733153,46.100443],[19.7735526,46.1004759],[19.7738689,46.1003992],[19.7753715,46.0992805],[19.7759884,46.0996095],[19.7768267,46.0996095],[19.7778548,46.0988308],[19.7779639,46.0987993],[19.7780675,46.0988124],[19.7807645,46.1004151],[19.7809627,46.1004746],[19.7811606,46.100454],[19.7817386,46.0999894],[19.7818612,46.0999334],[19.7819866,46.0999115],[19.7822785,46.0999363],[19.7830459,46.1001609],[19.7834169,46.1002572],[19.7836674,46.1002846],[19.7846314,46.100191],[19.7869339,46.0998837],[19.7896861,46.0995437],[19.7904928,46.0993463],[19.7916474,46.0993463],[19.7925408,46.0993471],[19.793364,46.099517],[19.796962,46.1007392],[19.7985437,46.1013095],[19.7985516,46.1013863],[19.7985449,46.101458],[19.7965982,46.1054989],[19.7961921,46.1063748],[19.7962005,46.106411],[19.7962215,46.1064256],[19.7962704,46.106449],[19.7990024,46.1069684],[19.8024347,46.1075496],[19.8044119,46.1079553],[19.8044348,46.1079018],[19.8049339,46.1067381],[19.8071483,46.1072316],[19.8091425,46.107644],[19.8093894,46.1076947],[19.8106439,46.1075825],[19.8113693,46.1063313]]},"properties":{"category":"water-line","class":"canal","name":"Палић-Лудаш","osmType":"way","osmId":262095624}},{"type":"Feature","geometry":{"type":"LineString","coordinates":[[19.7616371,46.0574528],[19.759249,46.0583418],[19.7572719,46.0590297],[19.7565005,46.059304],[19.7563634,46.0593574],[19.7553692,46.0597172],[19.7547982,46.0600146],[19.7546559,46.0601082]]},"properties":{"category":"water-line","class":"canal","name":"Ором - Палић","osmType":"way","osmId":262578428}},{"type":"Feature","geometry":{"type":"LineString","coordinates":[[19.7634708,46.0567951],[19.7621946,46.0572611]]},"properties":{"category":"water-line","class":"canal","name":"","osmType":"way","osmId":262578429}},{"type":"Feature","geometry":{"type":"LineString","coordinates":[[19.7621946,46.0572611],[19.7616371,46.0574528]]},"properties":{"category":"water-line","class":"canal","name":"","osmType":"way","osmId":262578430}},{"type":"Feature","geometry":{"type":"LineString","coordinates":[[19.7637888,46.0566887],[19.7634708,46.0567951]]},"properties":{"category":"water-line","class":"canal","name":"","osmType":"way","osmId":262578431}},{"type":"Feature","geometry":{"type":"LineString","coordinates":[[19.8314528,46.0284473],[19.8305148,46.028495],[19.8292166,46.0285657],[19.8264334,46.0287802],[19.8242685,46.0289244],[19.8236058,46.029044],[19.822868,46.0293538],[19.8211449,46.0301882],[19.8192319,46.0311605],[19.8179153,46.0318047],[19.815989,46.0327064],[19.8142439,46.0335009],[19.8125252,46.0343229],[19.8103957,46.0353166],[19.8085534,46.0361723],[19.8070203,46.0369176],[19.8043792,46.0381111],[19.8016429,46.0393943],[19.7990807,46.0405339],[19.7972915,46.0413499],[19.79485,46.0424524],[19.7905782,46.0444784],[19.7883074,46.0455659],[19.7858519,46.0466961],[19.7837345,46.0477325],[19.7835852,46.0478398],[19.7827052,46.0489475],[19.7824825,46.0490952],[19.7802734,46.0502209],[19.7778063,46.0514432],[19.7761544,46.0522007],[19.7749754,46.0526351],[19.7735709,46.0531149],[19.769095,46.0547741],[19.7688709,46.0548611],[19.7669921,46.0555441],[19.7637888,46.0566887]]},"properties":{"category":"water-line","class":"canal","name":"Ором - Палић","osmType":"way","osmId":262578432}},{"type":"Feature","geometry":{"type":"LineString","coordinates":[[19.7286039,46.0315758],[19.7289106,46.0315762],[19.7291801,46.0315715],[19.7295205,46.0315606],[19.7298385,46.0315445],[19.7301778,46.0315261],[19.7305909,46.0314973],[19.7309249,46.0314684],[19.7313214,46.0314216],[19.7316996,46.0313705],[19.7319939,46.031331],[19.7322689,46.0312894],[19.7323976,46.0312717],[19.7324929,46.0312524]]},"properties":{"category":"road","class":"trunk","name":"Обилазница око Суботице","ref":"11","osmType":"way","osmId":263113635}},{"type":"Feature","geometry":{"type":"LineString","coordinates":[[19.7604004,45.926553],[19.7606402,45.9261995],[19.7606909,45.9261335],[19.7615261,45.9250456],[19.7628903,45.9232417],[19.7637361,45.9221269],[19.7641538,45.9215763],[19.7642146,45.9215015],[19.7642598,45.9214435],[19.7643292,45.9213539],[19.7643722,45.9212984],[19.7644099,45.9212509],[19.7645487,45.9210789],[19.7647908,45.920777],[19.7649735,45.9205497],[19.7650362,45.9204717],[19.7651152,45.9203734],[19.7651705,45.9203081],[19.7672737,45.9177589],[19.7673189,45.9176994],[19.7673526,45.9176467],[19.767415,45.9175469],[19.7674906,45.917421],[19.7675632,45.9172869],[19.7676322,45.9171437],[19.7676847,45.9170294]]},"properties":{"category":"road","class":"tertiary","name":"Маршала Тита","ref":"303","osmType":"way","osmId":291631850}},{"type":"Feature","geometry":{"type":"LineString","coordinates":[[19.7101506,45.9373937],[19.7099411,45.9366114]]},"properties":{"category":"road","class":"motorway","name":"","ref":"A1","osmType":"way","osmId":296812557}},{"type":"Feature","geometry":{"type":"LineString","coordinates":[[19.7091551,45.9338019],[19.7086887,45.9323979]]},"properties":{"category":"road","class":"motorway","name":"","ref":"A1","osmType":"way","osmId":296812559}},{"type":"Feature","geometry":{"type":"LineString","coordinates":[[19.7099411,45.9366114],[19.7098,45.9359999],[19.7094237,45.9347175],[19.7091551,45.9338019]]},"properties":{"category":"road","class":"motorway","name":"","ref":"A1","osmType":"way","osmId":296812568}},{"type":"Feature","geometry":{"type":"LineString","coordinates":[[19.5976366,45.953875],[19.5974754,45.9537986]]},"properties":{"category":"road","class":"tertiary","name":"","osmType":"way","osmId":327567844}},{"type":"Feature","geometry":{"type":"LineString","coordinates":[[19.5974754,45.9537986],[19.5968111,45.9534768]]},"properties":{"category":"road","class":"tertiary","name":"","osmType":"way","osmId":327567845}},{"type":"Feature","geometry":{"type":"LineString","coordinates":[[19.6598794,46.1041989],[19.6599353,46.1041402],[19.661429,46.1025724],[19.66157,46.1024545],[19.6616593,46.1023758],[19.6616844,46.1023447],[19.6617086,46.1023012]]},"properties":{"category":"road","class":"tertiary","name":"Алеја маршала Тита","osmType":"way","osmId":332658549}},{"type":"Feature","geometry":{"type":"LineString","coordinates":[[19.6867219,46.033278],[19.6873002,46.0332273]]},"properties":{"category":"road","class":"trunk","name":"","ref":"11","osmType":"way","osmId":354874649}},{"type":"Feature","geometry":{"type":"LineString","coordinates":[[19.6822707,46.0338277],[19.6832741,46.0336928]]},"properties":{"category":"road","class":"trunk","name":"","ref":"11","osmType":"way","osmId":354874651}},{"type":"Feature","geometry":{"type":"LineString","coordinates":[[19.6832741,46.0336928],[19.6837865,46.0336305],[19.6846234,46.0335196],[19.6856705,46.0333913],[19.6867219,46.033278]]},"properties":{"category":"road","class":"trunk","name":"Обилазница око Суботице","ref":"11","osmType":"way","osmId":354874653}},{"type":"Feature","geometry":{"type":"LineString","coordinates":[[19.6439527,46.0549298],[19.6448944,46.0542682],[19.6458345,46.0536029],[19.6496138,46.050949],[19.6496182,46.0509459],[19.6531025,46.0484991],[19.6582336,46.0449127],[19.6586616,46.0446105],[19.6586664,46.044607],[19.6606506,46.0432059],[19.6617957,46.0423972]]},"properties":{"category":"road","class":"trunk","name":"Обилазница око Суботице","ref":"11","osmType":"way","osmId":354874663}},{"type":"Feature","geometry":{"type":"LineString","coordinates":[[19.643282,46.0554053],[19.6439527,46.0549298]]},"properties":{"category":"road","class":"trunk","name":"","ref":"11","osmType":"way","osmId":354874669}},{"type":"Feature","geometry":{"type":"LineString","coordinates":[[19.5658025,46.1152253],[19.5665628,46.1145922],[19.5708113,46.1110544],[19.5726666,46.1095015],[19.5736027,46.1087223],[19.5745362,46.107935],[19.5763285,46.1064446],[19.5790341,46.1041811],[19.5806435,46.1028458],[19.5828087,46.1010327],[19.5870057,46.0975305]]},"properties":{"category":"road","class":"trunk","name":"Обилазница око Суботице","ref":"11","osmType":"way","osmId":354874688}},{"type":"Feature","geometry":{"type":"LineString","coordinates":[[19.565239,46.1156881],[19.5653863,46.1155694],[19.5654946,46.1154799],[19.5656258,46.1153715],[19.5658025,46.1152253]]},"properties":{"category":"road","class":"trunk","name":"","ref":"11","osmType":"way","osmId":354874689}},{"type":"Feature","geometry":{"type":"LineString","coordinates":[[19.5629663,46.1575628],[19.5628975,46.1565957],[19.5628358,46.1561303],[19.5627432,46.1556405],[19.562603,46.155172]]},"properties":{"category":"road","class":"trunk","name":"Обилазница око Суботице","ref":"11","osmType":"way","osmId":354874696}},{"type":"Feature","geometry":{"type":"LineString","coordinates":[[19.5550711,46.1328909],[19.5550897,46.1325874],[19.5551464,46.1319498],[19.5551893,46.1316208],[19.5552228,46.1313602],[19.5553422,46.1306031],[19.55542,46.1301904],[19.5554954,46.1298459],[19.5555434,46.1296309],[19.5556211,46.1293186],[19.5557569,46.1287952],[19.5561681,46.1275047],[19.5564178,46.1268314],[19.5567107,46.126144],[19.557142,46.1252067],[19.557378,46.1247345],[19.5576375,46.1242709],[19.5580821,46.1234973],[19.5583127,46.1231153],[19.5585659,46.1227301],[19.5590544,46.1220147],[19.5595865,46.1213025],[19.5603016,46.1204061],[19.5606838,46.1199589],[19.5610775,46.1195162],[19.5619874,46.1185678],[19.5623293,46.1182423],[19.5629711,46.1176312],[19.5640822,46.1166639],[19.565239,46.1156881]]},"properties":{"category":"road","class":"trunk","name":"Обилазница око Суботице","ref":"11","osmType":"way","osmId":354874698}},{"type":"Feature","geometry":{"type":"LineString","coordinates":[[19.5624946,46.1650646],[19.5622727,46.1648493],[19.5622197,46.1647762],[19.5622004,46.1647082],[19.5622376,46.164607]]},"properties":{"category":"road","class":"primary","name":"","ref":"11","osmType":"way","osmId":354874700}},{"type":"Feature","geometry":{"type":"LineString","coordinates":[[19.7379187,46.0301097],[19.7383989,46.0300052],[19.7385894,46.0299731],[19.7387356,46.0299503]]},"properties":{"category":"road","class":"trunk","name":"","ref":"11","osmType":"way","osmId":355277567}},{"type":"Feature","geometry":{"type":"LineString","coordinates":[[19.5631467,46.1630641],[19.5631987,46.1630046],[19.5632334,46.1629562],[19.5632571,46.1628926],[19.5632853,46.1628171]]},"properties":{"category":"road","class":"trunk","name":"","ref":"11","osmType":"way","osmId":367810433}},{"type":"Feature","geometry":{"type":"LineString","coordinates":[[19.6635,46.0872508],[19.6633565,46.0874227]]},"properties":{"category":"road","class":"tertiary","name":"Ивана Антуновића","osmType":"way","osmId":400326752}},{"type":"Feature","geometry":{"type":"LineString","coordinates":[[19.6632941,46.0873746],[19.6635,46.0872508]]},"properties":{"category":"road","class":"tertiary","name":"Ивана Антуновића","osmType":"way","osmId":400326753}},{"type":"Feature","geometry":{"type":"LineString","coordinates":[[19.6631284,46.0875044],[19.6629275,46.0874677]]},"properties":{"category":"road","class":"tertiary","name":"","osmType":"way","osmId":400326755}},{"type":"Feature","geometry":{"type":"LineString","coordinates":[[19.662009,46.0873409],[19.6621449,46.0873348],[19.6622378,46.0873389],[19.6623288,46.0873526]]},"properties":{"category":"road","class":"tertiary","name":"Динка Шимуновића","osmType":"way","osmId":400326756}},{"type":"Feature","geometry":{"type":"LineString","coordinates":[[19.5840871,46.0897126],[19.5793265,46.0880241],[19.5784506,46.0877123],[19.5781958,46.0876224],[19.5779352,46.0875366],[19.5765766,46.0871652],[19.5730426,46.0862298],[19.5725564,46.0860991],[19.5713382,46.0859613],[19.5711563,46.0859179],[19.5709691,46.0858633],[19.570905,46.0858369],[19.5693814,46.0852085],[19.5687433,46.0849578],[19.5639436,46.0833554],[19.5633387,46.0831493],[19.5566156,46.0810106],[19.5517635,46.0794556],[19.5511578,46.0792677],[19.550403,46.078938],[19.5413568,46.0744425],[19.5410015,46.0742659],[19.5409568,46.0742438]]},"properties":{"category":"road","class":"tertiary","name":"Љутовачки пут","osmType":"way","osmId":473333597}},{"type":"Feature","geometry":{"type":"LineString","coordinates":[[19.6607088,46.1006145],[19.6607108,46.1005225],[19.6607356,46.1004453],[19.6607741,46.1003907],[19.6615123,46.0994677],[19.6615371,46.0994367],[19.6615665,46.0994]]},"properties":{"category":"road","class":"tertiary","name":"Иштвана Сечењија","osmType":"way","osmId":473411715}},{"type":"Feature","geometry":{"type":"LineString","coordinates":[[19.6778685,46.0962576],[19.6780723,46.0962628],[19.6786452,46.0963875]]},"properties":{"category":"road","class":"tertiary","name":"Трг јеврејских жртава","osmType":"way","osmId":473499334}},{"type":"Feature","geometry":{"type":"LineString","coordinates":[[19.6573937,46.096933],[19.6574607,46.0969717],[19.6588246,46.097721]]},"properties":{"category":"road","class":"tertiary","name":"Сомборски пут","osmType":"way","osmId":474120538}},{"type":"Feature","geometry":{"type":"LineString","coordinates":[[19.6695594,46.1103415],[19.6695725,46.1103923],[19.6695922,46.1104415],[19.669729,46.1106562],[19.6700402,46.1111072],[19.6702715,46.1115419],[19.6702996,46.1115947],[19.6704248,46.1118459],[19.6705546,46.1120618],[19.6707142,46.1122935],[19.6708963,46.1125186],[19.6711741,46.1128056],[19.671507,46.1130876],[19.6719046,46.1134309],[19.6720222,46.1135917],[19.6721783,46.1139321],[19.6722868,46.1141974],[19.6723763,46.1144163],[19.6729671,46.1158607],[19.6733222,46.1167288],[19.6735531,46.1174028],[19.6738051,46.1184342],[19.6739788,46.1192553],[19.6740157,46.1194071],[19.6744186,46.1203281],[19.6748007,46.1210535],[19.6749162,46.1212622]]},"properties":{"category":"road","class":"tertiary","name":"Мајшански пут","osmType":"way","osmId":474126876}},{"type":"Feature","geometry":{"type":"LineString","coordinates":[[19.8001314,46.1072377],[19.800194,46.1071182]]},"properties":{"category":"road","class":"tertiary","name":"","osmType":"way","osmId":475943061}},{"type":"Feature","geometry":{"type":"LineString","coordinates":[[19.7999162,46.1076733],[19.7999549,46.107595],[19.7999699,46.1075646],[19.8000953,46.1073108],[19.8001314,46.1072377]]},"properties":{"category":"road","class":"tertiary","name":"","osmType":"way","osmId":475943062}},{"type":"Feature","geometry":{"type":"LineString","coordinates":[[19.7920954,46.0994842],[19.7920493,46.0992757]]},"properties":{"category":"road","class":"motorway","name":"","ref":"A1","osmType":"way","osmId":475943065}},{"type":"Feature","geometry":{"type":"LineString","coordinates":[[19.7948728,46.1074104],[19.7942332,46.1061765],[19.793973,46.1056363],[19.7937735,46.1051491],[19.7937276,46.1050284],[19.7936417,46.1048023],[19.7934258,46.1042703]]},"properties":{"category":"road","class":"motorway","name":"","ref":"A1","osmType":"way","osmId":475943066}},{"type":"Feature","geometry":{"type":"LineString","coordinates":[[19.792255,46.0994707],[19.7924387,46.1002198],[19.7928143,46.1016909],[19.7929645,46.1022675],[19.7931495,46.1029332]]},"properties":{"category":"road","class":"motorway","name":"","ref":"A1","osmType":"way","osmId":475943067}},{"type":"Feature","geometry":{"type":"LineString","coordinates":[[19.7922087,46.0992648],[19.792255,46.0994707]]},"properties":{"category":"road","class":"motorway","name":"","ref":"A1","osmType":"way","osmId":475943068}},{"type":"Feature","geometry":{"type":"LineString","coordinates":[[19.6720159,46.0901294],[19.6721,46.0901751],[19.6725079,46.090397],[19.6727824,46.0905449]]},"properties":{"category":"road","class":"tertiary","name":"Блашка Рајића","osmType":"way","osmId":482221553}},{"type":"Feature","geometry":{"type":"LineString","coordinates":[[19.6789879,46.0858246],[19.6793251,46.0859049],[19.6793954,46.0859229],[19.6794455,46.0859358],[19.6795209,46.0859495],[19.6795707,46.0859477]]},"properties":{"category":"road","class":"secondary","name":"Бајнатска","ref":"100","osmType":"way","osmId":505694944}},{"type":"Feature","geometry":{"type":"LineString","coordinates":[[19.6792294,46.086366],[19.679267,46.0863018],[19.6793461,46.0862209],[19.6793954,46.0861755],[19.6794118,46.0861604],[19.6794581,46.0861139],[19.6795028,46.086064]]},"properties":{"category":"road","class":"tertiary","name":"Браће Радића","osmType":"way","osmId":505694946}},{"type":"Feature","geometry":{"type":"LineString","coordinates":[[19.6796235,46.0861388],[19.6795687,46.086166],[19.6795204,46.0861846],[19.6794762,46.0862041],[19.679381,46.0862683],[19.6793072,46.0863213],[19.6792294,46.086366]]},"properties":{"category":"road","class":"tertiary","name":"Браће Радића","osmType":"way","osmId":505694947}},{"type":"Feature","geometry":{"type":"LineString","coordinates":[[19.6803143,46.0862776],[19.6808815,46.0864888],[19.6810643,46.0865569],[19.6811789,46.0865958],[19.6813334,46.0866528],[19.682156,46.0869562],[19.68219,46.0869687],[19.6822157,46.0869782],[19.6824182,46.0870529],[19.682786,46.0871849],[19.6829455,46.0872421],[19.6835138,46.0874509]]},"properties":{"category":"road","class":"secondary","name":"Бајнатска","ref":"100","osmType":"way","osmId":505694948}},{"type":"Feature","geometry":{"type":"LineString","coordinates":[[19.679792,46.0860251],[19.6798719,46.0860757],[19.6799499,46.0861169],[19.6800318,46.0861543],[19.6801312,46.0861973],[19.6803143,46.0862776]]},"properties":{"category":"road","class":"secondary","name":"Бајнатска","ref":"100","osmType":"way","osmId":505694949}},{"type":"Feature","geometry":{"type":"LineString","coordinates":[[19.672922,46.0906785],[19.6728467,46.0906202],[19.6727824,46.0905449]]},"properties":{"category":"road","class":"tertiary","name":"Блашка Рајића","osmType":"way","osmId":506056601}},{"type":"Feature","geometry":{"type":"LineString","coordinates":[[19.6727824,46.0905449],[19.6728746,46.090558],[19.6729179,46.09057],[19.6730193,46.0906127]]},"properties":{"category":"road","class":"tertiary","name":"Блашка Рајића","osmType":"way","osmId":506056602}},{"type":"Feature","geometry":{"type":"LineString","coordinates":[[19.6732936,46.090515],[19.6732102,46.0906168],[19.6731556,46.0906659]]},"properties":{"category":"road","class":"tertiary","name":"Браће Радића","osmType":"way","osmId":506056604}},{"type":"Feature","geometry":{"type":"LineString","coordinates":[[19.6730843,46.0906167],[19.673157,46.0905771],[19.6732936,46.090515]]},"properties":{"category":"road","class":"tertiary","name":"Браће Радића","osmType":"way","osmId":506056605}},{"type":"Feature","geometry":{"type":"LineString","coordinates":[[19.6728175,46.0908655],[19.6728651,46.0907896],[19.6729247,46.0907209]]},"properties":{"category":"road","class":"tertiary","name":"Браће Радића","osmType":"way","osmId":506056606}},{"type":"Feature","geometry":{"type":"LineString","coordinates":[[19.6730031,46.0907764],[19.6729208,46.0908228],[19.6728175,46.0908655]]},"properties":{"category":"road","class":"tertiary","name":"Браће Радића","osmType":"way","osmId":506056607}},{"type":"Feature","geometry":{"type":"LineString","coordinates":[[19.7685938,46.0931181],[19.7697357,46.0925604],[19.770277,46.092296],[19.7715736,46.0916756],[19.7731671,46.0909132],[19.77373,46.0906435],[19.774349,46.0903469],[19.7752199,46.0899267],[19.7756916,46.0897027],[19.7766623,46.0892335],[19.7786053,46.0882958],[19.7835687,46.0859213]]},"properties":{"category":"road","class":"tertiary","name":"Кањишки пут","osmType":"way","osmId":507662313}},{"type":"Feature","geometry":{"type":"LineString","coordinates":[[19.8358378,46.1122637],[19.8367045,46.1124665],[19.8369095,46.112514],[19.8371167,46.1125531],[19.8373117,46.1125822],[19.83749,46.1126025]]},"properties":{"category":"road","class":"secondary","name":"Сегедински пут","ref":"100","osmType":"way","osmId":508813694}},{"type":"Feature","geometry":{"type":"LineString","coordinates":[[19.8322274,46.1114227],[19.8323624,46.1114532]]},"properties":{"category":"road","class":"secondary","name":"","ref":"100","osmType":"way","osmId":508813695}},{"type":"Feature","geometry":{"type":"LineString","coordinates":[[19.8677172,46.1033432],[19.8678849,46.103338]]},"properties":{"category":"road","class":"secondary","name":"Сегедински пут","ref":"100","osmType":"way","osmId":508813704}},{"type":"Feature","geometry":{"type":"LineString","coordinates":[[19.8754394,46.1032217],[19.8756464,46.1032284],[19.8758707,46.1032424],[19.8760864,46.1032623],[19.8762725,46.1032848],[19.8764644,46.1033133],[19.8766249,46.1033413],[19.876809,46.1033777],[19.8770479,46.1034319],[19.8773787,46.1035286],[19.8777784,46.1036706],[19.8780609,46.1037901],[19.8782681,46.1038864],[19.8788851,46.1042148],[19.8791257,46.1043451],[19.8798413,46.1047328]]},"properties":{"category":"road","class":"secondary","name":"Сегедински пут","ref":"100","osmType":"way","osmId":508813705}},{"type":"Feature","geometry":{"type":"LineString","coordinates":[[19.8808437,46.1052881],[19.8809472,46.1053488]]},"properties":{"category":"road","class":"secondary","name":"Сегедински пут","ref":"100","osmType":"way","osmId":509473570}},{"type":"Feature","geometry":{"type":"LineString","coordinates":[[19.8916326,46.1199758],[19.8916415,46.1199918],[19.8918048,46.120231],[19.891979,46.1204549],[19.8921709,46.1206808],[19.8923462,46.1208567],[19.8925498,46.121057]]},"properties":{"category":"road","class":"secondary","name":"Сегедински пут","ref":"100","osmType":"way","osmId":509473571}},{"type":"Feature","geometry":{"type":"LineString","coordinates":[[19.6650037,46.0404411],[19.6650238,46.0404885],[19.6650405,46.0405303],[19.6650808,46.0406197],[19.6652738,46.0408426],[19.6653031,46.0408871],[19.6653533,46.0409751]]},"properties":{"category":"road","class":"secondary","name":"","ref":"100","osmType":"way","osmId":517795400}},{"type":"Feature","geometry":{"type":"LineString","coordinates":[[19.66441,46.0402768],[19.664454,46.0402117],[19.6645257,46.0401597],[19.6646174,46.0401263]]},"properties":{"category":"road","class":"trunk","name":"","ref":"11;100","osmType":"way","osmId":517795401}},{"type":"Feature","geometry":{"type":"LineString","coordinates":[[19.7265289,46.0313727],[19.7265474,46.0314315],[19.7265435,46.0314916],[19.7265174,46.0315489],[19.7264708,46.0315996],[19.7264071,46.0316403]]},"properties":{"category":"road","class":"trunk","name":"Обилазница око Суботице","ref":"11","osmType":"way","osmId":517796053}},{"type":"Feature","geometry":{"type":"LineString","coordinates":[[19.6206039,46.0715606],[19.6206097,46.0716318],[19.6206332,46.0716918],[19.6207016,46.0717834],[19.6208444,46.0719332]]},"properties":{"category":"road","class":"secondary","name":"","osmType":"way","osmId":517796636}},{"type":"Feature","geometry":{"type":"LineString","coordinates":[[19.6199408,46.0714932],[19.6199291,46.0714243],[19.6199143,46.0713713],[19.6198835,46.0713168],[19.6198466,46.0712759],[19.6195667,46.0710299]]},"properties":{"category":"road","class":"primary","name":"","ref":"12","osmType":"way","osmId":517796638}},{"type":"Feature","geometry":{"type":"LineString","coordinates":[[19.6646388,46.0405537],[19.6645421,46.0405724],[19.6644659,46.0405978],[19.6643787,46.0406388],[19.6639868,46.0408465]]},"properties":{"category":"road","class":"trunk","name":"","ref":"11","osmType":"way","osmId":517803536}},{"type":"Feature","geometry":{"type":"LineString","coordinates":[[19.6843883,46.0455766],[19.6844501,46.0457481],[19.6844619,46.045811],[19.6844714,46.0459164],[19.684467,46.0460143],[19.6844559,46.046092],[19.6843612,46.0467518],[19.6841027,46.0481614],[19.6836238,46.0509911],[19.6833851,46.0523111],[19.6832302,46.0531677],[19.6830583,46.0542887],[19.68281,46.0557658],[19.6827751,46.0559796],[19.6827161,46.0563096],[19.6826782,46.0565173],[19.6826592,46.0566381],[19.6825404,46.0573904],[19.6825131,46.057567],[19.682282,46.0588333],[19.6821299,46.0598248],[19.6819831,46.0607819],[19.6816487,46.0625688],[19.6816036,46.0628983],[19.6815549,46.0632112],[19.6815499,46.0632398],[19.681427,46.0639759],[19.6813294,46.0645125],[19.6812197,46.0646513]]},"properties":{"category":"road","class":"tertiary","name":"Чантавирски пут","osmType":"way","osmId":517810441}},{"type":"Feature","geometry":{"type":"LineString","coordinates":[[19.7258896,46.0314982],[19.7258414,46.0314786],[19.7257733,46.0314551],[19.7251555,46.0313165]]},"properties":{"category":"road","class":"trunk","name":"Обилазница око Суботице","ref":"11","osmType":"way","osmId":517814976}},{"type":"Feature","geometry":{"type":"LineString","coordinates":[[19.6653142,46.0399131],[19.6658018,46.0395786],[19.6658089,46.0395737],[19.6663037,46.0392344],[19.6663068,46.0392322]]},"properties":{"category":"road","class":"trunk","name":"","ref":"11","osmType":"way","osmId":517814978}},{"type":"Feature","geometry":{"type":"LineString","coordinates":[[19.8522775,46.0194709],[19.8521432,46.0195617],[19.8519467,46.0196577],[19.8514446,46.0198851],[19.8485918,46.0209615],[19.8456809,46.0220278],[19.8443273,46.0224169],[19.8441235,46.0224725],[19.8416783,46.0232102],[19.8394805,46.023852],[19.8389639,46.0240693],[19.8385345,46.0243573],[19.8380542,46.0250849],[19.8371954,46.0266412],[19.8365755,46.0276233],[19.836156,46.0279146],[19.8356525,46.0281144],[19.8349093,46.0282392],[19.8340342,46.0283141],[19.8325533,46.0283832],[19.8324055,46.0283938],[19.8321644,46.0284112],[19.8316144,46.0284353]]},"properties":{"category":"water-line","class":"canal","name":"Ором - Палић","osmType":"way","osmId":535001006}},{"type":"Feature","geometry":{"type":"LineString","coordinates":[[19.8316144,46.0284353],[19.8314528,46.0284473]]},"properties":{"category":"water-line","class":"canal","name":"","osmType":"way","osmId":535001007}},{"type":"Feature","geometry":{"type":"LineString","coordinates":[[19.758556,46.0571291],[19.7584723,46.057154],[19.7582019,46.0572348],[19.7580726,46.0572731]]},"properties":{"category":"road","class":"secondary","name":"Сенћански пут","ref":"300","osmType":"way","osmId":535001011}},{"type":"Feature","geometry":{"type":"LineString","coordinates":[[19.7586419,46.0571018],[19.758556,46.0571291]]},"properties":{"category":"road","class":"secondary","name":"Сенћански пут","ref":"300","osmType":"way","osmId":535001012}},{"type":"Feature","geometry":{"type":"LineString","coordinates":[[19.7591387,46.05694],[19.7589674,46.0569958]]},"properties":{"category":"road","class":"secondary","name":"Сенћански пут","ref":"300","osmType":"way","osmId":535001013}},{"type":"Feature","geometry":{"type":"LineString","coordinates":[[19.7595595,46.0568061],[19.7592224,46.0569134],[19.7591387,46.05694]]},"properties":{"category":"road","class":"secondary","name":"Сенћански пут","ref":"300","osmType":"way","osmId":535001014}},{"type":"Feature","geometry":{"type":"LineString","coordinates":[[19.7610134,46.0563441],[19.7616228,46.0561277]]},"properties":{"category":"road","class":"secondary","name":"Сенћански пут","ref":"300","osmType":"way","osmId":535001015}},{"type":"Feature","geometry":{"type":"LineString","coordinates":[[19.7357558,46.0254098],[19.7360185,46.0260367],[19.7362679,46.0266829],[19.7364973,46.027264],[19.7366957,46.0277361],[19.7369707,46.0283962],[19.7371416,46.0287847]]},"properties":{"category":"road","class":"motorway","name":"","ref":"A1","osmType":"way","osmId":544713366}},{"type":"Feature","geometry":{"type":"LineString","coordinates":[[19.73397,46.0209989],[19.7339961,46.0210615]]},"properties":{"category":"road","class":"motorway","name":"","ref":"A1","osmType":"way","osmId":544713367}},{"type":"Feature","geometry":{"type":"LineString","coordinates":[[19.3956678,45.9603595],[19.3957364,45.9603654],[19.3958203,45.9603681],[19.3958884,45.9603692],[19.3960669,45.960369],[19.3961832,45.9603647]]},"properties":{"category":"road","class":"primary","name":"Сомборски пут","ref":"12","osmType":"way","osmId":549057397}},{"type":"Feature","geometry":{"type":"LineString","coordinates":[[19.5259794,46.0657849],[19.525283,46.0652444],[19.5241542,46.0643783],[19.5224911,46.0631116],[19.5218801,46.0626664],[19.5216639,46.0624982],[19.5214528,46.0623572],[19.521367,46.0623057],[19.5212578,46.0622507],[19.5204351,46.0618957],[19.5201484,46.0617466],[19.5189621,46.0604923],[19.5169472,46.058362],[19.5167871,46.0581968],[19.516714,46.0581061],[19.5166415,46.0579942],[19.5166003,46.0579123],[19.5165809,46.0578554],[19.5165727,46.0577927],[19.5165712,46.0577161],[19.5165967,46.0576074],[19.5166619,46.0573967],[19.5166907,46.0573191],[19.5167041,46.0572489],[19.5167052,46.0571895],[19.5166987,46.0571358],[19.5166821,46.0570772],[19.5166183,46.0569778],[19.516578,46.056924],[19.5164561,46.0568001],[19.5157785,46.0562192],[19.5152101,46.0557318],[19.5141649,46.0548906],[19.5117588,46.0527115],[19.5115259,46.0524536],[19.511429,46.0523216],[19.5113661,46.0521017],[19.5111872,46.0514329],[19.5111217,46.0512994],[19.5110855,46.0512237],[19.5110369,46.051148],[19.5109706,46.0510692],[19.5108889,46.0509902],[19.5108103,46.0509247],[19.5107286,46.0508673],[19.5106192,46.0507949],[19.5104683,46.0507107],[19.5103205,46.0506415],[19.5102097,46.0505973],[19.510071,46.0505557],[19.5099662,46.0505292],[19.5097196,46.0504803]]},"properties":{"category":"road","class":"tertiary","name":"Николе Тесле","osmType":"way","osmId":551916120}},{"type":"Feature","geometry":{"type":"LineString","coordinates":[[19.5409568,46.0742438],[19.5408414,46.0741871]]},"properties":{"category":"road","class":"tertiary","name":"","osmType":"way","osmId":551916122}},{"type":"Feature","geometry":{"type":"LineString","coordinates":[[19.5097196,46.0504803],[19.5094883,46.0504376]]},"properties":{"category":"road","class":"tertiary","name":"","osmType":"way","osmId":551916137}},{"type":"Feature","geometry":{"type":"LineString","coordinates":[[19.5094883,46.0504376],[19.5076333,46.0501396],[19.5040557,46.0493727],[19.5023159,46.049155],[19.5001296,46.0486813],[19.4995903,46.0485388],[19.4965356,46.0477318],[19.4963306,46.0476776]]},"properties":{"category":"road","class":"tertiary","name":"","osmType":"way","osmId":551916138}},{"type":"Feature","geometry":{"type":"LineString","coordinates":[[19.7338708,46.0211383],[19.7338496,46.0210838]]},"properties":{"category":"road","class":"motorway","name":"","ref":"A1","osmType":"way","osmId":608278354}},{"type":"Feature","geometry":{"type":"LineString","coordinates":[[19.8274361,46.0660328],[19.8276168,46.0659486],[19.8285624,46.065697],[19.8287307,46.0656505],[19.8292803,46.0654987],[19.8306332,46.0651025],[19.8315541,46.0648521],[19.8318483,46.0647823],[19.8320938,46.0647359],[19.8323803,46.0646898],[19.8326591,46.064656],[19.8328878,46.0646314],[19.8334766,46.0646007],[19.8342825,46.064561],[19.8345886,46.0645502],[19.836627,46.0644401],[19.8377826,46.0643943],[19.8389271,46.0643882],[19.8400485,46.0643785],[19.840805,46.0643502],[19.8414806,46.0643317],[19.8423198,46.064302],[19.8429848,46.0642784],[19.8441715,46.0642],[19.8443571,46.0641832],[19.8449198,46.0641648],[19.8456089,46.0642308],[19.8475527,46.0644838],[19.8488823,46.0646647],[19.8524674,46.065135],[19.8550814,46.0654848],[19.8565349,46.0657016],[19.8577628,46.0658706],[19.8624684,46.0665181],[19.8632874,46.0666196],[19.8651868,46.0668615],[19.8666368,46.0670596],[19.8669138,46.0670907],[19.8673867,46.0671265],[19.8675867,46.067137]]},"properties":{"category":"road","class":"tertiary","name":"Халомски шор","osmType":"way","osmId":642734800}},{"type":"Feature","geometry":{"type":"LineString","coordinates":[[19.7068443,45.9770322],[19.7062778,45.9785779],[19.706052,45.979224],[19.7057139,45.9801638],[19.7053815,45.9810877],[19.7051747,45.9816344],[19.7050081,45.9821066],[19.7049608,45.9822405],[19.704587,45.98329],[19.7045684,45.9833487],[19.7045539,45.9833946],[19.7042863,45.9842389],[19.7041248,45.9846872],[19.7041101,45.984728],[19.703978,45.9851253],[19.7038605,45.9854661],[19.7037237,45.9858721],[19.7037016,45.9859376],[19.7036692,45.9860236],[19.7033516,45.9869233],[19.7030019,45.9878823],[19.7027401,45.988624],[19.7023536,45.9897398],[19.7022444,45.9900338],[19.7022062,45.9901497],[19.7021773,45.9902373],[19.702132,45.9903634],[19.7018682,45.9910983],[19.7015479,45.9919903],[19.7013571,45.9925082],[19.7013172,45.9926165],[19.7012872,45.992698],[19.7011489,45.9930736],[19.7009922,45.9935672],[19.7008793,45.9939234],[19.7008014,45.9941691],[19.7007892,45.9942023],[19.7005861,45.994758],[19.7005691,45.9948044],[19.700426,45.9951959],[19.7003199,45.9955197],[19.7001659,45.9959382],[19.6998971,45.9966687],[19.6997114,45.9972079],[19.6994051,45.9980834],[19.6991142,45.998915],[19.6989003,45.9995286],[19.6988045,45.9998117],[19.6987238,46.0000503],[19.6987103,46.0000904],[19.6985966,46.0004264],[19.6984151,46.0009632],[19.6981044,46.0018816],[19.6979362,46.002366],[19.6978744,46.0025439],[19.6978285,46.0026761],[19.6978205,46.0026993],[19.697696,46.0030576],[19.6975669,46.0034294],[19.6974773,46.0036852],[19.6974316,46.0038154],[19.6970649,46.0047766],[19.6970217,46.0048961],[19.6970013,46.0049525],[19.696641,46.0059498],[19.6966077,46.0060419],[19.6964097,46.0065896],[19.6963279,46.0068161],[19.6963098,46.0068748],[19.6962789,46.006975],[19.6961408,46.0073786],[19.6959012,46.0081829],[19.6958794,46.0082313],[19.6958414,46.0083535],[19.695446,46.009425],[19.6954269,46.0094768],[19.6952475,46.0099631],[19.6951806,46.0101745],[19.6950643,46.010523],[19.6949741,46.0107765],[19.6947445,46.0114215],[19.6946606,46.0116572],[19.694507,46.0120889],[19.6944572,46.0122286],[19.6943028,46.0126625],[19.6942211,46.012892],[19.6931148,46.0162236],[19.6931017,46.016263],[19.6930324,46.0164478],[19.6928232,46.0170064],[19.6926725,46.0174085],[19.6926572,46.0174493],[19.6924938,46.0178854],[19.6923061,46.0183865],[19.6919502,46.0193087],[19.6912135,46.0212175],[19.6901943,46.0241974],[19.6898974,46.0250708],[19.6891104,46.0273859],[19.6888287,46.0282092],[19.688684,46.028632],[19.6874956,46.0320144],[19.6870855,46.0331687],[19.6869766,46.0334642],[19.6867511,46.0340827],[19.686502,46.0347523],[19.6864074,46.0350536],[19.6862195,46.036097]]},"properties":{"category":"road","class":"tertiary","name":"Биково салаши","osmType":"way","osmId":643536983}},{"type":"Feature","geometry":{"type":"LineString","coordinates":[[19.7068748,45.9769449],[19.7068443,45.9770322]]},"properties":{"category":"road","class":"tertiary","name":"Нови Жедник салаши","osmType":"way","osmId":643536984}},{"type":"Feature","geometry":{"type":"LineString","coordinates":[[19.7090113,45.9731494],[19.7087761,45.9734618],[19.7085866,45.9737134],[19.7083066,45.9741053],[19.7076693,45.9749972],[19.7073858,45.9754912],[19.7068748,45.9769449]]},"properties":{"category":"road","class":"tertiary","name":"Нови Жедник салаши","osmType":"way","osmId":643536985}},{"type":"Feature","geometry":{"type":"LineString","coordinates":[[19.7126018,45.9681262],[19.7125659,45.9682208],[19.7125522,45.9682898],[19.7125305,45.9684548],[19.7125266,45.9688387],[19.7125496,45.9692241],[19.7125626,45.9693827],[19.7125458,45.9694806],[19.7125211,45.9695741],[19.7124943,45.9696558],[19.712419,45.9697728],[19.7123242,45.9698848],[19.7122151,45.9699783],[19.7120743,45.9700684],[19.7119407,45.970144],[19.7117104,45.9702322],[19.7112582,45.9703584]]},"properties":{"category":"road","class":"tertiary","name":"Нови Жедник салаши","osmType":"way","osmId":643536986}},{"type":"Feature","geometry":{"type":"LineString","coordinates":[[19.7438922,45.9484981],[19.7437838,45.9486434],[19.7428849,45.9498475],[19.7428646,45.9498712],[19.7428393,45.9498956],[19.742809,45.9499186],[19.7427755,45.9499388],[19.7427295,45.9499628],[19.7426844,45.9499825],[19.7423952,45.9501011],[19.7414109,45.9504957],[19.7411495,45.9505991],[19.740646,45.9508005],[19.7377744,45.9519482],[19.7376605,45.9519937],[19.7376103,45.9520148],[19.7366049,45.9524424],[19.7364583,45.9525048],[19.7353969,45.9529562],[19.7353519,45.9529762],[19.7350189,45.9531241]]},"properties":{"category":"road","class":"tertiary","name":"Марка Орешковића","osmType":"way","osmId":643537673}},{"type":"Feature","geometry":{"type":"LineString","coordinates":[[19.7427745,46.0393183],[19.7420347,46.03823],[19.7413748,46.0372245],[19.7403958,46.0356027],[19.7402108,46.0352955],[19.739986,46.0349047]]},"properties":{"category":"road","class":"motorway","name":"","ref":"A1","osmType":"way","osmId":644037591}},{"type":"Feature","geometry":{"type":"LineString","coordinates":[[19.5625615,46.0355565],[19.5636709,46.0362144],[19.5651736,46.0371045]]},"properties":{"category":"road","class":"primary","name":"Суботичка","ref":"12","osmType":"way","osmId":645111607}},{"type":"Feature","geometry":{"type":"LineString","coordinates":[[19.4355231,45.9696725],[19.4356032,45.9697069]]},"properties":{"category":"road","class":"primary","name":"Суботичка","ref":"12","osmType":"way","osmId":645815172}},{"type":"Feature","geometry":{"type":"LineString","coordinates":[[19.4356032,45.9697069],[19.4357586,45.969776],[19.4359856,45.9698948],[19.4362723,45.9700471],[19.4363208,45.9700729],[19.436756,45.9703047],[19.4377707,45.9708608],[19.4382125,45.9710863],[19.4384484,45.9712036],[19.4385019,45.9712302],[19.4385319,45.9712451],[19.4386073,45.9712826],[19.4389065,45.9714318],[19.4392484,45.9716081]]},"properties":{"category":"road","class":"primary","name":"Суботичка","ref":"12","osmType":"way","osmId":645815173}},{"type":"Feature","geometry":{"type":"LineString","coordinates":[[19.6628444,46.0998655],[19.6629126,46.0998531],[19.6629723,46.0998317],[19.6634229,46.0995465],[19.6635393,46.0994746],[19.6636525,46.0994047],[19.6640173,46.0991123],[19.664085,46.099058],[19.6641961,46.0989534],[19.6642354,46.098918],[19.6644593,46.0987084],[19.6650719,46.0981349]]},"properties":{"category":"road","class":"tertiary","name":"Штросмајерова","osmType":"way","osmId":652826620}},{"type":"Feature","geometry":{"type":"LineString","coordinates":[[19.6624696,46.0997667],[19.6625147,46.0997567],[19.6625621,46.0997566],[19.6626074,46.0997662],[19.6626465,46.0997848],[19.6626758,46.0998107],[19.6626926,46.0998414],[19.6626954,46.0998742],[19.6626852,46.0999041],[19.6626633,46.0999308],[19.6626316,46.0999522],[19.6625925,46.0999666],[19.6625452,46.099973],[19.6624974,46.0999691],[19.6624536,46.0999554],[19.6624177,46.0999332],[19.6623933,46.0999044]]},"properties":{"category":"road","class":"tertiary","name":"","osmType":"way","osmId":652826622}},{"type":"Feature","geometry":{"type":"LineString","coordinates":[[19.6692235,46.1096101],[19.6692624,46.1096381],[19.6692943,46.1096513],[19.669337,46.1096756],[19.6693594,46.1096871],[19.6694192,46.1097339],[19.669434,46.1097446],[19.6694481,46.1097572],[19.6694621,46.1097795],[19.6694675,46.1098009],[19.6694662,46.1098195],[19.6694588,46.109839],[19.6694481,46.1098562],[19.669434,46.1098687],[19.669379,46.1099013],[19.669366,46.1099113],[19.6693307,46.1099386]]},"properties":{"category":"road","class":"tertiary","name":"Јована Микића","osmType":"way","osmId":653629152}},{"type":"Feature","geometry":{"type":"LineString","coordinates":[[19.4815173,45.9907712],[19.4825317,45.9912466],[19.4833884,45.9916481],[19.4836028,45.9917485],[19.4841556,45.9920075],[19.4860154,45.992879]]},"properties":{"category":"road","class":"primary","name":"Владе Ћетковића","osmType":"way","osmId":674532998}},{"type":"Feature","geometry":{"type":"LineString","coordinates":[[19.7356039,46.025433],[19.7349185,46.0237423]]},"properties":{"category":"road","class":"motorway","name":"","ref":"A1","osmType":"way","osmId":680357497}},{"type":"Feature","geometry":{"type":"LineString","coordinates":[[19.7361591,46.0268034],[19.7361125,46.0266954],[19.7360205,46.0264729],[19.7356039,46.025433]]},"properties":{"category":"road","class":"motorway","name":"","ref":"A1","osmType":"way","osmId":680357499}},{"type":"Feature","geometry":{"type":"LineString","coordinates":[[19.7342831,46.0221461],[19.7341034,46.0216917],[19.7340037,46.0214553],[19.7338708,46.0211383]]},"properties":{"category":"road","class":"motorway","name":"","ref":"A1","osmType":"way","osmId":680357500}},{"type":"Feature","geometry":{"type":"LineString","coordinates":[[19.7373629,46.0297216],[19.736998,46.0288664],[19.7366618,46.0280369],[19.7362941,46.0271294]]},"properties":{"category":"road","class":"motorway","name":"","ref":"A1","osmType":"way","osmId":680357501}},{"type":"Feature","geometry":{"type":"LineString","coordinates":[[19.7934258,46.1042703],[19.7930838,46.10328]]},"properties":{"category":"road","class":"motorway","name":"","ref":"A1","osmType":"way","osmId":680376961}},{"type":"Feature","geometry":{"type":"LineString","coordinates":[[19.7930838,46.10328],[19.7930181,46.1030541],[19.7929604,46.102844],[19.79288,46.1025632],[19.7927928,46.1022182],[19.7925997,46.1014975],[19.7923261,46.1004253],[19.7922121,46.0999548],[19.7920954,46.0994842]]},"properties":{"category":"road","class":"motorway","name":"","ref":"A1","osmType":"way","osmId":680376964}},{"type":"Feature","geometry":{"type":"LineString","coordinates":[[19.7945932,46.1065215],[19.7950083,46.1073407],[19.7953731,46.1080213]]},"properties":{"category":"road","class":"motorway","name":"","ref":"A1","osmType":"way","osmId":680376968}},{"type":"Feature","geometry":{"type":"LineString","coordinates":[[19.7953731,46.1080213],[19.7955394,46.1082867],[19.7957694,46.1086633],[19.7960812,46.1091575],[19.7964406,46.1096726],[19.7968858,46.1102769],[19.7975001,46.1110505],[19.7981009,46.1117514]]},"properties":{"category":"road","class":"motorway","name":"","ref":"A1","osmType":"way","osmId":680376971}},{"type":"Feature","geometry":{"type":"LineString","coordinates":[[19.7952283,46.1080789],[19.7948728,46.1074104]]},"properties":{"category":"road","class":"motorway","name":"","ref":"A1","osmType":"way","osmId":680376973}},{"type":"Feature","geometry":{"type":"LineString","coordinates":[[19.7978434,46.1116776],[19.7973807,46.1111109],[19.7968107,46.1104145],[19.7960651,46.1093899],[19.79577,46.1089306]]},"properties":{"category":"road","class":"motorway","name":"","ref":"A1","osmType":"way","osmId":680376979}},{"type":"Feature","geometry":{"type":"LineString","coordinates":[[19.7832763,46.0774897],[19.7819297,46.0755951]]},"properties":{"category":"road","class":"motorway","name":"","ref":"A1","osmType":"way","osmId":680377566}},{"type":"Feature","geometry":{"type":"LineString","coordinates":[[19.7850197,46.080208],[19.7846764,46.0796312],[19.7844243,46.0792163],[19.7841132,46.0787307],[19.7837189,46.0781521],[19.7836262,46.0780132],[19.7834319,46.0777223],[19.7832763,46.0774897]]},"properties":{"category":"road","class":"motorway","name":"","ref":"A1","osmType":"way","osmId":680377567}},{"type":"Feature","geometry":{"type":"LineString","coordinates":[[19.7859237,46.0817727],[19.7850197,46.080208]]},"properties":{"category":"road","class":"motorway","name":"","ref":"A1","osmType":"way","osmId":680377568}},{"type":"Feature","geometry":{"type":"LineString","coordinates":[[19.7920493,46.0992757],[19.7919048,46.0986699],[19.7915803,46.0973097],[19.7913632,46.0963996],[19.7912653,46.0960054],[19.7910547,46.0951571],[19.7906122,46.0935389],[19.7904553,46.0928999],[19.7902876,46.0922721],[19.7900006,46.0912956],[19.7895299,46.0898363],[19.7892201,46.089015],[19.7889331,46.0881946],[19.7886917,46.0876049],[19.7882947,46.086645],[19.7877878,46.085486],[19.7873586,46.0845354],[19.7870555,46.0839233],[19.7865057,46.0828573],[19.7861409,46.0821615],[19.7859237,46.0817727]]},"properties":{"category":"road","class":"motorway","name":"","ref":"A1","osmType":"way","osmId":680377569}},{"type":"Feature","geometry":{"type":"LineString","coordinates":[[19.757416,46.0541376],[19.7562393,46.0532204]]},"properties":{"category":"road","class":"motorway","name":"","ref":"A1","osmType":"way","osmId":680378538}},{"type":"Feature","geometry":{"type":"LineString","coordinates":[[19.7596479,46.0557777],[19.7582681,46.0547637],[19.757416,46.0541376]]},"properties":{"category":"road","class":"motorway","name":"","ref":"A1","osmType":"way","osmId":680378539}},{"type":"Feature","geometry":{"type":"LineString","coordinates":[[19.760896,46.0566637],[19.7596479,46.0557777]]},"properties":{"category":"road","class":"motorway","name":"","ref":"A1","osmType":"way","osmId":680378540}},{"type":"Feature","geometry":{"type":"LineString","coordinates":[[19.7617629,46.0571211],[19.7620332,46.0573208],[19.7635406,46.0583957],[19.7642221,46.0588943]]},"properties":{"category":"road","class":"motorway","name":"","ref":"A1","osmType":"way","osmId":680378542}},{"type":"Feature","geometry":{"type":"LineString","coordinates":[[19.7642221,46.0588943],[19.7658975,46.0600965]]},"properties":{"category":"road","class":"motorway","name":"","ref":"A1","osmType":"way","osmId":680378543}},{"type":"Feature","geometry":{"type":"LineString","coordinates":[[19.7190904,45.9941717],[19.7195645,45.9948998],[19.7199078,45.9954169]]},"properties":{"category":"road","class":"motorway","name":"","ref":"A1","osmType":"way","osmId":680379473}},{"type":"Feature","geometry":{"type":"LineString","coordinates":[[19.7198442,45.9955479],[19.7192036,45.9945893]]},"properties":{"category":"road","class":"motorway","name":"","ref":"A1","osmType":"way","osmId":680379474}},{"type":"Feature","geometry":{"type":"LineString","coordinates":[[19.7219438,45.9987908],[19.7216968,45.9984141],[19.7202939,45.9962436],[19.7198442,45.9955479]]},"properties":{"category":"road","class":"motorway","name":"","ref":"A1","osmType":"way","osmId":680379475}},{"type":"Feature","geometry":{"type":"LineString","coordinates":[[19.7199078,45.9954169],[19.720687,45.9966113],[19.7215855,45.9979762],[19.7218926,45.9984392],[19.7221689,45.9988612]]},"properties":{"category":"road","class":"motorway","name":"","ref":"A1","osmType":"way","osmId":680379476}},{"type":"Feature","geometry":{"type":"LineString","coordinates":[[19.7221689,45.9988612],[19.7228005,45.9998301],[19.7235489,46.0009657],[19.7236401,46.0011027]]},"properties":{"category":"road","class":"motorway","name":"","ref":"A1","osmType":"way","osmId":680379477}},{"type":"Feature","geometry":{"type":"LineString","coordinates":[[19.7236401,46.0011027],[19.7237228,46.0012304],[19.7240424,46.0017241],[19.7244903,46.0024321],[19.7256786,46.0042393],[19.7265503,46.0056403],[19.7272986,46.0068512],[19.7280067,46.008038],[19.7287879,46.0094472],[19.7291815,46.0101952],[19.7300291,46.0118401],[19.7303443,46.0124846]]},"properties":{"category":"road","class":"motorway","name":"","ref":"A1","osmType":"way","osmId":680379478}},{"type":"Feature","geometry":{"type":"LineString","coordinates":[[19.7232133,46.0006966],[19.7219438,45.9987908]]},"properties":{"category":"road","class":"motorway","name":"","ref":"A1","osmType":"way","osmId":680379479}},{"type":"Feature","geometry":{"type":"LineString","coordinates":[[19.7330329,46.01905],[19.7327502,46.0183601],[19.7326429,46.018097],[19.7321729,46.0169254],[19.7319576,46.0164327],[19.7314019,46.0151612],[19.7308275,46.0138784],[19.7299126,46.0119063],[19.7286456,46.0094768],[19.7279421,46.0082389],[19.7271211,46.0068414],[19.725583,46.0043424],[19.7241005,46.0020593],[19.7237908,46.0015824],[19.7235757,46.0012504],[19.7232133,46.0006966]]},"properties":{"category":"road","class":"motorway","name":"","ref":"A1","osmType":"way","osmId":680379480}},{"type":"Feature","geometry":{"type":"LineString","coordinates":[[19.710726,45.9659004],[19.7108256,45.9642559]]},"properties":{"category":"road","class":"motorway","name":"","ref":"A1","osmType":"way","osmId":680380100}},{"type":"Feature","geometry":{"type":"LineString","coordinates":[[19.7106991,45.9686021],[19.7106987,45.966838],[19.7106986,45.9666258],[19.710726,45.9659004]]},"properties":{"category":"road","class":"motorway","name":"","ref":"A1","osmType":"way","osmId":680380101}},{"type":"Feature","geometry":{"type":"LineString","coordinates":[[19.7109398,45.9646291],[19.7108942,45.9654998],[19.7108661,45.9662269]]},"properties":{"category":"road","class":"motorway","name":"","ref":"A1","osmType":"way","osmId":680380102}},{"type":"Feature","geometry":{"type":"LineString","coordinates":[[19.7108661,45.9662269],[19.7108486,45.9668552],[19.7108359,45.9682138],[19.7108513,45.9691502]]},"properties":{"category":"road","class":"motorway","name":"","ref":"A1","osmType":"way","osmId":680380103}},{"type":"Feature","geometry":{"type":"LineString","coordinates":[[19.7107456,45.9700222],[19.7106993,45.9692127],[19.7106991,45.9686021]]},"properties":{"category":"road","class":"motorway","name":"","ref":"A1","osmType":"way","osmId":680380104}},{"type":"Feature","geometry":{"type":"LineString","coordinates":[[19.7192036,45.9945893],[19.7189898,45.9942693],[19.7187846,45.9939622],[19.7181527,45.9929712],[19.717033,45.9911261],[19.7164241,45.9899935],[19.7158266,45.9888678],[19.7147997,45.9866498],[19.7141467,45.9852176],[19.7139056,45.9846057],[19.713628,45.983901],[19.7130492,45.9822412],[19.7125141,45.9805671],[19.7119778,45.9786631],[19.7115543,45.9766664],[19.7114046,45.975751],[19.7109841,45.9731358],[19.7108141,45.9712218],[19.7107456,45.9700222]]},"properties":{"category":"road","class":"motorway","name":"","ref":"A1","osmType":"way","osmId":680380105}},{"type":"Feature","geometry":{"type":"LineString","coordinates":[[19.7108513,45.9691502],[19.7108942,45.969894],[19.7109237,45.9703414],[19.7109479,45.9707795],[19.7109693,45.9711859],[19.7110069,45.9716258]]},"properties":{"category":"road","class":"motorway","name":"","ref":"A1","osmType":"way","osmId":680380106}},{"type":"Feature","geometry":{"type":"LineString","coordinates":[[19.7110069,45.9716258],[19.7110605,45.9723249],[19.7111651,45.9731675],[19.7112671,45.9739374],[19.7113448,45.9745693],[19.711487,45.9753559],[19.7115487,45.9757436],[19.7117016,45.9766402],[19.7119322,45.9777325],[19.7121522,45.9785993],[19.7124124,45.9795592],[19.7126967,45.9805377],[19.7132009,45.9821444],[19.713445,45.9828955],[19.7138125,45.9839187],[19.7140968,45.9846456],[19.7143596,45.9853053],[19.7149256,45.9866006],[19.7154486,45.9877374],[19.7160092,45.9889078],[19.7166154,45.9900352],[19.7171733,45.9910508],[19.7179323,45.9923218],[19.7183079,45.9929274],[19.7190904,45.9941717]]},"properties":{"category":"road","class":"motorway","name":"","ref":"A1","osmType":"way","osmId":680380107}},{"type":"Feature","geometry":{"type":"LineString","coordinates":[[19.7087605,45.932169],[19.7093037,45.9337441]]},"properties":{"category":"road","class":"motorway","name":"","ref":"A1","osmType":"way","osmId":680380442}},{"type":"Feature","geometry":{"type":"LineString","coordinates":[[19.7093037,45.9337441],[19.7095142,45.9344623],[19.7097382,45.9352559],[19.7098267,45.9355666],[19.7099434,45.935976],[19.7101258,45.9367166]]},"properties":{"category":"road","class":"motorway","name":"","ref":"A1","osmType":"way","osmId":680380443}},{"type":"Feature","geometry":{"type":"LineString","coordinates":[[19.7101258,45.9367166],[19.7105556,45.9384368]]},"properties":{"category":"road","class":"motorway","name":"","ref":"A1","osmType":"way","osmId":680380444}},{"type":"Feature","geometry":{"type":"LineString","coordinates":[[19.7105556,45.9384368],[19.7106622,45.9389335],[19.7106971,45.9391219],[19.7107608,45.9394133],[19.7108513,45.9398815],[19.7110096,45.9407204],[19.7111712,45.9416166],[19.7112322,45.9419906],[19.7113824,45.9429773],[19.7114682,45.9435797],[19.7115594,45.9443145],[19.7116184,45.944861],[19.7117203,45.9457208],[19.7118142,45.946782],[19.7118786,45.9479234],[19.7119269,45.9487346],[19.7119457,45.9495552],[19.7119483,45.9501986],[19.7119805,45.9516327],[19.7119349,45.95305],[19.7118464,45.9543255],[19.711841,45.9548084],[19.7117418,45.9559907],[19.7116801,45.9567869],[19.7116184,45.9574619],[19.7115782,45.9579206],[19.7114709,45.9589666],[19.7114307,45.9595726],[19.7113475,45.9601805],[19.71131,45.9605273],[19.7111624,45.9621457],[19.7110364,45.9635757],[19.7109747,45.9642208],[19.7109398,45.9646291]]},"properties":{"category":"road","class":"motorway","name":"","ref":"A1","osmType":"way","osmId":680380445}},{"type":"Feature","geometry":{"type":"LineString","coordinates":[[19.6994442,45.8843779],[19.6994912,45.8836105]]},"properties":{"category":"road","class":"motorway","name":"","ref":"A1","osmType":"way","osmId":680381327}},{"type":"Feature","geometry":{"type":"LineString","coordinates":[[19.6991451,45.8879777],[19.6992533,45.8868389],[19.6992912,45.8864404],[19.6993845,45.8851829],[19.6994442,45.8843779]]},"properties":{"category":"road","class":"motorway","name":"","ref":"A1","osmType":"way","osmId":680381328}},{"type":"Feature","geometry":{"type":"LineString","coordinates":[[19.6991067,45.8887571],[19.6991451,45.8879777]]},"properties":{"category":"road","class":"motorway","name":"","ref":"A1","osmType":"way","osmId":680381329}},{"type":"Feature","geometry":{"type":"LineString","coordinates":[[19.7086887,45.9323979],[19.708167,45.9309465],[19.7081088,45.9307984],[19.7079995,45.9304807],[19.7078969,45.9302229],[19.7074959,45.9292193],[19.707097,45.9282094],[19.706583,45.9269209],[19.7060807,45.9256532],[19.7054448,45.9240483],[19.7047459,45.9222896],[19.7041681,45.9208355],[19.7029147,45.9177138],[19.7024345,45.916443],[19.7017828,45.9145844],[19.701475,45.9136265],[19.7012003,45.9127855],[19.700949,45.9118866],[19.700671,45.9109168],[19.7004266,45.9099519],[19.7000799,45.9085143],[19.6997854,45.9070523],[19.6995705,45.9058338],[19.6993135,45.9043651],[19.6992262,45.9037888],[19.6991645,45.9032762],[19.6991006,45.9027652],[19.6990347,45.9020863],[19.6990242,45.9019714],[19.698894,45.9008133],[19.6988323,45.9000559],[19.6988169,45.8995959],[19.6987344,45.898236],[19.6986976,45.8968653],[19.6986868,45.896306],[19.6986949,45.8958691],[19.698714,45.8951695],[19.6987702,45.8934142],[19.6988062,45.8925071],[19.6988736,45.8916947],[19.6990208,45.8898884],[19.6991067,45.8887571]]},"properties":{"category":"road","class":"motorway","name":"","ref":"A1","osmType":"way","osmId":680381330}},{"type":"Feature","geometry":{"type":"LineString","coordinates":[[19.6877092,45.8288478],[19.6877427,45.8290207],[19.6878755,45.8296459],[19.6880016,45.8302197],[19.6880606,45.8304701],[19.6881491,45.8308813],[19.6883905,45.8318138],[19.6887633,45.833079],[19.6889591,45.8336883],[19.689201,45.834466],[19.6893212,45.8348525],[19.6898067,45.8362541],[19.6901393,45.8370857],[19.6904236,45.8377584],[19.6909761,45.8391767],[19.6915233,45.8405539],[19.6922952,45.8424584],[19.6929677,45.8441097],[19.6936503,45.8458716],[19.6944737,45.8479399],[19.6950638,45.8493505],[19.6953562,45.8500922],[19.6957847,45.8511196],[19.6961769,45.8521715],[19.6966436,45.8533989],[19.6971506,45.8547981],[19.6975663,45.8560236],[19.6978855,45.8570697],[19.6981484,45.8579887],[19.6983147,45.8586276],[19.6986419,45.8598978],[19.6988243,45.8606692],[19.6991006,45.8619768],[19.6992481,45.8626679],[19.699342,45.8632077],[19.6995297,45.8642107],[19.6996303,45.8647691],[19.6996906,45.8653033],[19.6997792,45.8659309],[19.6998516,45.8664725],[19.6999991,45.8677201],[19.7000983,45.8688463],[19.700152,45.869543],[19.7002164,45.8706318],[19.7002566,45.8717766],[19.7002915,45.8729475],[19.7002915,45.8741352],[19.70027,45.8751903],[19.700211,45.8763462],[19.700152,45.8773378],[19.7001171,45.8779297],[19.699975,45.8797261],[19.6998382,45.8814253],[19.6996933,45.8829806],[19.6996424,45.8837051],[19.6995833,45.8846984],[19.6995082,45.8854994],[19.6994063,45.8868436],[19.6993473,45.8874411],[19.6992856,45.8881113],[19.6992186,45.8889197],[19.6991596,45.8898065],[19.6990228,45.891679],[19.698953,45.8925023],[19.6989094,45.8934502],[19.6988913,45.8944737],[19.6988937,45.8951668],[19.698883,45.8958769],[19.6988945,45.8967743],[19.6989244,45.8983322],[19.6989771,45.8992155],[19.698992,45.8996777],[19.6990878,45.9009696],[19.6991921,45.9020733],[19.6993603,45.9033888],[19.6994242,45.9038555],[19.6995519,45.9047458],[19.6997307,45.9058568],[19.6999308,45.9069989],[19.7001182,45.9078877],[19.7003502,45.9089365],[19.7004886,45.9095146],[19.700644,45.9101756],[19.7008931,45.9111198],[19.7010932,45.9118426],[19.7013751,45.9127883],[19.7016433,45.913615],[19.702,45.9147094],[19.7023018,45.9155893],[19.7031319,45.9177996],[19.7043523,45.9208485],[19.7049209,45.9222573],[19.7056347,45.9240687],[19.7062969,45.9257463],[19.7068329,45.9270727],[19.7071816,45.9279123],[19.7076944,45.9292019],[19.7081868,45.9304718],[19.7083665,45.9309437],[19.7085503,45.9314913],[19.7087605,45.932169]]},"properties":{"category":"road","class":"motorway","name":"","ref":"A1","osmType":"way","osmId":680382000}},{"type":"Feature","geometry":{"type":"LineString","coordinates":[[19.79577,46.1089306],[19.7952283,46.1080789]]},"properties":{"category":"road","class":"motorway","name":"","ref":"A1","osmType":"way","osmId":681856900}},{"type":"Feature","geometry":{"type":"LineString","coordinates":[[19.7349185,46.0237423],[19.7344996,46.0227052]]},"properties":{"category":"road","class":"motorway","name":"","ref":"A1","osmType":"way","osmId":681872595}},{"type":"Feature","geometry":{"type":"LineString","coordinates":[[19.739986,46.0349047],[19.7394933,46.0340535]]},"properties":{"category":"road","class":"motorway","name":"","ref":"A1","osmType":"way","osmId":681872596}},{"type":"Feature","geometry":{"type":"LineString","coordinates":[[19.7394933,46.0340535],[19.7382688,46.03167],[19.7376654,46.0303627],[19.7373629,46.0297216]]},"properties":{"category":"road","class":"motorway","name":"","ref":"A1","osmType":"way","osmId":681872597}},{"type":"Feature","geometry":{"type":"LineString","coordinates":[[19.7333084,46.0197378],[19.7331623,46.0193653],[19.7330329,46.01905]]},"properties":{"category":"road","class":"motorway","name":"","ref":"A1","osmType":"way","osmId":681878599}},{"type":"Feature","geometry":{"type":"LineString","coordinates":[[19.7338245,46.0210229],[19.7336085,46.020482],[19.733465,46.0201234]]},"properties":{"category":"road","class":"motorway","name":"","ref":"A1","osmType":"way","osmId":681878601}},{"type":"Feature","geometry":{"type":"LineString","coordinates":[[19.6648273,46.0401279],[19.6649299,46.0401009],[19.6650201,46.0400616],[19.6651612,46.0399889],[19.6653142,46.0399131]]},"properties":{"category":"road","class":"trunk","name":"","ref":"11","osmType":"way","osmId":688570059}},{"type":"Feature","geometry":{"type":"LineString","coordinates":[[19.7265289,46.0313727],[19.7266523,46.0314311],[19.7267563,46.0314623],[19.7269143,46.0314822],[19.7272319,46.0315385]]},"properties":{"category":"road","class":"trunk","name":"Обилазница око Суботице","ref":"11","osmType":"way","osmId":688570060}},{"type":"Feature","geometry":{"type":"LineString","coordinates":[[19.822965,46.1241359],[19.822112,46.1239946],[19.8214777,46.123884],[19.8208755,46.1237734],[19.8203136,46.1236581],[19.8194955,46.1234917],[19.8189953,46.1233793],[19.8185152,46.1232668],[19.8181061,46.1231683],[19.8177092,46.1230716],[19.8171298,46.1229201],[19.8166738,46.1227946],[19.8161012,46.1226282],[19.815727,46.1225204],[19.8152214,46.1223651],[19.8147681,46.1222211],[19.8142599,46.1220482],[19.8137556,46.1218781],[19.8131306,46.1216587],[19.8125902,46.1214635],[19.8122308,46.1213231],[19.8116903,46.1211074],[19.8112638,46.1209308],[19.8107086,46.1207003],[19.8101306,46.12044],[19.8097618,46.1202727],[19.8093206,46.1200672],[19.8089947,46.1199167],[19.8085427,46.1196936],[19.8078829,46.1193487],[19.8069522,46.1188578],[19.8066303,46.1186756],[19.8060885,46.118367],[19.8055735,46.1180658],[19.8051283,46.1177888],[19.8043129,46.1172608],[19.8036289,46.1167978],[19.8030254,46.1163795],[19.8022851,46.1158161],[19.8017997,46.1154182],[19.8012122,46.1149589],[19.8008099,46.1146261],[19.8003915,46.1142542],[19.7998416,46.1137596],[19.7993803,46.113306],[19.7989646,46.1128894],[19.7985756,46.1124878],[19.7982377,46.1121327]]},"properties":{"category":"road","class":"motorway","name":"","ref":"A1","osmType":"way","osmId":693685599}},{"type":"Feature","geometry":{"type":"LineString","coordinates":[[19.8233485,46.1241972],[19.822965,46.1241359]]},"properties":{"category":"road","class":"motorway","name":"","ref":"A1","osmType":"way","osmId":693685600}},{"type":"Feature","geometry":{"type":"LineString","coordinates":[[19.8233699,46.1240848],[19.8244227,46.124253],[19.8255184,46.1244194],[19.8269159,46.1246239],[19.8281738,46.1248154],[19.8286344,46.1248828],[19.8291904,46.1249641],[19.830282,46.1251249],[19.8316661,46.1253387],[19.8330206,46.1255394],[19.8343952,46.1257449],[19.835747,46.1259484],[19.8364095,46.1260451],[19.8369513,46.126126],[19.8375279,46.1262133],[19.8376568,46.1262328],[19.8386961,46.1263899],[19.8394606,46.126507],[19.8404892,46.1266595],[19.8412107,46.1267673],[19.8420985,46.1269039],[19.8430091,46.1270368],[19.8439908,46.1271874],[19.8449618,46.1273333],[19.8454593,46.1274086],[19.8463713,46.1275397],[19.847078,46.1276466],[19.8482756,46.127826],[19.8491098,46.1279542],[19.85029,46.128128],[19.851556,46.1283204],[19.8521635,46.1284059],[19.853286,46.128576],[19.8543388,46.1287415],[19.8557188,46.1289571],[19.8565972,46.129103],[19.8576875,46.1292815],[19.8582079,46.1293707],[19.8591091,46.1295222],[19.8595811,46.129604],[19.8609759,46.1298568]]},"properties":{"category":"road","class":"motorway","name":"","ref":"A1","osmType":"way","osmId":693685601}},{"type":"Feature","geometry":{"type":"LineString","coordinates":[[19.822965,46.1240197],[19.8233699,46.1240848]]},"properties":{"category":"road","class":"motorway","name":"","ref":"A1","osmType":"way","osmId":693685602}},{"type":"Feature","geometry":{"type":"LineString","coordinates":[[19.7396835,46.0340851],[19.7402362,46.0350519]]},"properties":{"category":"road","class":"motorway","name":"","ref":"A1","osmType":"way","osmId":694684692}},{"type":"Feature","geometry":{"type":"LineString","coordinates":[[19.7402362,46.0350519],[19.7403479,46.0352445],[19.7403744,46.0352913],[19.7405997,46.0356623],[19.7408465,46.0360664],[19.741576,46.037258],[19.7422358,46.0382914],[19.742889,46.0392354]]},"properties":{"category":"road","class":"motorway","name":"","ref":"A1","osmType":"way","osmId":694684693}},{"type":"Feature","geometry":{"type":"LineString","coordinates":[[19.7371416,46.0287847],[19.7375406,46.0297697]]},"properties":{"category":"road","class":"motorway","name":"","ref":"A1","osmType":"way","osmId":694685008}},{"type":"Feature","geometry":{"type":"LineString","coordinates":[[19.7375406,46.0297697],[19.738138,46.0311063],[19.7385462,46.0319176],[19.7391042,46.0330032],[19.7396835,46.0340851]]},"properties":{"category":"road","class":"motorway","name":"","ref":"A1","osmType":"way","osmId":694685009}},{"type":"Feature","geometry":{"type":"LineString","coordinates":[[19.734017,46.0211117],[19.7341745,46.0214905],[19.7344279,46.0221238]]},"properties":{"category":"road","class":"motorway","name":"","ref":"A1","osmType":"way","osmId":694685242}},{"type":"Feature","geometry":{"type":"LineString","coordinates":[[19.7338496,46.0210838],[19.7338245,46.0210229]]},"properties":{"category":"road","class":"motorway","name":"","ref":"A1","osmType":"way","osmId":694716647}},{"type":"Feature","geometry":{"type":"LineString","coordinates":[[19.6231649,46.1012255],[19.6231589,46.1013002],[19.6231415,46.1013591],[19.6231181,46.1013953],[19.6230604,46.1014317]]},"properties":{"category":"road","class":"tertiary","name":"","osmType":"way","osmId":695511926}},{"type":"Feature","geometry":{"type":"LineString","coordinates":[[19.66441,46.0402768],[19.6644078,46.0401881],[19.664383,46.0401026],[19.6643191,46.0399864],[19.6642778,46.0399067],[19.6642507,46.039827]]},"properties":{"category":"road","class":"secondary","name":"","ref":"100","osmType":"way","osmId":695720981}},{"type":"Feature","geometry":{"type":"LineString","coordinates":[[19.7260774,46.0312408],[19.726207,46.0311711],[19.7262954,46.0311046],[19.7263582,46.0310391],[19.7264657,46.0309555]]},"properties":{"category":"road","class":"tertiary","name":"","osmType":"way","osmId":695728212}},{"type":"Feature","geometry":{"type":"LineString","coordinates":[[19.7262014,46.0316821],[19.7261308,46.0317217],[19.7260546,46.0317648],[19.7258961,46.0319113]]},"properties":{"category":"road","class":"tertiary","name":"","osmType":"way","osmId":695728213}},{"type":"Feature","geometry":{"type":"LineString","coordinates":[[19.6751783,46.1216498],[19.6751526,46.1217137],[19.675136,46.1217996],[19.6751345,46.1219355]]},"properties":{"category":"road","class":"tertiary","name":"Мајшански пут","osmType":"way","osmId":696441374}},{"type":"Feature","geometry":{"type":"LineString","coordinates":[[19.6751367,46.121507],[19.6752242,46.1215302],[19.6753154,46.1215455],[19.6754331,46.1215557],[19.6755659,46.1215607]]},"properties":{"category":"road","class":"tertiary","name":"51. дивизије","osmType":"way","osmId":696441375}},{"type":"Feature","geometry":{"type":"LineString","coordinates":[[19.6750908,46.1214914],[19.6751367,46.121507],[19.6751728,46.1215322],[19.675193,46.1215599],[19.6752009,46.1215904],[19.6751959,46.1216212],[19.6751882,46.1216338],[19.6751783,46.1216498]]},"properties":{"category":"road","class":"tertiary","name":"","osmType":"way","osmId":696441376}},{"type":"Feature","geometry":{"type":"LineString","coordinates":[[19.6749395,46.1216709],[19.6748455,46.1216425],[19.6747228,46.1216261],[19.6746725,46.1216194],[19.6744867,46.1216074]]},"properties":{"category":"road","class":"tertiary","name":"51. дивизије","osmType":"way","osmId":696441377}},{"type":"Feature","geometry":{"type":"LineString","coordinates":[[19.6744867,46.1216074],[19.6735907,46.1216415],[19.672872,46.121681],[19.6726261,46.1217035],[19.6723686,46.1217301],[19.6718715,46.1217977],[19.6714142,46.1219048],[19.6710904,46.1219487],[19.6708783,46.1219456],[19.6688414,46.1217946],[19.6686801,46.1217864],[19.6685704,46.1217781],[19.6676841,46.1217134],[19.6656946,46.1215885],[19.6650572,46.1215413],[19.6649385,46.1215248]]},"properties":{"category":"road","class":"tertiary","name":"51. дивизије","osmType":"way","osmId":696441378}},{"type":"Feature","geometry":{"type":"LineString","coordinates":[[19.6749133,46.1215399],[19.6749259,46.1214762],[19.6749267,46.1214315],[19.6749274,46.1213869],[19.6749162,46.1212622]]},"properties":{"category":"road","class":"tertiary","name":"Мајшански пут","osmType":"way","osmId":696441379}},{"type":"Feature","geometry":{"type":"LineString","coordinates":[[19.6755659,46.1215607],[19.6758033,46.1215238],[19.6760494,46.1214802],[19.6763023,46.1214235],[19.6766649,46.1213229],[19.6771231,46.1211497],[19.6788387,46.1204448],[19.6793659,46.1202232],[19.6804076,46.1197649],[19.6808132,46.1195695],[19.6815095,46.1191701],[19.681948,46.1188433],[19.6822429,46.1186236],[19.6826559,46.1182443],[19.683011,46.1178806],[19.6832086,46.1176259],[19.6834212,46.1173321],[19.683696,46.116919],[19.6839058,46.1165375],[19.684158,46.1158719],[19.6846958,46.1145083],[19.6847427,46.1143844]]},"properties":{"category":"road","class":"tertiary","name":"51. дивизије","osmType":"way","osmId":696441380}},{"type":"Feature","geometry":{"type":"LineString","coordinates":[[19.6751345,46.1219355],[19.6751979,46.1221994],[19.6752423,46.1223844],[19.6754247,46.1227755],[19.6758979,46.123704],[19.6759655,46.1238651],[19.6760849,46.1242396],[19.6761917,46.1246116],[19.6763078,46.1248963],[19.6765308,46.1252649],[19.6771563,46.1263825],[19.6771943,46.1264703],[19.6772078,46.1265226],[19.6772128,46.1265853],[19.6771976,46.1266526],[19.677174,46.1267084],[19.6771269,46.126769],[19.6766723,46.127214],[19.6765573,46.1273269],[19.6755887,46.1281934],[19.6749546,46.1287549],[19.674086,46.1295043],[19.6740063,46.1295887],[19.6739473,46.1296902],[19.6739163,46.1297911],[19.6739079,46.1298744],[19.6739204,46.1299857],[19.6739701,46.1301063],[19.6740668,46.130278],[19.6743254,46.1306397],[19.6747588,46.1312744],[19.6748307,46.1313614],[19.6749509,46.1314845],[19.6751933,46.1316947],[19.6752794,46.1317546],[19.6755121,46.1319198],[19.6758017,46.1320851],[19.6758342,46.1321053],[19.6765857,46.1324686],[19.6769443,46.1326554],[19.6771437,46.1327697],[19.6772761,46.1328561],[19.6773591,46.1329267],[19.6774253,46.132995],[19.6775019,46.133084],[19.677565,46.1331938],[19.677608,46.133292],[19.6777301,46.1336324],[19.6778487,46.1339627],[19.6779668,46.1342291],[19.6781126,46.134488],[19.6782315,46.1346495],[19.6783198,46.1347642],[19.6784742,46.1349514],[19.6788582,46.1352636],[19.6793157,46.1356522],[19.6795481,46.1358497],[19.6796918,46.1359899],[19.679799,46.1361373],[19.6798706,46.136268],[19.6800481,46.1366581],[19.6809326,46.138842],[19.6816239,46.1398366],[19.6817335,46.1399546],[19.6817425,46.1400188]]},"properties":{"category":"road","class":"tertiary","name":"Мајшански пут","osmType":"way","osmId":696441381}},{"type":"Feature","geometry":{"type":"LineString","coordinates":[[19.7344996,46.0227052],[19.7344194,46.0224981],[19.7342831,46.0221461]]},"properties":{"category":"road","class":"motorway","name":"","ref":"A1","osmType":"way","osmId":701770931}},{"type":"Feature","geometry":{"type":"LineString","coordinates":[[19.7344279,46.0221238],[19.7346645,46.0226872]]},"properties":{"category":"road","class":"motorway","name":"","ref":"A1","osmType":"way","osmId":701770932}},{"type":"Feature","geometry":{"type":"LineString","coordinates":[[19.7336049,46.0201095],[19.73397,46.0209989]]},"properties":{"category":"road","class":"motorway","name":"","ref":"A1","osmType":"way","osmId":701770933}},{"type":"Feature","geometry":{"type":"LineString","coordinates":[[19.733465,46.0201234],[19.7333084,46.0197378]]},"properties":{"category":"road","class":"motorway","name":"","ref":"A1","osmType":"way","osmId":701770934}},{"type":"Feature","geometry":{"type":"LineString","coordinates":[[19.7334463,46.0197267],[19.7335089,46.0198778],[19.7335448,46.0199643],[19.7336049,46.0201095]]},"properties":{"category":"road","class":"motorway","name":"","ref":"A1","osmType":"way","osmId":701770935}},{"type":"Feature","geometry":{"type":"LineString","coordinates":[[19.7303443,46.0124846],[19.7305655,46.0129298],[19.7311369,46.0141704],[19.7315982,46.0152601]]},"properties":{"category":"road","class":"motorway","name":"","ref":"A1","osmType":"way","osmId":701772904}},{"type":"Feature","geometry":{"type":"LineString","coordinates":[[19.7315982,46.0152601],[19.7323197,46.0168993],[19.7324089,46.0171182]]},"properties":{"category":"road","class":"motorway","name":"","ref":"A1","osmType":"way","osmId":701772905}},{"type":"Feature","geometry":{"type":"LineString","coordinates":[[19.7324089,46.0171182],[19.7328052,46.0180709],[19.7331015,46.018826]]},"properties":{"category":"road","class":"motorway","name":"","ref":"A1","osmType":"way","osmId":701772906}},{"type":"Feature","geometry":{"type":"LineString","coordinates":[[19.7331015,46.018826],[19.7334463,46.0197267]]},"properties":{"category":"road","class":"motorway","name":"","ref":"A1","osmType":"way","osmId":701772907}},{"type":"Feature","geometry":{"type":"LineString","coordinates":[[19.7339961,46.0210615],[19.734017,46.0211117]]},"properties":{"category":"road","class":"motorway","name":"","ref":"A1","osmType":"way","osmId":701775395}},{"type":"Feature","geometry":{"type":"LineString","coordinates":[[19.6803012,46.0911968],[19.6799008,46.0914406],[19.6797629,46.0915246],[19.6793506,46.0917675],[19.6792408,46.0918322],[19.6784969,46.0922533],[19.6784678,46.0922698],[19.6784011,46.0923075],[19.6783066,46.0923617],[19.6778212,46.0926404],[19.6777353,46.0926898],[19.6776965,46.0927128],[19.6772617,46.0929633],[19.6768925,46.0931735],[19.6768253,46.0932118],[19.6764588,46.0934234],[19.6763839,46.0934666],[19.675777,46.0938085],[19.6757349,46.0938322],[19.6757025,46.09385],[19.6748362,46.0943253]]},"properties":{"category":"road","class":"secondary","name":"Сенћански пут","ref":"100","osmType":"way","osmId":701932906}},{"type":"Feature","geometry":{"type":"LineString","coordinates":[[19.7925973,46.1062239],[19.7925353,46.1062017]]},"properties":{"category":"road","class":"secondary","name":"","ref":"100","osmType":"way","osmId":701945819}},{"type":"Feature","geometry":{"type":"LineString","coordinates":[[19.7933789,46.1064862],[19.7931495,46.1064146],[19.7926503,46.106243],[19.7925973,46.1062239]]},"properties":{"category":"road","class":"secondary","name":"","ref":"100","osmType":"way","osmId":701945820}},{"type":"Feature","geometry":{"type":"LineString","coordinates":[[19.7346645,46.0226872],[19.7350214,46.0235955]]},"properties":{"category":"road","class":"motorway","name":"","ref":"A1","osmType":"way","osmId":707995189}},{"type":"Feature","geometry":{"type":"LineString","coordinates":[[19.7362941,46.0271294],[19.7361591,46.0268034]]},"properties":{"category":"road","class":"motorway","name":"","ref":"A1","osmType":"way","osmId":708330214}},{"type":"Feature","geometry":{"type":"LineString","coordinates":[[19.7554595,45.9255783],[19.7555179,45.9255935],[19.7555658,45.9256071],[19.7556727,45.9256367]]},"properties":{"category":"road","class":"tertiary","name":"Жељезнички трг","ref":"303","osmType":"way","osmId":709584483}},{"type":"Feature","geometry":{"type":"LineString","coordinates":[[19.7556727,45.9256367],[19.7557043,45.9256454],[19.755783,45.9256677],[19.7558145,45.9256766],[19.7560579,45.9257455],[19.7564841,45.9258662],[19.7565142,45.9258747],[19.7565504,45.9258849],[19.7570217,45.9260183],[19.7572724,45.9260893],[19.7575456,45.9261666],[19.7577536,45.9262229],[19.7582243,45.9263504],[19.7594145,45.9266675],[19.7597655,45.9267578]]},"properties":{"category":"road","class":"tertiary","name":"Жељезнички трг","ref":"303","osmType":"way","osmId":709584484}},{"type":"Feature","geometry":{"type":"LineString","coordinates":[[19.6794979,46.0860433],[19.6794478,46.086019],[19.6793369,46.0859653],[19.6789879,46.0858246]]},"properties":{"category":"road","class":"secondary","name":"Бајнатска","ref":"100","osmType":"way","osmId":710505552}},{"type":"Feature","geometry":{"type":"LineString","coordinates":[[19.6803143,46.0862776],[19.6800676,46.0861967],[19.6799268,46.0861595],[19.6798172,46.0861411],[19.6797192,46.0861262]]},"properties":{"category":"road","class":"secondary","name":"Бајнатска","ref":"100","osmType":"way","osmId":710505553}},{"type":"Feature","geometry":{"type":"LineString","coordinates":[[19.6195667,46.0710299],[19.6199284,46.071228],[19.6200035,46.0712549],[19.6201141,46.0712804],[19.6202096,46.0712937]]},"properties":{"category":"road","class":"primary","name":"","ref":"12","osmType":"way","osmId":710505554}},{"type":"Feature","geometry":{"type":"LineString","coordinates":[[19.6208444,46.0719332],[19.6206646,46.0718347],[19.6205501,46.0717881],[19.6204756,46.0717671],[19.620431,46.0717565],[19.6203564,46.0717473]]},"properties":{"category":"road","class":"secondary","name":"","osmType":"way","osmId":710505555}},{"type":"Feature","geometry":{"type":"LineString","coordinates":[[19.7839007,46.1026661],[19.7838936,46.1026628],[19.7834298,46.1024515],[19.7831995,46.1023674],[19.7829648,46.1022931],[19.7827178,46.1022324],[19.7781948,46.1014018],[19.7770166,46.1011855],[19.7765802,46.1011042],[19.7763435,46.1010728],[19.7761357,46.1010546],[19.7759502,46.1010456],[19.7757105,46.101044],[19.7755129,46.1010491],[19.7748619,46.1010927],[19.774806,46.1010965],[19.7747583,46.1010997],[19.7740292,46.1011485],[19.7735113,46.1011977]]},"properties":{"category":"road","class":"secondary","name":"Хоргошки пут","ref":"100","osmType":"way","osmId":710634217}},{"type":"Feature","geometry":{"type":"LineString","coordinates":[[19.6619732,46.1065171],[19.6618694,46.1065857],[19.6614344,46.1068733],[19.6613715,46.1069149],[19.6609302,46.1072066],[19.6608741,46.1072437],[19.6606699,46.1073993],[19.6604691,46.1075523],[19.6602735,46.1077014],[19.6600001,46.1079032],[19.6597187,46.1081641],[19.6594963,46.1084212],[19.6592637,46.1086634],[19.6591272,46.1087859],[19.6583739,46.1094755],[19.6583339,46.1095002],[19.6582974,46.1095229],[19.6582027,46.1095651],[19.6580272,46.1096434]]},"properties":{"category":"road","class":"tertiary","name":"Арсенија Чарнојевића","osmType":"way","osmId":713190503}},{"type":"Feature","geometry":{"type":"LineString","coordinates":[[19.6621276,46.1025129],[19.6622692,46.102639],[19.6623085,46.102674],[19.6623546,46.1026934],[19.6624074,46.1027132],[19.6635964,46.1030815],[19.6637546,46.1031239],[19.6648328,46.1034775],[19.6648834,46.1034941]]},"properties":{"category":"road","class":"tertiary","name":"Змај Јовина","osmType":"way","osmId":713190504}},{"type":"Feature","geometry":{"type":"LineString","coordinates":[[19.6749162,46.1212622],[19.6749796,46.1213635],[19.6750066,46.1213994],[19.6750336,46.1214352],[19.6750908,46.1214914]]},"properties":{"category":"road","class":"tertiary","name":"Мајшански пут","osmType":"way","osmId":713454602}},{"type":"Feature","geometry":{"type":"LineString","coordinates":[[19.6744867,46.1216074],[19.6747209,46.1215772],[19.674803,46.1215693],[19.674865,46.1215604],[19.6749051,46.1215549]]},"properties":{"category":"road","class":"tertiary","name":"51. дивизије","osmType":"way","osmId":713454603}},{"type":"Feature","geometry":{"type":"LineString","coordinates":[[19.6849596,46.1136733],[19.6849955,46.1136362],[19.6850431,46.1135849],[19.6850807,46.11355],[19.6851182,46.1135151],[19.6852027,46.113425],[19.6852869,46.1133412]]},"properties":{"category":"road","class":"tertiary","name":"Партизанских база","osmType":"way","osmId":713456588}},{"type":"Feature","geometry":{"type":"LineString","coordinates":[[19.6850376,46.1139445],[19.6849667,46.1140135],[19.6849009,46.1140971],[19.6848218,46.1142542],[19.6847427,46.1143844]]},"properties":{"category":"road","class":"tertiary","name":"51. дивизије","osmType":"way","osmId":713456592}},{"type":"Feature","geometry":{"type":"LineString","coordinates":[[19.6847427,46.1143844],[19.6847695,46.1142496],[19.6847963,46.1141678],[19.6848111,46.1140888],[19.684803,46.1139874],[19.6847851,46.1138872]]},"properties":{"category":"road","class":"tertiary","name":"51. дивизије","osmType":"way","osmId":713456593}},{"type":"Feature","geometry":{"type":"LineString","coordinates":[[19.6847595,46.1138409],[19.6846451,46.113741],[19.68457,46.1136974],[19.6843666,46.1135958],[19.68426,46.113535]]},"properties":{"category":"road","class":"tertiary","name":"Кирешка","osmType":"way","osmId":713456594}},{"type":"Feature","geometry":{"type":"LineString","coordinates":[[19.68426,46.113535],[19.6844035,46.1135712],[19.6845912,46.1136275],[19.684723,46.1136591],[19.6848895,46.1136819]]},"properties":{"category":"road","class":"tertiary","name":"Кирешка","osmType":"way","osmId":713456595}},{"type":"Feature","geometry":{"type":"LineString","coordinates":[[19.6601013,46.0986803],[19.6599234,46.0988362],[19.6599151,46.0988437],[19.6599035,46.0988543],[19.6597248,46.0990208],[19.6597184,46.0990267],[19.6597146,46.0990302],[19.6597074,46.0990369],[19.6589986,46.0996925],[19.6589903,46.0996999],[19.6586195,46.1000244],[19.6585127,46.1001175]]},"properties":{"category":"road","class":"tertiary","name":"Трг жртава фашизма","osmType":"way","osmId":713772225}},{"type":"Feature","geometry":{"type":"LineString","coordinates":[[19.6654814,46.097622],[19.6657149,46.0977313],[19.6657934,46.0977704],[19.6659445,46.0978457],[19.6663294,46.0980373]]},"properties":{"category":"road","class":"secondary","name":"Максима Горког","osmType":"way","osmId":713772230}},{"type":"Feature","geometry":{"type":"LineString","coordinates":[[19.6675168,46.0986336],[19.6679202,46.0988189],[19.6681527,46.0989164]]},"properties":{"category":"road","class":"secondary","name":"Максима Горког","osmType":"way","osmId":713772231}},{"type":"Feature","geometry":{"type":"LineString","coordinates":[[19.666803,46.0982732],[19.6668938,46.0981375],[19.6669097,46.0981141],[19.667154,46.0977554],[19.6674498,46.0973421],[19.6677127,46.0969431],[19.6677491,46.096887],[19.6689467,46.095039],[19.6689847,46.0949804],[19.6690234,46.0949267],[19.6695372,46.0942126],[19.6695761,46.0941586],[19.6696214,46.0940956],[19.6702424,46.0932333],[19.6703016,46.093151],[19.6703593,46.0930675],[19.6706824,46.0926003],[19.6709951,46.0922534],[19.6712274,46.0920342],[19.6728175,46.0908655]]},"properties":{"category":"road","class":"tertiary","name":"Браће Радића","osmType":"way","osmId":713772232}},{"type":"Feature","geometry":{"type":"LineString","coordinates":[[19.7956205,46.1066391],[19.7957602,46.1066527],[19.7959243,46.1066824]]},"properties":{"category":"road","class":"secondary","name":"Хоргошки пут","ref":"100","osmType":"way","osmId":713772239}},{"type":"Feature","geometry":{"type":"LineString","coordinates":[[19.8612715,46.1035381],[19.8614708,46.1035216],[19.8621067,46.1034901],[19.8630554,46.1034654]]},"properties":{"category":"road","class":"secondary","name":"Сегедински пут","ref":"100","osmType":"way","osmId":713772241}},{"type":"Feature","geometry":{"type":"LineString","coordinates":[[19.7952189,46.1066266],[19.7954495,46.1066301],[19.7956205,46.1066391]]},"properties":{"category":"road","class":"secondary","name":"Хоргошки пут","ref":"100","osmType":"way","osmId":722531465}},{"type":"Feature","geometry":{"type":"LineString","coordinates":[[19.7350214,46.0235955],[19.7351816,46.0240123],[19.7353707,46.0244909],[19.7357558,46.0254098]]},"properties":{"category":"road","class":"motorway","name":"","ref":"A1","osmType":"way","osmId":723237426}},{"type":"Feature","geometry":{"type":"LineString","coordinates":[[19.874222,46.1328578],[19.8731813,46.1326031],[19.8720869,46.1323392],[19.8706225,46.1319842],[19.8690239,46.1316236],[19.8678665,46.1313633],[19.8665978,46.1310934],[19.8652681,46.1308164],[19.8646886,46.1306985]]},"properties":{"category":"road","class":"motorway","name":"","ref":"A1","osmType":"way","osmId":723237427}},{"type":"Feature","geometry":{"type":"LineString","coordinates":[[19.8609759,46.1298568],[19.862836,46.1302072],[19.8647458,46.130592]]},"properties":{"category":"road","class":"motorway","name":"","ref":"A1","osmType":"way","osmId":723237428}},{"type":"Feature","geometry":{"type":"LineString","coordinates":[[19.8725644,46.1323373],[19.8740395,46.1326998],[19.8742757,46.1327601]]},"properties":{"category":"road","class":"motorway","name":"","ref":"A1","osmType":"way","osmId":723237429}},{"type":"Feature","geometry":{"type":"LineString","coordinates":[[19.8993183,46.1394436],[19.8981138,46.1391363],[19.8961866,46.1386233],[19.8948401,46.138273],[19.8902857,46.1370677],[19.8891216,46.1367647],[19.8879147,46.1364525],[19.8856428,46.1358503],[19.8824698,46.135012],[19.8790982,46.1341292],[19.876058,46.1333327],[19.874222,46.1328578]]},"properties":{"category":"road","class":"motorway","name":"","ref":"A1","osmType":"way","osmId":723237430}},{"type":"Feature","geometry":{"type":"LineString","coordinates":[[19.6662192,46.1142068],[19.6661913,46.1142847],[19.6661657,46.1143702],[19.6661272,46.1145284],[19.6661117,46.1146574],[19.6659705,46.1155105],[19.6656082,46.1171282],[19.665452,46.1178277],[19.665408,46.1181191],[19.6653373,46.1185872],[19.6650195,46.1208935],[19.6649401,46.1214308],[19.6649385,46.1215248]]},"properties":{"category":"road","class":"tertiary","name":"Јована Микића","osmType":"way","osmId":723381306}},{"type":"Feature","geometry":{"type":"LineString","coordinates":[[19.7580726,46.0572731],[19.7580133,46.0572912],[19.757744,46.0573734],[19.7563322,46.0578044],[19.7561753,46.057854],[19.7560097,46.0579127],[19.7558157,46.0579873],[19.7553548,46.0581712],[19.7553493,46.0581734],[19.7552497,46.0582132]]},"properties":{"category":"road","class":"secondary","name":"Сенћански пут","ref":"300","osmType":"way","osmId":723751056}},{"type":"Feature","geometry":{"type":"LineString","coordinates":[[19.7112137,45.9332925],[19.7128924,45.9329323]]},"properties":{"category":"road","class":"tertiary","name":"","ref":"303","osmType":"way","osmId":725293632}},{"type":"Feature","geometry":{"type":"LineString","coordinates":[[19.7101034,45.9335263],[19.7104583,45.9334536]]},"properties":{"category":"road","class":"tertiary","name":"","ref":"303","osmType":"way","osmId":725293633}},{"type":"Feature","geometry":{"type":"LineString","coordinates":[[19.7107617,45.9333915],[19.7109749,45.9333448]]},"properties":{"category":"road","class":"tertiary","name":"","ref":"303","osmType":"way","osmId":725293636}},{"type":"Feature","geometry":{"type":"LineString","coordinates":[[19.7068162,45.934226],[19.7071103,45.9341626]]},"properties":{"category":"road","class":"tertiary","name":"","ref":"303","osmType":"way","osmId":725316359}},{"type":"Feature","geometry":{"type":"LineString","coordinates":[[19.7073852,45.9341032],[19.7076823,45.9340391]]},"properties":{"category":"road","class":"tertiary","name":"","ref":"303","osmType":"way","osmId":725316366}},{"type":"Feature","geometry":{"type":"LineString","coordinates":[[19.7071103,45.9341626],[19.7073852,45.9341032]]},"properties":{"category":"road","class":"tertiary","name":"","ref":"303","osmType":"way","osmId":725316367}},{"type":"Feature","geometry":{"type":"LineString","coordinates":[[19.6755659,46.1215607],[19.6753201,46.1216084],[19.675248,46.1216224],[19.6751882,46.1216338]]},"properties":{"category":"road","class":"tertiary","name":"51. дивизије","osmType":"way","osmId":725869681}},{"type":"Feature","geometry":{"type":"LineString","coordinates":[[19.7353433,46.0306668],[19.7357278,46.0305794],[19.7358136,46.0305599],[19.7359743,46.0305234]]},"properties":{"category":"road","class":"trunk","name":"","ref":"11","osmType":"way","osmId":725881635}},{"type":"Feature","geometry":{"type":"LineString","coordinates":[[19.7552497,46.0582132],[19.7550878,46.0582826],[19.754019,46.0587404],[19.7538782,46.0587994],[19.7520578,46.0595625],[19.7517151,46.0596934],[19.7514544,46.0597817],[19.7511703,46.0598741],[19.7499112,46.0602515],[19.749907,46.0602527]]},"properties":{"category":"road","class":"secondary","name":"Сенћански пут","ref":"300","osmType":"way","osmId":726067658}},{"type":"Feature","geometry":{"type":"LineString","coordinates":[[19.7616228,46.0561277],[19.7621176,46.0559389],[19.7624302,46.0558196]]},"properties":{"category":"road","class":"secondary","name":"Сенћански пут","ref":"300","osmType":"way","osmId":726067659}},{"type":"Feature","geometry":{"type":"LineString","coordinates":[[19.7396852,46.029879],[19.7397963,46.0298817],[19.7399376,46.0298856]]},"properties":{"category":"road","class":"trunk","name":"","ref":"11","osmType":"way","osmId":726087038}},{"type":"Feature","geometry":{"type":"LineString","coordinates":[[19.7387356,46.0299503],[19.7390827,46.0299079],[19.7393362,46.0298907],[19.7395529,46.0298817],[19.7396852,46.029879]]},"properties":{"category":"road","class":"trunk","name":"","ref":"11","osmType":"way","osmId":726087039}},{"type":"Feature","geometry":{"type":"LineString","coordinates":[[19.7346475,46.0308241],[19.7348353,46.0307835],[19.735207,46.0306981],[19.7353433,46.0306668]]},"properties":{"category":"road","class":"trunk","name":"","ref":"11","osmType":"way","osmId":726087040}},{"type":"Feature","geometry":{"type":"LineString","coordinates":[[19.7367066,46.0303702],[19.737179,46.0302713],[19.7373072,46.0302445]]},"properties":{"category":"road","class":"trunk","name":"","ref":"11","osmType":"way","osmId":726087041}},{"type":"Feature","geometry":{"type":"LineString","coordinates":[[19.7095043,45.9336489],[19.7088653,45.9337806]]},"properties":{"category":"road","class":"tertiary","name":"","ref":"303","osmType":"way","osmId":726087406}},{"type":"Feature","geometry":{"type":"LineString","coordinates":[[19.7088653,45.9337806],[19.7076823,45.9340391]]},"properties":{"category":"road","class":"tertiary","name":"","ref":"303","osmType":"way","osmId":726087407}},{"type":"Feature","geometry":{"type":"LineString","coordinates":[[19.6615665,46.0994],[19.6616589,46.0993107]]},"properties":{"category":"road","class":"tertiary","name":"","osmType":"way","osmId":726116004}},{"type":"Feature","geometry":{"type":"LineString","coordinates":[[19.6693307,46.1099386],[19.6694031,46.1100064],[19.6694608,46.1100742],[19.6694749,46.1100965],[19.6695064,46.1101458],[19.6695462,46.1102822],[19.6695594,46.1103415]]},"properties":{"category":"road","class":"tertiary","name":"Мајшански пут","osmType":"way","osmId":734537276}},{"type":"Feature","geometry":{"type":"LineString","coordinates":[[19.6736421,46.1007489],[19.6735679,46.1009058],[19.6735145,46.1010188],[19.6733443,46.1013584],[19.6730079,46.10206],[19.6728969,46.1022407],[19.6727653,46.1024951],[19.6724085,46.103185],[19.6719198,46.1040865],[19.6719033,46.1041178],[19.6714807,46.1049205],[19.670625,46.1065147],[19.6705373,46.106678],[19.6698417,46.1079875],[19.6694113,46.1087977],[19.6691488,46.1093097],[19.6691267,46.1093776],[19.6691121,46.1094273],[19.6691204,46.1094882],[19.6691437,46.109547],[19.6691833,46.1095807],[19.6692235,46.1096101]]},"properties":{"category":"road","class":"tertiary","name":"Јована Микића","osmType":"way","osmId":734537277}},{"type":"Feature","geometry":{"type":"LineString","coordinates":[[19.6883864,46.1003919],[19.6878102,46.1002846],[19.6872295,46.1001764],[19.6870621,46.1001451]]},"properties":{"category":"road","class":"secondary","name":"Сегедински пут","ref":"100","osmType":"way","osmId":735281267}},{"type":"Feature","geometry":{"type":"LineString","coordinates":[[19.6594582,46.0983066],[19.6594877,46.0982698],[19.6595262,46.0982275]]},"properties":{"category":"road","class":"tertiary","name":"Трг жртава фашизма","osmType":"way","osmId":735286334}},{"type":"Feature","geometry":{"type":"LineString","coordinates":[[19.6629372,46.0968122],[19.6630316,46.0968407],[19.663145,46.096875],[19.663279,46.0969155],[19.6635029,46.0969832]]},"properties":{"category":"road","class":"secondary","name":"Максима Горког","osmType":"way","osmId":735286336}},{"type":"Feature","geometry":{"type":"LineString","coordinates":[[19.6603434,46.0985967],[19.6605704,46.0985629],[19.6606202,46.0985415],[19.6606638,46.0985234],[19.6624991,46.0971358]]},"properties":{"category":"road","class":"tertiary","name":"Матије Гупца","osmType":"way","osmId":736307219}},{"type":"Feature","geometry":{"type":"LineString","coordinates":[[19.6703741,46.089161],[19.6705423,46.0892598],[19.670635,46.0893142]]},"properties":{"category":"road","class":"tertiary","name":"Блашка Рајића","osmType":"way","osmId":736307233}},{"type":"Feature","geometry":{"type":"LineString","coordinates":[[19.670635,46.0893142],[19.6707174,46.089363],[19.6708301,46.0894298],[19.671277,46.0897018],[19.6715384,46.0898495],[19.6720159,46.0901294]]},"properties":{"category":"road","class":"tertiary","name":"Блашка Рајића","osmType":"way","osmId":736307234}},{"type":"Feature","geometry":{"type":"LineString","coordinates":[[19.6695296,46.0886756],[19.6703741,46.089161]]},"properties":{"category":"road","class":"tertiary","name":"Блашка Рајића","osmType":"way","osmId":736307235}},{"type":"Feature","geometry":{"type":"LineString","coordinates":[[19.6571146,46.0899516],[19.6570623,46.0899051],[19.6569874,46.0898725],[19.6568809,46.0898434],[19.6563626,46.0897928]]},"properties":{"category":"road","class":"tertiary","name":"Велебитска","osmType":"way","osmId":736307243}},{"type":"Feature","geometry":{"type":"LineString","coordinates":[[19.6592551,46.0985582],[19.6594582,46.0983066]]},"properties":{"category":"road","class":"tertiary","name":"Трг жртава фашизма","osmType":"way","osmId":736840682}},{"type":"Feature","geometry":{"type":"LineString","coordinates":[[19.6599819,46.0950373],[19.6602166,46.0948483],[19.6603272,46.0947791]]},"properties":{"category":"road","class":"secondary","name":"Загребачка","osmType":"way","osmId":737044758}},{"type":"Feature","geometry":{"type":"LineString","coordinates":[[19.6602125,46.0986323],[19.6601599,46.0986519],[19.6601238,46.0986694],[19.6601013,46.0986803]]},"properties":{"category":"road","class":"tertiary","name":"Трг жртава фашизма","osmType":"way","osmId":737044759}},{"type":"Feature","geometry":{"type":"LineString","coordinates":[[19.6573937,46.096933],[19.6574179,46.0969141],[19.6574525,46.0968871],[19.6587199,46.0959774]]},"properties":{"category":"road","class":"secondary","name":"Загребачка","osmType":"way","osmId":737044760}},{"type":"Feature","geometry":{"type":"LineString","coordinates":[[19.672453,46.0840694],[19.6721533,46.0843754],[19.6718308,46.0846593],[19.6711395,46.0852299],[19.6710507,46.0853031],[19.6707051,46.0855732]]},"properties":{"category":"road","class":"secondary","name":"Београдски пут","osmType":"way","osmId":737044762}},{"type":"Feature","geometry":{"type":"LineString","coordinates":[[19.6745221,46.0995299],[19.6744265,46.0996474]]},"properties":{"category":"road","class":"tertiary","name":"Пала Папа","osmType":"way","osmId":737051632}},{"type":"Feature","geometry":{"type":"LineString","coordinates":[[19.6744265,46.0996474],[19.6741727,46.0999712],[19.6740403,46.1001274]]},"properties":{"category":"road","class":"tertiary","name":"Пала Папа","osmType":"way","osmId":737051633}},{"type":"Feature","geometry":{"type":"LineString","coordinates":[[19.6617138,46.1025834],[19.6617051,46.1026337],[19.6616832,46.102682],[19.6602503,46.1042715],[19.6601924,46.1043306]]},"properties":{"category":"road","class":"tertiary","name":"Алеја маршала Тита","osmType":"way","osmId":737961584}},{"type":"Feature","geometry":{"type":"LineString","coordinates":[[19.6615762,46.1021136],[19.6616864,46.1021442],[19.661796,46.1021788]]},"properties":{"category":"road","class":"tertiary","name":"Трг синагоге","osmType":"way","osmId":737961586}},{"type":"Feature","geometry":{"type":"LineString","coordinates":[[19.6617042,46.1022766],[19.6616361,46.1021954],[19.6615762,46.1021136]]},"properties":{"category":"road","class":"tertiary","name":"Трг синагоге","osmType":"way","osmId":737961587}},{"type":"Feature","geometry":{"type":"LineString","coordinates":[[19.6619935,46.1023237],[19.6620907,46.1024553],[19.6621276,46.1025129]]},"properties":{"category":"road","class":"tertiary","name":"Трг синагоге","osmType":"way","osmId":737961588}},{"type":"Feature","geometry":{"type":"LineString","coordinates":[[19.6620686,46.1024788],[19.662019,46.1024534],[19.6619238,46.1024088],[19.6618575,46.1023819]]},"properties":{"category":"road","class":"tertiary","name":"Трг синагоге","osmType":"way","osmId":737961589}},{"type":"Feature","geometry":{"type":"LineString","coordinates":[[19.6678705,46.1036444],[19.6678541,46.1036764],[19.6673958,46.104567],[19.6673789,46.1046018]]},"properties":{"category":"road","class":"tertiary","name":"Ђуре Ђаковића","osmType":"way","osmId":737964768}},{"type":"Feature","geometry":{"type":"LineString","coordinates":[[19.6670444,46.1044215],[19.6673219,46.1045711],[19.6673789,46.1046018]]},"properties":{"category":"road","class":"tertiary","name":"Змај Јовина","osmType":"way","osmId":737964769}},{"type":"Feature","geometry":{"type":"LineString","coordinates":[[19.6648834,46.1034941],[19.6648262,46.1035127],[19.6647924,46.1035237],[19.6647106,46.1035609],[19.6646449,46.1036018],[19.6643901,46.1037913]]},"properties":{"category":"road","class":"tertiary","name":"Арсенија Чарнојевића","osmType":"way","osmId":737964771}},{"type":"Feature","geometry":{"type":"LineString","coordinates":[[19.6595262,46.0982275],[19.6595914,46.0981543]]},"properties":{"category":"road","class":"tertiary","name":"Трг жртава фашизма","osmType":"way","osmId":740549930}},{"type":"Feature","geometry":{"type":"LineString","coordinates":[[19.6202112,46.0717504],[19.6201165,46.0717661],[19.6200277,46.0717885],[19.6199432,46.0718174],[19.6197864,46.0718908],[19.6196388,46.0719532]]},"properties":{"category":"road","class":"trunk","name":"","ref":"11","osmType":"way","osmId":759043605}},{"type":"Feature","geometry":{"type":"LineString","coordinates":[[19.5634185,46.1630555],[19.5635073,46.163091]]},"properties":{"category":"road","class":"primary","name":"","ref":"11","osmType":"way","osmId":759865526}},{"type":"Feature","geometry":{"type":"LineString","coordinates":[[19.563118,46.1637081],[19.5631347,46.1636336],[19.5631445,46.1635897],[19.5631455,46.1635408],[19.5631456,46.1635357],[19.5631469,46.1634817]]},"properties":{"category":"road","class":"primary","name":"","ref":"11","osmType":"way","osmId":759865527}},{"type":"Feature","geometry":{"type":"LineString","coordinates":[[19.5639504,46.1630137],[19.5641058,46.1628819],[19.5642988,46.162703],[19.5669019,46.1606709],[19.5672018,46.1604532],[19.5686346,46.1593761],[19.568922,46.159163],[19.569053,46.1590659],[19.5695701,46.1586811],[19.5696295,46.1586375],[19.5696679,46.1586093],[19.5697809,46.1585215],[19.5714917,46.1572793],[19.5725094,46.1565245],[19.5735054,46.1557634],[19.5777078,46.1525487],[19.5778185,46.1524634],[19.5784675,46.1519638],[19.5788502,46.1516611],[19.5793233,46.1512593],[19.5793349,46.1512471],[19.5803677,46.1502827],[19.5813843,46.1493117],[19.5814892,46.1492111],[19.5823056,46.1484484],[19.5823963,46.1483608],[19.584002,46.1468088],[19.5844657,46.1463727],[19.5851398,46.1457425],[19.5852381,46.1456522],[19.5875081,46.1435347],[19.5879609,46.1431148],[19.5881548,46.142935],[19.5881967,46.1428961]]},"properties":{"category":"road","class":"secondary","name":"Пут Едварда Кардеља","osmType":"way","osmId":759865528}},{"type":"Feature","geometry":{"type":"LineString","coordinates":[[19.5635073,46.163091],[19.5636142,46.163095],[19.5637257,46.1630892],[19.5639504,46.1630137]]},"properties":{"category":"road","class":"secondary","name":"Пут Едварда Кардеља","osmType":"way","osmId":759865532}},{"type":"Feature","geometry":{"type":"LineString","coordinates":[[19.5632853,46.1628171],[19.5633741,46.1629912],[19.5634185,46.1630555]]},"properties":{"category":"road","class":"trunk","name":"","ref":"11","osmType":"way","osmId":759865534}},{"type":"Feature","geometry":{"type":"LineString","coordinates":[[19.5632559,46.1617388],[19.5632304,46.1610168],[19.5632105,46.1606771],[19.5631795,46.1602095]]},"properties":{"category":"road","class":"trunk","name":"Обилазница око Суботице","ref":"11","osmType":"way","osmId":759865535}},{"type":"Feature","geometry":{"type":"LineString","coordinates":[[19.5634085,46.1634928],[19.5632661,46.1635709],[19.5632185,46.1636067],[19.563189,46.1636364],[19.563118,46.1637081]]},"properties":{"category":"road","class":"primary","name":"Пут Едварда Кардеља","ref":"11","osmType":"way","osmId":759865536}},{"type":"Feature","geometry":{"type":"LineString","coordinates":[[19.5639504,46.1630137],[19.5637038,46.1631872],[19.5636879,46.1632003],[19.5636312,46.1632467]]},"properties":{"category":"road","class":"secondary","name":"Пут Едварда Кардеља","osmType":"way","osmId":760009682}},{"type":"Feature","geometry":{"type":"LineString","coordinates":[[19.6517696,46.0935358],[19.6516844,46.0936059],[19.6516675,46.0936225],[19.651384,46.0939002],[19.6511819,46.0941191],[19.6504715,46.0948062],[19.6503632,46.0949111],[19.6492725,46.0958213],[19.6489451,46.0960866],[19.6484682,46.0964546],[19.6482958,46.0966059],[19.6476072,46.0971782],[19.6470801,46.0976049],[19.6467923,46.0978466],[19.6464572,46.098104],[19.6462353,46.0982975],[19.6456842,46.0987402],[19.6454689,46.0989011],[19.6452586,46.0990987],[19.6450664,46.0992762],[19.6448855,46.0994701],[19.6446501,46.0997287],[19.6444859,46.0999637],[19.6442791,46.1002553],[19.6439905,46.1006727]]},"properties":{"category":"road","class":"tertiary","name":"Гајева","osmType":"way","osmId":765993887}},{"type":"Feature","geometry":{"type":"LineString","coordinates":[[19.6307481,46.078988],[19.6308828,46.0790849],[19.630923,46.0791138],[19.630952,46.0791347],[19.6315867,46.0795913]]},"properties":{"category":"road","class":"secondary","name":"Фрање Клуза","osmType":"way","osmId":765993888}},{"type":"Feature","geometry":{"type":"LineString","coordinates":[[19.6751345,46.1219355],[19.6750432,46.1217892],[19.6749818,46.121691]]},"properties":{"category":"road","class":"tertiary","name":"Мајшански пут","osmType":"way","osmId":768568710}},{"type":"Feature","geometry":{"type":"LineString","coordinates":[[19.3631347,45.9433834],[19.3657951,45.9447208],[19.3703236,45.9469367],[19.3775287,45.9504936]]},"properties":{"category":"road","class":"primary","name":"","ref":"12","osmType":"way","osmId":773807235}},{"type":"Feature","geometry":{"type":"LineString","coordinates":[[19.3829422,45.9531697],[19.3865911,45.9549734],[19.391078,45.9571683]]},"properties":{"category":"road","class":"primary","name":"","ref":"12","osmType":"way","osmId":773807236}},{"type":"Feature","geometry":{"type":"LineString","coordinates":[[19.392885,45.9580608],[19.3930882,45.9581877],[19.3932983,45.9583333],[19.3935231,45.9585083],[19.3937602,45.9587072],[19.3939177,45.9588525],[19.3940743,45.9590086],[19.394224,45.9591709]]},"properties":{"category":"road","class":"primary","name":"","ref":"12","osmType":"way","osmId":773807237}},{"type":"Feature","geometry":{"type":"LineString","coordinates":[[19.3947256,45.9598308],[19.3947912,45.959925],[19.3948447,45.9599894],[19.3948978,45.9600373],[19.3949509,45.9600777],[19.3950219,45.960127],[19.3950953,45.9601694],[19.3951866,45.9602146],[19.395291,45.9602603],[19.3953692,45.9602899],[19.3954382,45.9603135],[19.3955222,45.9603343],[19.3955892,45.9603466],[19.3956678,45.9603595]]},"properties":{"category":"road","class":"primary","name":"","ref":"12","osmType":"way","osmId":773807238}},{"type":"Feature","geometry":{"type":"LineString","coordinates":[[19.3983661,45.9602316],[19.399925,45.9601385],[19.4021499,45.959984],[19.4026186,45.9599489],[19.4035989,45.9598708],[19.4041075,45.9598351]]},"properties":{"category":"road","class":"primary","name":"Сомборски пут","ref":"12","osmType":"way","osmId":773807239}},{"type":"Feature","geometry":{"type":"LineString","coordinates":[[19.4046197,45.9597991],[19.404625,45.9597988],[19.4046985,45.9597936],[19.404929,45.9597752],[19.4060285,45.9597048],[19.4062938,45.9596923],[19.4064845,45.9596862],[19.406687,45.9596878],[19.4068721,45.9596966],[19.4070664,45.9597135],[19.4072637,45.9597387],[19.4074211,45.959765],[19.4076152,45.959805],[19.4078134,45.9598552],[19.4080013,45.959912],[19.409122,45.9602956],[19.4092027,45.9603284],[19.4094486,45.9604284]]},"properties":{"category":"road","class":"primary","name":"Сомборски пут","ref":"12","osmType":"way","osmId":773807240}},{"type":"Feature","geometry":{"type":"LineString","coordinates":[[19.4336628,45.9691488],[19.4338194,45.9691986],[19.4339669,45.9692429],[19.4341164,45.9692811],[19.4348312,45.9694448],[19.4349939,45.9694872],[19.4351468,45.9695344],[19.4352992,45.9695893],[19.4354898,45.9696582]]},"properties":{"category":"road","class":"primary","name":"Трумбићева","ref":"12","osmType":"way","osmId":773807241}},{"type":"Feature","geometry":{"type":"LineString","coordinates":[[19.5524549,46.0296034],[19.555377,46.0313459],[19.5559697,46.0316941],[19.5576923,46.0326982],[19.5581161,46.0329453],[19.562558,46.0355544],[19.5625615,46.0355565]]},"properties":{"category":"road","class":"primary","name":"","ref":"12","osmType":"way","osmId":773807242}},{"type":"Feature","geometry":{"type":"LineString","coordinates":[[19.5189502,46.0096905],[19.5194545,46.0099913]]},"properties":{"category":"road","class":"primary","name":"","ref":"12","osmType":"way","osmId":773808333}},{"type":"Feature","geometry":{"type":"LineString","coordinates":[[19.6231531,46.0695182],[19.6314033,46.0637391],[19.6314088,46.0637352],[19.6363847,46.0602494],[19.6392417,46.0582616],[19.6404863,46.0573818],[19.6404905,46.0573788],[19.643282,46.0554053]]},"properties":{"category":"road","class":"trunk","name":"Обилазница око Суботице","ref":"11","osmType":"way","osmId":776795848}},{"type":"Feature","geometry":{"type":"LineString","coordinates":[[19.6677651,46.0382213],[19.6685562,46.0377127],[19.6691407,46.0373639],[19.6697239,46.0370353],[19.6703583,46.0367099],[19.6710076,46.0364022],[19.6712184,46.0363118],[19.6717137,46.0360955],[19.6722491,46.0358816],[19.6728108,46.0356743],[19.6732798,46.0355133],[19.6741237,46.0352549],[19.6747463,46.0350837],[19.6754248,46.0349136]]},"properties":{"category":"road","class":"trunk","name":"Обилазница око Суботице","ref":"11","osmType":"way","osmId":776795850}},{"type":"Feature","geometry":{"type":"LineString","coordinates":[[19.7232825,46.0310099],[19.7239162,46.031115],[19.7239342,46.0311179],[19.7251555,46.0313165]]},"properties":{"category":"road","class":"trunk","name":"Обилазница око Суботице","ref":"11","osmType":"way","osmId":776795851}},{"type":"Feature","geometry":{"type":"LineString","coordinates":[[19.7272319,46.0315385],[19.7269222,46.0315409],[19.7267227,46.0315501],[19.7265856,46.0315662],[19.7264071,46.0316403]]},"properties":{"category":"road","class":"trunk","name":"Обилазница око Суботице","ref":"11","osmType":"way","osmId":779911364}},{"type":"Feature","geometry":{"type":"LineString","coordinates":[[19.7251555,46.0313165],[19.7252203,46.0313211],[19.7255449,46.031344],[19.7257369,46.03135],[19.7258414,46.0313495],[19.7259184,46.0313469]]},"properties":{"category":"road","class":"trunk","name":"Обилазница око Суботице","ref":"11","osmType":"way","osmId":779911365}},{"type":"Feature","geometry":{"type":"LineString","coordinates":[[19.6653142,46.0399131],[19.6652438,46.0399897],[19.6651907,46.0400474],[19.6651325,46.0401094],[19.665088,46.0401785],[19.6650337,46.0402932]]},"properties":{"category":"road","class":"trunk","name":"","ref":"11","osmType":"way","osmId":779911366}},{"type":"Feature","geometry":{"type":"LineString","coordinates":[[19.6639868,46.0408465],[19.6641857,46.0406858],[19.6642981,46.040585],[19.6643661,46.0404972],[19.6644184,46.0404166]]},"properties":{"category":"road","class":"trunk","name":"","ref":"11","osmType":"way","osmId":779911367}},{"type":"Feature","geometry":{"type":"LineString","coordinates":[[19.6196388,46.0719532],[19.6196635,46.0719311],[19.619844,46.0717699],[19.6198777,46.071731],[19.6199137,46.0716806],[19.61996,46.0716044]]},"properties":{"category":"road","class":"trunk","name":"","ref":"11","osmType":"way","osmId":779911368}},{"type":"Feature","geometry":{"type":"LineString","coordinates":[[19.6209663,46.0710353],[19.6208695,46.0711246],[19.6206972,46.0712835],[19.6206494,46.0713484],[19.6206169,46.0714099],[19.6206004,46.0714709]]},"properties":{"category":"road","class":"trunk","name":"","ref":"11","osmType":"way","osmId":779911369}},{"type":"Feature","geometry":{"type":"LineString","coordinates":[[19.6199408,46.0714932],[19.6199699,46.0714234],[19.6200286,46.0713632],[19.6201111,46.0713185],[19.6202096,46.0712937]]},"properties":{"category":"road","class":"trunk","name":"","ref":"11","osmType":"way","osmId":779911370}},{"type":"Feature","geometry":{"type":"LineString","coordinates":[[19.6688814,46.0991866],[19.6691798,46.0992336],[19.6694653,46.0993318],[19.669758,46.099419],[19.669796,46.0994281],[19.6698481,46.0994406],[19.6699417,46.0994537]]},"properties":{"category":"road","class":"secondary","name":"Максима Горког","osmType":"way","osmId":808444439}},{"type":"Feature","geometry":{"type":"LineString","coordinates":[[19.6699074,46.0995208],[19.6697768,46.0995069],[19.6697116,46.099493],[19.6696145,46.0994658],[19.669095,46.0992973],[19.6688814,46.0991866]]},"properties":{"category":"road","class":"secondary","name":"Максима Горког","osmType":"way","osmId":808444440}},{"type":"Feature","geometry":{"type":"LineString","coordinates":[[19.6699074,46.0995208],[19.6698663,46.0995999],[19.6698051,46.0997184],[19.6696542,46.1000459],[19.6696387,46.1000794]]},"properties":{"category":"road","class":"tertiary","name":"Ђуре Ђаковића","osmType":"way","osmId":808444441}},{"type":"Feature","geometry":{"type":"LineString","coordinates":[[19.6606906,46.1007945],[19.6604193,46.1007339],[19.6603028,46.100708],[19.6585698,46.1003219],[19.6584701,46.1002997]]},"properties":{"category":"road","class":"tertiary","name":"Шандора Петефија","osmType":"way","osmId":808444453}},{"type":"Feature","geometry":{"type":"LineString","coordinates":[[19.6526174,46.099737],[19.6535411,46.0994872],[19.6535998,46.0994683],[19.6539287,46.0993624],[19.6540113,46.0993317],[19.65412,46.0993194]]},"properties":{"category":"road","class":"tertiary","name":"Трг краља Томислава","osmType":"way","osmId":809210103}},{"type":"Feature","geometry":{"type":"LineString","coordinates":[[19.6536196,46.0998258],[19.6537885,46.0996596],[19.6538002,46.0996476],[19.65412,46.0993194]]},"properties":{"category":"road","class":"secondary","name":"Трг краља Томислава","osmType":"way","osmId":809210104}},{"type":"Feature","geometry":{"type":"LineString","coordinates":[[19.6115782,46.1239557],[19.6123103,46.1234991],[19.6138388,46.1227096]]},"properties":{"category":"road","class":"secondary","name":"Пут Едварда Кардеља","osmType":"way","osmId":809210106}},{"type":"Feature","geometry":{"type":"LineString","coordinates":[[19.608548,46.1261987],[19.6086196,46.1261406],[19.6086989,46.1260761],[19.6087115,46.126066],[19.60992,46.1251]]},"properties":{"category":"road","class":"secondary","name":"Пут Едварда Кардеља","osmType":"way","osmId":809210107}},{"type":"Feature","geometry":{"type":"LineString","coordinates":[[19.5881967,46.1428961],[19.5885804,46.1425332],[19.5912888,46.139971],[19.5919418,46.1394016],[19.5942853,46.1375084],[19.5952278,46.1367699],[19.596093,46.1360919],[19.5975698,46.1349252],[19.5988333,46.133927],[19.5993928,46.1334888],[19.5994725,46.1334263],[19.6008269,46.1323654],[19.6040553,46.1297945],[19.6047323,46.1292554],[19.6072622,46.1272448],[19.6073073,46.1272093],[19.608548,46.1261987]]},"properties":{"category":"road","class":"secondary","name":"Пут Едварда Кардеља","osmType":"way","osmId":809210108}},{"type":"Feature","geometry":{"type":"LineString","coordinates":[[19.6852869,46.1133412],[19.6852248,46.1134811],[19.6851822,46.1135839],[19.6851758,46.1135994],[19.6851491,46.1136751],[19.6851286,46.1137361]]},"properties":{"category":"road","class":"tertiary","name":"Партизанских база","osmType":"way","osmId":817297318}},{"type":"Feature","geometry":{"type":"LineString","coordinates":[[19.6228495,46.1010314],[19.6228476,46.100982],[19.6228715,46.1009275],[19.6230016,46.1008112],[19.6232641,46.1005569],[19.6261025,46.0978075],[19.6262968,46.0976682],[19.6284871,46.0964053],[19.6300357,46.0954955],[19.6317378,46.0944981],[19.631972,46.0943663],[19.6320831,46.0943083],[19.632683,46.0939951],[19.633466,46.0936653],[19.6339747,46.09345],[19.6346624,46.0931628],[19.6363466,46.092475],[19.6368488,46.0922618],[19.6376609,46.0919248],[19.6383332,46.0916346],[19.6386951,46.091489],[19.6396031,46.0911302],[19.6402444,46.0908681],[19.6403898,46.0908087],[19.6411132,46.090513],[19.6420386,46.0901252],[19.6427497,46.0898195],[19.6446008,46.0890106],[19.6447468,46.0889468]]},"properties":{"category":"road","class":"tertiary","name":"Франа Супила","osmType":"way","osmId":821668824}},{"type":"Feature","geometry":{"type":"LineString","coordinates":[[19.6233426,46.1014388],[19.6233001,46.1013612],[19.6232405,46.1012875],[19.6231649,46.1012255],[19.6230201,46.1011329],[19.6229,46.1010746],[19.6228495,46.1010314]]},"properties":{"category":"road","class":"tertiary","name":"Бајски пут","osmType":"way","osmId":821668825}},{"type":"Feature","geometry":{"type":"LineString","coordinates":[[19.6707938,46.0997117],[19.6702094,46.0995697],[19.6701423,46.0995544],[19.6701074,46.0995481],[19.6700438,46.0995367],[19.6699074,46.0995208]]},"properties":{"category":"road","class":"secondary","name":"Максима Горког","ref":"100","osmType":"way","osmId":833126867}},{"type":"Feature","geometry":{"type":"LineString","coordinates":[[19.6699417,46.0994537],[19.6700531,46.0994654],[19.6701854,46.0994786],[19.6702573,46.0994968],[19.6705061,46.0995601],[19.6707981,46.0996344],[19.6712505,46.0997445],[19.6715965,46.0998247]]},"properties":{"category":"road","class":"secondary","name":"Максима Горког","ref":"100","osmType":"way","osmId":833126869}},{"type":"Feature","geometry":{"type":"LineString","coordinates":[[19.672849,46.1000443],[19.6721087,46.0999712],[19.6715671,46.0998922]]},"properties":{"category":"road","class":"secondary","name":"Максима Горког","ref":"100","osmType":"way","osmId":833126872}},{"type":"Feature","geometry":{"type":"LineString","coordinates":[[19.6715965,46.0998247],[19.6720584,46.0998994],[19.6728635,46.0999794]]},"properties":{"category":"road","class":"secondary","name":"Максима Горког","ref":"100","osmType":"way","osmId":833126873}},{"type":"Feature","geometry":{"type":"LineString","coordinates":[[19.6602003,46.1015061],[19.6603084,46.1015245],[19.6603527,46.101537],[19.6604016,46.1015556],[19.6604291,46.1015714],[19.6604894,46.1016229]]},"properties":{"category":"road","class":"tertiary","name":"Трг синагоге","osmType":"way","osmId":833612747}},{"type":"Feature","geometry":{"type":"LineString","coordinates":[[19.6604894,46.1016229],[19.6603902,46.1016054],[19.66034,46.1015933],[19.6603064,46.1015798],[19.6602628,46.1015533],[19.6602003,46.1015061]]},"properties":{"category":"road","class":"tertiary","name":"Трг синагоге","osmType":"way","osmId":833612748}},{"type":"Feature","geometry":{"type":"LineString","coordinates":[[19.6652166,46.0899325],[19.6653027,46.0899819],[19.6661221,46.0904526],[19.6661903,46.0904918]]},"properties":{"category":"road","class":"tertiary","name":"Евгенија Кумичића","osmType":"way","osmId":833619382}},{"type":"Feature","geometry":{"type":"LineString","coordinates":[[19.6595914,46.0981543],[19.6601747,46.0985017],[19.6602444,46.0985432],[19.6603434,46.0985967]]},"properties":{"category":"road","class":"tertiary","name":"Трг жртава фашизма","osmType":"way","osmId":833761657}},{"type":"Feature","geometry":{"type":"LineString","coordinates":[[19.658977,46.0988877],[19.6590813,46.0987653]]},"properties":{"category":"road","class":"tertiary","name":"Трг жртава фашизма","osmType":"way","osmId":833761659}},{"type":"Feature","geometry":{"type":"LineString","coordinates":[[19.6603272,46.0947791],[19.6604302,46.0948804],[19.6606942,46.0951743]]},"properties":{"category":"road","class":"secondary","name":"Максима Горког","osmType":"way","osmId":835553905}},{"type":"Feature","geometry":{"type":"LineString","coordinates":[[19.6617086,46.0962867],[19.6618374,46.0963835],[19.6620466,46.0964839],[19.662464,46.0966436],[19.6627843,46.0967577],[19.6629372,46.0968122]]},"properties":{"category":"road","class":"secondary","name":"Максима Горког","osmType":"way","osmId":835553912}},{"type":"Feature","geometry":{"type":"LineString","coordinates":[[19.6728789,46.0836185],[19.6728182,46.0836828],[19.6727953,46.083707],[19.672453,46.0840694]]},"properties":{"category":"road","class":"secondary","name":"Београдски пут","osmType":"way","osmId":835562465}},{"type":"Feature","geometry":{"type":"LineString","coordinates":[[19.6810201,46.0688854],[19.680934,46.0691201],[19.6808812,46.0692298],[19.680816,46.0693651],[19.6807501,46.069499]]},"properties":{"category":"road","class":"secondary","name":"Београдски пут","ref":"100","osmType":"way","osmId":835563773}},{"type":"Feature","geometry":{"type":"LineString","coordinates":[[19.6796612,46.0717218],[19.6795312,46.0719877],[19.6794987,46.0720542],[19.6794748,46.072103],[19.6794614,46.0721313],[19.6794086,46.072243]]},"properties":{"category":"road","class":"secondary","name":"Београдски пут","ref":"100","osmType":"way","osmId":835563775}},{"type":"Feature","geometry":{"type":"LineString","coordinates":[[19.6794086,46.072243],[19.6793582,46.0723514],[19.6793397,46.0723938],[19.6793288,46.0724187],[19.6792469,46.0726061],[19.6791726,46.0727761]]},"properties":{"category":"road","class":"secondary","name":"Београдски пут","ref":"100","osmType":"way","osmId":835563776}},{"type":"Feature","geometry":{"type":"LineString","coordinates":[[19.6734098,46.0830138],[19.6733256,46.0831097],[19.673308,46.0831298],[19.6732652,46.0831785],[19.6729477,46.0835401],[19.6728789,46.0836185]]},"properties":{"category":"road","class":"secondary","name":"Београдски пут","ref":"100","osmType":"way","osmId":835563780}},{"type":"Feature","geometry":{"type":"LineString","coordinates":[[19.6650719,46.0981349],[19.6651866,46.0980132]]},"properties":{"category":"road","class":"tertiary","name":"Штросмајерова","osmType":"way","osmId":835565607}},{"type":"Feature","geometry":{"type":"LineString","coordinates":[[19.6651866,46.0980132],[19.6653819,46.0978057],[19.6654463,46.0977372],[19.6654814,46.097622]]},"properties":{"category":"road","class":"tertiary","name":"Штросмајерова","osmType":"way","osmId":835565608}},{"type":"Feature","geometry":{"type":"LineString","coordinates":[[19.6629372,46.0968122],[19.6629691,46.0967617],[19.663609,46.0957493],[19.6640668,46.095074],[19.6642006,46.0948762]]},"properties":{"category":"road","class":"tertiary","name":"Матије Гупца","osmType":"way","osmId":835565613}},{"type":"Feature","geometry":{"type":"LineString","coordinates":[[19.6806845,46.0646679],[19.6807898,46.0648045],[19.6808651,46.0649201],[19.6809038,46.0649878]]},"properties":{"category":"road","class":"secondary","name":"Београдски пут","ref":"100","osmType":"way","osmId":835565616}},{"type":"Feature","geometry":{"type":"LineString","coordinates":[[19.6795814,46.0638461],[19.679693,46.0639124],[19.6797236,46.0639293],[19.6798709,46.0640077],[19.6799878,46.0640783],[19.68009,46.0641452]]},"properties":{"category":"road","class":"secondary","name":"Београдски пут","ref":"100","osmType":"way","osmId":835565617}},{"type":"Feature","geometry":{"type":"LineString","coordinates":[[19.68009,46.0641452],[19.6802089,46.06423],[19.6803384,46.0643322]]},"properties":{"category":"road","class":"secondary","name":"Београдски пут","ref":"100","osmType":"way","osmId":835565619}},{"type":"Feature","geometry":{"type":"LineString","coordinates":[[19.6578966,46.1001184],[19.6579228,46.1001025],[19.658044,46.1000892],[19.6581687,46.1000788]]},"properties":{"category":"road","class":"tertiary","name":"Шандора Петефија","osmType":"way","osmId":835846412}},{"type":"Feature","geometry":{"type":"LineString","coordinates":[[19.6581103,46.1002481],[19.6580125,46.1002007],[19.6579161,46.1001322],[19.6578966,46.1001184]]},"properties":{"category":"road","class":"tertiary","name":"Шандора Петефија","osmType":"way","osmId":835846413}},{"type":"Feature","geometry":{"type":"LineString","coordinates":[[19.6575132,46.1000282],[19.6578966,46.1001184]]},"properties":{"category":"road","class":"tertiary","name":"Шандора Петефија","osmType":"way","osmId":835846415}},{"type":"Feature","geometry":{"type":"LineString","coordinates":[[19.6545258,46.0994047],[19.6547711,46.0994519]]},"properties":{"category":"road","class":"tertiary","name":"Шандора Петефија","osmType":"way","osmId":835846417}},{"type":"Feature","geometry":{"type":"LineString","coordinates":[[19.6547711,46.0994519],[19.6550571,46.0995114],[19.655771,46.0996592],[19.6563905,46.0997889],[19.6564725,46.099806]]},"properties":{"category":"road","class":"tertiary","name":"Шандора Петефија","osmType":"way","osmId":835846418}},{"type":"Feature","geometry":{"type":"LineString","coordinates":[[19.6809778,46.0907271],[19.680885,46.0908],[19.6808231,46.090846],[19.6803012,46.0911968]]},"properties":{"category":"road","class":"secondary","name":"Сенћански пут","ref":"100","osmType":"way","osmId":835846430}},{"type":"Feature","geometry":{"type":"LineString","coordinates":[[19.6837248,46.0880635],[19.6834664,46.0883171],[19.683409,46.0883734],[19.6825325,46.0892335],[19.682416,46.0893478],[19.6823544,46.0894083],[19.6815906,46.090144],[19.6813634,46.0903628],[19.681227,46.0904942],[19.681176,46.0905433]]},"properties":{"category":"road","class":"secondary","name":"Сенћански пут","ref":"100","osmType":"way","osmId":835846431}},{"type":"Feature","geometry":{"type":"LineString","coordinates":[[19.6739556,46.0948719],[19.6735829,46.0950915],[19.673551,46.0951094],[19.6734782,46.0951503]]},"properties":{"category":"road","class":"secondary","name":"Сенћански пут","ref":"100","osmType":"way","osmId":835846432}},{"type":"Feature","geometry":{"type":"LineString","coordinates":[[19.6726405,46.0955129],[19.6729061,46.0953607],[19.6730572,46.0952742],[19.673085,46.0952582]]},"properties":{"category":"road","class":"secondary","name":"Сенћански пут","ref":"100","osmType":"way","osmId":835846434}},{"type":"Feature","geometry":{"type":"LineString","coordinates":[[19.6734782,46.0951503],[19.6733211,46.0952391],[19.6731588,46.0953249],[19.673131,46.0953396],[19.6728822,46.095471]]},"properties":{"category":"road","class":"secondary","name":"Сенћански пут","ref":"100","osmType":"way","osmId":835846435}},{"type":"Feature","geometry":{"type":"LineString","coordinates":[[19.6733833,46.0950907],[19.6734791,46.0950326],[19.6735033,46.0950179],[19.6736462,46.094942],[19.6741617,46.0946681],[19.6745155,46.0944802],[19.6748362,46.0943253]]},"properties":{"category":"road","class":"secondary","name":"Сенћански пут","ref":"100","osmType":"way","osmId":835846436}},{"type":"Feature","geometry":{"type":"LineString","coordinates":[[19.6728822,46.095471],[19.672038,46.0959699],[19.6718477,46.0960448]]},"properties":{"category":"road","class":"secondary","name":"Сенћански пут","ref":"100","osmType":"way","osmId":835846437}},{"type":"Feature","geometry":{"type":"LineString","coordinates":[[19.6718477,46.0960448],[19.6719522,46.095929],[19.6720676,46.0958581],[19.6724789,46.0956054]]},"properties":{"category":"road","class":"secondary","name":"Сенћански пут","ref":"100","osmType":"way","osmId":835846438}},{"type":"Feature","geometry":{"type":"LineString","coordinates":[[19.6713085,46.0967748],[19.6712323,46.0969242],[19.6711571,46.0970711],[19.6711236,46.0971371]]},"properties":{"category":"road","class":"secondary","name":"Трг Лазара Нешића","ref":"100","osmType":"way","osmId":835846440}},{"type":"Feature","geometry":{"type":"LineString","coordinates":[[19.6699417,46.0994537],[19.6699074,46.0995208]]},"properties":{"category":"road","class":"secondary","name":"Трг Лазара Нешића","ref":"100","osmType":"way","osmId":835846442}},{"type":"Feature","geometry":{"type":"LineString","coordinates":[[19.6701329,46.0990789],[19.6700186,46.0993029],[19.6700027,46.0993341],[19.6699417,46.0994537]]},"properties":{"category":"road","class":"secondary","name":"Трг Лазара Нешића","ref":"100","osmType":"way","osmId":835846443}},{"type":"Feature","geometry":{"type":"LineString","coordinates":[[19.6728635,46.0999794],[19.6729875,46.0999977],[19.6730728,46.1000185],[19.6731535,46.1000414]]},"properties":{"category":"road","class":"secondary","name":"Максима Горког","ref":"100","osmType":"way","osmId":835846448}},{"type":"Feature","geometry":{"type":"LineString","coordinates":[[19.6731535,46.1000414],[19.6729844,46.1000516],[19.672849,46.1000443]]},"properties":{"category":"road","class":"secondary","name":"Максима Горког","ref":"100","osmType":"way","osmId":835846449}},{"type":"Feature","geometry":{"type":"LineString","coordinates":[[19.6705889,46.0869014],[19.6706752,46.086941],[19.6710772,46.0871252],[19.6711252,46.0871463],[19.6711855,46.0871728],[19.6713581,46.0872486],[19.6721564,46.087599],[19.6722239,46.0876285],[19.6724616,46.0877344],[19.672543,46.0877729],[19.6726294,46.0878096],[19.6726897,46.0878352]]},"properties":{"category":"road","class":"tertiary","name":"Наде Димић","osmType":"way","osmId":835851504}},{"type":"Feature","geometry":{"type":"LineString","coordinates":[[19.6695939,46.0864576],[19.6696755,46.086494],[19.6697715,46.0865368],[19.6702597,46.0867546],[19.6705889,46.0869014]]},"properties":{"category":"road","class":"tertiary","name":"Наде Димић","osmType":"way","osmId":835851505}},{"type":"Feature","geometry":{"type":"LineString","coordinates":[[19.6508499,46.1000604],[19.6512455,46.1],[19.6523368,46.0997989],[19.6526174,46.099737]]},"properties":{"category":"road","class":"tertiary","name":"Бајски пут","osmType":"way","osmId":835851506}},{"type":"Feature","geometry":{"type":"LineString","coordinates":[[19.6467021,46.1006419],[19.6473954,46.1005389],[19.6479757,46.1004402],[19.6486283,46.100355],[19.6489204,46.1003116],[19.6491592,46.100269],[19.6508499,46.1000604]]},"properties":{"category":"road","class":"tertiary","name":"Бајски пут","osmType":"way","osmId":835851507}},{"type":"Feature","geometry":{"type":"LineString","coordinates":[[19.64326,46.1074156],[19.6439484,46.1069169],[19.6441728,46.1067544]]},"properties":{"category":"road","class":"secondary","name":"Карађорђев пут","osmType":"way","osmId":835851509}},{"type":"Feature","geometry":{"type":"LineString","coordinates":[[19.643788,46.1061914],[19.6442944,46.106536],[19.6443789,46.1065935]]},"properties":{"category":"road","class":"tertiary","name":"Метохијска","osmType":"way","osmId":835851510}},{"type":"Feature","geometry":{"type":"LineString","coordinates":[[19.6458825,46.105523],[19.6463327,46.1051858],[19.6464289,46.1051254],[19.6474946,46.1043524],[19.6477172,46.1041939],[19.6478527,46.1040973],[19.6494622,46.1029394],[19.6496743,46.1027922],[19.6499769,46.1025667],[19.650893,46.1018842],[19.6510911,46.1017449],[19.6515135,46.1014477],[19.652923,46.1003906],[19.6533201,46.1001084],[19.6533529,46.1000775],[19.653478,46.0999594],[19.6536196,46.0998258]]},"properties":{"category":"road","class":"secondary","name":"Карађорђев пут","osmType":"way","osmId":835851511}},{"type":"Feature","geometry":{"type":"LineString","coordinates":[[19.6441728,46.1067544],[19.6442759,46.106674],[19.6443789,46.1065935],[19.6458825,46.105523]]},"properties":{"category":"road","class":"secondary","name":"Карађорђев пут","osmType":"way","osmId":835851512}},{"type":"Feature","geometry":{"type":"LineString","coordinates":[[19.6635527,46.1063233],[19.6633586,46.106013]]},"properties":{"category":"road","class":"tertiary","name":"Боре Станковића","osmType":"way","osmId":835851513}},{"type":"Feature","geometry":{"type":"LineString","coordinates":[[19.662478,46.1061964],[19.6620306,46.1064807],[19.6619732,46.1065171]]},"properties":{"category":"road","class":"tertiary","name":"Арсенија Чарнојевића","osmType":"way","osmId":835851515}},{"type":"Feature","geometry":{"type":"LineString","coordinates":[[19.6643901,46.1037913],[19.6642996,46.1039144]]},"properties":{"category":"road","class":"tertiary","name":"Арсенија Чарнојевића","osmType":"way","osmId":835851516}},{"type":"Feature","geometry":{"type":"LineString","coordinates":[[19.6601924,46.1043306],[19.6601522,46.1043603],[19.6601364,46.104372],[19.6601204,46.1043839],[19.6592927,46.1052497],[19.6592547,46.1052887],[19.6592031,46.1053455],[19.6575377,46.1071387],[19.657507,46.1071718],[19.6574443,46.1072395],[19.6563596,46.1084104],[19.656004,46.1088098],[19.6559181,46.1089062]]},"properties":{"category":"road","class":"tertiary","name":"Алеја маршала Тита","osmType":"way","osmId":835851522}},{"type":"Feature","geometry":{"type":"LineString","coordinates":[[19.668191,46.1029971],[19.6681684,46.1030428],[19.6678705,46.1036444]]},"properties":{"category":"road","class":"tertiary","name":"Ђуре Ђаковића","osmType":"way","osmId":835851524}},{"type":"Feature","geometry":{"type":"LineString","coordinates":[[19.668864,46.1016324],[19.6688174,46.1017269],[19.6688112,46.1017395],[19.668781,46.1018007]]},"properties":{"category":"road","class":"tertiary","name":"Ђуре Ђаковића","osmType":"way","osmId":835851526}},{"type":"Feature","geometry":{"type":"LineString","coordinates":[[19.6696387,46.1000794],[19.6696066,46.1001436],[19.6693493,46.1006581],[19.6693368,46.1006831],[19.669307,46.1007427],[19.6692752,46.1008065],[19.6692569,46.1008432],[19.6690766,46.1012055],[19.6689589,46.1014419],[19.6689319,46.101496],[19.668864,46.1016324]]},"properties":{"category":"road","class":"tertiary","name":"Ђуре Ђаковића","osmType":"way","osmId":835851528}},{"type":"Feature","geometry":{"type":"LineString","coordinates":[[19.656179,46.0962098],[19.6564602,46.0963766],[19.6572928,46.0968705],[19.6573937,46.096933]]},"properties":{"category":"road","class":"secondary","name":"Сомборски пут","osmType":"way","osmId":835851530}},{"type":"Feature","geometry":{"type":"LineString","coordinates":[[19.6573937,46.096933],[19.6573715,46.0969506],[19.6573298,46.0969836],[19.6563525,46.0977878]]},"properties":{"category":"road","class":"secondary","name":"Прерадовићева","osmType":"way","osmId":835851535}},{"type":"Feature","geometry":{"type":"LineString","coordinates":[[19.6802548,46.1045026],[19.6806741,46.1046082],[19.6807386,46.1046245],[19.681131,46.1047573],[19.6818513,46.1050347],[19.6821738,46.1051727],[19.6825551,46.1053451]]},"properties":{"category":"road","class":"tertiary","name":"Теслина","osmType":"way","osmId":835852023}},{"type":"Feature","geometry":{"type":"LineString","coordinates":[[19.6728969,46.1022407],[19.6729823,46.102265],[19.6742124,46.1026141],[19.6748369,46.1027824],[19.6757678,46.1030729],[19.6770623,46.1035651],[19.6778935,46.1038314],[19.67796,46.1038527],[19.6792243,46.1042267],[19.6793056,46.1042508],[19.6793943,46.1042746],[19.6801001,46.1044636],[19.6802548,46.1045026]]},"properties":{"category":"road","class":"tertiary","name":"Теслина","osmType":"way","osmId":835852024}},{"type":"Feature","geometry":{"type":"LineString","coordinates":[[19.6744724,46.0887769],[19.6745777,46.0888398],[19.675001,46.0890943],[19.6751438,46.0891801]]},"properties":{"category":"road","class":"tertiary","name":"Наде Димић","osmType":"way","osmId":836084989}},{"type":"Feature","geometry":{"type":"LineString","coordinates":[[19.6738436,46.0884168],[19.6740008,46.08851],[19.6740616,46.0885444],[19.6744724,46.0887769]]},"properties":{"category":"road","class":"tertiary","name":"Наде Димић","osmType":"way","osmId":836084990}},{"type":"Feature","geometry":{"type":"LineString","coordinates":[[19.6875109,46.0995962],[19.6873725,46.0997655]]},"properties":{"category":"road","class":"tertiary","name":"Ђорђа Натошевића","osmType":"way","osmId":836183975}},{"type":"Feature","geometry":{"type":"LineString","coordinates":[[19.6873725,46.0997655],[19.6871775,46.100004],[19.6870621,46.1001451]]},"properties":{"category":"road","class":"tertiary","name":"Ђорђа Натошевића","osmType":"way","osmId":836183976}},{"type":"Feature","geometry":{"type":"LineString","coordinates":[[19.7486815,46.0606142],[19.7481134,46.0607924]]},"properties":{"category":"road","class":"secondary","name":"Сенћански пут","ref":"300","osmType":"way","osmId":836183993}},{"type":"Feature","geometry":{"type":"LineString","coordinates":[[19.7490926,46.0604968],[19.7489193,46.0605463],[19.7486815,46.0606142]]},"properties":{"category":"road","class":"secondary","name":"Сенћански пут","ref":"300","osmType":"way","osmId":836183994}},{"type":"Feature","geometry":{"type":"LineString","coordinates":[[19.7475137,46.0609801],[19.747117,46.061108]]},"properties":{"category":"road","class":"secondary","name":"Сенћански пут","ref":"300","osmType":"way","osmId":836183995}},{"type":"Feature","geometry":{"type":"LineString","coordinates":[[19.747117,46.061108],[19.7464537,46.061322]]},"properties":{"category":"road","class":"secondary","name":"Сенћански пут","ref":"300","osmType":"way","osmId":836183996}},{"type":"Feature","geometry":{"type":"LineString","coordinates":[[19.7481134,46.0607924],[19.7479109,46.0608542],[19.7477288,46.0609107],[19.7475137,46.0609801]]},"properties":{"category":"road","class":"secondary","name":"Сенћански пут","ref":"300","osmType":"way","osmId":836183997}},{"type":"Feature","geometry":{"type":"LineString","coordinates":[[19.7589674,46.0569958],[19.7586419,46.0571018]]},"properties":{"category":"road","class":"secondary","name":"Сенћански пут","ref":"300","osmType":"way","osmId":836183998}},{"type":"Feature","geometry":{"type":"LineString","coordinates":[[19.6919207,46.1010638],[19.6918967,46.101153],[19.691844,46.1014021]]},"properties":{"category":"road","class":"tertiary","name":"Партизанских база","osmType":"way","osmId":836188479}},{"type":"Feature","geometry":{"type":"LineString","coordinates":[[19.6651834,46.0408065],[19.6651153,46.0407385],[19.665045,46.0406794],[19.6649854,46.0406425],[19.6648905,46.040597],[19.6647401,46.0405603]]},"properties":{"category":"road","class":"secondary","name":"","ref":"100","osmType":"way","osmId":836456710}},{"type":"Feature","geometry":{"type":"LineString","coordinates":[[19.6642507,46.039827],[19.6643143,46.0399071],[19.6643572,46.0399525],[19.6644313,46.0400227],[19.664484,46.0400637],[19.6645307,46.0400907],[19.6645672,46.0401065],[19.6646174,46.0401263]]},"properties":{"category":"road","class":"secondary","name":"","ref":"100","osmType":"way","osmId":836456711}},{"type":"Feature","geometry":{"type":"LineString","coordinates":[[19.6249211,46.1017815],[19.6271793,46.1021942],[19.6279185,46.1023225],[19.6285569,46.1024396],[19.6290389,46.102519],[19.6292884,46.1025552],[19.6295676,46.1025956],[19.6297881,46.1026054],[19.6302293,46.1026217],[19.6306917,46.1026442],[19.6313556,46.1026457],[19.6315471,46.1026461],[19.6317334,46.102653],[19.6324953,46.1026521],[19.6331439,46.1026504],[19.6339709,46.10265],[19.6344426,46.1026484],[19.6354879,46.1026627],[19.6356395,46.1026648],[19.6362025,46.1026751],[19.6374579,46.1026884],[19.6375844,46.1026925],[19.6383367,46.1026939],[19.6393095,46.1027023],[19.6394951,46.1027009],[19.6397181,46.1026851],[19.6399044,46.1026541],[19.640241,46.1025438],[19.6408206,46.1023592],[19.6416246,46.1021031],[19.642557,46.1018036],[19.6427373,46.1017457],[19.6431996,46.1015972],[19.6435252,46.1014915],[19.6446386,46.1012068],[19.6457051,46.1009064],[19.6463041,46.1007473],[19.6467021,46.1006419]]},"properties":{"category":"road","class":"tertiary","name":"Бајски пут","osmType":"way","osmId":836695247}},{"type":"Feature","geometry":{"type":"LineString","coordinates":[[19.7062095,45.934357],[19.7068162,45.934226]]},"properties":{"category":"road","class":"tertiary","name":"","ref":"303","osmType":"way","osmId":839602921}},{"type":"Feature","geometry":{"type":"LineString","coordinates":[[19.7104583,45.9334536],[19.7107617,45.9333915]]},"properties":{"category":"road","class":"tertiary","name":"","ref":"303","osmType":"way","osmId":839602926}},{"type":"Feature","geometry":{"type":"LineString","coordinates":[[19.6562162,46.1053754],[19.6565752,46.1050887],[19.657132,46.1046022],[19.6573781,46.1044222]]},"properties":{"category":"road","class":"tertiary","name":"Зрињског и Франкопана","osmType":"way","osmId":860766281}},{"type":"Feature","geometry":{"type":"LineString","coordinates":[[19.6584208,46.1049121],[19.6586561,46.1050195],[19.6588377,46.105103],[19.6589599,46.1051582],[19.6591205,46.1052319],[19.6592547,46.1052887]]},"properties":{"category":"road","class":"tertiary","name":"Петра Лековића","osmType":"way","osmId":860766282}},{"type":"Feature","geometry":{"type":"LineString","coordinates":[[19.6573781,46.1044222],[19.6574384,46.1044475],[19.6578851,46.1046705],[19.6579228,46.1046893],[19.6579808,46.1047152],[19.6584208,46.1049121]]},"properties":{"category":"road","class":"tertiary","name":"Петра Лековића","osmType":"way","osmId":860766283}},{"type":"Feature","geometry":{"type":"LineString","coordinates":[[19.7363145,46.0256241],[19.7365954,46.0255573],[19.7368192,46.0254722],[19.7370919,46.0253357],[19.7374552,46.0250399],[19.7375752,46.0248964],[19.7380956,46.0243231],[19.7383696,46.0240972],[19.7399057,46.0231548],[19.7420819,46.0218198],[19.744086,46.0205502],[19.7462699,46.0191177],[19.7464201,46.0190096],[19.74664,46.0188364],[19.7467526,46.0187266],[19.7468787,46.0186073],[19.7476646,46.0177971],[19.748024,46.017432],[19.7485768,46.0168745],[19.7485873,46.0168639],[19.7490165,46.0164336],[19.7499096,46.0155489],[19.7505801,46.0148757],[19.7508243,46.0146305],[19.7508656,46.0145875],[19.7510979,46.0143455],[19.7512481,46.0141891],[19.7513688,46.014081],[19.7514391,46.0140267],[19.7514868,46.0139898],[19.752095,46.0134947],[19.7522268,46.0133953],[19.7522901,46.0133461],[19.7523305,46.0133164],[19.7524379,46.0132377],[19.7525179,46.0131791],[19.7527488,46.0130129],[19.7529122,46.0128953],[19.7535574,46.0124307],[19.753799,46.0122568],[19.7538406,46.0122294],[19.7541321,46.0120376],[19.7549362,46.0115197],[19.7552204,46.0113374],[19.7553034,46.0112842],[19.7560376,46.0108204],[19.7563224,46.0106405],[19.7566017,46.010464],[19.7567311,46.0103797],[19.756804,46.0103375],[19.7571408,46.0101304],[19.7574081,46.0099571],[19.757893,46.0096257],[19.7598739,46.0082977],[19.7600525,46.0081805],[19.7600877,46.0081575],[19.7607272,46.0077404],[19.760744,46.0077295],[19.7609523,46.0075938],[19.761902,46.0070079],[19.7631079,46.0062415],[19.7637893,46.0058103],[19.7646863,46.0052364],[19.7651189,46.0049586],[19.7657114,46.0045737],[19.766301,46.0041958],[19.766793,46.0038942],[19.7676215,46.0033862],[19.7681845,46.0030302],[19.7689337,46.0025486],[19.7719813,46.0006064],[19.7729372,45.9999867],[19.773663,45.9995261],[19.7768285,45.9975172],[19.7791529,45.9960452],[19.7808534,45.994989],[19.7820777,45.9941846],[19.7822367,45.9940801],[19.7825312,45.9939037],[19.7886762,45.9900107],[19.7916213,45.9881499],[19.7922983,45.9877018],[19.7948931,45.9860711],[19.795006,45.9859989],[19.7970466,45.9846943],[19.7971194,45.9846477],[19.797945,45.9841198],[19.8030428,45.9808602],[19.8060801,45.9789542],[19.8066339,45.9785847],[19.808897,45.9767107],[19.8093567,45.9763251],[19.8100852,45.9757161],[19.8109308,45.9750149],[19.8109408,45.9750057]]},"properties":{"category":"road","class":"tertiary","name":"Биковачки пут","osmType":"way","osmId":865344051}},{"type":"Feature","geometry":{"type":"LineString","coordinates":[[19.7178393,46.1040521],[19.7158006,46.1038196]]},"properties":{"category":"road","class":"secondary","name":"Сегедински пут","ref":"100","osmType":"way","osmId":867772797}},{"type":"Feature","geometry":{"type":"LineString","coordinates":[[19.7158262,46.1037231],[19.716852,46.1038395],[19.7169829,46.1038544],[19.7172784,46.103888]]},"properties":{"category":"road","class":"secondary","name":"Сегедински пут","ref":"100","osmType":"way","osmId":867772798}},{"type":"Feature","geometry":{"type":"LineString","coordinates":[[19.7151404,46.1037453],[19.7147343,46.1036996],[19.7132862,46.1035365],[19.7129853,46.1035026],[19.71135,46.1033132],[19.7050983,46.1026099],[19.7043266,46.1025205],[19.703273,46.1023985]]},"properties":{"category":"road","class":"secondary","name":"Сегедински пут","ref":"100","osmType":"way","osmId":867772799}},{"type":"Feature","geometry":{"type":"LineString","coordinates":[[19.6994753,46.1018763],[19.6999467,46.1019269]]},"properties":{"category":"road","class":"secondary","name":"Сегедински пут","ref":"100","osmType":"way","osmId":867772800}},{"type":"Feature","geometry":{"type":"LineString","coordinates":[[19.6809778,46.0907271],[19.6810715,46.0907511],[19.6820359,46.0909992]]},"properties":{"category":"road","class":"tertiary","name":"Лошињска","osmType":"way","osmId":867777357}},{"type":"Feature","geometry":{"type":"LineString","coordinates":[[19.681176,46.0905433],[19.6811327,46.0905834],[19.6809778,46.0907271]]},"properties":{"category":"road","class":"secondary","name":"Сенћански пут","ref":"100","osmType":"way","osmId":867777358}},{"type":"Feature","geometry":{"type":"LineString","coordinates":[[19.6728789,46.0836185],[19.6729875,46.083657],[19.6730942,46.0836948],[19.6736762,46.083901],[19.674088,46.0840469],[19.6742672,46.0841104],[19.6744164,46.0841632],[19.6746451,46.0842448],[19.6757984,46.084656],[19.675851,46.0846747]]},"properties":{"category":"road","class":"secondary","name":"Бајнатска","ref":"100","osmType":"way","osmId":867779317}},{"type":"Feature","geometry":{"type":"LineString","coordinates":[[19.6623288,46.0873526],[19.6629275,46.0874677]]},"properties":{"category":"road","class":"tertiary","name":"Динка Шимуновића","osmType":"way","osmId":871118434}},{"type":"Feature","geometry":{"type":"LineString","coordinates":[[19.6631284,46.0875044],[19.6631175,46.0874907],[19.6631102,46.0874758],[19.6631068,46.0874604],[19.6631073,46.0874447]]},"properties":{"category":"road","class":"tertiary","name":"","osmType":"way","osmId":871118435}},{"type":"Feature","geometry":{"type":"LineString","coordinates":[[19.7646448,46.1019208],[19.7636539,46.1019996]]},"properties":{"category":"road","class":"secondary","name":"Хоргошки пут","ref":"100","osmType":"way","osmId":871141486}},{"type":"Feature","geometry":{"type":"LineString","coordinates":[[19.7654184,46.1018592],[19.7646448,46.1019208]]},"properties":{"category":"road","class":"secondary","name":"Хоргошки пут","ref":"100","osmType":"way","osmId":871141487}},{"type":"Feature","geometry":{"type":"LineString","coordinates":[[19.7613992,46.1021791],[19.7612395,46.1021911],[19.7601645,46.1022668]]},"properties":{"category":"road","class":"secondary","name":"Хоргошки пут","ref":"100","osmType":"way","osmId":871141491}},{"type":"Feature","geometry":{"type":"LineString","coordinates":[[19.6388992,45.9479068],[19.6394754,45.9477639],[19.6395528,45.9477512],[19.6396504,45.9477352],[19.6397014,45.9477268],[19.6402687,45.9476947]]},"properties":{"category":"road","class":"tertiary","name":"Чантавирски пут","ref":"303","osmType":"way","osmId":875413254}},{"type":"Feature","geometry":{"type":"LineString","coordinates":[[19.6315495,45.9500119],[19.6315726,45.9499691],[19.6316001,45.9499135],[19.6316168,45.9498843],[19.6316391,45.9498587],[19.631676,45.9498299]]},"properties":{"category":"road","class":"tertiary","name":"Трг слободе","ref":"303","osmType":"way","osmId":875413255}},{"type":"Feature","geometry":{"type":"LineString","coordinates":[[19.6306369,45.9448482],[19.6306668,45.9443728],[19.6306735,45.9442664],[19.6306832,45.944094],[19.6306949,45.9438857],[19.6307185,45.9434658],[19.6308998,45.9402424],[19.6309453,45.9393401],[19.6310232,45.9379065],[19.6311052,45.9362025],[19.6311284,45.9357104],[19.6311652,45.9350367],[19.63129,45.9327382],[19.631328,45.9321298],[19.6315912,45.9275019],[19.6317005,45.9255805],[19.631724,45.9251658],[19.631752,45.9243212],[19.63177,45.9237769]]},"properties":{"category":"road","class":"secondary","name":"Београдски пут","ref":"100","osmType":"way","osmId":875413256}},{"type":"Feature","geometry":{"type":"LineString","coordinates":[[19.6297293,45.9493631],[19.629713,45.9492625],[19.6297027,45.9491502],[19.6297001,45.9490368],[19.629705,45.9489276],[19.6297135,45.9488452],[19.6297274,45.9487556],[19.629753,45.9486391],[19.6297798,45.9485458],[19.6298077,45.9484614],[19.6300605,45.9478702],[19.6300847,45.9478134],[19.6300945,45.9477905],[19.6303864,45.9471065],[19.6304643,45.946885],[19.6304745,45.9468562],[19.6304807,45.9468385],[19.6305071,45.9467634],[19.6306091,45.9455057],[19.6306249,45.945132]]},"properties":{"category":"road","class":"secondary","name":"Београдски пут","ref":"100","osmType":"way","osmId":875413258}},{"type":"Feature","geometry":{"type":"LineString","coordinates":[[19.7995448,46.1076175],[19.7999162,46.1076733],[19.800099,46.1076965],[19.8001323,46.1077007],[19.8001744,46.1077061],[19.8001846,46.1077074],[19.8007328,46.1077785],[19.8008365,46.1077919],[19.8022578,46.1079777]]},"properties":{"category":"road","class":"secondary","name":"Хоргошки пут","ref":"100","osmType":"way","osmId":875457896}},{"type":"Feature","geometry":{"type":"LineString","coordinates":[[19.8316957,46.1112931],[19.8317206,46.1112991],[19.8317312,46.1113017],[19.831936,46.1113517],[19.832161,46.1114065]]},"properties":{"category":"road","class":"secondary","name":"Бориса Кидрича","ref":"100","osmType":"way","osmId":875457897}},{"type":"Feature","geometry":{"type":"LineString","coordinates":[[19.6603434,46.0985967],[19.6602125,46.0986323]]},"properties":{"category":"road","class":"tertiary","name":"Трг жртава фашизма","osmType":"way","osmId":875457900}},{"type":"Feature","geometry":{"type":"LineString","coordinates":[[19.7735113,46.1011977],[19.7730287,46.1012372],[19.7700575,46.10148],[19.7683913,46.1016162],[19.7679658,46.101651],[19.7678016,46.1016644],[19.7654184,46.1018592]]},"properties":{"category":"road","class":"secondary","name":"Хоргошки пут","ref":"100","osmType":"way","osmId":875457901}},{"type":"Feature","geometry":{"type":"LineString","coordinates":[[19.4963306,46.0476776],[19.4958405,46.0475631],[19.4953542,46.0474868],[19.4951737,46.0474587],[19.4949715,46.04739],[19.4947448,46.047313],[19.4942982,46.0471214],[19.4942225,46.0470889]]},"properties":{"category":"road","class":"tertiary","name":"Матка Вуковића","osmType":"way","osmId":876554765}},{"type":"Feature","geometry":{"type":"LineString","coordinates":[[19.5298965,46.0165212],[19.530003,46.0164421],[19.5300548,46.0164152],[19.5300951,46.0164016],[19.5301371,46.0163964],[19.5301893,46.0164002]]},"properties":{"category":"road","class":"tertiary","name":"Салаш","osmType":"way","osmId":876554768}},{"type":"Feature","geometry":{"type":"LineString","coordinates":[[19.5300477,46.0163154],[19.5300746,46.0163463],[19.5300875,46.0163764],[19.5300951,46.0164016],[19.5300991,46.0164348],[19.5300862,46.0164676],[19.5300618,46.0164902],[19.5300117,46.0165276],[19.5299564,46.0165637],[19.5298759,46.0166062],[19.5298079,46.0166268]]},"properties":{"category":"road","class":"tertiary","name":"Салаш","osmType":"way","osmId":876554769}},{"type":"Feature","geometry":{"type":"LineString","coordinates":[[19.5298079,46.0166268],[19.5298287,46.0165943],[19.5298602,46.0165566],[19.5298965,46.0165212]]},"properties":{"category":"road","class":"tertiary","name":"Салаш","osmType":"way","osmId":876554771}},{"type":"Feature","geometry":{"type":"LineString","coordinates":[[19.5282962,46.0152746],[19.5283067,46.0152809],[19.5296504,46.0160775]]},"properties":{"category":"road","class":"primary","name":"","ref":"12","osmType":"way","osmId":876554773}},{"type":"Feature","geometry":{"type":"LineString","coordinates":[[19.5296504,46.0160775],[19.5298191,46.0161785]]},"properties":{"category":"road","class":"primary","name":"","ref":"12","osmType":"way","osmId":876554774}},{"type":"Feature","geometry":{"type":"LineString","coordinates":[[19.5408414,46.0741871],[19.535408,46.0715254],[19.5320924,46.0698416]]},"properties":{"category":"road","class":"tertiary","name":"Љутовачки пут","osmType":"way","osmId":876554779}},{"type":"Feature","geometry":{"type":"LineString","coordinates":[[19.5320924,46.0698416],[19.5297017,46.0686279],[19.5293928,46.0684625],[19.5278037,46.0675407],[19.5277044,46.0674681],[19.5273553,46.0671353],[19.5269775,46.066741],[19.5268482,46.0666205],[19.5265009,46.0662881],[19.5263337,46.0661258],[19.5260109,46.0658141],[19.5259794,46.0657849]]},"properties":{"category":"road","class":"tertiary","name":"Слободана Принципа Сеље","osmType":"way","osmId":876554780}},{"type":"Feature","geometry":{"type":"LineString","coordinates":[[19.4942225,46.0470889],[19.4940055,46.0469795],[19.4928171,46.0463254],[19.4927318,46.0462981],[19.4926337,46.0462976],[19.4925842,46.0463039]]},"properties":{"category":"road","class":"tertiary","name":"Матка Вуковића","osmType":"way","osmId":876554781}},{"type":"Feature","geometry":{"type":"LineString","coordinates":[[19.6047492,46.0961147],[19.6055088,46.0963581],[19.6066868,46.0967334],[19.6103035,46.0978286],[19.6116048,46.0982172],[19.6151124,46.0992694],[19.6164524,46.0996786],[19.6194191,46.1005638],[19.6209189,46.1009889],[19.6219052,46.1012499],[19.6223891,46.101376],[19.6224955,46.1013971],[19.6226941,46.1014204],[19.622887,46.10143],[19.6230604,46.1014317],[19.6231427,46.1014195],[19.6232427,46.1014239],[19.6233426,46.1014388]]},"properties":{"category":"road","class":"tertiary","name":"Љутовачки пут","osmType":"way","osmId":876554782}},{"type":"Feature","geometry":{"type":"LineString","coordinates":[[19.7521572,46.0619787],[19.7521192,46.0619699],[19.7492594,46.0613046],[19.7487313,46.0611817],[19.7486348,46.0611449],[19.7485543,46.0611025],[19.7484307,46.0610156]]},"properties":{"category":"road","class":"tertiary","name":"","osmType":"way","osmId":876567822}},{"type":"Feature","geometry":{"type":"LineString","coordinates":[[19.7523832,46.0620312],[19.7521572,46.0619787]]},"properties":{"category":"road","class":"tertiary","name":"","osmType":"way","osmId":876567823}},{"type":"Feature","geometry":{"type":"LineString","coordinates":[[19.6461808,45.9468638],[19.646232,45.9468485],[19.6473439,45.9465163],[19.648034,45.9463102],[19.6498598,45.9457649]]},"properties":{"category":"road","class":"tertiary","name":"Филипа Кљајића","ref":"303","osmType":"way","osmId":881229785}},{"type":"Feature","geometry":{"type":"LineString","coordinates":[[19.4062398,46.0437275],[19.4061057,46.0428041],[19.4059287,46.0427333],[19.4022021,46.0418752]]},"properties":{"category":"water-line","class":"canal","name":"","osmType":"way","osmId":885982435}},{"type":"Feature","geometry":{"type":"LineString","coordinates":[[19.60992,46.1251],[19.6106081,46.1245608],[19.6112535,46.1241583]]},"properties":{"category":"road","class":"secondary","name":"Пут Едварда Кардеља","osmType":"way","osmId":893110602}},{"type":"Feature","geometry":{"type":"LineString","coordinates":[[19.6588246,46.097721],[19.6593497,46.0980103]]},"properties":{"category":"road","class":"tertiary","name":"Трг жртава фашизма","osmType":"way","osmId":893110603}},{"type":"Feature","geometry":{"type":"LineString","coordinates":[[19.6616589,46.0993107],[19.6624156,46.0997366],[19.6624696,46.0997667]]},"properties":{"category":"road","class":"tertiary","name":"Матка Вуковића","osmType":"way","osmId":893110604}},{"type":"Feature","geometry":{"type":"LineString","coordinates":[[19.6623933,46.0999044],[19.6623827,46.099873],[19.6623859,46.0998407],[19.6624026,46.0998106],[19.6624313,46.0997851],[19.6624696,46.0997667]]},"properties":{"category":"road","class":"tertiary","name":"","osmType":"way","osmId":893110606}},{"type":"Feature","geometry":{"type":"LineString","coordinates":[[19.6607088,46.1006145],[19.6611386,46.1007171],[19.6611664,46.1007266],[19.6611906,46.1007415],[19.6612066,46.1007559],[19.6612182,46.1007742],[19.6612221,46.1007919]]},"properties":{"category":"road","class":"tertiary","name":"","osmType":"way","osmId":893110607}},{"type":"Feature","geometry":{"type":"LineString","coordinates":[[19.6606906,46.1007945],[19.6606598,46.1007671],[19.660639,46.1007387],[19.6606316,46.1007159],[19.6606343,46.1006838],[19.6606444,46.1006611],[19.6606591,46.1006424],[19.6606806,46.1006252]]},"properties":{"category":"road","class":"tertiary","name":"","osmType":"way","osmId":893110608}},{"type":"Feature","geometry":{"type":"LineString","coordinates":[[19.6618802,46.1021711],[19.6619211,46.1021797],[19.661957,46.1021957],[19.6619893,46.1022227],[19.662007,46.1022553],[19.6620085,46.1022903],[19.6619935,46.1023237]]},"properties":{"category":"road","class":"tertiary","name":"","osmType":"way","osmId":893110609}},{"type":"Feature","geometry":{"type":"LineString","coordinates":[[19.6619935,46.1023237],[19.6619636,46.1023519],[19.6619336,46.1023676],[19.661899,46.1023778],[19.6618575,46.1023819]]},"properties":{"category":"road","class":"tertiary","name":"","osmType":"way","osmId":893110610}},{"type":"Feature","geometry":{"type":"LineString","coordinates":[[19.6617042,46.1022766],[19.6617082,46.1022519],[19.661727,46.1022202],[19.6617594,46.1021944],[19.661796,46.1021788]]},"properties":{"category":"road","class":"tertiary","name":"","osmType":"way","osmId":893110612}},{"type":"Feature","geometry":{"type":"LineString","coordinates":[[19.6797192,46.0861262],[19.6796729,46.0861382],[19.6796235,46.0861388],[19.6795827,46.0861302],[19.6795471,46.0861139],[19.6795196,46.0860912],[19.6795028,46.086064],[19.6794979,46.0860433]]},"properties":{"category":"road","class":"secondary","name":"Бајнатска","ref":"100","osmType":"way","osmId":893118452}},{"type":"Feature","geometry":{"type":"LineString","coordinates":[[19.6794979,46.0860433],[19.6795024,46.0860118],[19.6795205,46.0859828],[19.6795505,46.085959],[19.6795707,46.0859477]]},"properties":{"category":"road","class":"secondary","name":"Бајнатска","ref":"100","osmType":"way","osmId":893118453}},{"type":"Feature","geometry":{"type":"LineString","coordinates":[[19.679792,46.0860251],[19.679791,46.086055],[19.6797775,46.0860833],[19.6797529,46.0861078],[19.6797192,46.0861262]]},"properties":{"category":"road","class":"secondary","name":"Бајнатска","ref":"100","osmType":"way","osmId":893118454}},{"type":"Feature","geometry":{"type":"LineString","coordinates":[[19.6738054,46.072144],[19.67379,46.0721753],[19.6736049,46.0725326],[19.6733296,46.0729345],[19.6731377,46.0732075],[19.6730553,46.0733248],[19.6724718,46.0739452]]},"properties":{"category":"road","class":"tertiary","name":"Душана Крњајског","osmType":"way","osmId":893118456}},{"type":"Feature","geometry":{"type":"LineString","coordinates":[[19.6724689,46.0600894],[19.6732843,46.0622438],[19.6735008,46.0628583],[19.6737169,46.0634614]]},"properties":{"category":"road","class":"tertiary","name":"Старине Новака","osmType":"way","osmId":893118458}},{"type":"Feature","geometry":{"type":"LineString","coordinates":[[19.6737169,46.0634614],[19.6743467,46.0651735],[19.6746583,46.0659954],[19.6747072,46.0661244],[19.6747267,46.0661759]]},"properties":{"category":"road","class":"tertiary","name":"Старине Новака","osmType":"way","osmId":893118459}},{"type":"Feature","geometry":{"type":"LineString","coordinates":[[19.6747267,46.0661759],[19.6748097,46.0664493]]},"properties":{"category":"road","class":"tertiary","name":"Старине Новака","osmType":"way","osmId":893118460}},{"type":"Feature","geometry":{"type":"LineString","coordinates":[[19.6580272,46.1096434],[19.6582818,46.1097306],[19.6583351,46.1097488],[19.6586838,46.1098682],[19.6592527,46.10991],[19.6605338,46.1100211],[19.6620729,46.1101753],[19.6623867,46.1101979]]},"properties":{"category":"road","class":"tertiary","name":"Ференца Сепа","osmType":"way","osmId":893134475}},{"type":"Feature","geometry":{"type":"LineString","coordinates":[[19.6532721,46.1078879],[19.6535063,46.1080097],[19.6543361,46.1082667],[19.6551977,46.1086034],[19.6552976,46.1086424],[19.655533,46.1087344],[19.6556312,46.1087728]]},"properties":{"category":"road","class":"tertiary","name":"Ференца Сепа","osmType":"way","osmId":893134476}},{"type":"Feature","geometry":{"type":"LineString","coordinates":[[19.6556312,46.1087728],[19.6557755,46.1088399],[19.6559181,46.1089062]]},"properties":{"category":"road","class":"tertiary","name":"Ференца Сепа","osmType":"way","osmId":893134477}},{"type":"Feature","geometry":{"type":"LineString","coordinates":[[19.6618159,46.1023779],[19.6617948,46.1024117],[19.661771,46.1024425],[19.6617424,46.1024837],[19.6617296,46.102525],[19.6617138,46.1025834]]},"properties":{"category":"road","class":"tertiary","name":"Алеја маршала Тита","osmType":"way","osmId":893134478}},{"type":"Feature","geometry":{"type":"LineString","coordinates":[[19.6749818,46.121691],[19.6749395,46.1216709],[19.6749091,46.1216424],[19.6748937,46.1216086],[19.6748952,46.1215731],[19.6749051,46.1215549],[19.6749133,46.1215399]]},"properties":{"category":"road","class":"tertiary","name":"","osmType":"way","osmId":893143694}},{"type":"Feature","geometry":{"type":"LineString","coordinates":[[19.6749133,46.1215399],[19.6749461,46.1215127],[19.6749899,46.1214944],[19.67504,46.121487],[19.6750908,46.1214914]]},"properties":{"category":"road","class":"tertiary","name":"","osmType":"way","osmId":893143695}},{"type":"Feature","geometry":{"type":"LineString","coordinates":[[19.6751783,46.1216498],[19.6751496,46.1216736],[19.6751123,46.1216907],[19.6750694,46.1216997],[19.6750247,46.1216998],[19.6749818,46.121691]]},"properties":{"category":"road","class":"tertiary","name":"","osmType":"way","osmId":893143696}},{"type":"Feature","geometry":{"type":"LineString","coordinates":[[19.6233426,46.1014388],[19.623515,46.101494],[19.6236962,46.1015508],[19.6239614,46.101609],[19.6243599,46.1016848]]},"properties":{"category":"road","class":"tertiary","name":"Бајски пут","osmType":"way","osmId":893143697}},{"type":"Feature","geometry":{"type":"LineString","coordinates":[[19.767378,46.0936615],[19.7675854,46.0929117],[19.7675938,46.0928785],[19.7678211,46.0920465],[19.7678945,46.0916604],[19.7681353,46.0907735],[19.7684603,46.0892505]]},"properties":{"category":"road","class":"tertiary","name":"","osmType":"way","osmId":893190294}},{"type":"Feature","geometry":{"type":"LineString","coordinates":[[19.7684603,46.0892505],[19.7685384,46.088955],[19.7685578,46.088853],[19.7686408,46.0885031]]},"properties":{"category":"road","class":"tertiary","name":"","osmType":"way","osmId":893190296}},{"type":"Feature","geometry":{"type":"LineString","coordinates":[[19.7636539,46.1019996],[19.7637008,46.1018698],[19.7637287,46.1017789],[19.7641527,46.1003963],[19.7642079,46.1002162],[19.7644721,46.0993604],[19.7646332,46.0988486],[19.7647453,46.0984924],[19.7649867,46.0977255]]},"properties":{"category":"road","class":"tertiary","name":"Кањишки пут","osmType":"way","osmId":893190297}},{"type":"Feature","geometry":{"type":"LineString","coordinates":[[19.7352482,46.1044755],[19.7351086,46.1043975]]},"properties":{"category":"road","class":"tertiary","name":"Дубровачка","osmType":"way","osmId":893190298}},{"type":"Feature","geometry":{"type":"LineString","coordinates":[[19.6388801,46.0847908],[19.6389902,46.0848688],[19.6393209,46.0851029],[19.6395606,46.0852746],[19.6400694,46.0856365],[19.6403456,46.085833],[19.6409279,46.086247],[19.6410284,46.0863185],[19.6410956,46.0863661],[19.6411155,46.0863802],[19.6418188,46.0868785],[19.6424741,46.0873371],[19.6427358,46.0875149],[19.6432978,46.0878967],[19.6439306,46.088373],[19.6442337,46.0885791],[19.6442645,46.0886001],[19.6445214,46.0887825],[19.6446152,46.0888491],[19.6447468,46.0889468]]},"properties":{"category":"road","class":"secondary","name":"Фрање Клуза","osmType":"way","osmId":893190299}},{"type":"Feature","geometry":{"type":"LineString","coordinates":[[19.6854407,46.1130934],[19.6852869,46.1133412]]},"properties":{"category":"road","class":"tertiary","name":"Партизанских база","osmType":"way","osmId":893200013}},{"type":"Feature","geometry":{"type":"LineString","coordinates":[[19.6847851,46.1138872],[19.6847693,46.1138648],[19.6847595,46.1138409],[19.6847559,46.1138162],[19.6847585,46.1137914],[19.6847674,46.1137674],[19.6847823,46.1137448],[19.6848026,46.1137244],[19.6848278,46.1137067],[19.6848571,46.1136924],[19.6848895,46.1136819],[19.684924,46.1136754],[19.6849596,46.1136733]]},"properties":{"category":"road","class":"tertiary","name":"","osmType":"way","osmId":893200014}},{"type":"Feature","geometry":{"type":"LineString","coordinates":[[19.6849596,46.1136733],[19.6849993,46.113676],[19.6850374,46.1136841],[19.6850725,46.1136971],[19.6851033,46.1137147],[19.6851286,46.1137361]]},"properties":{"category":"road","class":"tertiary","name":"","osmType":"way","osmId":893200015}},{"type":"Feature","geometry":{"type":"LineString","coordinates":[[19.6803384,46.0643322],[19.6803861,46.0643199],[19.6804217,46.0643123],[19.6804572,46.0643127],[19.6805192,46.0643274],[19.680617,46.064366]]},"properties":{"category":"road","class":"tertiary","name":"Толминска","osmType":"way","osmId":893200016}},{"type":"Feature","geometry":{"type":"LineString","coordinates":[[19.680617,46.064366],[19.6806777,46.0643943],[19.6810342,46.0645606],[19.6812197,46.0646513],[19.6817051,46.064844],[19.6819075,46.0649141],[19.6819488,46.0649263]]},"properties":{"category":"road","class":"tertiary","name":"Толминска","osmType":"way","osmId":893200017}},{"type":"Feature","geometry":{"type":"LineString","coordinates":[[19.6874017,46.0660023],[19.6876769,46.0660419],[19.6878533,46.0660673],[19.6879122,46.0660753],[19.6880759,46.0660986]]},"properties":{"category":"road","class":"tertiary","name":"Толминска","osmType":"way","osmId":893200018}},{"type":"Feature","geometry":{"type":"LineString","coordinates":[[19.7585494,46.1023818],[19.7584419,46.102391],[19.7582518,46.1024072],[19.7579213,46.1024339]]},"properties":{"category":"road","class":"secondary","name":"Хоргошки пут","ref":"100","osmType":"way","osmId":893327875}},{"type":"Feature","geometry":{"type":"LineString","coordinates":[[19.7623719,46.1021017],[19.7613992,46.1021791]]},"properties":{"category":"road","class":"secondary","name":"Хоргошки пут","ref":"100","osmType":"way","osmId":893327876}},{"type":"Feature","geometry":{"type":"LineString","coordinates":[[19.7565862,46.1032534],[19.7565645,46.1031308],[19.7565489,46.1030885],[19.7565227,46.1030398],[19.7564233,46.1028332],[19.7563184,46.102659],[19.7562663,46.1025692]]},"properties":{"category":"road","class":"tertiary","name":"Зеленгорска","osmType":"way","osmId":893327897}},{"type":"Feature","geometry":{"type":"LineString","coordinates":[[19.6962013,46.1015717],[19.6952359,46.101468],[19.6947306,46.1014099],[19.6946371,46.1013992],[19.6938551,46.1013023],[19.6937475,46.1012905],[19.6928744,46.1011844],[19.6926077,46.101152],[19.6920571,46.1010851],[19.6919207,46.1010638]]},"properties":{"category":"road","class":"secondary","name":"Сегедински пут","ref":"100","osmType":"way","osmId":893406313}},{"type":"Feature","geometry":{"type":"LineString","coordinates":[[19.5871633,46.0973932],[19.5904268,46.0946693]]},"properties":{"category":"road","class":"trunk","name":"Обилазница око Суботице","ref":"11","osmType":"way","osmId":907097223}},{"type":"Feature","geometry":{"type":"LineString","coordinates":[[19.5870057,46.0975305],[19.5871633,46.0973932]]},"properties":{"category":"road","class":"trunk","name":"Обилазница око Суботице","ref":"11","osmType":"way","osmId":907097224}},{"type":"Feature","geometry":{"type":"LineString","coordinates":[[19.7546559,46.0601082],[19.7541746,46.0603682],[19.7535623,46.0607786],[19.7529897,46.0613268],[19.7523147,46.0619184],[19.7522122,46.0621128],[19.7517608,46.0630017],[19.7511565,46.0643513]]},"properties":{"category":"water-line","class":"canal","name":"Ором - Палић","osmType":"way","osmId":941471999}},{"type":"Feature","geometry":{"type":"LineString","coordinates":[[19.5600692,46.1677784],[19.5604604,46.1676347]]},"properties":{"category":"road","class":"primary","name":"","ref":"11","osmType":"way","osmId":943595846}},{"type":"Feature","geometry":{"type":"LineString","coordinates":[[19.853232,46.1332697],[19.8517421,46.135103],[19.8503612,46.136802],[19.849162,46.1382632]]},"properties":{"category":"road","class":"secondary","name":"Мушкатли","ref":"101","osmType":"way","osmId":953156435}},{"type":"Feature","geometry":{"type":"LineString","coordinates":[[19.856411,46.1293463],[19.8563807,46.1294159],[19.8563242,46.1294864]]},"properties":{"category":"road","class":"secondary","name":"Мушкатли","ref":"101","osmType":"way","osmId":953156436}},{"type":"Feature","geometry":{"type":"LineString","coordinates":[[19.7916126,46.1058725],[19.7911367,46.1056893],[19.7903552,46.1053883],[19.789926,46.105227],[19.7897627,46.1051656],[19.7896362,46.1051181],[19.7896035,46.1051058],[19.7895516,46.1050863]]},"properties":{"category":"road","class":"secondary","name":"Хоргошки пут","ref":"100","osmType":"way","osmId":953518920}},{"type":"Feature","geometry":{"type":"LineString","coordinates":[[19.8528931,46.1265982],[19.8529248,46.1266276],[19.8529391,46.1266506],[19.8529509,46.1266848],[19.8529541,46.1267034],[19.8529572,46.1267215],[19.8529528,46.1267655],[19.8529429,46.1268108],[19.8529092,46.1268652]]},"properties":{"category":"road","class":"secondary","name":"Гробљанска","ref":"101","osmType":"way","osmId":953518924}},{"type":"Feature","geometry":{"type":"LineString","coordinates":[[19.7649867,46.0977255],[19.7658466,46.0949503],[19.7658977,46.0947854],[19.7659769,46.0945469],[19.7660597,46.0944332],[19.7661879,46.0943089]]},"properties":{"category":"road","class":"tertiary","name":"Кањишки пут","osmType":"way","osmId":953820809}},{"type":"Feature","geometry":{"type":"LineString","coordinates":[[19.7661879,46.0943089],[19.7664985,46.0940938],[19.7669179,46.093857],[19.767378,46.0936615]]},"properties":{"category":"road","class":"tertiary","name":"Кањишки пут","osmType":"way","osmId":953820813}},{"type":"Feature","geometry":{"type":"LineString","coordinates":[[19.767378,46.0936615],[19.7685938,46.0931181]]},"properties":{"category":"road","class":"tertiary","name":"Кањишки пут","osmType":"way","osmId":953820814}},{"type":"Feature","geometry":{"type":"LineString","coordinates":[[19.6533031,46.1026113],[19.6537012,46.1026824],[19.654024,46.1027641]]},"properties":{"category":"road","class":"tertiary","name":"Браће Мајера","osmType":"way","osmId":953832731}},{"type":"Feature","geometry":{"type":"LineString","coordinates":[[19.654024,46.1027641],[19.6542935,46.1028428],[19.6547595,46.10298],[19.6549919,46.1031088],[19.6564964,46.1039993]]},"properties":{"category":"road","class":"tertiary","name":"Браће Мајера","osmType":"way","osmId":953832732}},{"type":"Feature","geometry":{"type":"LineString","coordinates":[[19.6564725,46.099806],[19.6565133,46.0998147],[19.6575132,46.1000282]]},"properties":{"category":"road","class":"tertiary","name":"Шандора Петефија","osmType":"way","osmId":953832733}},{"type":"Feature","geometry":{"type":"LineString","coordinates":[[19.6581687,46.1000788],[19.6582209,46.1000534]]},"properties":{"category":"road","class":"tertiary","name":"Шандора Петефија","osmType":"way","osmId":953832735}},{"type":"Feature","geometry":{"type":"LineString","coordinates":[[19.6581103,46.1002481],[19.6581003,46.1001951],[19.6581058,46.1001547],[19.6581292,46.1001136],[19.6581687,46.1000788]]},"properties":{"category":"road","class":"tertiary","name":"Шандора Петефија","osmType":"way","osmId":953832736}},{"type":"Feature","geometry":{"type":"LineString","coordinates":[[19.6582209,46.1000534],[19.6582851,46.1000391],[19.6583526,46.1000389],[19.658417,46.1000531],[19.6584721,46.1000801],[19.6585127,46.1001175]]},"properties":{"category":"road","class":"tertiary","name":"Шандора Петефија","osmType":"way","osmId":953832737}},{"type":"Feature","geometry":{"type":"LineString","coordinates":[[19.6291227,46.1157372],[19.6291592,46.1157762],[19.6294006,46.1160309],[19.6297539,46.1162394]]},"properties":{"category":"road","class":"tertiary","name":"Зоркина","osmType":"way","osmId":954382346}},{"type":"Feature","geometry":{"type":"LineString","coordinates":[[19.7258961,46.0319113],[19.7259626,46.0317398],[19.725968,46.0316626],[19.7259302,46.0315702]]},"properties":{"category":"road","class":"tertiary","name":"","osmType":"way","osmId":956539503}},{"type":"Feature","geometry":{"type":"LineString","coordinates":[[19.7264657,46.0309555],[19.7263959,46.0310726],[19.7263781,46.031147],[19.7263851,46.0312009],[19.7263949,46.0312563]]},"properties":{"category":"road","class":"tertiary","name":"","osmType":"way","osmId":956539504}},{"type":"Feature","geometry":{"type":"LineString","coordinates":[[19.4802198,46.0451119],[19.4789033,46.0448176],[19.4765851,46.0442993],[19.4751876,46.0441706],[19.4718931,46.0436155],[19.4708046,46.0434585],[19.4703339,46.0433896],[19.4699404,46.0433436],[19.4695994,46.0433256],[19.4679955,46.0433],[19.4676115,46.0432871],[19.4672294,46.0432382],[19.4669141,46.0431898],[19.466472,46.0431031],[19.4659848,46.0429833],[19.4657053,46.0429045],[19.4653558,46.0427851],[19.4649068,46.0426129],[19.4647258,46.0425259],[19.464363,46.0423389],[19.4639127,46.0420557],[19.4632172,46.0415822],[19.4627717,46.0413116],[19.4625164,46.041193],[19.4623945,46.0411363]]},"properties":{"category":"road","class":"tertiary","name":"Горњи Таванкут","osmType":"way","osmId":972062560}},{"type":"Feature","geometry":{"type":"LineString","coordinates":[[19.4623945,46.0411363],[19.4623485,46.0411152],[19.4622047,46.0410493],[19.4619726,46.0409545],[19.4617897,46.0408902],[19.4615777,46.0408313],[19.4613897,46.0407923],[19.4594771,46.0406729],[19.4584404,46.040617],[19.4583516,46.0406083]]},"properties":{"category":"road","class":"tertiary","name":"Горњи Таванкут","osmType":"way","osmId":972062561}},{"type":"Feature","geometry":{"type":"LineString","coordinates":[[19.5172735,45.9713263],[19.5171838,45.9713741],[19.5170917,45.9714085],[19.516911,45.9714619],[19.5164975,45.971568],[19.5163132,45.9716129],[19.5160416,45.9716788],[19.5151616,45.971892],[19.5146318,45.972014],[19.5144316,45.972089],[19.5143421,45.9721284],[19.5142837,45.9721623],[19.5141417,45.972284],[19.5139099,45.9725086],[19.5133398,45.973112],[19.5122496,45.9742609],[19.5107735,45.9760556],[19.5100596,45.9770245],[19.5079972,45.9797193],[19.5065794,45.9816138],[19.50525,45.9835424],[19.5044573,45.9847024]]},"properties":{"category":"road","class":"tertiary","name":"Ђурђински пут","osmType":"way","osmId":975051154}},{"type":"Feature","geometry":{"type":"LineString","coordinates":[[19.7158006,46.1038196],[19.7151404,46.1037453]]},"properties":{"category":"road","class":"secondary","name":"Сегедински пут","ref":"100","osmType":"way","osmId":976992514}},{"type":"Feature","geometry":{"type":"LineString","coordinates":[[19.7147615,46.1036057],[19.7152721,46.103662]]},"properties":{"category":"road","class":"secondary","name":"Сегедински пут","ref":"100","osmType":"way","osmId":976992515}},{"type":"Feature","geometry":{"type":"LineString","coordinates":[[19.6724718,46.0739452],[19.67236,46.0740548],[19.6722111,46.074185],[19.6719031,46.0744183],[19.6711005,46.0749961],[19.6708972,46.0751414],[19.6706938,46.0752867],[19.6704751,46.0754491],[19.669946,46.0758759],[19.6698454,46.075951]]},"properties":{"category":"road","class":"tertiary","name":"Душана Крњајског","osmType":"way","osmId":977930565}},{"type":"Feature","geometry":{"type":"LineString","coordinates":[[19.675851,46.0846747],[19.6759098,46.0846965],[19.6760542,46.08475],[19.6771011,46.0851379]]},"properties":{"category":"road","class":"secondary","name":"Бајнатска","ref":"100","osmType":"way","osmId":981484664}},{"type":"Feature","geometry":{"type":"LineString","coordinates":[[19.6596319,46.0938708],[19.6596285,46.0939169],[19.6596345,46.0939499]]},"properties":{"category":"road","class":"secondary","name":"Максима Горког","osmType":"way","osmId":981486553}},{"type":"Feature","geometry":{"type":"LineString","coordinates":[[19.6596345,46.0939499],[19.65966,46.0940476],[19.6596989,46.0941071],[19.6599398,46.0943673]]},"properties":{"category":"road","class":"secondary","name":"Максима Горког","osmType":"way","osmId":981486554}},{"type":"Feature","geometry":{"type":"LineString","coordinates":[[19.6601753,46.0933318],[19.6601181,46.0933844],[19.6601029,46.0933981],[19.659996,46.0934943],[19.6597453,46.0937199],[19.6596648,46.0938092],[19.6596319,46.0938708]]},"properties":{"category":"road","class":"secondary","name":"Београдски пут","osmType":"way","osmId":981486555}},{"type":"Feature","geometry":{"type":"LineString","coordinates":[[19.6624991,46.0971358],[19.6628663,46.0968645],[19.6629372,46.0968122]]},"properties":{"category":"road","class":"tertiary","name":"Матије Гупца","osmType":"way","osmId":981487748}},{"type":"Feature","geometry":{"type":"LineString","coordinates":[[19.6650138,46.0974634],[19.6652088,46.0975259],[19.6653371,46.097567],[19.6654814,46.097622]]},"properties":{"category":"road","class":"secondary","name":"Максима Горког","osmType":"way","osmId":981488181}},{"type":"Feature","geometry":{"type":"LineString","coordinates":[[19.6636486,46.0970265],[19.663694,46.0970408],[19.6644403,46.0972757],[19.6645313,46.0973043]]},"properties":{"category":"road","class":"secondary","name":"Максима Горког","osmType":"way","osmId":981488182}},{"type":"Feature","geometry":{"type":"LineString","coordinates":[[19.6635029,46.0969832],[19.6636486,46.0970265]]},"properties":{"category":"road","class":"secondary","name":"Максима Горког","osmType":"way","osmId":981488811}},{"type":"Feature","geometry":{"type":"LineString","coordinates":[[19.6645313,46.0973043],[19.6646636,46.0973479],[19.6647771,46.0973853],[19.6650138,46.0974634]]},"properties":{"category":"road","class":"secondary","name":"Максима Горког","osmType":"way","osmId":981489587}},{"type":"Feature","geometry":{"type":"LineString","coordinates":[[19.6889283,46.1004928],[19.6883864,46.1003919]]},"properties":{"category":"road","class":"secondary","name":"Сегедински пут","ref":"100","osmType":"way","osmId":981490904}},{"type":"Feature","geometry":{"type":"LineString","coordinates":[[19.6919207,46.1010638],[19.6916997,46.1010219],[19.6913084,46.1009476],[19.6903633,46.1007683],[19.6889283,46.1004928]]},"properties":{"category":"road","class":"secondary","name":"Сегедински пут","ref":"100","osmType":"way","osmId":981490905}},{"type":"Feature","geometry":{"type":"LineString","coordinates":[[19.6838938,46.0997471],[19.6829285,46.0998035],[19.6825481,46.0998257],[19.6824298,46.0998326]]},"properties":{"category":"road","class":"secondary","name":"Сегедински пут","ref":"100","osmType":"way","osmId":981491222}},{"type":"Feature","geometry":{"type":"LineString","coordinates":[[19.6806239,46.0998998],[19.6805192,46.0999042],[19.6793408,46.09995],[19.6785921,46.0999791],[19.6784259,46.0999856],[19.6782276,46.0999927],[19.6756525,46.1000853],[19.6753901,46.1000947],[19.6748485,46.1001142]]},"properties":{"category":"road","class":"secondary","name":"Сегедински пут","ref":"100","osmType":"way","osmId":981491223}},{"type":"Feature","geometry":{"type":"LineString","coordinates":[[19.6824298,46.0998326],[19.6822954,46.0998378],[19.6818502,46.0998549]]},"properties":{"category":"road","class":"secondary","name":"Сегедински пут","ref":"100","osmType":"way","osmId":981491224}},{"type":"Feature","geometry":{"type":"LineString","coordinates":[[19.754865,46.1072144],[19.7544776,46.1081266],[19.7542775,46.1085976]]},"properties":{"category":"road","class":"tertiary","name":"Зеленгорска","osmType":"way","osmId":1025519244}},{"type":"Feature","geometry":{"type":"LineString","coordinates":[[19.6517166,46.1057097],[19.6517145,46.1056329],[19.6516164,46.105539],[19.6516164,46.1054936],[19.6520134,46.1050436],[19.6524524,46.1045385],[19.6529507,46.103877]]},"properties":{"category":"water-line","class":"canal","name":"","osmType":"way","osmId":1030795108}},{"type":"Feature","geometry":{"type":"LineString","coordinates":[[19.6892346,46.0928195],[19.6892678,46.0927544],[19.6895013,46.0922972]]},"properties":{"category":"road","class":"tertiary","name":"","osmType":"way","osmId":1049450645}},{"type":"Feature","geometry":{"type":"LineString","coordinates":[[19.7018101,46.1013898],[19.7017566,46.1016224],[19.7016862,46.1019287],[19.7016769,46.1019692]]},"properties":{"category":"road","class":"tertiary","name":"","osmType":"way","osmId":1088875663}},{"type":"Feature","geometry":{"type":"LineString","coordinates":[[19.7028351,46.1023493],[19.7018518,46.1022408],[19.7017966,46.1022347],[19.7016221,46.1022155]]},"properties":{"category":"road","class":"secondary","name":"Сегедински пут","ref":"100","osmType":"way","osmId":1088875664}},{"type":"Feature","geometry":{"type":"LineString","coordinates":[[19.7016221,46.1022155],[19.7013689,46.1021871],[19.7003677,46.1020748]]},"properties":{"category":"road","class":"secondary","name":"Сегедински пут","ref":"100","osmType":"way","osmId":1088875665}},{"type":"Feature","geometry":{"type":"LineString","coordinates":[[19.7003677,46.1020748],[19.6999408,46.1020269],[19.6992094,46.1019449]]},"properties":{"category":"road","class":"secondary","name":"Сегедински пут","ref":"100","osmType":"way","osmId":1088875666}},{"type":"Feature","geometry":{"type":"LineString","coordinates":[[19.6992094,46.1019449],[19.6980913,46.1018127]]},"properties":{"category":"road","class":"secondary","name":"Сегедински пут","ref":"100","osmType":"way","osmId":1088875667}},{"type":"Feature","geometry":{"type":"LineString","coordinates":[[19.6980913,46.1018127],[19.6967791,46.1016676],[19.6962013,46.1015717]]},"properties":{"category":"road","class":"secondary","name":"Сегедински пут","ref":"100","osmType":"way","osmId":1088875668}},{"type":"Feature","geometry":{"type":"LineString","coordinates":[[19.6999467,46.1019269],[19.7007613,46.1020139]]},"properties":{"category":"road","class":"secondary","name":"Сегедински пут","ref":"100","osmType":"way","osmId":1088875669}},{"type":"Feature","geometry":{"type":"LineString","coordinates":[[19.6992334,46.1018503],[19.6993198,46.1018596],[19.6994753,46.1018763]]},"properties":{"category":"road","class":"secondary","name":"Сегедински пут","ref":"100","osmType":"way","osmId":1088875670}},{"type":"Feature","geometry":{"type":"LineString","coordinates":[[19.6981082,46.1017296],[19.6983464,46.1017552],[19.6985979,46.1017821],[19.6992334,46.1018503]]},"properties":{"category":"road","class":"secondary","name":"Сегедински пут","ref":"100","osmType":"way","osmId":1088875671}},{"type":"Feature","geometry":{"type":"LineString","coordinates":[[19.6970824,46.1016206],[19.697428,46.1016566],[19.6981082,46.1017296]]},"properties":{"category":"road","class":"secondary","name":"Сегедински пут","ref":"100","osmType":"way","osmId":1088875672}},{"type":"Feature","geometry":{"type":"LineString","coordinates":[[19.6962013,46.1015717],[19.6967899,46.1015902],[19.6970824,46.1016206]]},"properties":{"category":"road","class":"secondary","name":"Сегедински пут","ref":"100","osmType":"way","osmId":1088875673}},{"type":"Feature","geometry":{"type":"LineString","coordinates":[[19.7007613,46.1020139],[19.7013254,46.1020748],[19.7013909,46.1020819],[19.7016447,46.1021091]]},"properties":{"category":"road","class":"secondary","name":"Сегедински пут","ref":"100","osmType":"way","osmId":1088875674}},{"type":"Feature","geometry":{"type":"LineString","coordinates":[[19.7043537,46.1024252],[19.7050985,46.1025108],[19.7107607,46.1031616]]},"properties":{"category":"road","class":"secondary","name":"Сегедински пут","ref":"100","osmType":"way","osmId":1088875675}},{"type":"Feature","geometry":{"type":"LineString","coordinates":[[19.7636539,46.1019996],[19.7634982,46.102012],[19.7623719,46.1021017]]},"properties":{"category":"road","class":"secondary","name":"Хоргошки пут","ref":"100","osmType":"way","osmId":1088879628}},{"type":"Feature","geometry":{"type":"LineString","coordinates":[[19.7542775,46.1085976],[19.7533154,46.1083981],[19.7524159,46.1082117],[19.7515039,46.1080226],[19.7507714,46.1078708],[19.7498905,46.1076869],[19.7497546,46.1076585],[19.7492186,46.1075467],[19.74916,46.1075345]]},"properties":{"category":"road","class":"tertiary","name":"Дубровачка","osmType":"way","osmId":1089654020}},{"type":"Feature","geometry":{"type":"LineString","coordinates":[[19.7554713,46.1058228],[19.7555143,46.1057319]]},"properties":{"category":"road","class":"tertiary","name":"Зеленгорска","osmType":"way","osmId":1089654022}},{"type":"Feature","geometry":{"type":"LineString","coordinates":[[19.754865,46.1072144],[19.7551599,46.1065227],[19.7554713,46.1058228]]},"properties":{"category":"road","class":"tertiary","name":"Зеленгорска","osmType":"way","osmId":1089654023}},{"type":"Feature","geometry":{"type":"LineString","coordinates":[[19.6748485,46.1001142],[19.6743213,46.1001332],[19.6741769,46.1001345],[19.6740403,46.1001274]]},"properties":{"category":"road","class":"secondary","name":"Сегедински пут","ref":"100","osmType":"way","osmId":1095162214}},{"type":"Feature","geometry":{"type":"LineString","coordinates":[[19.6737808,46.1005058],[19.6737691,46.1005263],[19.6736421,46.1007489]]},"properties":{"category":"road","class":"tertiary","name":"Јована Микића","osmType":"way","osmId":1095162215}},{"type":"Feature","geometry":{"type":"LineString","coordinates":[[19.6740403,46.1001274],[19.6739588,46.1002289],[19.6737808,46.1005058]]},"properties":{"category":"road","class":"tertiary","name":"Јована Микића","osmType":"way","osmId":1095162216}},{"type":"Feature","geometry":{"type":"LineString","coordinates":[[19.700312,46.0569179],[19.7003737,46.0574451],[19.7003794,46.0574939],[19.7004026,46.0577128],[19.7004081,46.0579233],[19.7004089,46.0579534],[19.7003899,46.0581279],[19.7003629,46.0582707],[19.7003225,46.0583773],[19.7001829,46.0585658],[19.7000148,46.0586899]]},"properties":{"category":"road","class":"tertiary","name":"Биковачки пут","osmType":"way","osmId":1106119351}},{"type":"Feature","geometry":{"type":"LineString","coordinates":[[19.6621276,46.1025129],[19.6620686,46.1024788]]},"properties":{"category":"road","class":"tertiary","name":"Змај Јовина","osmType":"way","osmId":1108290594}},{"type":"Feature","geometry":{"type":"LineString","coordinates":[[19.6112535,46.1241583],[19.6115782,46.1239557]]},"properties":{"category":"road","class":"secondary","name":"Пут Едварда Кардеља","osmType":"way","osmId":1116018334}},{"type":"Feature","geometry":{"type":"LineString","coordinates":[[19.6243599,46.1016848],[19.6246044,46.1017277],[19.6249211,46.1017815]]},"properties":{"category":"road","class":"tertiary","name":"Бајски пут","osmType":"way","osmId":1116056619}},{"type":"Feature","geometry":{"type":"LineString","coordinates":[[19.6638422,46.0870146],[19.6635,46.0872508]]},"properties":{"category":"road","class":"tertiary","name":"Ивана Антуновића","osmType":"way","osmId":1116638102}},{"type":"Feature","geometry":{"type":"LineString","coordinates":[[19.6527826,46.0941758],[19.6544275,46.0951705],[19.6547246,46.0953448],[19.654914,46.095456],[19.6550799,46.0955533],[19.6558044,46.0959923],[19.656179,46.0962098]]},"properties":{"category":"road","class":"secondary","name":"Сомборски пут","osmType":"way","osmId":1116638104}},{"type":"Feature","geometry":{"type":"LineString","coordinates":[[19.6593497,46.0980103],[19.6594136,46.0980483],[19.6595914,46.0981543]]},"properties":{"category":"road","class":"tertiary","name":"Трг жртава фашизма","osmType":"way","osmId":1116638105}},{"type":"Feature","geometry":{"type":"LineString","coordinates":[[19.6585369,46.1002086],[19.6585149,46.1002582],[19.6584701,46.1002997]]},"properties":{"category":"road","class":"tertiary","name":"Шандора Петефија","osmType":"way","osmId":1116638106}},{"type":"Feature","geometry":{"type":"LineString","coordinates":[[19.6607523,46.1008243],[19.6606906,46.1007945]]},"properties":{"category":"road","class":"tertiary","name":"","osmType":"way","osmId":1116638107}},{"type":"Feature","geometry":{"type":"LineString","coordinates":[[19.6612221,46.1007919],[19.6612047,46.1008297],[19.6611748,46.1008633],[19.6611278,46.1008891]]},"properties":{"category":"road","class":"tertiary","name":"","osmType":"way","osmId":1116638108}},{"type":"Feature","geometry":{"type":"LineString","coordinates":[[19.6585127,46.1001175],[19.6585351,46.1001617],[19.6585369,46.1002086]]},"properties":{"category":"road","class":"tertiary","name":"Шандора Петефија","osmType":"way","osmId":1116638109}},{"type":"Feature","geometry":{"type":"LineString","coordinates":[[19.6512233,46.0932215],[19.6516499,46.0934644],[19.6516789,46.0934809],[19.6517696,46.0935358],[19.6518679,46.0935982],[19.6519004,46.0936188],[19.6526811,46.0941139],[19.6527826,46.0941758]]},"properties":{"category":"road","class":"secondary","name":"Сомборски пут","osmType":"way","osmId":1116638110}},{"type":"Feature","geometry":{"type":"LineString","coordinates":[[19.6653014,46.0860733],[19.6647674,46.086418],[19.6640686,46.0868652],[19.6638422,46.0870146]]},"properties":{"category":"road","class":"tertiary","name":"Ивана Антуновића","osmType":"way","osmId":1116638113}},{"type":"Feature","geometry":{"type":"LineString","coordinates":[[19.6748097,46.0664493],[19.6748636,46.0666235],[19.6749211,46.0667982],[19.6749283,46.066875],[19.6748194,46.0675584]]},"properties":{"category":"road","class":"tertiary","name":"Старине Новака","osmType":"way","osmId":1116638115}},{"type":"Feature","geometry":{"type":"LineString","coordinates":[[19.6633454,46.0874071],[19.6633565,46.0874227]]},"properties":{"category":"road","class":"tertiary","name":"","osmType":"way","osmId":1116638833}},{"type":"Feature","geometry":{"type":"LineString","coordinates":[[19.6632059,46.0873673],[19.6632282,46.0873651],[19.6632509,46.0873656],[19.6632731,46.0873687],[19.6632941,46.0873746]]},"properties":{"category":"road","class":"tertiary","name":"","osmType":"way","osmId":1116638834}},{"type":"Feature","geometry":{"type":"LineString","coordinates":[[19.6632122,46.0875426],[19.6631857,46.0875372],[19.6631636,46.0875289],[19.6631443,46.0875179],[19.6631284,46.0875044]]},"properties":{"category":"road","class":"tertiary","name":"","osmType":"way","osmId":1116638835}},{"type":"Feature","geometry":{"type":"LineString","coordinates":[[19.6632836,46.0875378],[19.6632595,46.0875426],[19.6632346,46.0875442],[19.6632122,46.0875426]]},"properties":{"category":"road","class":"tertiary","name":"","osmType":"way","osmId":1116638836}},{"type":"Feature","geometry":{"type":"LineString","coordinates":[[19.6633565,46.0874227],[19.6633631,46.0874395],[19.6633649,46.0874568],[19.6633618,46.0874741],[19.663354,46.0874906],[19.6633418,46.0875058],[19.6633255,46.087519],[19.6633059,46.0875298],[19.6632836,46.0875378]]},"properties":{"category":"road","class":"tertiary","name":"","osmType":"way","osmId":1116638837}},{"type":"Feature","geometry":{"type":"LineString","coordinates":[[19.6632941,46.0873746],[19.6633132,46.0873829],[19.6633301,46.0873934],[19.6633454,46.0874071]]},"properties":{"category":"road","class":"tertiary","name":"","osmType":"way","osmId":1116638838}},{"type":"Feature","geometry":{"type":"LineString","coordinates":[[19.6631073,46.0874447],[19.6631117,46.0874293],[19.66312,46.0874147],[19.6631318,46.0874013],[19.6631468,46.0873895],[19.6631645,46.0873798],[19.6631844,46.0873723],[19.6632059,46.0873673]]},"properties":{"category":"road","class":"tertiary","name":"","osmType":"way","osmId":1116638839}},{"type":"Feature","geometry":{"type":"LineString","coordinates":[[19.6969555,46.0978673],[19.695951,46.0977498],[19.6957306,46.097724],[19.6953049,46.0976742],[19.6948437,46.0976203],[19.6939482,46.0975156],[19.6934175,46.0974535],[19.6931614,46.0974235]]},"properties":{"category":"road","class":"tertiary","name":"Магнетна поља","osmType":"way","osmId":1117219350}},{"type":"Feature","geometry":{"type":"LineString","coordinates":[[19.7601645,46.1022668],[19.7585494,46.1023818]]},"properties":{"category":"road","class":"secondary","name":"Хоргошки пут","ref":"100","osmType":"way","osmId":1157285748}},{"type":"Feature","geometry":{"type":"LineString","coordinates":[[19.6908199,46.0894541],[19.6908251,46.0894218],[19.690842,46.0893915],[19.6908694,46.0893652],[19.6909055,46.0893445],[19.690963,46.089328],[19.6910097,46.0893249],[19.6910559,46.0893301],[19.6910987,46.0893433],[19.6911353,46.0893635],[19.6911697,46.0893981],[19.6911861,46.0894385],[19.6911855,46.0894691],[19.6911744,46.0894988],[19.6911534,46.0895257],[19.6911238,46.0895485]]},"properties":{"category":"road","class":"secondary","name":"","ref":"300","osmType":"way","osmId":1180074748}},{"type":"Feature","geometry":{"type":"LineString","coordinates":[[19.6895013,46.0922972],[19.6896603,46.0919858],[19.6898801,46.0915611],[19.6900055,46.0913283],[19.690539,46.090307]]},"properties":{"category":"road","class":"tertiary","name":"","osmType":"way","osmId":1180074749}},{"type":"Feature","geometry":{"type":"LineString","coordinates":[[19.6844802,46.0878073],[19.6848586,46.0879408],[19.6850854,46.0880208],[19.6857455,46.088227],[19.6861773,46.0883522],[19.6864728,46.0884185]]},"properties":{"category":"road","class":"secondary","name":"","ref":"300","osmType":"way","osmId":1180074751}},{"type":"Feature","geometry":{"type":"LineString","coordinates":[[19.6873461,46.0886122],[19.6875288,46.0886538],[19.6887988,46.088943],[19.6899218,46.0891987]]},"properties":{"category":"road","class":"secondary","name":"Бајнатска","osmType":"way","osmId":1180074752}},{"type":"Feature","geometry":{"type":"LineString","coordinates":[[19.6864728,46.0884185],[19.6867946,46.0884882],[19.6873461,46.0886122]]},"properties":{"category":"road","class":"secondary","name":"Бајнатска","ref":"300","osmType":"way","osmId":1180074753}},{"type":"Feature","geometry":{"type":"LineString","coordinates":[[19.6912336,46.088996],[19.6913388,46.0887727],[19.6913424,46.0887651],[19.6913809,46.0886875],[19.6914848,46.0884726]]},"properties":{"category":"road","class":"secondary","name":"","ref":"300","osmType":"way","osmId":1180074756}},{"type":"Feature","geometry":{"type":"LineString","coordinates":[[19.690879,46.089664],[19.6908872,46.0896143],[19.6908604,46.089532]]},"properties":{"category":"road","class":"tertiary","name":"","osmType":"way","osmId":1223778423}},{"type":"Feature","geometry":{"type":"LineString","coordinates":[[19.6910165,46.0895792],[19.6909262,46.0896204],[19.690879,46.089664]]},"properties":{"category":"road","class":"tertiary","name":"","osmType":"way","osmId":1223778424}},{"type":"Feature","geometry":{"type":"LineString","coordinates":[[19.6911231,46.0892188],[19.6911157,46.0892943],[19.6911353,46.0893635]]},"properties":{"category":"road","class":"secondary","name":"","ref":"300","osmType":"way","osmId":1223778425}},{"type":"Feature","geometry":{"type":"LineString","coordinates":[[19.6908199,46.0894541],[19.6907739,46.0894141],[19.690674,46.08937]]},"properties":{"category":"road","class":"secondary","name":"","ref":"300","osmType":"way","osmId":1223778426}},{"type":"Feature","geometry":{"type":"LineString","coordinates":[[19.690674,46.08937],[19.6907867,46.0893718],[19.6909055,46.0893445]]},"properties":{"category":"road","class":"secondary","name":"","ref":"300","osmType":"way","osmId":1223778427}},{"type":"Feature","geometry":{"type":"LineString","coordinates":[[19.690963,46.089328],[19.6910507,46.0892754],[19.6911231,46.0892188]]},"properties":{"category":"road","class":"secondary","name":"","ref":"300","osmType":"way","osmId":1223778428}},{"type":"Feature","geometry":{"type":"LineString","coordinates":[[19.66583,46.1133429],[19.6659898,46.1135569]]},"properties":{"category":"road","class":"tertiary","name":"Косовска","osmType":"way","osmId":1227564657}},{"type":"Feature","geometry":{"type":"LineString","coordinates":[[19.6659898,46.1135569],[19.6661,46.1137039],[19.6662125,46.1139431],[19.6662343,46.1140123],[19.6662447,46.1140847],[19.6662399,46.114134],[19.6662192,46.1142068]]},"properties":{"category":"road","class":"tertiary","name":"Косовска","osmType":"way","osmId":1227564658}},{"type":"Feature","geometry":{"type":"LineString","coordinates":[[19.496708,45.9932242],[19.4960428,45.9938321],[19.4955518,45.9943081],[19.4934764,45.9962501],[19.4934122,45.9963102]]},"properties":{"category":"road","class":"tertiary","name":"1. нова","osmType":"way","osmId":1227746249}},{"type":"Feature","geometry":{"type":"LineString","coordinates":[[19.5030745,46.000806],[19.5031424,46.0008391]]},"properties":{"category":"road","class":"primary","name":"","ref":"12","osmType":"way","osmId":1227746899}},{"type":"Feature","geometry":{"type":"LineString","coordinates":[[19.4999887,45.9993345],[19.5000219,45.9993501],[19.5000296,45.9993538],[19.5003509,45.9995051],[19.501604,46.0000953],[19.5017422,46.0001604],[19.5019767,46.0002709],[19.5024887,46.0005205]]},"properties":{"category":"road","class":"primary","name":"Мишићево салаши","ref":"12","osmType":"way","osmId":1227747000}},{"type":"Feature","geometry":{"type":"LineString","coordinates":[[19.5747125,46.0426834],[19.5747353,46.0426966],[19.5747411,46.0427],[19.5754865,46.0431319],[19.5756819,46.0432451],[19.5757226,46.0432687],[19.5759989,46.0434347],[19.5761395,46.0435191],[19.5762261,46.0435703],[19.5763065,46.0436179],[19.5765593,46.0437674],[19.5771966,46.0441445],[19.5781552,46.0447147],[19.5783931,46.0448521],[19.5787464,46.0450605],[19.579374,46.0454271],[19.5798941,46.0457479]]},"properties":{"category":"road","class":"primary","name":"Суботичка","ref":"12","osmType":"way","osmId":1227750241}},{"type":"Feature","geometry":{"type":"LineString","coordinates":[[19.6642068,46.0396236],[19.6642087,46.0395379],[19.6642245,46.0394382],[19.6642475,46.0393423],[19.6642832,46.0392204],[19.6643542,46.0389779],[19.6643865,46.0388653],[19.6644105,46.0387421],[19.6644122,46.0387336],[19.6644229,46.0386168],[19.6644215,46.0384821],[19.6644066,46.0383557],[19.664379,46.0382156],[19.6642787,46.0379233],[19.6642001,46.0377223]]},"properties":{"category":"road","class":"secondary","name":"Београдски пут","ref":"100","osmType":"way","osmId":1227765317}},{"type":"Feature","geometry":{"type":"LineString","coordinates":[[19.6980671,46.059501],[19.697791,46.0596071],[19.6976449,46.0596481],[19.6974962,46.0596685],[19.6973408,46.0596778],[19.6960222,46.0597166],[19.6957683,46.0597241],[19.6957641,46.0597243],[19.6954842,46.0597325],[19.6953178,46.0597332],[19.6952376,46.0597447],[19.6951836,46.0597525],[19.6950835,46.0597769],[19.6949995,46.0598107]]},"properties":{"category":"road","class":"tertiary","name":"Биковачки пут","osmType":"way","osmId":1227779527}},{"type":"Feature","geometry":{"type":"LineString","coordinates":[[19.7000148,46.0586899],[19.699788,46.0588179],[19.6980671,46.059501]]},"properties":{"category":"road","class":"tertiary","name":"Биковачки пут","osmType":"way","osmId":1227779528}},{"type":"Feature","geometry":{"type":"LineString","coordinates":[[19.645697,46.0880298],[19.645662,46.0880529],[19.6455995,46.088094],[19.6448354,46.0886869],[19.6447767,46.0887324],[19.6446641,46.0888138],[19.6446152,46.0888491]]},"properties":{"category":"road","class":"tertiary","name":"Дурмиторска","osmType":"way","osmId":1228590614}},{"type":"Feature","geometry":{"type":"LineString","coordinates":[[19.6886161,46.0656018],[19.6888918,46.0653483],[19.689782,46.0645369],[19.689853,46.0644723],[19.6906352,46.0637475],[19.6909311,46.0634733],[19.6913677,46.0630823],[19.6918026,46.0626928],[19.6921509,46.0623808],[19.6923301,46.0622318],[19.6942606,46.0604947]]},"properties":{"category":"road","class":"tertiary","name":"Биковачки пут","osmType":"way","osmId":1259093281}},{"type":"Feature","geometry":{"type":"LineString","coordinates":[[19.6320367,45.9185326],[19.6321146,45.9179026],[19.6321501,45.9175668],[19.6322278,45.9168305],[19.632434,45.9130863],[19.6326756,45.908479],[19.6334968,45.8953073],[19.6335779,45.8940313],[19.6337059,45.8917238],[19.6337077,45.8916907],[19.6337366,45.8912483],[19.6337443,45.8911295]]},"properties":{"category":"road","class":"secondary","name":"","ref":"100","osmType":"way","osmId":1262511039}},{"type":"Feature","geometry":{"type":"LineString","coordinates":[[19.4180206,45.9428067],[19.4180301,45.9429937],[19.4180392,45.9430931],[19.4180625,45.9432169],[19.4181583,45.9435375],[19.4182278,45.943707],[19.4183416,45.9439513],[19.4188279,45.944915],[19.4197455,45.946709],[19.4198596,45.9469913],[19.4209551,45.9504202],[19.4219706,45.9539008],[19.422145,45.9545268]]},"properties":{"category":"road","class":"secondary","name":"Трњиште салаши","ref":"105","osmType":"way","osmId":1262559509}},{"type":"Feature","geometry":{"type":"LineString","coordinates":[[19.422145,45.9545268],[19.4223171,45.955098],[19.4228541,45.9571303]]},"properties":{"category":"road","class":"secondary","name":"Трњиште салаши","osmType":"way","osmId":1262559510}},{"type":"Feature","geometry":{"type":"LineString","coordinates":[[19.8834539,46.1065868],[19.8835771,46.1066673],[19.8837119,46.1067627],[19.8838418,46.1068627],[19.8839657,46.1069667],[19.8840803,46.1070715]]},"properties":{"category":"road","class":"secondary","name":"Сегедински пут","ref":"100","osmType":"way","osmId":1274918287}},{"type":"Feature","geometry":{"type":"LineString","coordinates":[[19.8691627,46.1032978],[19.8693202,46.103293],[19.8694986,46.1032927],[19.8696618,46.1032972],[19.8703768,46.1033361]]},"properties":{"category":"road","class":"secondary","name":"Сегедински пут","ref":"100","osmType":"way","osmId":1274918288}},{"type":"Feature","geometry":{"type":"LineString","coordinates":[[19.8323624,46.1114532],[19.8323875,46.1114592],[19.8324904,46.1114839]]},"properties":{"category":"road","class":"secondary","name":"Сегедински пут","ref":"100","osmType":"way","osmId":1275271089}},{"type":"Feature","geometry":{"type":"LineString","coordinates":[[19.849162,46.1382632],[19.8473411,46.1404819]]},"properties":{"category":"road","class":"secondary","name":"Мушкатли","ref":"101","osmType":"way","osmId":1275271090}},{"type":"Feature","geometry":{"type":"LineString","coordinates":[[19.8459594,46.1421455],[19.8458704,46.1422431],[19.8457716,46.1423242],[19.84559,46.1424263]]},"properties":{"category":"road","class":"secondary","name":"Мушкатли","ref":"101","osmType":"way","osmId":1275271091}},{"type":"Feature","geometry":{"type":"LineString","coordinates":[[19.6862195,46.036097],[19.6861115,46.0367269],[19.6860457,46.0371439],[19.6857897,46.0387144],[19.6855351,46.040127],[19.6854178,46.0408296],[19.6852102,46.0417458],[19.6850457,46.0425126],[19.6849954,46.0425992]]},"properties":{"category":"road","class":"tertiary","name":"Чантавирски пут","osmType":"way","osmId":1282002004}},{"type":"Feature","geometry":{"type":"LineString","coordinates":[[19.6835115,46.0434751],[19.6834716,46.0435481],[19.6833832,46.0436974],[19.6833619,46.0437824],[19.6833471,46.0438863],[19.6833483,46.0440843],[19.6833795,46.0442158],[19.6834305,46.0443286],[19.6835455,46.0445214],[19.6837262,46.0447509],[19.6838959,46.0449516],[19.6839765,46.0450399],[19.6841187,46.0452069],[19.6843883,46.0455766]]},"properties":{"category":"road","class":"tertiary","name":"Чантавирски пут","osmType":"way","osmId":1282002005}},{"type":"Feature","geometry":{"type":"LineString","coordinates":[[19.6849954,46.0425992],[19.68493,46.0426671],[19.6848485,46.0427276],[19.6847244,46.0428052],[19.6839851,46.0431206],[19.6837796,46.0432614],[19.6836257,46.0433643],[19.6835115,46.0434751]]},"properties":{"category":"road","class":"tertiary","name":"Чантавирски пут","osmType":"way","osmId":1282002008}},{"type":"Feature","geometry":{"type":"LineString","coordinates":[[19.6687439,45.9423981],[19.6688654,45.9423621],[19.6689656,45.9423291],[19.6690894,45.9422799],[19.6692116,45.9422189],[19.6693731,45.9421465],[19.6695314,45.9420836],[19.6696741,45.9420332],[19.6698078,45.9419911],[19.6699825,45.9419472],[19.6704384,45.9418464],[19.6706774,45.941789]]},"properties":{"category":"road","class":"tertiary","name":"Маршала Тита","ref":"303","osmType":"way","osmId":1282221838}},{"type":"Feature","geometry":{"type":"LineString","coordinates":[[19.6685763,45.9424284],[19.6687439,45.9423981]]},"properties":{"category":"road","class":"tertiary","name":"Филипа Кљајића","ref":"303","osmType":"way","osmId":1282221839}},{"type":"Feature","geometry":{"type":"LineString","coordinates":[[19.8405851,46.1143162],[19.8407636,46.114542],[19.8421622,46.1162588],[19.8426609,46.1169107],[19.8432016,46.1175829],[19.8441082,46.1187099]]},"properties":{"category":"road","class":"secondary","name":"Бачки Виногради салаши","ref":"101","osmType":"way","osmId":1283881581}},{"type":"Feature","geometry":{"type":"LineString","coordinates":[[19.8387821,46.1126606],[19.8388984,46.1127207],[19.8390709,46.1128104],[19.83935,46.1129746],[19.8395901,46.1131605],[19.8397497,46.1133111],[19.8400545,46.1136898],[19.8405851,46.1143162]]},"properties":{"category":"road","class":"secondary","name":"","ref":"101","osmType":"way","osmId":1283881582}},{"type":"Feature","geometry":{"type":"LineString","coordinates":[[19.7187826,45.9597181],[19.7183293,45.9601301],[19.7156027,45.963892],[19.7149717,45.964791],[19.714576,45.9653315],[19.7145563,45.9653583],[19.714407,45.9655623],[19.7138746,45.9662895],[19.7134908,45.9668442],[19.7131154,45.9673627],[19.7128854,45.9676625],[19.7126677,45.9680153],[19.7126018,45.9681262]]},"properties":{"category":"road","class":"tertiary","name":"Нови Жедник салаши","osmType":"way","osmId":1284792852}},{"type":"Feature","geometry":{"type":"LineString","coordinates":[[19.7018101,46.1013898],[19.702008,46.1005771],[19.7020431,46.1004346],[19.7020828,46.1002736],[19.7021544,46.0999826],[19.7021999,46.0998028],[19.7023386,46.0992022],[19.702349,46.0990267],[19.7023299,46.0988563],[19.7022782,46.0987092],[19.7021771,46.0985859],[19.7020973,46.0985101],[19.7020081,46.0984492],[19.7018943,46.0983901]]},"properties":{"category":"road","class":"tertiary","name":"","osmType":"way","osmId":1284798824}},{"type":"Feature","geometry":{"type":"LineString","coordinates":[[19.5707526,45.9482412],[19.5680532,45.9478929],[19.5678249,45.9478611],[19.5675622,45.9478384],[19.5673232,45.9478248],[19.5669097,45.9478156],[19.5650174,45.9478646],[19.5628366,45.9479211],[19.5625856,45.9479229],[19.5622939,45.9479181],[19.5620639,45.9479113],[19.5618183,45.9479036],[19.5615408,45.947891],[19.5612018,45.9478678],[19.5608521,45.9478432],[19.5603865,45.9477979],[19.5602726,45.9477914],[19.5601377,45.9477905],[19.5599673,45.9477939],[19.5591706,45.9478364],[19.5578042,45.9479231],[19.5576519,45.9479279],[19.5574647,45.9479245],[19.5573067,45.9479185],[19.5571662,45.9479085],[19.5570176,45.947897],[19.5568521,45.9478746],[19.5566241,45.9478388],[19.5545165,45.9474657],[19.5543435,45.9474456],[19.5541899,45.9474313],[19.5540267,45.9474238],[19.5538578,45.9474193],[19.5536794,45.9474241],[19.5533743,45.9474472],[19.5531742,45.9474684],[19.5527795,45.9475226],[19.5520422,45.9476758],[19.5513054,45.9478128],[19.5511182,45.9478364],[19.5508402,45.94786],[19.5501729,45.9478923],[19.5496887,45.9478983],[19.5491692,45.9479195],[19.5484025,45.9479521]]},"properties":{"category":"road","class":"tertiary","name":"Салаши","osmType":"way","osmId":1298854237}},{"type":"Feature","geometry":{"type":"LineString","coordinates":[[19.5631469,46.1634817],[19.5630725,46.1634468],[19.563014,46.1633996],[19.5629757,46.1633433]]},"properties":{"category":"road","class":"primary","name":"","ref":"11","osmType":"way","osmId":1304424219}},{"type":"Feature","geometry":{"type":"LineString","coordinates":[[19.5636312,46.1632467],[19.563633,46.163283],[19.5636266,46.1633191],[19.5636122,46.1633541]]},"properties":{"category":"road","class":"primary","name":"","ref":"11","osmType":"way","osmId":1304424220}},{"type":"Feature","geometry":{"type":"LineString","coordinates":[[19.5636122,46.1633541],[19.5635676,46.1634113],[19.5635019,46.1634577]]},"properties":{"category":"road","class":"primary","name":"","ref":"11","osmType":"way","osmId":1304424221}},{"type":"Feature","geometry":{"type":"LineString","coordinates":[[19.5635073,46.163091],[19.5635679,46.1631348],[19.5636101,46.1631879],[19.5636312,46.1632467]]},"properties":{"category":"road","class":"primary","name":"","ref":"11","osmType":"way","osmId":1304424222}},{"type":"Feature","geometry":{"type":"LineString","coordinates":[[19.5634085,46.1634928],[19.5633209,46.1635054],[19.5632316,46.1635016],[19.5631469,46.1634817]]},"properties":{"category":"road","class":"primary","name":"","ref":"11","osmType":"way","osmId":1304424223}},{"type":"Feature","geometry":{"type":"LineString","coordinates":[[19.5635019,46.1634577],[19.5634085,46.1634928]]},"properties":{"category":"road","class":"primary","name":"","ref":"11","osmType":"way","osmId":1304424224}},{"type":"Feature","geometry":{"type":"LineString","coordinates":[[19.5630083,46.1638627],[19.5630354,46.1638287],[19.563118,46.1637081]]},"properties":{"category":"road","class":"primary","name":"","ref":"11","osmType":"way","osmId":1304424225}},{"type":"Feature","geometry":{"type":"LineString","coordinates":[[19.5629757,46.1633433],[19.5629601,46.1632775],[19.5629719,46.1632113]]},"properties":{"category":"road","class":"primary","name":"","ref":"11","osmType":"way","osmId":1304424227}},{"type":"Feature","geometry":{"type":"LineString","coordinates":[[19.5629719,46.1632113],[19.5630093,46.1631514],[19.5630691,46.163101],[19.5631467,46.1630641]]},"properties":{"category":"road","class":"primary","name":"","ref":"11","osmType":"way","osmId":1304424228}},{"type":"Feature","geometry":{"type":"LineString","coordinates":[[19.7258479,46.0319946],[19.7258961,46.0319113]]},"properties":{"category":"road","class":"tertiary","name":"Биковачки пут","osmType":"way","osmId":1304424229}},{"type":"Feature","geometry":{"type":"LineString","coordinates":[[19.7399376,46.0298856],[19.7400053,46.0298898],[19.7400847,46.0298951],[19.740306,46.0299149]]},"properties":{"category":"road","class":"trunk","name":"","ref":"11","osmType":"way","osmId":1304424234}},{"type":"Feature","geometry":{"type":"LineString","coordinates":[[19.6820359,46.0909992],[19.6831385,46.0912804]]},"properties":{"category":"road","class":"tertiary","name":"Лошињска","osmType":"way","osmId":1311733874}},{"type":"Feature","geometry":{"type":"LineString","coordinates":[[19.6831385,46.0912804],[19.6836859,46.0914211]]},"properties":{"category":"road","class":"tertiary","name":"Лошињска","osmType":"way","osmId":1311733875}},{"type":"Feature","geometry":{"type":"LineString","coordinates":[[19.7359743,46.0305234],[19.7361194,46.030493],[19.7367066,46.0303702]]},"properties":{"category":"road","class":"trunk","name":"","ref":"11","osmType":"way","osmId":1314314130}},{"type":"Feature","geometry":{"type":"LineString","coordinates":[[19.7259184,46.0313469],[19.7259594,46.0313035],[19.7260133,46.0312675],[19.7260774,46.0312408]]},"properties":{"category":"road","class":"trunk","name":"Обилазница око Суботице","ref":"11","osmType":"way","osmId":1314330537}},{"type":"Feature","geometry":{"type":"LineString","coordinates":[[19.7258896,46.0314982],[19.7258827,46.0314467],[19.7258925,46.0313954],[19.7259184,46.0313469]]},"properties":{"category":"road","class":"trunk","name":"Обилазница око Суботице","ref":"11","osmType":"way","osmId":1314330538}},{"type":"Feature","geometry":{"type":"LineString","coordinates":[[19.7259302,46.0315702],[19.7258896,46.0314982]]},"properties":{"category":"road","class":"trunk","name":"Обилазница око Суботице","ref":"11","osmType":"way","osmId":1314330539}},{"type":"Feature","geometry":{"type":"LineString","coordinates":[[19.7262014,46.0316821],[19.7261206,46.0316727],[19.7260455,46.0316499],[19.7259808,46.031615],[19.7259302,46.0315702]]},"properties":{"category":"road","class":"trunk","name":"Обилазница око Суботице","ref":"11","osmType":"way","osmId":1314330540}},{"type":"Feature","geometry":{"type":"LineString","coordinates":[[19.6807501,46.069499],[19.679802,46.0714337]]},"properties":{"category":"road","class":"secondary","name":"Београдски пут","ref":"100","osmType":"way","osmId":1314330541}},{"type":"Feature","geometry":{"type":"LineString","coordinates":[[19.6746777,46.0807858],[19.6745808,46.080961],[19.6745709,46.0809788],[19.6742737,46.0815049],[19.67398,46.0820249],[19.673888,46.0821844],[19.6738211,46.0823004]]},"properties":{"category":"road","class":"secondary","name":"Београдски пут","ref":"100","osmType":"way","osmId":1314330542}},{"type":"Feature","geometry":{"type":"LineString","coordinates":[[19.675851,46.0787417],[19.6758176,46.0787971],[19.6758138,46.0788034],[19.6757268,46.0789477],[19.6757256,46.0789498]]},"properties":{"category":"road","class":"secondary","name":"Београдски пут","ref":"100","osmType":"way","osmId":1314330543}},{"type":"Feature","geometry":{"type":"LineString","coordinates":[[19.6738211,46.0823004],[19.6737333,46.0824527],[19.6737066,46.082499],[19.6735124,46.0828359],[19.6735027,46.0828527],[19.6734789,46.0828939],[19.6734098,46.0830138]]},"properties":{"category":"road","class":"secondary","name":"Београдски пут","ref":"100","osmType":"way","osmId":1314330549}},{"type":"Feature","geometry":{"type":"LineString","coordinates":[[19.6758891,46.0786785],[19.675851,46.0787417]]},"properties":{"category":"road","class":"secondary","name":"Београдски пут","ref":"100","osmType":"way","osmId":1314330551}},{"type":"Feature","geometry":{"type":"LineString","coordinates":[[19.6764993,46.0776444],[19.6764555,46.0777216],[19.6762831,46.0780251],[19.6761705,46.0782118],[19.6759479,46.078581],[19.6758891,46.0786785]]},"properties":{"category":"road","class":"secondary","name":"Београдски пут","ref":"100","osmType":"way","osmId":1314330552}},{"type":"Feature","geometry":{"type":"LineString","coordinates":[[19.6791726,46.0727761],[19.6790981,46.0729382],[19.6790605,46.0730199],[19.6789994,46.0731526],[19.6789972,46.0731575]]},"properties":{"category":"road","class":"secondary","name":"Београдски пут","ref":"100","osmType":"way","osmId":1314330553}},{"type":"Feature","geometry":{"type":"LineString","coordinates":[[19.679802,46.0714337],[19.6797979,46.0714421],[19.6797459,46.0715485],[19.6796612,46.0717218]]},"properties":{"category":"road","class":"secondary","name":"Београдски пут","ref":"100","osmType":"way","osmId":1314330554}},{"type":"Feature","geometry":{"type":"LineString","coordinates":[[19.6810825,46.068345],[19.6810748,46.0684897],[19.6810607,46.0686423],[19.6810557,46.0686731],[19.6810499,46.0687093],[19.6810201,46.0688854]]},"properties":{"category":"road","class":"secondary","name":"Београдски пут","ref":"100","osmType":"way","osmId":1314330555}},{"type":"Feature","geometry":{"type":"LineString","coordinates":[[19.6942606,46.0604947],[19.6944933,46.0602853],[19.6945117,46.0602688],[19.6949017,46.0599026],[19.6949995,46.0598107]]},"properties":{"category":"road","class":"tertiary","name":"Биковачки пут","osmType":"way","osmId":1314330556}},{"type":"Feature","geometry":{"type":"LineString","coordinates":[[19.6880759,46.0660986],[19.6882507,46.0659378],[19.6886161,46.0656018]]},"properties":{"category":"road","class":"tertiary","name":"Биковачки пут","osmType":"way","osmId":1314330557}},{"type":"Feature","geometry":{"type":"LineString","coordinates":[[19.7001895,46.0558715],[19.700312,46.0569179]]},"properties":{"category":"road","class":"tertiary","name":"Биковачки пут","osmType":"way","osmId":1314330558}},{"type":"Feature","geometry":{"type":"LineString","coordinates":[[19.7002105,46.0550551],[19.7001782,46.0551119],[19.7001579,46.0551575],[19.7001402,46.0552118],[19.7001337,46.0552391],[19.7001295,46.055276],[19.7001265,46.0553327],[19.7001891,46.0558676],[19.7001895,46.0558715]]},"properties":{"category":"road","class":"tertiary","name":"Биковачки пут","osmType":"way","osmId":1314330559}},{"type":"Feature","geometry":{"type":"LineString","coordinates":[[19.7002105,46.0550551],[19.7004257,46.054856]]},"properties":{"category":"road","class":"tertiary","name":"Биковачки пут","osmType":"way","osmId":1314330560}},{"type":"Feature","geometry":{"type":"LineString","coordinates":[[19.715764,46.040753],[19.7159427,46.040601],[19.7161064,46.040447],[19.7161876,46.0403779],[19.7167988,46.0398391],[19.7173074,46.0393415]]},"properties":{"category":"road","class":"tertiary","name":"Биковачки пут","osmType":"way","osmId":1314330561}},{"type":"Feature","geometry":{"type":"LineString","coordinates":[[19.7173074,46.0393415],[19.718435,46.0382382]]},"properties":{"category":"road","class":"tertiary","name":"Биковачки пут","osmType":"way","osmId":1314330562}},{"type":"Feature","geometry":{"type":"LineString","coordinates":[[19.718435,46.0382382],[19.718653,46.038025],[19.7191186,46.0375694],[19.719644,46.0369824]]},"properties":{"category":"road","class":"tertiary","name":"Биковачки пут","osmType":"way","osmId":1314330563}},{"type":"Feature","geometry":{"type":"LineString","coordinates":[[19.719644,46.0369824],[19.7206516,46.0358499],[19.7212103,46.0352141]]},"properties":{"category":"road","class":"tertiary","name":"Биковачки пут","osmType":"way","osmId":1314330564}},{"type":"Feature","geometry":{"type":"LineString","coordinates":[[19.7212103,46.0352141],[19.7217116,46.0346531],[19.7217914,46.0345711],[19.7218779,46.034486],[19.7223221,46.0341055],[19.7229216,46.0336429],[19.7235353,46.0333325],[19.7247293,46.0327614]]},"properties":{"category":"road","class":"tertiary","name":"Биковачки пут","osmType":"way","osmId":1314330565}},{"type":"Feature","geometry":{"type":"LineString","coordinates":[[19.7247293,46.0327614],[19.7253916,46.0324446],[19.725472,46.0323995],[19.7255618,46.0323374],[19.7256275,46.0322711],[19.7257087,46.0321756],[19.7257851,46.0320818],[19.7258479,46.0319946]]},"properties":{"category":"road","class":"tertiary","name":"Биковачки пут","osmType":"way","osmId":1314330566}},{"type":"Feature","geometry":{"type":"LineString","coordinates":[[19.7264071,46.0316403],[19.7263437,46.0316645],[19.7262735,46.0316788],[19.7262014,46.0316821]]},"properties":{"category":"road","class":"trunk","name":"Обилазница око Суботице","ref":"11","osmType":"way","osmId":1314330567}},{"type":"Feature","geometry":{"type":"LineString","coordinates":[[19.7272319,46.0315385],[19.7272804,46.0315402],[19.7281762,46.0315706],[19.7284318,46.0315741],[19.7285867,46.0315756],[19.7286039,46.0315758]]},"properties":{"category":"road","class":"trunk","name":"Обилазница око Суботице","ref":"11","osmType":"way","osmId":1314330568}},{"type":"Feature","geometry":{"type":"LineString","coordinates":[[19.7324929,46.0312524],[19.7328144,46.0311934],[19.7334809,46.0310649],[19.7341179,46.0309325],[19.7346475,46.0308241]]},"properties":{"category":"road","class":"trunk","name":"Обилазница око Суботице","ref":"11","osmType":"way","osmId":1314330569}},{"type":"Feature","geometry":{"type":"LineString","coordinates":[[19.6631087,46.0414685],[19.6635619,46.0411475],[19.6635685,46.0411428],[19.6639868,46.0408465]]},"properties":{"category":"road","class":"trunk","name":"Обилазница око Суботице","ref":"11","osmType":"way","osmId":1320124655}},{"type":"Feature","geometry":{"type":"LineString","coordinates":[[19.6617957,46.0423972],[19.6623863,46.0419802],[19.6626346,46.0418043],[19.6627703,46.0417082],[19.6631044,46.0414716],[19.6631087,46.0414685]]},"properties":{"category":"road","class":"trunk","name":"Обилазница око Суботице","ref":"11","osmType":"way","osmId":1320124656}},{"type":"Feature","geometry":{"type":"LineString","coordinates":[[19.5617094,46.1530616],[19.5616695,46.1529731],[19.561368,46.1522955],[19.5604585,46.1502352],[19.5595625,46.148209],[19.5589042,46.1467222],[19.5583597,46.1454244],[19.5570414,46.1425485],[19.5566532,46.1416662],[19.5564057,46.1410877],[19.5561717,46.1404378]]},"properties":{"category":"road","class":"trunk","name":"Обилазница око Суботице","ref":"11","osmType":"way","osmId":1320124661}},{"type":"Feature","geometry":{"type":"LineString","coordinates":[[19.7181664,46.0303976],[19.7192144,46.0304652],[19.7199719,46.0305339],[19.7207218,46.0306216],[19.7210795,46.0306681]]},"properties":{"category":"road","class":"trunk","name":"Обилазница око Суботице","ref":"11","osmType":"way","osmId":1320124665}},{"type":"Feature","geometry":{"type":"LineString","coordinates":[[19.5904268,46.0946693],[19.5909961,46.0941941],[19.5926423,46.0928199]]},"properties":{"category":"road","class":"trunk","name":"Обилазница око Суботице","ref":"11","osmType":"way","osmId":1320124666}},{"type":"Feature","geometry":{"type":"LineString","coordinates":[[19.5976661,46.0886181],[19.5977197,46.0885734],[19.5990502,46.0874633],[19.5998886,46.0867638]]},"properties":{"category":"road","class":"trunk","name":"Обилазница око Суботице","ref":"11","osmType":"way","osmId":1320124667}},{"type":"Feature","geometry":{"type":"LineString","coordinates":[[19.6754248,46.0349136],[19.6760161,46.0347821],[19.6766504,46.0346588],[19.6773818,46.0345227],[19.6784368,46.034358],[19.6792517,46.0342453],[19.6792605,46.0342441]]},"properties":{"category":"road","class":"trunk","name":"Обилазница око Суботице","ref":"11","osmType":"way","osmId":1320124668}},{"type":"Feature","geometry":{"type":"LineString","coordinates":[[19.6873002,46.0332273],[19.6882435,46.0331733],[19.6888291,46.0331474],[19.6896161,46.0331382],[19.6896196,46.0331382]]},"properties":{"category":"road","class":"trunk","name":"Обилазница око Суботице","ref":"11","osmType":"way","osmId":1320124669}},{"type":"Feature","geometry":{"type":"LineString","coordinates":[[19.5630957,46.1590607],[19.5630892,46.1589337]]},"properties":{"category":"road","class":"trunk","name":"Обилазница око Суботице","ref":"11","osmType":"way","osmId":1320124671}},{"type":"Feature","geometry":{"type":"LineString","coordinates":[[19.5622376,46.164607],[19.5623134,46.1645355],[19.5627907,46.1640855],[19.5630083,46.1638627]]},"properties":{"category":"road","class":"primary","name":"","ref":"11","osmType":"way","osmId":1320472273}},{"type":"Feature","geometry":{"type":"LineString","coordinates":[[19.7085744,46.0707529],[19.7082228,46.0708113],[19.7080198,46.0708564],[19.7078456,46.0709114],[19.7077,46.0709677],[19.7075469,46.0710342],[19.7074118,46.0710951],[19.7072431,46.071196],[19.7070977,46.0712978],[19.7068946,46.0714641],[19.7065393,46.071831],[19.7063789,46.0720051],[19.7062404,46.0721269],[19.7060146,46.0723098],[19.7057595,46.0724985],[19.7057542,46.0725024]]},"properties":{"category":"road","class":"secondary","name":"Сенћански пут","ref":"300","osmType":"way","osmId":1338051254}},{"type":"Feature","geometry":{"type":"LineString","coordinates":[[19.7092951,46.0706863],[19.7085744,46.0707529]]},"properties":{"category":"road","class":"secondary","name":"Сенћански пут","ref":"300","osmType":"way","osmId":1338051255}},{"type":"Feature","geometry":{"type":"LineString","coordinates":[[19.8464467,46.1415756],[19.8460072,46.1420931],[19.8459594,46.1421455]]},"properties":{"category":"road","class":"secondary","name":"Мушкатли","ref":"101","osmType":"way","osmId":1338051279}},{"type":"Feature","geometry":{"type":"LineString","coordinates":[[19.6644184,46.0404166],[19.664398,46.0403471],[19.66441,46.0402768]]},"properties":{"category":"road","class":"trunk","name":"","ref":"11;100","osmType":"way","osmId":1344071764}},{"type":"Feature","geometry":{"type":"LineString","coordinates":[[19.6646388,46.0405537],[19.6645452,46.0405254],[19.6644692,46.0404781],[19.6644184,46.0404166]]},"properties":{"category":"road","class":"trunk","name":"","ref":"11;100","osmType":"way","osmId":1344071765}},{"type":"Feature","geometry":{"type":"LineString","coordinates":[[19.6647401,46.0405603],[19.6646388,46.0405537]]},"properties":{"category":"road","class":"trunk","name":"","ref":"11;100","osmType":"way","osmId":1344071766}},{"type":"Feature","geometry":{"type":"LineString","coordinates":[[19.6650037,46.0404411],[19.6649375,46.0405012],[19.6648461,46.0405425],[19.6647931,46.0405514],[19.6647401,46.0405603]]},"properties":{"category":"road","class":"trunk","name":"","ref":"11;100","osmType":"way","osmId":1344071767}},{"type":"Feature","geometry":{"type":"LineString","coordinates":[[19.6650337,46.0402932],[19.665037,46.040369],[19.6650037,46.0404411]]},"properties":{"category":"road","class":"trunk","name":"","ref":"11;100","osmType":"way","osmId":1344071768}},{"type":"Feature","geometry":{"type":"LineString","coordinates":[[19.6642507,46.039827],[19.6642323,46.0397831],[19.664215,46.0397047],[19.6642068,46.0396236]]},"properties":{"category":"road","class":"secondary","name":"Београдски пут","ref":"100","osmType":"way","osmId":1344071769}},{"type":"Feature","geometry":{"type":"LineString","coordinates":[[19.6642001,46.0377223],[19.6640979,46.0374612]]},"properties":{"category":"road","class":"secondary","name":"Београдски пут","ref":"100","osmType":"way","osmId":1344071770}},{"type":"Feature","geometry":{"type":"LineString","coordinates":[[19.6640979,46.0374612],[19.6640153,46.03725],[19.6639436,46.0370694]]},"properties":{"category":"road","class":"secondary","name":"Београдски пут","ref":"100","osmType":"way","osmId":1344071771}},{"type":"Feature","geometry":{"type":"LineString","coordinates":[[19.6639436,46.0370694],[19.6639054,46.0369768],[19.6638971,46.0369583],[19.6636999,46.0364678],[19.6636963,46.0364587],[19.6636182,46.0362645],[19.6635318,46.0360279],[19.6634876,46.035907]]},"properties":{"category":"road","class":"secondary","name":"Београдски пут","ref":"100","osmType":"way","osmId":1344071772}},{"type":"Feature","geometry":{"type":"LineString","coordinates":[[19.6634876,46.035907],[19.6634856,46.0359013],[19.6633465,46.0355204],[19.6633025,46.0354004]]},"properties":{"category":"road","class":"secondary","name":"Београдски пут","ref":"100","osmType":"way","osmId":1344071773}},{"type":"Feature","geometry":{"type":"LineString","coordinates":[[19.6633025,46.0354004],[19.6627739,46.03396],[19.66268,46.0337103]]},"properties":{"category":"road","class":"secondary","name":"Београдски пут","ref":"100","osmType":"way","osmId":1344071774}},{"type":"Feature","geometry":{"type":"LineString","coordinates":[[19.66268,46.0337103],[19.6624115,46.0329817],[19.6623576,46.0328355],[19.6622959,46.0326683],[19.6622459,46.032539],[19.6617882,46.0313567],[19.6615254,46.0306682]]},"properties":{"category":"road","class":"secondary","name":"Београдски пут","ref":"100","osmType":"way","osmId":1344071775}},{"type":"Feature","geometry":{"type":"LineString","coordinates":[[19.6615254,46.0306682],[19.6607001,46.0285061],[19.6599852,46.0266332],[19.6598738,46.0263773],[19.6592021,46.0245347],[19.6587706,46.023411],[19.6576152,46.020437],[19.6574907,46.0201074],[19.6573186,46.0196514]]},"properties":{"category":"road","class":"secondary","name":"Београдски пут","ref":"100","osmType":"way","osmId":1344071776}},{"type":"Feature","geometry":{"type":"LineString","coordinates":[[19.6573186,46.0196514],[19.6571468,46.0191965],[19.6570337,46.0189003],[19.6569609,46.0187097],[19.6567279,46.0180838],[19.6566837,46.0179688],[19.6564943,46.0174758]]},"properties":{"category":"road","class":"secondary","name":"Београдски пут","ref":"100","osmType":"way","osmId":1344071777}},{"type":"Feature","geometry":{"type":"LineString","coordinates":[[19.6564943,46.0174758],[19.6561793,46.0166557],[19.6539337,46.0108332]]},"properties":{"category":"road","class":"secondary","name":"Београдски пут","ref":"100","osmType":"way","osmId":1344071778}},{"type":"Feature","geometry":{"type":"LineString","coordinates":[[19.6539337,46.0108332],[19.6504918,46.0017834],[19.6501241,46.0008164]]},"properties":{"category":"road","class":"secondary","name":"Стари Жедник салаши","ref":"100","osmType":"way","osmId":1344071779}},{"type":"Feature","geometry":{"type":"LineString","coordinates":[[19.6501241,46.0008164],[19.6499514,46.0003624],[19.6499061,46.0002433],[19.6498677,46.0001423],[19.6496546,45.9995818]]},"properties":{"category":"road","class":"secondary","name":"Стари Жедник салаши","ref":"100","osmType":"way","osmId":1344071780}},{"type":"Feature","geometry":{"type":"LineString","coordinates":[[19.6472025,45.9931333],[19.6470107,45.9926291],[19.6469627,45.9925029],[19.6469235,45.9923997],[19.6467204,45.9918654]]},"properties":{"category":"road","class":"secondary","name":"Стари Жедник салаши","ref":"100","osmType":"way","osmId":1344071781}},{"type":"Feature","geometry":{"type":"LineString","coordinates":[[19.6496546,45.9995818],[19.6493255,45.9987165],[19.647537,45.994013],[19.6474932,45.993898],[19.6472025,45.9931333]]},"properties":{"category":"road","class":"secondary","name":"Стари Жедник салаши","ref":"100","osmType":"way","osmId":1344071782}},{"type":"Feature","geometry":{"type":"LineString","coordinates":[[19.6365071,45.9649983],[19.636371,45.964619],[19.636167,45.9640864],[19.6333093,45.956624],[19.6331075,45.9560694],[19.6327395,45.955126],[19.6325637,45.9546794],[19.632521,45.9545717],[19.6323694,45.9541614],[19.6321669,45.9536388]]},"properties":{"category":"road","class":"secondary","name":"Стари Жедник салаши","ref":"100","osmType":"way","osmId":1344071783}},{"type":"Feature","geometry":{"type":"LineString","coordinates":[[19.6321669,45.9536388],[19.6321259,45.9535328],[19.6317208,45.952487],[19.6316403,45.9522835],[19.631594,45.9521788],[19.6315364,45.9520642],[19.6314682,45.9519449]]},"properties":{"category":"road","class":"secondary","name":"Стари Жедник салаши","ref":"100","osmType":"way","osmId":1344071784}},{"type":"Feature","geometry":{"type":"LineString","coordinates":[[19.6314682,45.9519449],[19.6314666,45.9519424],[19.6314029,45.9518429],[19.6313248,45.9517331],[19.6312397,45.9516249],[19.6310831,45.9514411]]},"properties":{"category":"road","class":"secondary","name":"Стари Жедник салаши","ref":"100","osmType":"way","osmId":1344071785}},{"type":"Feature","geometry":{"type":"LineString","coordinates":[[19.6307307,45.9510381],[19.6308343,45.9509646],[19.6309504,45.9508823],[19.6310657,45.9507772],[19.6311467,45.9506806]]},"properties":{"category":"road","class":"tertiary","name":"Трг слободе","ref":"303","osmType":"way","osmId":1344071786}},{"type":"Feature","geometry":{"type":"LineString","coordinates":[[19.6310831,45.9514411],[19.6308645,45.9511961],[19.6307307,45.9510381]]},"properties":{"category":"road","class":"secondary","name":"Стари Жедник салаши","ref":"100","osmType":"way","osmId":1344071787}},{"type":"Feature","geometry":{"type":"LineString","coordinates":[[19.6300894,45.9503192],[19.6298932,45.9503772],[19.6296032,45.950465]]},"properties":{"category":"road","class":"tertiary","name":"Раде Кончара","osmType":"way","osmId":1344071788}},{"type":"Feature","geometry":{"type":"LineString","coordinates":[[19.6307307,45.9510381],[19.630457,45.9507714],[19.630261,45.9505446],[19.6300894,45.9503192]]},"properties":{"category":"road","class":"secondary","name":"Београдски пут","ref":"100","osmType":"way","osmId":1344071789}},{"type":"Feature","geometry":{"type":"LineString","coordinates":[[19.6300894,45.9503192],[19.6300004,45.9501453],[19.6299633,45.950052],[19.6299486,45.9500148],[19.629939,45.9499908],[19.6299361,45.9499834],[19.6298279,45.949711],[19.6297859,45.9495895],[19.6297517,45.9494664],[19.6297293,45.9493631]]},"properties":{"category":"road","class":"secondary","name":"Београдски пут","ref":"100","osmType":"way","osmId":1344071790}},{"type":"Feature","geometry":{"type":"LineString","coordinates":[[19.6306249,45.945132],[19.6306356,45.9448769],[19.6306369,45.9448482]]},"properties":{"category":"road","class":"secondary","name":"Београдски пут","ref":"100","osmType":"way","osmId":1344071791}},{"type":"Feature","geometry":{"type":"LineString","coordinates":[[19.63177,45.9237769],[19.6317701,45.9237753],[19.6317983,45.9229238],[19.6318093,45.9225913]]},"properties":{"category":"road","class":"secondary","name":"Београдски пут","ref":"100","osmType":"way","osmId":1344071792}},{"type":"Feature","geometry":{"type":"LineString","coordinates":[[19.6318093,45.9225913],[19.6318133,45.9223758],[19.6318319,45.9213691],[19.6318358,45.9211541],[19.6318503,45.9203714]]},"properties":{"category":"road","class":"secondary","name":"","ref":"100","osmType":"way","osmId":1344071793}},{"type":"Feature","geometry":{"type":"LineString","coordinates":[[19.6318503,45.9203714],[19.6318587,45.9202118],[19.6318687,45.9200602],[19.631882,45.9198899],[19.6318945,45.9197528],[19.6320367,45.9185326]]},"properties":{"category":"road","class":"secondary","name":"","ref":"100","osmType":"way","osmId":1344071794}},{"type":"Feature","geometry":{"type":"LineString","coordinates":[[19.5630458,46.158467],[19.5629815,46.1577766]]},"properties":{"category":"road","class":"trunk","name":"Обилазница око Суботице","ref":"11","osmType":"way","osmId":1344349980}},{"type":"Feature","geometry":{"type":"LineString","coordinates":[[19.5632763,46.1623132],[19.5632559,46.1617388]]},"properties":{"category":"road","class":"trunk","name":"Обилазница око Суботице","ref":"11","osmType":"way","osmId":1344349981}},{"type":"Feature","geometry":{"type":"LineString","coordinates":[[19.5632825,46.1625017],[19.5632763,46.1623132]]},"properties":{"category":"road","class":"trunk","name":"Обилазница око Суботице","ref":"11","osmType":"way","osmId":1344349982}},{"type":"Feature","geometry":{"type":"LineString","coordinates":[[19.5632853,46.1628171],[19.5632885,46.162683],[19.5632883,46.1626751],[19.5632825,46.1625017]]},"properties":{"category":"road","class":"trunk","name":"Обилазница око Суботице","ref":"11","osmType":"way","osmId":1344349983}},{"type":"Feature","geometry":{"type":"LineString","coordinates":[[19.5631795,46.1602095],[19.5630957,46.1590607]]},"properties":{"category":"road","class":"trunk","name":"Обилазница око Суботице","ref":"11","osmType":"way","osmId":1344349984}},{"type":"Feature","geometry":{"type":"LineString","coordinates":[[19.5629815,46.1577766],[19.5629663,46.1575628]]},"properties":{"category":"road","class":"trunk","name":"Обилазница око Суботице","ref":"11","osmType":"way","osmId":1344349985}},{"type":"Feature","geometry":{"type":"LineString","coordinates":[[19.5630892,46.1589337],[19.5630458,46.158467]]},"properties":{"category":"road","class":"trunk","name":"Обилазница око Суботице","ref":"11","osmType":"way","osmId":1344349986}},{"type":"Feature","geometry":{"type":"LineString","coordinates":[[19.562603,46.155172],[19.5624545,46.1547578],[19.562296,46.1543864],[19.5621579,46.1540622],[19.5619903,46.1536855]]},"properties":{"category":"road","class":"trunk","name":"Обилазница око Суботице","ref":"11","osmType":"way","osmId":1344349987}},{"type":"Feature","geometry":{"type":"LineString","coordinates":[[19.5619903,46.1536855],[19.5617094,46.1530616]]},"properties":{"category":"road","class":"trunk","name":"Обилазница око Суботице","ref":"11","osmType":"way","osmId":1344349988}},{"type":"Feature","geometry":{"type":"LineString","coordinates":[[19.5561717,46.1404378],[19.5559886,46.139882],[19.5558352,46.1394133],[19.5557378,46.1390721]]},"properties":{"category":"road","class":"trunk","name":"Обилазница око Суботице","ref":"11","osmType":"way","osmId":1344349989}},{"type":"Feature","geometry":{"type":"LineString","coordinates":[[19.5552476,46.1367977],[19.5551945,46.13638],[19.5551213,46.1357692],[19.5550855,46.1352375]]},"properties":{"category":"road","class":"trunk","name":"Обилазница око Суботице","ref":"11","osmType":"way","osmId":1344349990}},{"type":"Feature","geometry":{"type":"LineString","coordinates":[[19.5550855,46.1352375],[19.5550471,46.1343113],[19.5550552,46.13346],[19.5550646,46.1329963],[19.5550711,46.1328909]]},"properties":{"category":"road","class":"trunk","name":"Обилазница око Суботице","ref":"11","osmType":"way","osmId":1344349991}},{"type":"Feature","geometry":{"type":"LineString","coordinates":[[19.5557378,46.1390721],[19.5556671,46.13881],[19.55553,46.1382367],[19.5554073,46.1376735],[19.5552872,46.137024],[19.5552476,46.1367977]]},"properties":{"category":"road","class":"trunk","name":"Обилазница око Суботице","ref":"11","osmType":"way","osmId":1344349992}},{"type":"Feature","geometry":{"type":"LineString","coordinates":[[19.5926423,46.0928199],[19.5928673,46.0926321]]},"properties":{"category":"road","class":"trunk","name":"Обилазница око Суботице","ref":"11","osmType":"way","osmId":1344349993}},{"type":"Feature","geometry":{"type":"LineString","coordinates":[[19.5949282,46.090904],[19.5953335,46.0905651],[19.5971594,46.089038]]},"properties":{"category":"road","class":"trunk","name":"Обилазница око Суботице","ref":"11","osmType":"way","osmId":1344349994}},{"type":"Feature","geometry":{"type":"LineString","coordinates":[[19.5998886,46.0867638],[19.6019952,46.0850061]]},"properties":{"category":"road","class":"trunk","name":"Обилазница око Суботице","ref":"11","osmType":"way","osmId":1344349995}},{"type":"Feature","geometry":{"type":"LineString","coordinates":[[19.617295,46.0735529],[19.6176279,46.0733268],[19.6183099,46.0728609],[19.6186698,46.0726151],[19.6186772,46.0726101]]},"properties":{"category":"road","class":"trunk","name":"Обилазница око Суботице","ref":"11","osmType":"way","osmId":1344349996}},{"type":"Feature","geometry":{"type":"LineString","coordinates":[[19.6186772,46.0726101],[19.6191103,46.0723142],[19.6191185,46.0723086],[19.6196388,46.0719532]]},"properties":{"category":"road","class":"trunk","name":"Обилазница око Суботице","ref":"11","osmType":"way","osmId":1344349997}},{"type":"Feature","geometry":{"type":"LineString","coordinates":[[19.61996,46.0716044],[19.6199406,46.0715496],[19.6199408,46.0714932]]},"properties":{"category":"road","class":"trunk","name":"","ref":"11","osmType":"way","osmId":1344349998}},{"type":"Feature","geometry":{"type":"LineString","coordinates":[[19.6202112,46.0717504],[19.62013,46.0717321],[19.6200581,46.0717002],[19.6200002,46.0716566],[19.61996,46.0716044]]},"properties":{"category":"road","class":"trunk","name":"","ref":"11","osmType":"way","osmId":1344349999}},{"type":"Feature","geometry":{"type":"LineString","coordinates":[[19.6203564,46.0717473],[19.620284,46.0717544],[19.6202112,46.0717504]]},"properties":{"category":"road","class":"trunk","name":"","ref":"11","osmType":"way","osmId":1344350000}},{"type":"Feature","geometry":{"type":"LineString","coordinates":[[19.6206039,46.0715606],[19.6205744,46.0716243],[19.6205201,46.0716794],[19.6204453,46.0717216],[19.6203564,46.0717473]]},"properties":{"category":"road","class":"trunk","name":"","ref":"11","osmType":"way","osmId":1344350001}},{"type":"Feature","geometry":{"type":"LineString","coordinates":[[19.6206004,46.0714709],[19.6206085,46.0715157],[19.6206039,46.0715606]]},"properties":{"category":"road","class":"trunk","name":"","ref":"11","osmType":"way","osmId":1344350002}},{"type":"Feature","geometry":{"type":"LineString","coordinates":[[19.6209663,46.0710353],[19.6212437,46.070843],[19.6212521,46.0708372],[19.621742,46.0704976],[19.6217472,46.070494]]},"properties":{"category":"road","class":"trunk","name":"Обилазница око Суботице","ref":"11","osmType":"way","osmId":1344350003}},{"type":"Feature","geometry":{"type":"LineString","coordinates":[[19.6217472,46.070494],[19.6221799,46.0701941],[19.622351,46.0700755],[19.6229923,46.0696309],[19.6231531,46.0695182]]},"properties":{"category":"road","class":"trunk","name":"Обилазница око Суботице","ref":"11","osmType":"way","osmId":1344350004}},{"type":"Feature","geometry":{"type":"LineString","coordinates":[[19.6606806,46.1006252],[19.6607088,46.1006145]]},"properties":{"category":"road","class":"tertiary","name":"","osmType":"way","osmId":1348432423}},{"type":"Feature","geometry":{"type":"LineString","coordinates":[[19.6617086,46.1023012],[19.6617042,46.1022766]]},"properties":{"category":"road","class":"tertiary","name":"","osmType":"way","osmId":1348432747}},{"type":"Feature","geometry":{"type":"LineString","coordinates":[[19.6618575,46.1023819],[19.6618159,46.1023779]]},"properties":{"category":"road","class":"tertiary","name":"","osmType":"way","osmId":1348432748}},{"type":"Feature","geometry":{"type":"LineString","coordinates":[[19.489004,46.0495871],[19.4881606,46.0491567],[19.4879931,46.0490712]]},"properties":{"category":"road","class":"tertiary","name":"Змај Јовина","osmType":"way","osmId":1358090066}},{"type":"Feature","geometry":{"type":"LineString","coordinates":[[19.7627253,46.0557004],[19.7628258,46.0556605]]},"properties":{"category":"road","class":"secondary","name":"Сенћански пут","ref":"300","osmType":"way","osmId":1360088862}},{"type":"Feature","geometry":{"type":"LineString","coordinates":[[19.749907,46.0602527],[19.7490926,46.0604968]]},"properties":{"category":"road","class":"secondary","name":"Сенћански пут","ref":"300","osmType":"way","osmId":1360088863}},{"type":"Feature","geometry":{"type":"LineString","coordinates":[[19.7484307,46.0610156],[19.7482076,46.0608586],[19.7481134,46.0607924]]},"properties":{"category":"road","class":"tertiary","name":"","osmType":"way","osmId":1360088864}},{"type":"Feature","geometry":{"type":"LineString","coordinates":[[19.7464537,46.061322],[19.7459138,46.0614962],[19.7456141,46.0615929],[19.7455902,46.0616006],[19.7455082,46.0616272],[19.7445286,46.061945],[19.7443727,46.0619956],[19.7442551,46.0620351],[19.7442492,46.0620371]]},"properties":{"category":"road","class":"secondary","name":"Сенћански пут","ref":"300","osmType":"way","osmId":1360088865}},{"type":"Feature","geometry":{"type":"LineString","coordinates":[[19.7217409,46.0696298],[19.7208504,46.0699307],[19.7205696,46.070006],[19.7204206,46.0700467],[19.7201592,46.0700934],[19.71985,46.0701226],[19.7191051,46.0701568],[19.7190928,46.0701574]]},"properties":{"category":"road","class":"secondary","name":"Сенћански пут","ref":"300","osmType":"way","osmId":1360088866}},{"type":"Feature","geometry":{"type":"LineString","coordinates":[[19.7190928,46.0701574],[19.7182331,46.0701969],[19.7178805,46.0702131],[19.7169974,46.0702537],[19.7147148,46.0703587],[19.7146622,46.070361],[19.7114661,46.0705431],[19.7111659,46.0705602],[19.7102331,46.0706231],[19.710231,46.0706232]]},"properties":{"category":"road","class":"secondary","name":"Сенћански пут","ref":"300","osmType":"way","osmId":1360088867}},{"type":"Feature","geometry":{"type":"LineString","coordinates":[[19.710231,46.0706232],[19.7092951,46.0706863]]},"properties":{"category":"road","class":"secondary","name":"Сенћански пут","ref":"300","osmType":"way","osmId":1360088868}},{"type":"Feature","geometry":{"type":"LineString","coordinates":[[19.7057542,46.0725024],[19.7055393,46.0726614],[19.7051663,46.0729374],[19.7050003,46.0730602],[19.7048427,46.0731822],[19.7046598,46.0733343],[19.7041097,46.0738009],[19.7027708,46.0749365],[19.7022738,46.0753718],[19.7018223,46.0757749],[19.7013214,46.0762104],[19.6995067,46.0777883],[19.6978729,46.0791789],[19.6977038,46.0793228],[19.6964438,46.0804138],[19.6961352,46.0806821],[19.6961273,46.0806889]]},"properties":{"category":"road","class":"secondary","name":"Сенћански пут","ref":"300","osmType":"way","osmId":1360088869}},{"type":"Feature","geometry":{"type":"LineString","coordinates":[[19.6940241,46.0831307],[19.6939015,46.0832863],[19.6938348,46.083388],[19.693774,46.0835035],[19.6937179,46.0836243]]},"properties":{"category":"road","class":"secondary","name":"Сенћански пут","ref":"300","osmType":"way","osmId":1360088870}},{"type":"Feature","geometry":{"type":"LineString","coordinates":[[19.6961273,46.0806889],[19.6959876,46.0808243],[19.6958018,46.0810138],[19.6955766,46.0812712],[19.6951775,46.0817587],[19.6948868,46.082089]]},"properties":{"category":"road","class":"secondary","name":"Сенћански пут","ref":"300","osmType":"way","osmId":1360088871}},{"type":"Feature","geometry":{"type":"LineString","coordinates":[[19.6948868,46.082089],[19.6946788,46.0823253],[19.6945024,46.0825381],[19.6943919,46.0826714],[19.6940241,46.0831307]]},"properties":{"category":"road","class":"secondary","name":"Сенћански пут","ref":"300","osmType":"way","osmId":1360088872}},{"type":"Feature","geometry":{"type":"LineString","coordinates":[[19.69341,46.0843218],[19.6937179,46.0836243]]},"properties":{"category":"road","class":"secondary","name":"","ref":"300","osmType":"way","osmId":1360088873}},{"type":"Feature","geometry":{"type":"LineString","coordinates":[[19.6914848,46.0884726],[19.692569,46.0862262],[19.692582,46.0861996],[19.6934072,46.0843287]]},"properties":{"category":"road","class":"secondary","name":"","ref":"300","osmType":"way","osmId":1360088874}},{"type":"Feature","geometry":{"type":"LineString","coordinates":[[19.6911231,46.0892188],[19.6912336,46.088996]]},"properties":{"category":"road","class":"secondary","name":"","ref":"300","osmType":"way","osmId":1360088875}},{"type":"Feature","geometry":{"type":"LineString","coordinates":[[19.6899218,46.0891987],[19.6906102,46.0893555],[19.690674,46.08937]]},"properties":{"category":"road","class":"secondary","name":"Бајнатска","osmType":"way","osmId":1360088876}},{"type":"Feature","geometry":{"type":"LineString","coordinates":[[19.6835138,46.0874509],[19.6839324,46.0876156],[19.6839921,46.0876374],[19.6841154,46.0876818]]},"properties":{"category":"road","class":"secondary","name":"Бајнатска","ref":"100","osmType":"way","osmId":1360088877}},{"type":"Feature","geometry":{"type":"LineString","coordinates":[[19.6841154,46.0876818],[19.6841909,46.0877078],[19.6842997,46.0877452],[19.6844802,46.0878073]]},"properties":{"category":"road","class":"secondary","name":"","ref":"300","osmType":"way","osmId":1360088878}},{"type":"Feature","geometry":{"type":"LineString","coordinates":[[19.6841154,46.0876818],[19.6840718,46.087723],[19.684005,46.0877886],[19.6837248,46.0880635]]},"properties":{"category":"road","class":"secondary","name":"Сенћански пут","ref":"100","osmType":"way","osmId":1360088879}},{"type":"Feature","geometry":{"type":"LineString","coordinates":[[19.6748362,46.0943253],[19.6745486,46.0945226],[19.6739556,46.0948719]]},"properties":{"category":"road","class":"secondary","name":"Сенћански пут","ref":"100","osmType":"way","osmId":1360088880}},{"type":"Feature","geometry":{"type":"LineString","coordinates":[[19.6732158,46.0951833],[19.6733833,46.0950907]]},"properties":{"category":"road","class":"secondary","name":"Сенћански пут","ref":"100","osmType":"way","osmId":1360088881}},{"type":"Feature","geometry":{"type":"LineString","coordinates":[[19.6724789,46.0956054],[19.6725357,46.0955729],[19.6726405,46.0955129]]},"properties":{"category":"road","class":"secondary","name":"Сенћански пут","ref":"100","osmType":"way","osmId":1360088882}},{"type":"Feature","geometry":{"type":"LineString","coordinates":[[19.6713085,46.0967748],[19.6713969,46.096593]]},"properties":{"category":"road","class":"secondary","name":"Трг Лазара Нешића","ref":"100","osmType":"way","osmId":1360088883}},{"type":"Feature","geometry":{"type":"LineString","coordinates":[[19.6711236,46.0971371],[19.6708958,46.0975836]]},"properties":{"category":"road","class":"secondary","name":"Трг Лазара Нешића","ref":"100","osmType":"way","osmId":1360088884}},{"type":"Feature","geometry":{"type":"LineString","coordinates":[[19.6704786,46.0984013],[19.6701329,46.0990789]]},"properties":{"category":"road","class":"secondary","name":"Трг Лазара Нешића","ref":"100","osmType":"way","osmId":1360088885}},{"type":"Feature","geometry":{"type":"LineString","coordinates":[[19.6710983,46.0997818],[19.6707938,46.0997117]]},"properties":{"category":"road","class":"secondary","name":"Максима Горког","ref":"100","osmType":"way","osmId":1360088886}},{"type":"Feature","geometry":{"type":"LineString","coordinates":[[19.6715671,46.0998922],[19.6710983,46.0997818]]},"properties":{"category":"road","class":"secondary","name":"Максима Горког","ref":"100","osmType":"way","osmId":1360088887}},{"type":"Feature","geometry":{"type":"LineString","coordinates":[[19.668781,46.1018007],[19.6683303,46.1027148]]},"properties":{"category":"road","class":"tertiary","name":"Ђуре Ђаковића","osmType":"way","osmId":1360088888}},{"type":"Feature","geometry":{"type":"LineString","coordinates":[[19.6683303,46.1027148],[19.6682407,46.1028963],[19.6682145,46.1029495],[19.668191,46.1029971]]},"properties":{"category":"road","class":"tertiary","name":"Ђуре Ђаковића","osmType":"way","osmId":1360088889}},{"type":"Feature","geometry":{"type":"LineString","coordinates":[[19.5968111,45.9534768],[19.5953117,45.9527779],[19.5922264,45.9513834],[19.5908064,45.9507241],[19.5898511,45.9502805],[19.5886089,45.9496778],[19.5878166,45.9493022],[19.587627,45.9492115],[19.5874107,45.9491253],[19.5872633,45.9490707],[19.5870924,45.9490194],[19.5869492,45.948984],[19.5867124,45.9489333],[19.5864765,45.9488844],[19.5863391,45.9488636],[19.5860361,45.9488283],[19.5858147,45.9488102],[19.5855875,45.9488061],[19.5853353,45.9488117],[19.5850212,45.9488316],[19.5847268,45.94886],[19.5805285,45.9492411],[19.5797052,45.9492645],[19.5794706,45.9492656],[19.5792784,45.9492645]]},"properties":{"category":"road","class":"tertiary","name":"","osmType":"way","osmId":1361668801}},{"type":"Feature","geometry":{"type":"LineString","coordinates":[[19.6329334,46.0805483],[19.6340457,46.0813354],[19.6340706,46.081353],[19.6340892,46.0813661],[19.6341902,46.0814376],[19.6342462,46.0814788]]},"properties":{"category":"road","class":"secondary","name":"Фрање Клуза","osmType":"way","osmId":1370304269}},{"type":"Feature","geometry":{"type":"LineString","coordinates":[[19.6301836,46.0785821],[19.6304028,46.0787398],[19.6305694,46.0788595],[19.6305985,46.0788804],[19.6306301,46.0789031],[19.6307481,46.078988]]},"properties":{"category":"road","class":"secondary","name":"Фрање Клуза","osmType":"way","osmId":1370304270}},{"type":"Feature","geometry":{"type":"LineString","coordinates":[[19.6299892,46.0784424],[19.6301836,46.0785821]]},"properties":{"category":"road","class":"secondary","name":"Фрање Клуза","osmType":"way","osmId":1370304271}},{"type":"Feature","geometry":{"type":"LineString","coordinates":[[19.6296764,46.0782175],[19.6299892,46.0784424]]},"properties":{"category":"road","class":"secondary","name":"Фрање Клуза","osmType":"way","osmId":1370304272}},{"type":"Feature","geometry":{"type":"LineString","coordinates":[[19.6282658,46.0772034],[19.6296764,46.0782175]]},"properties":{"category":"road","class":"secondary","name":"Фрање Клуза","osmType":"way","osmId":1370304273}},{"type":"Feature","geometry":{"type":"LineString","coordinates":[[19.6270874,46.0763621],[19.6273354,46.0765379],[19.6275344,46.076679],[19.6277996,46.076867],[19.6279883,46.0770039],[19.6282658,46.0772034]]},"properties":{"category":"road","class":"secondary","name":"Фрање Клуза","osmType":"way","osmId":1370304274}},{"type":"Feature","geometry":{"type":"LineString","coordinates":[[19.623331,46.0736668],[19.623338,46.0736718],[19.6238651,46.0740499],[19.6255245,46.0752538],[19.6270874,46.0763621]]},"properties":{"category":"road","class":"secondary","name":"Фрање Клуза","osmType":"way","osmId":1370304275}},{"type":"Feature","geometry":{"type":"LineString","coordinates":[[19.6229772,46.073413],[19.623331,46.0736668]]},"properties":{"category":"road","class":"secondary","name":"Фрање Клуза","osmType":"way","osmId":1370304276}},{"type":"Feature","geometry":{"type":"LineString","coordinates":[[19.6216614,46.0725001],[19.6229772,46.073413]]},"properties":{"category":"road","class":"secondary","name":"","osmType":"way","osmId":1370304277}},{"type":"Feature","geometry":{"type":"LineString","coordinates":[[19.621066,46.072087],[19.6214898,46.072381],[19.6216614,46.0725001]]},"properties":{"category":"road","class":"secondary","name":"","osmType":"way","osmId":1370304278}},{"type":"Feature","geometry":{"type":"LineString","coordinates":[[19.618592,46.0703178],[19.6192539,46.0708014],[19.6195667,46.0710299]]},"properties":{"category":"road","class":"primary","name":"","ref":"12","osmType":"way","osmId":1370304279}},{"type":"Feature","geometry":{"type":"LineString","coordinates":[[19.6125523,46.0659565],[19.6135529,46.0666644]]},"properties":{"category":"road","class":"primary","name":"","ref":"12","osmType":"way","osmId":1370304280}},{"type":"Feature","geometry":{"type":"LineString","coordinates":[[19.6120694,46.0656149],[19.6125523,46.0659565]]},"properties":{"category":"road","class":"primary","name":"","ref":"12","osmType":"way","osmId":1370304281}},{"type":"Feature","geometry":{"type":"LineString","coordinates":[[19.6104175,46.0644312],[19.6120694,46.0656149]]},"properties":{"category":"road","class":"primary","name":"","ref":"12","osmType":"way","osmId":1370304282}},{"type":"Feature","geometry":{"type":"LineString","coordinates":[[19.6078352,46.0626808],[19.6083248,46.0629885],[19.608707,46.0632288],[19.6090671,46.0634662],[19.6101233,46.0642195],[19.6104175,46.0644312]]},"properties":{"category":"road","class":"primary","name":"","ref":"12","osmType":"way","osmId":1370304283}},{"type":"Feature","geometry":{"type":"LineString","coordinates":[[19.5940499,46.0541799],[19.5945707,46.0544891],[19.5947892,46.0546172],[19.5950085,46.0547534]]},"properties":{"category":"road","class":"primary","name":"","ref":"12","osmType":"way","osmId":1370304284}},{"type":"Feature","geometry":{"type":"LineString","coordinates":[[19.5932891,46.0537284],[19.5935459,46.0538808],[19.593789,46.0540251],[19.5940499,46.0541799]]},"properties":{"category":"road","class":"primary","name":"","ref":"12","osmType":"way","osmId":1370304285}},{"type":"Feature","geometry":{"type":"LineString","coordinates":[[19.592465,46.0532384],[19.5926077,46.0533238],[19.5932891,46.0537284]]},"properties":{"category":"road","class":"primary","name":"","ref":"12","osmType":"way","osmId":1370304286}},{"type":"Feature","geometry":{"type":"LineString","coordinates":[[19.58971,46.0516033],[19.5910309,46.0523802],[19.592465,46.0532384]]},"properties":{"category":"road","class":"primary","name":"","ref":"12","osmType":"way","osmId":1370304287}},{"type":"Feature","geometry":{"type":"LineString","coordinates":[[19.5886262,46.0509659],[19.5896729,46.0515815],[19.58971,46.0516033]]},"properties":{"category":"road","class":"primary","name":"","ref":"12","osmType":"way","osmId":1370304288}},{"type":"Feature","geometry":{"type":"LineString","coordinates":[[19.5882419,46.0507399],[19.5886262,46.0509659]]},"properties":{"category":"road","class":"primary","name":"","ref":"12","osmType":"way","osmId":1370304289}},{"type":"Feature","geometry":{"type":"LineString","coordinates":[[19.5868477,46.0499199],[19.5882419,46.0507399]]},"properties":{"category":"road","class":"primary","name":"","ref":"12","osmType":"way","osmId":1370304290}},{"type":"Feature","geometry":{"type":"LineString","coordinates":[[19.5840954,46.0482717],[19.5862776,46.0495846],[19.5868477,46.0499199]]},"properties":{"category":"road","class":"primary","name":"","ref":"12","osmType":"way","osmId":1370304291}},{"type":"Feature","geometry":{"type":"LineString","coordinates":[[19.5811905,46.0465181],[19.5818974,46.0469381],[19.5819466,46.0469678],[19.5833482,46.0478148],[19.5840871,46.0482666],[19.5840954,46.0482717]]},"properties":{"category":"road","class":"primary","name":"","ref":"12","osmType":"way","osmId":1370304292}},{"type":"Feature","geometry":{"type":"LineString","coordinates":[[19.5798941,46.0457479],[19.5811788,46.0465112],[19.5811905,46.0465181]]},"properties":{"category":"road","class":"primary","name":"","ref":"12","osmType":"way","osmId":1370304293}},{"type":"Feature","geometry":{"type":"LineString","coordinates":[[19.5744679,46.0425417],[19.5747125,46.0426834]]},"properties":{"category":"road","class":"primary","name":"Суботичка","ref":"12","osmType":"way","osmId":1370304294}},{"type":"Feature","geometry":{"type":"LineString","coordinates":[[19.5741185,46.0423392],[19.5744679,46.0425417]]},"properties":{"category":"road","class":"primary","name":"Суботичка","ref":"12","osmType":"way","osmId":1370304295}},{"type":"Feature","geometry":{"type":"LineString","coordinates":[[19.5737408,46.0421245],[19.5738515,46.0421874],[19.5741185,46.0423392]]},"properties":{"category":"road","class":"primary","name":"Суботичка","ref":"12","osmType":"way","osmId":1370304296}},{"type":"Feature","geometry":{"type":"LineString","coordinates":[[19.5718472,46.0410478],[19.5725014,46.0414197],[19.5731141,46.0417681],[19.5737408,46.0421245]]},"properties":{"category":"road","class":"primary","name":"Суботичка","ref":"12","osmType":"way","osmId":1370304297}},{"type":"Feature","geometry":{"type":"LineString","coordinates":[[19.5689372,46.0393231],[19.5709434,46.0405148],[19.5709538,46.040521]]},"properties":{"category":"road","class":"primary","name":"Суботичка","ref":"12","osmType":"way","osmId":1370304298}},{"type":"Feature","geometry":{"type":"LineString","coordinates":[[19.568661,46.039161],[19.5687103,46.0391883],[19.5689372,46.0393231]]},"properties":{"category":"road","class":"primary","name":"Суботичка","ref":"12","osmType":"way","osmId":1370304299}},{"type":"Feature","geometry":{"type":"LineString","coordinates":[[19.5674199,46.0384266],[19.5680707,46.0388107]]},"properties":{"category":"road","class":"primary","name":"Суботичка","ref":"12","osmType":"way","osmId":1370304300}},{"type":"Feature","geometry":{"type":"LineString","coordinates":[[19.565853,46.0375018],[19.5674145,46.0384234],[19.5674199,46.0384266]]},"properties":{"category":"road","class":"primary","name":"Суботичка","ref":"12","osmType":"way","osmId":1370304301}},{"type":"Feature","geometry":{"type":"LineString","coordinates":[[19.5651736,46.0371045],[19.5655045,46.0372962],[19.565853,46.0375018]]},"properties":{"category":"road","class":"primary","name":"Суботичка","ref":"12","osmType":"way","osmId":1370304302}},{"type":"Feature","geometry":{"type":"LineString","coordinates":[[19.5507664,46.0286042],[19.552131,46.0294102],[19.5524549,46.0296034]]},"properties":{"category":"road","class":"primary","name":"","ref":"12","osmType":"way","osmId":1370304303}},{"type":"Feature","geometry":{"type":"LineString","coordinates":[[19.5504258,46.028403],[19.5507664,46.0286042]]},"properties":{"category":"road","class":"primary","name":"","ref":"12","osmType":"way","osmId":1370304304}},{"type":"Feature","geometry":{"type":"LineString","coordinates":[[19.5487137,46.0273917],[19.5504258,46.028403]]},"properties":{"category":"road","class":"primary","name":"","ref":"12","osmType":"way","osmId":1370304305}},{"type":"Feature","geometry":{"type":"LineString","coordinates":[[19.5459465,46.0257588],[19.5460732,46.0258335],[19.5471245,46.026453],[19.5487137,46.0273917]]},"properties":{"category":"road","class":"primary","name":"","ref":"12","osmType":"way","osmId":1370304306}},{"type":"Feature","geometry":{"type":"LineString","coordinates":[[19.5449925,46.0251966],[19.5458383,46.025695],[19.5459465,46.0257588]]},"properties":{"category":"road","class":"primary","name":"","ref":"12","osmType":"way","osmId":1370304307}},{"type":"Feature","geometry":{"type":"LineString","coordinates":[[19.5443468,46.0248161],[19.5449925,46.0251966]]},"properties":{"category":"road","class":"primary","name":"","ref":"12","osmType":"way","osmId":1370304308}},{"type":"Feature","geometry":{"type":"LineString","coordinates":[[19.5436149,46.0243848],[19.5443468,46.0248161]]},"properties":{"category":"road","class":"primary","name":"","ref":"12","osmType":"way","osmId":1370304309}},{"type":"Feature","geometry":{"type":"LineString","coordinates":[[19.5429144,46.0239709],[19.5430178,46.0240324],[19.5431439,46.0241073],[19.5436149,46.0243848]]},"properties":{"category":"road","class":"primary","name":"","ref":"12","osmType":"way","osmId":1370304310}},{"type":"Feature","geometry":{"type":"LineString","coordinates":[[19.5383605,46.0212679],[19.5420624,46.0234648],[19.5429144,46.0239709]]},"properties":{"category":"road","class":"primary","name":"","ref":"12","osmType":"way","osmId":1370304311}},{"type":"Feature","geometry":{"type":"LineString","coordinates":[[19.5370903,46.0205141],[19.5383605,46.0212679]]},"properties":{"category":"road","class":"primary","name":"","ref":"12","osmType":"way","osmId":1370304312}},{"type":"Feature","geometry":{"type":"LineString","coordinates":[[19.5366877,46.0202752],[19.5370903,46.0205141]]},"properties":{"category":"road","class":"primary","name":"","ref":"12","osmType":"way","osmId":1370304313}},{"type":"Feature","geometry":{"type":"LineString","coordinates":[[19.5354128,46.0195181],[19.5363641,46.0200831],[19.5366877,46.0202752]]},"properties":{"category":"road","class":"primary","name":"","ref":"12","osmType":"way","osmId":1370304314}},{"type":"Feature","geometry":{"type":"LineString","coordinates":[[19.5326649,46.017886],[19.5334628,46.0183599],[19.5339839,46.0186694],[19.5354128,46.0195181]]},"properties":{"category":"road","class":"primary","name":"","ref":"12","osmType":"way","osmId":1370304315}},{"type":"Feature","geometry":{"type":"LineString","coordinates":[[19.5300477,46.0163154],[19.5301893,46.0164002],[19.5304392,46.0165463],[19.5305602,46.0166171],[19.530973,46.0168736],[19.5310449,46.0169183],[19.5313086,46.0170827],[19.531455,46.0171674],[19.5326521,46.0178784],[19.5326649,46.017886]]},"properties":{"category":"road","class":"primary","name":"","ref":"12","osmType":"way","osmId":1370304316}},{"type":"Feature","geometry":{"type":"LineString","coordinates":[[19.5298191,46.0161785],[19.5300477,46.0163154]]},"properties":{"category":"road","class":"primary","name":"","ref":"12","osmType":"way","osmId":1370304317}},{"type":"Feature","geometry":{"type":"LineString","coordinates":[[19.5251736,46.0134026],[19.5280039,46.0150994],[19.5282962,46.0152746]]},"properties":{"category":"road","class":"primary","name":"","ref":"12","osmType":"way","osmId":1370304318}},{"type":"Feature","geometry":{"type":"LineString","coordinates":[[19.5234186,46.0123558],[19.5251736,46.0134026]]},"properties":{"category":"road","class":"primary","name":"","ref":"12","osmType":"way","osmId":1370304319}},{"type":"Feature","geometry":{"type":"LineString","coordinates":[[19.5226771,46.0119135],[19.5234186,46.0123558]]},"properties":{"category":"road","class":"primary","name":"","ref":"12","osmType":"way","osmId":1370304320}},{"type":"Feature","geometry":{"type":"LineString","coordinates":[[19.5208392,46.0108173],[19.5226771,46.0119135]]},"properties":{"category":"road","class":"primary","name":"","ref":"12","osmType":"way","osmId":1370304321}},{"type":"Feature","geometry":{"type":"LineString","coordinates":[[19.5194545,46.0099913],[19.5208265,46.0108097],[19.5208392,46.0108173]]},"properties":{"category":"road","class":"primary","name":"","ref":"12","osmType":"way","osmId":1370304322}},{"type":"Feature","geometry":{"type":"LineString","coordinates":[[19.5177506,46.0089678],[19.5189502,46.0096905]]},"properties":{"category":"road","class":"primary","name":"","ref":"12","osmType":"way","osmId":1370304323}},{"type":"Feature","geometry":{"type":"LineString","coordinates":[[19.5159117,46.0078817],[19.5162306,46.0080717],[19.5177506,46.0089678]]},"properties":{"category":"road","class":"primary","name":"","ref":"12","osmType":"way","osmId":1370304324}},{"type":"Feature","geometry":{"type":"LineString","coordinates":[[19.5122493,46.0057375],[19.513622,46.0065372],[19.5140895,46.0068096]]},"properties":{"category":"road","class":"primary","name":"","ref":"12","osmType":"way","osmId":1370304325}},{"type":"Feature","geometry":{"type":"LineString","coordinates":[[19.5105979,46.0047442],[19.5122493,46.0057375]]},"properties":{"category":"road","class":"primary","name":"","ref":"12","osmType":"way","osmId":1370304326}},{"type":"Feature","geometry":{"type":"LineString","coordinates":[[19.5094419,46.0040709],[19.5098084,46.0042801],[19.5102992,46.0045686],[19.5105979,46.0047442]]},"properties":{"category":"road","class":"primary","name":"","ref":"12","osmType":"way","osmId":1370304327}},{"type":"Feature","geometry":{"type":"LineString","coordinates":[[19.5076662,46.0031328],[19.5088942,46.0037581],[19.5094419,46.0040709]]},"properties":{"category":"road","class":"primary","name":"","ref":"12","osmType":"way","osmId":1370304328}},{"type":"Feature","geometry":{"type":"LineString","coordinates":[[19.5056577,46.0021072],[19.5056833,46.0021201],[19.5056939,46.0021254],[19.5070096,46.0027875],[19.5076662,46.0031328]]},"properties":{"category":"road","class":"primary","name":"","ref":"12","osmType":"way","osmId":1370304329}},{"type":"Feature","geometry":{"type":"LineString","coordinates":[[19.5038537,46.001196],[19.504813,46.0016773],[19.5051913,46.0018671],[19.5054764,46.0020101]]},"properties":{"category":"road","class":"primary","name":"","ref":"12","osmType":"way","osmId":1370304330}},{"type":"Feature","geometry":{"type":"LineString","coordinates":[[19.5031424,46.0008391],[19.5038537,46.001196]]},"properties":{"category":"road","class":"primary","name":"","ref":"12","osmType":"way","osmId":1370304331}},{"type":"Feature","geometry":{"type":"LineString","coordinates":[[19.5024887,46.0005205],[19.5030745,46.000806]]},"properties":{"category":"road","class":"primary","name":"Мишићево салаши","ref":"12","osmType":"way","osmId":1370304332}},{"type":"Feature","geometry":{"type":"LineString","coordinates":[[19.4995141,45.9991168],[19.4995404,45.9991288],[19.4999887,45.9993345]]},"properties":{"category":"road","class":"primary","name":"Владе Ћетковића","ref":"12","osmType":"way","osmId":1370304333}},{"type":"Feature","geometry":{"type":"LineString","coordinates":[[19.4927819,45.9960312],[19.4934122,45.9963102],[19.4939985,45.9965874]]},"properties":{"category":"road","class":"primary","name":"Владе Ћетковића","osmType":"way","osmId":1370304334}},{"type":"Feature","geometry":{"type":"LineString","coordinates":[[19.4904981,45.9949709],[19.4921291,45.9957422],[19.4927819,45.9960312]]},"properties":{"category":"road","class":"primary","name":"Владе Ћетковића","osmType":"way","osmId":1370304335}},{"type":"Feature","geometry":{"type":"LineString","coordinates":[[19.4939985,45.9965874],[19.4943091,45.9967343],[19.4949457,45.9970241],[19.4967266,45.9978313]]},"properties":{"category":"road","class":"primary","name":"Владе Ћетковића","osmType":"way","osmId":1370304336}},{"type":"Feature","geometry":{"type":"LineString","coordinates":[[19.4874649,45.9935525],[19.4896224,45.9945586]]},"properties":{"category":"road","class":"primary","name":"Владе Ћетковића","osmType":"way","osmId":1370304337}},{"type":"Feature","geometry":{"type":"LineString","coordinates":[[19.4866337,45.9931656],[19.486889,45.993284],[19.4874649,45.9935525]]},"properties":{"category":"road","class":"primary","name":"Владе Ћетковића","osmType":"way","osmId":1370304338}},{"type":"Feature","geometry":{"type":"LineString","coordinates":[[19.4860154,45.992879],[19.4866242,45.9931612],[19.4866337,45.9931656]]},"properties":{"category":"road","class":"primary","name":"Владе Ћетковића","osmType":"way","osmId":1370304339}},{"type":"Feature","geometry":{"type":"LineString","coordinates":[[19.4597661,45.9807208],[19.4599974,45.9808084],[19.4602042,45.9808957],[19.4607675,45.9811593],[19.4615515,45.9815136]]},"properties":{"category":"road","class":"primary","name":"","ref":"12","osmType":"way","osmId":1370304340}},{"type":"Feature","geometry":{"type":"LineString","coordinates":[[19.4574385,45.9800472],[19.4593028,45.9805744],[19.4595404,45.9806449],[19.4597661,45.9807208]]},"properties":{"category":"road","class":"primary","name":"","ref":"12","osmType":"way","osmId":1370304341}},{"type":"Feature","geometry":{"type":"LineString","coordinates":[[19.457046,45.9799412],[19.4574385,45.9800472]]},"properties":{"category":"road","class":"primary","name":"","ref":"12","osmType":"way","osmId":1370304342}},{"type":"Feature","geometry":{"type":"LineString","coordinates":[[19.454798,45.9793377],[19.4550946,45.9794287],[19.4568895,45.979899],[19.457046,45.9799412]]},"properties":{"category":"road","class":"primary","name":"","ref":"12","osmType":"way","osmId":1370304343}},{"type":"Feature","geometry":{"type":"LineString","coordinates":[[19.452957,45.9784466],[19.4540257,45.9789933],[19.4542725,45.9791174],[19.4545316,45.9792364],[19.454798,45.9793377]]},"properties":{"category":"road","class":"primary","name":"","ref":"12","osmType":"way","osmId":1370304344}},{"type":"Feature","geometry":{"type":"LineString","coordinates":[[19.4508892,45.9773942],[19.4510056,45.9774474],[19.4514226,45.9776616],[19.4525603,45.9782436],[19.452957,45.9784466]]},"properties":{"category":"road","class":"primary","name":"","ref":"12","osmType":"way","osmId":1370304345}},{"type":"Feature","geometry":{"type":"LineString","coordinates":[[19.4488597,45.9763766],[19.4496998,45.9767978],[19.4508892,45.9773942]]},"properties":{"category":"road","class":"primary","name":"Суботичка","ref":"12","osmType":"way","osmId":1370304346}},{"type":"Feature","geometry":{"type":"LineString","coordinates":[[19.4417728,45.9728854],[19.442114,45.9730551],[19.4423913,45.9731864]]},"properties":{"category":"road","class":"primary","name":"Суботичка","ref":"12","osmType":"way","osmId":1370304347}},{"type":"Feature","geometry":{"type":"LineString","coordinates":[[19.4412924,45.9726464],[19.4417728,45.9728854]]},"properties":{"category":"road","class":"primary","name":"Суботичка","ref":"12","osmType":"way","osmId":1370304348}},{"type":"Feature","geometry":{"type":"LineString","coordinates":[[19.4406347,45.9723185],[19.4409869,45.9724945],[19.4412924,45.9726464]]},"properties":{"category":"road","class":"primary","name":"Суботичка","ref":"12","osmType":"way","osmId":1370304349}},{"type":"Feature","geometry":{"type":"LineString","coordinates":[[19.4392484,45.9716081],[19.4403598,45.9721812],[19.4406347,45.9723185]]},"properties":{"category":"road","class":"primary","name":"Суботичка","ref":"12","osmType":"way","osmId":1370304350}},{"type":"Feature","geometry":{"type":"LineString","coordinates":[[19.4423913,45.9731864],[19.4431582,45.9735493],[19.4445875,45.9742388],[19.4458522,45.9748678],[19.4463897,45.9751342],[19.4475686,45.9757292],[19.4488506,45.976372],[19.4488597,45.9763766]]},"properties":{"category":"road","class":"primary","name":"Суботичка","ref":"12","osmType":"way","osmId":1370304351}},{"type":"Feature","geometry":{"type":"LineString","coordinates":[[19.4330077,45.9689384],[19.4334917,45.9690939],[19.4336628,45.9691488]]},"properties":{"category":"road","class":"primary","name":"Трумбићева","ref":"12","osmType":"way","osmId":1370304352}},{"type":"Feature","geometry":{"type":"LineString","coordinates":[[19.4322766,45.9687612],[19.4325107,45.9688108],[19.4327523,45.9688699],[19.4330077,45.9689384]]},"properties":{"category":"road","class":"primary","name":"Моше Пијаде","ref":"12","osmType":"way","osmId":1370304353}},{"type":"Feature","geometry":{"type":"LineString","coordinates":[[19.4307747,45.9684996],[19.4319583,45.9687042],[19.4322766,45.9687612]]},"properties":{"category":"road","class":"primary","name":"Моше Пијаде","ref":"12","osmType":"way","osmId":1370304354}},{"type":"Feature","geometry":{"type":"LineString","coordinates":[[19.42969,45.9683107],[19.4302762,45.9684194],[19.4307747,45.9684996]]},"properties":{"category":"road","class":"primary","name":"Моше Пијаде","ref":"12","osmType":"way","osmId":1370304355}},{"type":"Feature","geometry":{"type":"LineString","coordinates":[[19.4257222,45.9674029],[19.4258127,45.9674438],[19.4260146,45.9675284],[19.4262014,45.9675954],[19.4263668,45.967647],[19.426598,45.9677038],[19.4283711,45.9680893],[19.42969,45.9683107]]},"properties":{"category":"road","class":"primary","name":"Моше Пијаде","ref":"12","osmType":"way","osmId":1370304356}},{"type":"Feature","geometry":{"type":"LineString","coordinates":[[19.4247205,45.9669806],[19.4247251,45.966982],[19.4248301,45.9670139],[19.4250174,45.9670811],[19.425085,45.9671086],[19.4251093,45.9671186],[19.4252034,45.9671569],[19.4252337,45.9671709],[19.4252874,45.9671956],[19.4253466,45.9672229],[19.4257222,45.9674029]]},"properties":{"category":"road","class":"primary","name":"Моше Пијаде","ref":"12","osmType":"way","osmId":1370304357}},{"type":"Feature","geometry":{"type":"LineString","coordinates":[[19.4169965,45.964168],[19.4171663,45.9642459],[19.4205286,45.9656587],[19.4216256,45.9661197],[19.4221933,45.9663584],[19.4222599,45.9663865]]},"properties":{"category":"road","class":"primary","name":"Штросмајерова","ref":"12","osmType":"way","osmId":1370304358}},{"type":"Feature","geometry":{"type":"LineString","coordinates":[[19.416509,45.9638747],[19.4166188,45.9639502],[19.4167178,45.9640174],[19.4168547,45.9640977],[19.4169965,45.964168]]},"properties":{"category":"road","class":"primary","name":"Штросмајерова","ref":"12","osmType":"way","osmId":1370304359}},{"type":"Feature","geometry":{"type":"LineString","coordinates":[[19.414339,45.96265],[19.4152652,45.9630803],[19.4154267,45.9631616]]},"properties":{"category":"road","class":"primary","name":"Сомборски пут","ref":"12","osmType":"way","osmId":1370304360}},{"type":"Feature","geometry":{"type":"LineString","coordinates":[[19.4136078,45.9623183],[19.4138949,45.9624499],[19.414339,45.96265]]},"properties":{"category":"road","class":"primary","name":"Сомборски пут","ref":"12","osmType":"way","osmId":1370304361}},{"type":"Feature","geometry":{"type":"LineString","coordinates":[[19.4114364,45.9613206],[19.4121564,45.961653],[19.4133035,45.9621788],[19.4136078,45.9623183]]},"properties":{"category":"road","class":"primary","name":"Сомборски пут","ref":"12","osmType":"way","osmId":1370304362}},{"type":"Feature","geometry":{"type":"LineString","coordinates":[[19.4105479,45.9609111],[19.4108658,45.9610587],[19.4110308,45.9611334],[19.4114364,45.9613206]]},"properties":{"category":"road","class":"primary","name":"Сомборски пут","ref":"12","osmType":"way","osmId":1370304363}},{"type":"Feature","geometry":{"type":"LineString","coordinates":[[19.4094486,45.9604284],[19.4097768,45.9605618],[19.4101851,45.9607427],[19.4105479,45.9609111]]},"properties":{"category":"road","class":"primary","name":"Сомборски пут","ref":"12","osmType":"way","osmId":1370304364}},{"type":"Feature","geometry":{"type":"LineString","coordinates":[[19.4154267,45.9631616],[19.4155406,45.9632245],[19.4156731,45.9633056],[19.4157803,45.9633785],[19.4164195,45.9638137],[19.4164378,45.9638262],[19.416451,45.9638352],[19.416509,45.9638747]]},"properties":{"category":"road","class":"primary","name":"Сомборски пут","ref":"12","osmType":"way","osmId":1370304365}},{"type":"Feature","geometry":{"type":"LineString","coordinates":[[19.4041075,45.9598351],[19.4046197,45.9597991]]},"properties":{"category":"road","class":"primary","name":"Сомборски пут","ref":"12","osmType":"way","osmId":1370304366}},{"type":"Feature","geometry":{"type":"LineString","coordinates":[[19.3972383,45.9602989],[19.3983661,45.9602316]]},"properties":{"category":"road","class":"primary","name":"Сомборски пут","ref":"12","osmType":"way","osmId":1370304367}},{"type":"Feature","geometry":{"type":"LineString","coordinates":[[19.3961832,45.9603647],[19.3970814,45.9603087],[19.3972383,45.9602989]]},"properties":{"category":"road","class":"primary","name":"Сомборски пут","ref":"12","osmType":"way","osmId":1370304368}},{"type":"Feature","geometry":{"type":"LineString","coordinates":[[19.394224,45.9591709],[19.3943709,45.9593447],[19.3947256,45.9598308]]},"properties":{"category":"road","class":"primary","name":"","ref":"12","osmType":"way","osmId":1370304369}},{"type":"Feature","geometry":{"type":"LineString","coordinates":[[19.391078,45.9571683],[19.3924374,45.9578217],[19.3926505,45.9579292],[19.392885,45.9580608]]},"properties":{"category":"road","class":"primary","name":"","ref":"12","osmType":"way","osmId":1370304370}},{"type":"Feature","geometry":{"type":"LineString","coordinates":[[19.382048,45.9527277],[19.3829422,45.9531697]]},"properties":{"category":"road","class":"primary","name":"","ref":"12","osmType":"way","osmId":1370304371}},{"type":"Feature","geometry":{"type":"LineString","coordinates":[[19.3810272,45.9522231],[19.382048,45.9527277]]},"properties":{"category":"road","class":"primary","name":"","ref":"12","osmType":"way","osmId":1370304372}},{"type":"Feature","geometry":{"type":"LineString","coordinates":[[19.3801899,45.9518091],[19.3810272,45.9522231]]},"properties":{"category":"road","class":"primary","name":"","ref":"12","osmType":"way","osmId":1370304373}},{"type":"Feature","geometry":{"type":"LineString","coordinates":[[19.3775287,45.9504936],[19.3801899,45.9518091]]},"properties":{"category":"road","class":"primary","name":"","ref":"12","osmType":"way","osmId":1370304374}},{"type":"Feature","geometry":{"type":"LineString","coordinates":[[19.6379776,46.0841518],[19.6386586,46.084634],[19.6387259,46.0846816],[19.6388801,46.0847908]]},"properties":{"category":"road","class":"secondary","name":"Фрање Клуза","osmType":"way","osmId":1370372203}},{"type":"Feature","geometry":{"type":"LineString","coordinates":[[19.6376304,46.083906],[19.6376861,46.0839454],[19.6379776,46.0841518]]},"properties":{"category":"road","class":"secondary","name":"Фрање Клуза","osmType":"way","osmId":1370372204}},{"type":"Feature","geometry":{"type":"LineString","coordinates":[[19.6367542,46.0832729],[19.6368284,46.0833265],[19.6368842,46.0833668],[19.6376304,46.083906]]},"properties":{"category":"road","class":"secondary","name":"Фрање Клуза","osmType":"way","osmId":1370372205}},{"type":"Feature","geometry":{"type":"LineString","coordinates":[[19.6359502,46.082692],[19.6361436,46.0828318],[19.6361778,46.0828565],[19.6362924,46.0829392],[19.6367542,46.0832729]]},"properties":{"category":"road","class":"secondary","name":"Фрање Клуза","osmType":"way","osmId":1370372206}},{"type":"Feature","geometry":{"type":"LineString","coordinates":[[19.6315867,46.0795913],[19.6323986,46.0801698],[19.6329334,46.0805483]]},"properties":{"category":"road","class":"secondary","name":"Фрање Клуза","osmType":"way","osmId":1370372207}},{"type":"Feature","geometry":{"type":"LineString","coordinates":[[19.6353049,46.0822326],[19.6359502,46.082692]]},"properties":{"category":"road","class":"secondary","name":"Фрање Клуза","osmType":"way","osmId":1370372208}},{"type":"Feature","geometry":{"type":"LineString","coordinates":[[19.6342462,46.0814788],[19.6353049,46.0822326]]},"properties":{"category":"road","class":"secondary","name":"Фрање Клуза","osmType":"way","osmId":1370372209}},{"type":"Feature","geometry":{"type":"LineString","coordinates":[[19.7856716,46.1034729],[19.7855312,46.103409],[19.7845967,46.1029832],[19.7839007,46.1026661]]},"properties":{"category":"road","class":"secondary","name":"Хоргошки пут","ref":"100","osmType":"way","osmId":1370379532}},{"type":"Feature","geometry":{"type":"LineString","coordinates":[[19.7895516,46.1050863],[19.7895025,46.1050679],[19.7890784,46.1049085],[19.7889387,46.104856],[19.7883691,46.1046355],[19.7875748,46.104328],[19.7875344,46.1043124],[19.7874986,46.1042985],[19.7874609,46.1042839],[19.7873977,46.1042594],[19.7869676,46.1040634],[19.7862896,46.1037545],[19.7856716,46.1034729]]},"properties":{"category":"road","class":"secondary","name":"Хоргошки пут","ref":"100","osmType":"way","osmId":1370379533}},{"type":"Feature","geometry":{"type":"LineString","coordinates":[[19.7562663,46.1025692],[19.7563282,46.1025616],[19.756542,46.1025421],[19.7572292,46.1024767],[19.7575135,46.1024589],[19.7577516,46.1024443],[19.7579213,46.1024339]]},"properties":{"category":"road","class":"secondary","name":"Хоргошки пут","ref":"100","osmType":"way","osmId":1370379534}},{"type":"Feature","geometry":{"type":"LineString","coordinates":[[19.755581,46.1026312],[19.7562663,46.1025692]]},"properties":{"category":"road","class":"secondary","name":"Хоргошки пут","ref":"100","osmType":"way","osmId":1370379535}},{"type":"Feature","geometry":{"type":"LineString","coordinates":[[19.7517748,46.102954],[19.7524471,46.1028951],[19.752468,46.1028948]]},"properties":{"category":"road","class":"secondary","name":"Хоргошки пут","ref":"100","osmType":"way","osmId":1370379536}},{"type":"Feature","geometry":{"type":"LineString","coordinates":[[19.7529325,46.1028625],[19.753463,46.1028167],[19.7535086,46.1028128],[19.7548006,46.1027019],[19.755581,46.1026312]]},"properties":{"category":"road","class":"secondary","name":"Хоргошки пут","ref":"100","osmType":"way","osmId":1370379537}},{"type":"Feature","geometry":{"type":"LineString","coordinates":[[19.7471223,46.1033648],[19.7480935,46.1032798]]},"properties":{"category":"road","class":"secondary","name":"Хоргошки пут","ref":"100","osmType":"way","osmId":1370379538}},{"type":"Feature","geometry":{"type":"LineString","coordinates":[[19.7412203,46.1038583],[19.741306,46.1038499],[19.7418017,46.1038016],[19.7419718,46.1037872],[19.7424819,46.103742],[19.7432038,46.103678],[19.7437356,46.1036415],[19.7439334,46.1036275],[19.7459678,46.1034657],[19.7462837,46.1034381],[19.7471223,46.1033648]]},"properties":{"category":"road","class":"secondary","name":"Хоргошки пут","ref":"100","osmType":"way","osmId":1370379539}},{"type":"Feature","geometry":{"type":"LineString","coordinates":[[19.7355031,46.1043622],[19.7392134,46.1040309]]},"properties":{"category":"road","class":"secondary","name":"Хоргошки пут","ref":"100","osmType":"way","osmId":1370379540}},{"type":"Feature","geometry":{"type":"LineString","coordinates":[[19.7354952,46.1044533],[19.7352482,46.1044755]]},"properties":{"category":"road","class":"secondary","name":"Хоргошки пут","ref":"100","osmType":"way","osmId":1370379541}},{"type":"Feature","geometry":{"type":"LineString","coordinates":[[19.7352482,46.1044755],[19.7349855,46.1045025]]},"properties":{"category":"road","class":"secondary","name":"Мира","ref":"100","osmType":"way","osmId":1370379542}},{"type":"Feature","geometry":{"type":"LineString","coordinates":[[19.7358931,46.1046526],[19.7354629,46.1045395],[19.7354137,46.1045266],[19.7352482,46.1044755]]},"properties":{"category":"road","class":"tertiary","name":"Дубровачка","osmType":"way","osmId":1370379543}},{"type":"Feature","geometry":{"type":"LineString","coordinates":[[19.7365337,46.1048082],[19.7358931,46.1046526]]},"properties":{"category":"road","class":"tertiary","name":"Дубровачка","osmType":"way","osmId":1370379544}},{"type":"Feature","geometry":{"type":"LineString","coordinates":[[19.7359857,46.1044093],[19.7354952,46.1044533]]},"properties":{"category":"road","class":"secondary","name":"Хоргошки пут","ref":"100","osmType":"way","osmId":1370379545}},{"type":"Feature","geometry":{"type":"LineString","coordinates":[[19.7363766,46.1043737],[19.7359857,46.1044093]]},"properties":{"category":"road","class":"secondary","name":"Хоргошки пут","ref":"100","osmType":"way","osmId":1370379546}},{"type":"Feature","geometry":{"type":"LineString","coordinates":[[19.7393637,46.1041182],[19.7386817,46.1041821]]},"properties":{"category":"road","class":"secondary","name":"Хоргошки пут","ref":"100","osmType":"way","osmId":1370379547}},{"type":"Feature","geometry":{"type":"LineString","coordinates":[[19.7411663,46.1039493],[19.7393637,46.1041182]]},"properties":{"category":"road","class":"secondary","name":"Хоргошки пут","ref":"100","osmType":"way","osmId":1370379548}},{"type":"Feature","geometry":{"type":"LineString","coordinates":[[19.7419308,46.1038812],[19.7413088,46.1039366],[19.7411663,46.1039493]]},"properties":{"category":"road","class":"secondary","name":"Хоргошки пут","ref":"100","osmType":"way","osmId":1370379549}},{"type":"Feature","geometry":{"type":"LineString","coordinates":[[19.7386817,46.1041821],[19.736852,46.1043304],[19.7363766,46.1043737]]},"properties":{"category":"road","class":"secondary","name":"Хоргошки пут","ref":"100","osmType":"way","osmId":1370379550}},{"type":"Feature","geometry":{"type":"LineString","coordinates":[[19.7397549,46.1039799],[19.740076,46.1039497],[19.7412203,46.1038583]]},"properties":{"category":"road","class":"secondary","name":"Хоргошки пут","ref":"100","osmType":"way","osmId":1370379551}},{"type":"Feature","geometry":{"type":"LineString","coordinates":[[19.7392134,46.1040309],[19.7397549,46.1039799]]},"properties":{"category":"road","class":"secondary","name":"Хоргошки пут","ref":"100","osmType":"way","osmId":1370379552}},{"type":"Feature","geometry":{"type":"LineString","coordinates":[[19.7351086,46.1043975],[19.7355031,46.1043622]]},"properties":{"category":"road","class":"secondary","name":"Хоргошки пут","ref":"100","osmType":"way","osmId":1370379553}},{"type":"Feature","geometry":{"type":"LineString","coordinates":[[19.7343405,46.1044637],[19.7351086,46.1043975]]},"properties":{"category":"road","class":"secondary","name":"Мира","ref":"100","osmType":"way","osmId":1370379554}},{"type":"Feature","geometry":{"type":"LineString","coordinates":[[19.7278672,46.1049805],[19.7283126,46.1049742],[19.7286746,46.1049594],[19.7289654,46.1049413]]},"properties":{"category":"road","class":"secondary","name":"Сегедински пут","ref":"100","osmType":"way","osmId":1370379555}},{"type":"Feature","geometry":{"type":"LineString","coordinates":[[19.725677,46.1048352],[19.7259624,46.1048705],[19.7261422,46.1048894]]},"properties":{"category":"road","class":"secondary","name":"Сегедински пут","ref":"100","osmType":"way","osmId":1370379556}},{"type":"Feature","geometry":{"type":"LineString","coordinates":[[19.7249792,46.1047602],[19.725677,46.1048352]]},"properties":{"category":"road","class":"secondary","name":"Сегедински пут","ref":"100","osmType":"way","osmId":1370379557}},{"type":"Feature","geometry":{"type":"LineString","coordinates":[[19.7178628,46.1039543],[19.7218621,46.1044099],[19.7249792,46.1047602]]},"properties":{"category":"road","class":"secondary","name":"Сегедински пут","ref":"100","osmType":"way","osmId":1370379558}},{"type":"Feature","geometry":{"type":"LineString","coordinates":[[19.7172784,46.103888],[19.7178628,46.1039543]]},"properties":{"category":"road","class":"secondary","name":"Сегедински пут","ref":"100","osmType":"way","osmId":1370379559}},{"type":"Feature","geometry":{"type":"LineString","coordinates":[[19.7152721,46.103662],[19.7153805,46.103674],[19.7158262,46.1037231]]},"properties":{"category":"road","class":"secondary","name":"Сегедински пут","ref":"100","osmType":"way","osmId":1370379560}},{"type":"Feature","geometry":{"type":"LineString","coordinates":[[19.7141366,46.1035368],[19.7147615,46.1036057]]},"properties":{"category":"road","class":"secondary","name":"Сегедински пут","ref":"100","osmType":"way","osmId":1370379561}},{"type":"Feature","geometry":{"type":"LineString","coordinates":[[19.7113692,46.1032315],[19.7125427,46.1033609],[19.7126939,46.1033776],[19.7133299,46.1034478],[19.7141366,46.1035368]]},"properties":{"category":"road","class":"secondary","name":"Сегедински пут","ref":"100","osmType":"way","osmId":1370379563}},{"type":"Feature","geometry":{"type":"LineString","coordinates":[[19.7107607,46.1031616],[19.7113692,46.1032315]]},"properties":{"category":"road","class":"secondary","name":"Сегедински пут","ref":"100","osmType":"way","osmId":1370379564}},{"type":"Feature","geometry":{"type":"LineString","coordinates":[[19.7033314,46.1023059],[19.7035706,46.1023338],[19.7036495,46.102343],[19.7043537,46.1024252]]},"properties":{"category":"road","class":"secondary","name":"Сегедински пут","ref":"100","osmType":"way","osmId":1370379565}},{"type":"Feature","geometry":{"type":"LineString","coordinates":[[19.7016447,46.1021091],[19.7018186,46.1021294],[19.7028857,46.1022539],[19.7033314,46.1023059]]},"properties":{"category":"road","class":"secondary","name":"Сегедински пут","ref":"100","osmType":"way","osmId":1370379566}},{"type":"Feature","geometry":{"type":"LineString","coordinates":[[19.703273,46.1023985],[19.7028351,46.1023493]]},"properties":{"category":"road","class":"secondary","name":"Сегедински пут","ref":"100","osmType":"way","osmId":1370379567}},{"type":"Feature","geometry":{"type":"LineString","coordinates":[[19.6870621,46.1001451],[19.6867988,46.1000952],[19.6863388,46.1000061]]},"properties":{"category":"road","class":"secondary","name":"Сегедински пут","ref":"100","osmType":"way","osmId":1370379568}},{"type":"Feature","geometry":{"type":"LineString","coordinates":[[19.6863388,46.1000061],[19.685927,46.0999263]]},"properties":{"category":"road","class":"secondary","name":"Сегедински пут","ref":"100","osmType":"way","osmId":1370379569}},{"type":"Feature","geometry":{"type":"LineString","coordinates":[[19.685927,46.0999263],[19.6852832,46.0997992],[19.6849775,46.0997583],[19.6845537,46.099736],[19.6838938,46.0997471]]},"properties":{"category":"road","class":"secondary","name":"Сегедински пут","ref":"100","osmType":"way","osmId":1370379570}},{"type":"Feature","geometry":{"type":"LineString","coordinates":[[19.6818502,46.0998549],[19.6813437,46.0998744]]},"properties":{"category":"road","class":"secondary","name":"Сегедински пут","ref":"100","osmType":"way","osmId":1370379571}},{"type":"Feature","geometry":{"type":"LineString","coordinates":[[19.6813437,46.0998744],[19.6811636,46.0998795],[19.6806239,46.0998998]]},"properties":{"category":"road","class":"secondary","name":"Сегедински пут","ref":"100","osmType":"way","osmId":1370379572}},{"type":"Feature","geometry":{"type":"LineString","coordinates":[[19.3807719,46.035201],[19.3808098,46.0350851],[19.3808343,46.0350068],[19.3808576,46.0349374]]},"properties":{"category":"road","class":"secondary","name":"","ref":"105","osmType":"way","osmId":1378864688}},{"type":"Feature","geometry":{"type":"LineString","coordinates":[[19.3808576,46.0349374],[19.3809249,46.0348129],[19.3809802,46.0346921]]},"properties":{"category":"road","class":"secondary","name":"","ref":"105","osmType":"way","osmId":1378864689}},{"type":"Feature","geometry":{"type":"LineString","coordinates":[[19.3809134,46.0349499],[19.3809125,46.0349522],[19.3808635,46.0350607],[19.3807719,46.035201]]},"properties":{"category":"road","class":"secondary","name":"","ref":"105","osmType":"way","osmId":1378864690}},{"type":"Feature","geometry":{"type":"LineString","coordinates":[[19.381029,46.034703],[19.3809744,46.0348214],[19.3809396,46.0348971],[19.3809134,46.0349499]]},"properties":{"category":"road","class":"secondary","name":"","ref":"105","osmType":"way","osmId":1378864691}},{"type":"Feature","geometry":{"type":"LineString","coordinates":[[19.8386703,46.1126084],[19.8387821,46.1126606]]},"properties":{"category":"road","class":"secondary","name":"","ref":"101","osmType":"way","osmId":1385048133}},{"type":"Feature","geometry":{"type":"LineString","coordinates":[[19.832161,46.1114065],[19.8322274,46.1114227]]},"properties":{"category":"road","class":"secondary","name":"Бориса Кидрича","ref":"100","osmType":"way","osmId":1385048135}},{"type":"Feature","geometry":{"type":"LineString","coordinates":[[19.8324904,46.1114839],[19.8328711,46.1115743]]},"properties":{"category":"road","class":"secondary","name":"Сегедински пут","ref":"100","osmType":"way","osmId":1385048136}},{"type":"Feature","geometry":{"type":"LineString","coordinates":[[19.6663068,46.0392322],[19.6668107,46.0388727],[19.6669758,46.0387596],[19.6677599,46.0382248],[19.6677651,46.0382213]]},"properties":{"category":"road","class":"trunk","name":"Обилазница око Суботице","ref":"11","osmType":"way","osmId":1395562429}},{"type":"Feature","geometry":{"type":"LineString","coordinates":[[19.6792605,46.0342441],[19.6799925,46.0341429],[19.6811949,46.0339864],[19.6817467,46.0339046],[19.6822707,46.0338277]]},"properties":{"category":"road","class":"trunk","name":"Обилазница око Суботице","ref":"11","osmType":"way","osmId":1395562430}},{"type":"Feature","geometry":{"type":"LineString","coordinates":[[19.6707051,46.0855732],[19.670495,46.0857374],[19.6703557,46.0858463]]},"properties":{"category":"road","class":"secondary","name":"Београдски пут","osmType":"way","osmId":1395783368}},{"type":"Feature","geometry":{"type":"LineString","coordinates":[[19.6703557,46.0858463],[19.6703367,46.0858612],[19.6701963,46.0859711]]},"properties":{"category":"road","class":"secondary","name":"Београдски пут","osmType":"way","osmId":1395783369}},{"type":"Feature","geometry":{"type":"LineString","coordinates":[[19.6607525,46.0928776],[19.6605485,46.0930264]]},"properties":{"category":"road","class":"secondary","name":"Београдски пут","osmType":"way","osmId":1395783371}},{"type":"Feature","geometry":{"type":"LineString","coordinates":[[19.666803,46.0982732],[19.6669045,46.0983307],[19.6669761,46.0983661],[19.667354,46.0985531],[19.6675168,46.0986336]]},"properties":{"category":"road","class":"secondary","name":"Максима Горког","osmType":"way","osmId":1395783372}},{"type":"Feature","geometry":{"type":"LineString","coordinates":[[19.6663294,46.0980373],[19.6664745,46.0981096],[19.6665951,46.0981697],[19.666803,46.0982732]]},"properties":{"category":"road","class":"secondary","name":"Максима Горког","osmType":"way","osmId":1395783373}},{"type":"Feature","geometry":{"type":"LineString","coordinates":[[19.6613535,46.0959083],[19.6613772,46.0959335],[19.6617086,46.0962867]]},"properties":{"category":"road","class":"secondary","name":"Максима Горког","osmType":"way","osmId":1395783374}},{"type":"Feature","geometry":{"type":"LineString","coordinates":[[19.6606942,46.0951743],[19.6608384,46.0953349],[19.6608615,46.0953606],[19.6612572,46.0958011],[19.6613535,46.0959083]]},"properties":{"category":"road","class":"secondary","name":"Максима Горког","osmType":"way","osmId":1395783375}},{"type":"Feature","geometry":{"type":"LineString","coordinates":[[19.6593864,46.0955171],[19.6599819,46.0950373]]},"properties":{"category":"road","class":"secondary","name":"Загребачка","osmType":"way","osmId":1395783376}},{"type":"Feature","geometry":{"type":"LineString","coordinates":[[19.6599398,46.0943673],[19.6601436,46.0945827],[19.6603272,46.0947791]]},"properties":{"category":"road","class":"secondary","name":"Максима Горког","osmType":"way","osmId":1395783377}},{"type":"Feature","geometry":{"type":"LineString","coordinates":[[19.6605485,46.0930264],[19.6604258,46.0931231],[19.6602929,46.0932278],[19.6602442,46.0932709],[19.6601753,46.0933318]]},"properties":{"category":"road","class":"secondary","name":"Београдски пут","osmType":"way","osmId":1395783378}},{"type":"Feature","geometry":{"type":"LineString","coordinates":[[19.6612658,46.0925634],[19.6608614,46.0928104]]},"properties":{"category":"road","class":"secondary","name":"Београдски пут","osmType":"way","osmId":1395783379}},{"type":"Feature","geometry":{"type":"LineString","coordinates":[[19.6616324,46.0923394],[19.6615303,46.0924018],[19.6612658,46.0925634]]},"properties":{"category":"road","class":"secondary","name":"Београдски пут","osmType":"way","osmId":1395783380}},{"type":"Feature","geometry":{"type":"LineString","coordinates":[[19.6622962,46.0919282],[19.6620773,46.0920664],[19.6620135,46.0921067]]},"properties":{"category":"road","class":"secondary","name":"Београдски пут","osmType":"way","osmId":1395783381}},{"type":"Feature","geometry":{"type":"LineString","coordinates":[[19.6620135,46.0921067],[19.6616324,46.0923394]]},"properties":{"category":"road","class":"secondary","name":"Београдски пут","osmType":"way","osmId":1395783382}},{"type":"Feature","geometry":{"type":"LineString","coordinates":[[19.6625773,46.0917507],[19.6622962,46.0919282]]},"properties":{"category":"road","class":"secondary","name":"Београдски пут","osmType":"way","osmId":1395783383}},{"type":"Feature","geometry":{"type":"LineString","coordinates":[[19.6629937,46.0914878],[19.6625773,46.0917507]]},"properties":{"category":"road","class":"secondary","name":"Београдски пут","osmType":"way","osmId":1395783384}},{"type":"Feature","geometry":{"type":"LineString","coordinates":[[19.6633168,46.0912733],[19.6629937,46.0914878]]},"properties":{"category":"road","class":"secondary","name":"Београдски пут","osmType":"way","osmId":1395783385}},{"type":"Feature","geometry":{"type":"LineString","coordinates":[[19.6636275,46.0910671],[19.6633168,46.0912733]]},"properties":{"category":"road","class":"secondary","name":"Београдски пут","osmType":"way","osmId":1395783386}},{"type":"Feature","geometry":{"type":"LineString","coordinates":[[19.6640082,46.0908143],[19.6638827,46.0908976],[19.6636275,46.0910671]]},"properties":{"category":"road","class":"secondary","name":"Београдски пут","osmType":"way","osmId":1395783387}},{"type":"Feature","geometry":{"type":"LineString","coordinates":[[19.6644107,46.090539],[19.6640082,46.0908143]]},"properties":{"category":"road","class":"secondary","name":"Београдски пут","osmType":"way","osmId":1395783388}},{"type":"Feature","geometry":{"type":"LineString","coordinates":[[19.6645743,46.0904144],[19.6644107,46.090539]]},"properties":{"category":"road","class":"secondary","name":"Београдски пут","osmType":"way","osmId":1395783389}},{"type":"Feature","geometry":{"type":"LineString","coordinates":[[19.6652166,46.0899325],[19.665122,46.0900035],[19.6651079,46.090014],[19.664654,46.0903546],[19.6646351,46.0903688],[19.6645743,46.0904144]]},"properties":{"category":"road","class":"secondary","name":"Београдски пут","osmType":"way","osmId":1395783390}},{"type":"Feature","geometry":{"type":"LineString","coordinates":[[19.6659877,46.089357],[19.6658151,46.0894858],[19.6653792,46.0898112],[19.6653053,46.0898664],[19.6652901,46.0898777],[19.6652166,46.0899325]]},"properties":{"category":"road","class":"secondary","name":"Београдски пут","osmType":"way","osmId":1395783391}},{"type":"Feature","geometry":{"type":"LineString","coordinates":[[19.6665624,46.088928],[19.6665106,46.0889667],[19.6659923,46.0893535],[19.6659877,46.089357]]},"properties":{"category":"road","class":"secondary","name":"Београдски пут","osmType":"way","osmId":1395783392}},{"type":"Feature","geometry":{"type":"LineString","coordinates":[[19.6669864,46.0885788],[19.6665624,46.088928]]},"properties":{"category":"road","class":"secondary","name":"Београдски пут","osmType":"way","osmId":1395783393}},{"type":"Feature","geometry":{"type":"LineString","coordinates":[[19.6672267,46.0883936],[19.6669864,46.0885788]]},"properties":{"category":"road","class":"secondary","name":"Београдски пут","osmType":"way","osmId":1395783394}},{"type":"Feature","geometry":{"type":"LineString","coordinates":[[19.6679127,46.087836],[19.6677676,46.0879538],[19.6673028,46.0883312],[19.6672267,46.0883936]]},"properties":{"category":"road","class":"secondary","name":"Београдски пут","osmType":"way","osmId":1395783395}},{"type":"Feature","geometry":{"type":"LineString","coordinates":[[19.6682906,46.0875234],[19.6679683,46.08779],[19.6679127,46.087836]]},"properties":{"category":"road","class":"secondary","name":"Београдски пут","osmType":"way","osmId":1395783396}},{"type":"Feature","geometry":{"type":"LineString","coordinates":[[19.6691127,46.0868461],[19.6689717,46.0869608],[19.6689474,46.0869805],[19.6689173,46.087005],[19.6682906,46.0875234]]},"properties":{"category":"road","class":"secondary","name":"Београдски пут","osmType":"way","osmId":1395783397}},{"type":"Feature","geometry":{"type":"LineString","coordinates":[[19.6695939,46.0864576],[19.6694905,46.0865395],[19.6694606,46.0865632],[19.669434,46.0865849],[19.6691127,46.0868461]]},"properties":{"category":"road","class":"secondary","name":"Београдски пут","osmType":"way","osmId":1395783398}},{"type":"Feature","geometry":{"type":"LineString","coordinates":[[19.6698014,46.0862802],[19.6697832,46.0862958],[19.6697498,46.0863243],[19.6697074,46.0863605],[19.6696863,46.0863786],[19.6695939,46.0864576]]},"properties":{"category":"road","class":"secondary","name":"Београдски пут","osmType":"way","osmId":1395783399}},{"type":"Feature","geometry":{"type":"LineString","coordinates":[[19.6701963,46.0859711],[19.6698014,46.0862802]]},"properties":{"category":"road","class":"secondary","name":"Београдски пут","osmType":"way","osmId":1395783400}},{"type":"Feature","geometry":{"type":"LineString","coordinates":[[19.6811116,46.0656867],[19.6811154,46.0657102],[19.681122,46.0657506],[19.6811245,46.0657659]]},"properties":{"category":"road","class":"secondary","name":"Београдски пут","ref":"100","osmType":"way","osmId":1395783401}},{"type":"Feature","geometry":{"type":"LineString","coordinates":[[19.6811245,46.0657659],[19.6811245,46.0658327],[19.6811244,46.06592],[19.6811243,46.0660136]]},"properties":{"category":"road","class":"secondary","name":"Београдски пут","ref":"100","osmType":"way","osmId":1395783402}},{"type":"Feature","geometry":{"type":"LineString","coordinates":[[19.6810946,46.0656043],[19.6811116,46.0656867]]},"properties":{"category":"road","class":"secondary","name":"Београдски пут","ref":"100","osmType":"way","osmId":1395783403}},{"type":"Feature","geometry":{"type":"LineString","coordinates":[[19.6809038,46.0649878],[19.6809421,46.0650627],[19.6810033,46.0652336],[19.6810946,46.0656043]]},"properties":{"category":"road","class":"secondary","name":"Београдски пут","ref":"100","osmType":"way","osmId":1395783404}},{"type":"Feature","geometry":{"type":"LineString","coordinates":[[19.6803384,46.0643322],[19.6804492,46.0644271],[19.680578,46.0645501],[19.6806845,46.0646679]]},"properties":{"category":"road","class":"secondary","name":"Београдски пут","ref":"100","osmType":"way","osmId":1395783405}},{"type":"Feature","geometry":{"type":"LineString","coordinates":[[19.6789988,46.0635529],[19.6791034,46.0636066],[19.6795814,46.0638461]]},"properties":{"category":"road","class":"secondary","name":"Београдски пут","ref":"100","osmType":"way","osmId":1395783406}},{"type":"Feature","geometry":{"type":"LineString","coordinates":[[19.6787007,46.0634002],[19.6787046,46.0634022],[19.6789988,46.0635529]]},"properties":{"category":"road","class":"secondary","name":"Београдски пут","ref":"100","osmType":"way","osmId":1395783407}},{"type":"Feature","geometry":{"type":"LineString","coordinates":[[19.6743193,46.0611387],[19.6756064,46.0618044]]},"properties":{"category":"road","class":"secondary","name":"Београдски пут","ref":"100","osmType":"way","osmId":1395783408}},{"type":"Feature","geometry":{"type":"LineString","coordinates":[[19.6737176,46.0608275],[19.6743193,46.0611387]]},"properties":{"category":"road","class":"secondary","name":"Београдски пут","ref":"100","osmType":"way","osmId":1395783409}},{"type":"Feature","geometry":{"type":"LineString","coordinates":[[19.6756064,46.0618044],[19.6758904,46.0619513],[19.6777525,46.0629144],[19.6785027,46.0632988],[19.6785858,46.0633413],[19.6787007,46.0634002]]},"properties":{"category":"road","class":"secondary","name":"Београдски пут","ref":"100","osmType":"way","osmId":1395783410}},{"type":"Feature","geometry":{"type":"LineString","coordinates":[[19.6723222,46.0595196],[19.6723676,46.0596106],[19.6724733,46.059769]]},"properties":{"category":"road","class":"secondary","name":"Београдски пут","ref":"100","osmType":"way","osmId":1395783411}},{"type":"Feature","geometry":{"type":"LineString","coordinates":[[19.6720769,46.0589078],[19.6721437,46.0590936]]},"properties":{"category":"road","class":"secondary","name":"Београдски пут","ref":"100","osmType":"way","osmId":1395783412}},{"type":"Feature","geometry":{"type":"LineString","coordinates":[[19.6724689,46.0600894],[19.672424,46.06],[19.6723858,46.0598902],[19.6723375,46.0597492],[19.6723194,46.0596701],[19.6723073,46.0596106],[19.6723222,46.0595196]]},"properties":{"category":"road","class":"tertiary","name":"","osmType":"way","osmId":1395783413}},{"type":"Feature","geometry":{"type":"LineString","coordinates":[[19.6724733,46.059769],[19.6724521,46.0598469],[19.6724488,46.0599037],[19.6724535,46.0599768],[19.6724689,46.0600894]]},"properties":{"category":"road","class":"tertiary","name":"Старине Новака","osmType":"way","osmId":1395783414}},{"type":"Feature","geometry":{"type":"LineString","coordinates":[[19.6721437,46.0590936],[19.6722013,46.0592383],[19.6722575,46.0593739]]},"properties":{"category":"road","class":"secondary","name":"Београдски пут","ref":"100","osmType":"way","osmId":1395783415}},{"type":"Feature","geometry":{"type":"LineString","coordinates":[[19.6722575,46.0593739],[19.6723019,46.0594789],[19.6723222,46.0595196]]},"properties":{"category":"road","class":"secondary","name":"Београдски пут","ref":"100","osmType":"way","osmId":1395783416}},{"type":"Feature","geometry":{"type":"LineString","coordinates":[[19.6718931,46.0583737],[19.6720471,46.0588251],[19.6720769,46.0589078]]},"properties":{"category":"road","class":"secondary","name":"Београдски пут","ref":"100","osmType":"way","osmId":1395783417}},{"type":"Feature","geometry":{"type":"LineString","coordinates":[[19.6717833,46.0580849],[19.6718293,46.0582059],[19.6718931,46.0583737]]},"properties":{"category":"road","class":"secondary","name":"Београдски пут","ref":"100","osmType":"way","osmId":1395783418}},{"type":"Feature","geometry":{"type":"LineString","coordinates":[[19.6712049,46.0565451],[19.6712068,46.0565502],[19.6713664,46.0569885],[19.6714758,46.0572762],[19.6717833,46.0580849]]},"properties":{"category":"road","class":"secondary","name":"Београдски пут","ref":"100","osmType":"way","osmId":1395783419}},{"type":"Feature","geometry":{"type":"LineString","coordinates":[[19.6707992,46.055436],[19.6709013,46.0557114],[19.6712049,46.0565451]]},"properties":{"category":"road","class":"secondary","name":"Београдски пут","ref":"100","osmType":"way","osmId":1395783420}},{"type":"Feature","geometry":{"type":"LineString","coordinates":[[19.6705184,46.0546779],[19.6707992,46.055436]]},"properties":{"category":"road","class":"secondary","name":"Београдски пут","ref":"100","osmType":"way","osmId":1395783421}},{"type":"Feature","geometry":{"type":"LineString","coordinates":[[19.6701505,46.0536834],[19.6701985,46.0538131],[19.6703151,46.0541283],[19.6705184,46.0546779]]},"properties":{"category":"road","class":"secondary","name":"Београдски пут","ref":"100","osmType":"way","osmId":1395783422}},{"type":"Feature","geometry":{"type":"LineString","coordinates":[[19.6662749,46.0432324],[19.666276,46.0432354],[19.6664714,46.0437427],[19.6668593,46.0447744]]},"properties":{"category":"road","class":"secondary","name":"Београдски пут","ref":"100","osmType":"way","osmId":1395783423}},{"type":"Feature","geometry":{"type":"LineString","coordinates":[[19.6658029,46.041979],[19.6659817,46.042432],[19.6660943,46.0427394],[19.6662749,46.0432324]]},"properties":{"category":"road","class":"secondary","name":"Београдски пут","ref":"100","osmType":"way","osmId":1395783424}},{"type":"Feature","geometry":{"type":"LineString","coordinates":[[19.6910165,46.0895792],[19.6909724,46.0895777],[19.6909301,46.0895689],[19.690892,46.0895534],[19.6908604,46.089532]]},"properties":{"category":"road","class":"secondary","name":"","ref":"300","osmType":"way","osmId":1395833857}},{"type":"Feature","geometry":{"type":"LineString","coordinates":[[19.6911238,46.0895485],[19.6910737,46.0895699],[19.6910165,46.0895792]]},"properties":{"category":"road","class":"secondary","name":"","ref":"300","osmType":"way","osmId":1395833858}},{"type":"Feature","geometry":{"type":"LineString","coordinates":[[19.6908604,46.089532],[19.6908307,46.0894954],[19.6908199,46.0894541]]},"properties":{"category":"road","class":"secondary","name":"","ref":"300","osmType":"way","osmId":1395833859}},{"type":"Feature","geometry":{"type":"LineString","coordinates":[[19.6780146,46.0854766],[19.6781207,46.085515],[19.6782395,46.0855574],[19.6789879,46.0858246]]},"properties":{"category":"road","class":"secondary","name":"Бајнатска","ref":"100","osmType":"way","osmId":1395833861}},{"type":"Feature","geometry":{"type":"LineString","coordinates":[[19.8968728,46.1244487],[19.8966896,46.1243036],[19.8958014,46.1236004],[19.8956385,46.1234746],[19.8946727,46.1227291]]},"properties":{"category":"road","class":"secondary","name":"Сегедински пут","ref":"100","osmType":"way","osmId":1396041868}},{"type":"Feature","geometry":{"type":"LineString","coordinates":[[19.8935376,46.1218537],[19.8946727,46.1227291]]},"properties":{"category":"road","class":"secondary","name":"Сегедински пут","ref":"100","osmType":"way","osmId":1396041869}},{"type":"Feature","geometry":{"type":"LineString","coordinates":[[19.8925498,46.121057],[19.892562,46.1210675],[19.8927729,46.1212489],[19.8930675,46.1214912],[19.8935376,46.1218537]]},"properties":{"category":"road","class":"secondary","name":"Сегедински пут","ref":"100","osmType":"way","osmId":1396041870}},{"type":"Feature","geometry":{"type":"LineString","coordinates":[[19.8909694,46.1186382],[19.8910654,46.1188377],[19.8914406,46.1196243],[19.8914834,46.1197137],[19.8915404,46.1198215],[19.8915894,46.1199062],[19.8916326,46.1199758]]},"properties":{"category":"road","class":"secondary","name":"Сегедински пут","ref":"100","osmType":"way","osmId":1396041871}},{"type":"Feature","geometry":{"type":"LineString","coordinates":[[19.887485,46.1114463],[19.8876206,46.1117282],[19.888355,46.1132248],[19.8884713,46.1134618],[19.8903679,46.1174418],[19.8905427,46.1177872],[19.8908943,46.118482],[19.8909694,46.1186382]]},"properties":{"category":"road","class":"secondary","name":"Сегедински пут","ref":"100","osmType":"way","osmId":1396041872}},{"type":"Feature","geometry":{"type":"LineString","coordinates":[[19.8869113,46.1102667],[19.8869865,46.1104097],[19.887485,46.1114463]]},"properties":{"category":"road","class":"secondary","name":"Сегедински пут","ref":"100","osmType":"way","osmId":1396041873}},{"type":"Feature","geometry":{"type":"LineString","coordinates":[[19.8865142,46.1096767],[19.8866373,46.1098488],[19.8867328,46.1099887],[19.8868304,46.1101342],[19.8869113,46.1102667]]},"properties":{"category":"road","class":"secondary","name":"Сегедински пут","ref":"100","osmType":"way","osmId":1396041874}},{"type":"Feature","geometry":{"type":"LineString","coordinates":[[19.8857405,46.1088454],[19.8862141,46.1093249],[19.8863156,46.1094342],[19.8864214,46.109558],[19.8865142,46.1096767]]},"properties":{"category":"road","class":"secondary","name":"Сегедински пут","ref":"100","osmType":"way","osmId":1396041875}},{"type":"Feature","geometry":{"type":"LineString","coordinates":[[19.8847852,46.1077971],[19.8849595,46.1079868],[19.8857405,46.1088454]]},"properties":{"category":"road","class":"secondary","name":"Сегедински пут","ref":"100","osmType":"way","osmId":1396041876}},{"type":"Feature","geometry":{"type":"LineString","coordinates":[[19.8847176,46.1071161],[19.8843757,46.1073685]]},"properties":{"category":"road","class":"tertiary","name":"Пут Малопијачки","osmType":"way","osmId":1396041877}},{"type":"Feature","geometry":{"type":"LineString","coordinates":[[19.8840803,46.1070715],[19.8843757,46.1073685]]},"properties":{"category":"road","class":"secondary","name":"Сегедински пут","ref":"100","osmType":"way","osmId":1396041878}},{"type":"Feature","geometry":{"type":"LineString","coordinates":[[19.8843757,46.1073685],[19.8844261,46.1074196],[19.8846028,46.1075985],[19.8847852,46.1077971]]},"properties":{"category":"road","class":"secondary","name":"Сегедински пут","ref":"100","osmType":"way","osmId":1396041879}},{"type":"Feature","geometry":{"type":"LineString","coordinates":[[19.8817851,46.1057631],[19.8827257,46.1061924],[19.8827788,46.1062166],[19.8829405,46.1062979],[19.8831135,46.1063881],[19.8832583,46.1064685],[19.8834261,46.10657],[19.8834539,46.1065868]]},"properties":{"category":"road","class":"secondary","name":"Сегедински пут","ref":"100","osmType":"way","osmId":1396041880}},{"type":"Feature","geometry":{"type":"LineString","coordinates":[[19.8809472,46.1053488],[19.8809898,46.1053721],[19.8810114,46.1053827],[19.8817851,46.1057631]]},"properties":{"category":"road","class":"secondary","name":"Сегедински пут","ref":"100","osmType":"way","osmId":1396041881}},{"type":"Feature","geometry":{"type":"LineString","coordinates":[[19.8802486,46.1049535],[19.8807982,46.1052625],[19.8808437,46.1052881]]},"properties":{"category":"road","class":"secondary","name":"Сегедински пут","ref":"100","osmType":"way","osmId":1396041882}},{"type":"Feature","geometry":{"type":"LineString","coordinates":[[19.8798413,46.1047328],[19.8802486,46.1049535]]},"properties":{"category":"road","class":"secondary","name":"Сегедински пут","ref":"100","osmType":"way","osmId":1396041883}},{"type":"Feature","geometry":{"type":"LineString","coordinates":[[19.8734866,46.1033109],[19.8749294,46.1032302],[19.875097,46.1032235],[19.8752633,46.1032206],[19.8754394,46.1032217]]},"properties":{"category":"road","class":"secondary","name":"Сегедински пут","ref":"100","osmType":"way","osmId":1396041884}},{"type":"Feature","geometry":{"type":"LineString","coordinates":[[19.8719629,46.1033864],[19.872163,46.1033784],[19.8734361,46.1033135],[19.8734866,46.1033109]]},"properties":{"category":"road","class":"secondary","name":"Сегедински пут","ref":"100","osmType":"way","osmId":1396041885}},{"type":"Feature","geometry":{"type":"LineString","coordinates":[[19.8703768,46.1033361],[19.8712696,46.1033808],[19.871507,46.1033885],[19.8717349,46.1033902],[19.8718825,46.1033877],[19.8719629,46.1033864]]},"properties":{"category":"road","class":"secondary","name":"Сегедински пут","ref":"100","osmType":"way","osmId":1396041886}},{"type":"Feature","geometry":{"type":"LineString","coordinates":[[19.8678849,46.103338],[19.8682147,46.1033312],[19.8691627,46.1032978]]},"properties":{"category":"road","class":"secondary","name":"Сегедински пут","ref":"100","osmType":"way","osmId":1396041887}},{"type":"Feature","geometry":{"type":"LineString","coordinates":[[19.8675496,46.1033484],[19.8677172,46.1033432]]},"properties":{"category":"road","class":"secondary","name":"Сегедински пут","ref":"100","osmType":"way","osmId":1396041889}},{"type":"Feature","geometry":{"type":"LineString","coordinates":[[19.8667552,46.1033691],[19.8675496,46.1033484]]},"properties":{"category":"road","class":"secondary","name":"Сегедински пут","ref":"100","osmType":"way","osmId":1396041890}},{"type":"Feature","geometry":{"type":"LineString","coordinates":[[19.8630554,46.1034654],[19.8653196,46.1034065],[19.8667552,46.1033691]]},"properties":{"category":"road","class":"secondary","name":"Сегедински пут","ref":"100","osmType":"way","osmId":1396041891}},{"type":"Feature","geometry":{"type":"LineString","coordinates":[[19.859621,46.1037683],[19.860872,46.103583],[19.8610799,46.1035576],[19.8612618,46.1035391],[19.8612715,46.1035381]]},"properties":{"category":"road","class":"secondary","name":"Сегедински пут","ref":"100","osmType":"way","osmId":1396041892}},{"type":"Feature","geometry":{"type":"LineString","coordinates":[[19.8569991,46.1040291],[19.8579403,46.1039584],[19.8581575,46.1039432],[19.8583602,46.1039255],[19.8585934,46.1039006],[19.859621,46.1037683]]},"properties":{"category":"road","class":"secondary","name":"Сегедински пут","ref":"100","osmType":"way","osmId":1396041893}},{"type":"Feature","geometry":{"type":"LineString","coordinates":[[19.8555439,46.1041546],[19.8558117,46.104117],[19.8561008,46.1040872],[19.8563786,46.1040687],[19.8566418,46.1040519],[19.8569991,46.1040291]]},"properties":{"category":"road","class":"secondary","name":"Сегедински пут","ref":"100","osmType":"way","osmId":1396041894}},{"type":"Feature","geometry":{"type":"LineString","coordinates":[[19.8537187,46.1045999],[19.8550106,46.1042592],[19.8552914,46.1041991],[19.8555439,46.1041546]]},"properties":{"category":"road","class":"secondary","name":"Сегедински пут","ref":"100","osmType":"way","osmId":1396041895}},{"type":"Feature","geometry":{"type":"LineString","coordinates":[[19.8481917,46.106226],[19.8511773,46.1053194],[19.8526835,46.1048639],[19.8530884,46.1047606],[19.8537187,46.1045999]]},"properties":{"category":"road","class":"secondary","name":"Сегедински пут","ref":"100","osmType":"way","osmId":1396041896}},{"type":"Feature","geometry":{"type":"LineString","coordinates":[[19.8465572,46.1067392],[19.846789,46.1066582],[19.8470734,46.1065769],[19.8481917,46.106226]]},"properties":{"category":"road","class":"secondary","name":"Сегедински пут","ref":"100","osmType":"way","osmId":1396041897}},{"type":"Feature","geometry":{"type":"LineString","coordinates":[[19.8457196,46.1071877],[19.8458866,46.1070791],[19.8460536,46.1069782],[19.8463206,46.1068382],[19.8465572,46.1067392]]},"properties":{"category":"road","class":"secondary","name":"Сегедински пут","ref":"100","osmType":"way","osmId":1396041898}},{"type":"Feature","geometry":{"type":"LineString","coordinates":[[19.8446766,46.1080567],[19.8454104,46.1074127],[19.8455217,46.1073286],[19.8457196,46.1071877]]},"properties":{"category":"road","class":"secondary","name":"Сегедински пут","ref":"100","osmType":"way","osmId":1396041899}},{"type":"Feature","geometry":{"type":"LineString","coordinates":[[19.8440097,46.1086197],[19.8443015,46.1083799],[19.8446766,46.1080567]]},"properties":{"category":"road","class":"secondary","name":"Сегедински пут","ref":"100","osmType":"way","osmId":1396041900}},{"type":"Feature","geometry":{"type":"LineString","coordinates":[[19.843188,46.109333],[19.8432076,46.1093139],[19.8433363,46.1091886],[19.8434698,46.1090636],[19.8440097,46.1086197]]},"properties":{"category":"road","class":"secondary","name":"Сегедински пут","ref":"100","osmType":"way","osmId":1396041901}},{"type":"Feature","geometry":{"type":"LineString","coordinates":[[19.8422558,46.1103639],[19.8427592,46.109802],[19.8428873,46.109659],[19.8430393,46.1094885],[19.843188,46.109333]]},"properties":{"category":"road","class":"secondary","name":"Сегедински пут","ref":"100","osmType":"way","osmId":1396041902}},{"type":"Feature","geometry":{"type":"LineString","coordinates":[[19.8412339,46.1115178],[19.8414135,46.1113357],[19.841786,46.1109069],[19.8422558,46.1103639]]},"properties":{"category":"road","class":"secondary","name":"Сегедински пут","ref":"100","osmType":"way","osmId":1396041903}},{"type":"Feature","geometry":{"type":"LineString","coordinates":[[19.8386703,46.1126084],[19.8388661,46.1125813],[19.8391092,46.1125381],[19.8393645,46.1124812],[19.8395486,46.1124351],[19.839753,46.1123685],[19.8400281,46.1122698],[19.8402615,46.112165],[19.840486,46.1120563],[19.8407195,46.1119162],[19.840995,46.1117163],[19.8412339,46.1115178]]},"properties":{"category":"road","class":"secondary","name":"Сегедински пут","ref":"100","osmType":"way","osmId":1396041904}},{"type":"Feature","geometry":{"type":"LineString","coordinates":[[19.83749,46.1126025],[19.8377054,46.1126188],[19.8378943,46.1126254],[19.8381228,46.1126278],[19.8383555,46.1126239],[19.8386703,46.1126084]]},"properties":{"category":"road","class":"secondary","name":"Сегедински пут","ref":"100","osmType":"way","osmId":1396041905}},{"type":"Feature","geometry":{"type":"LineString","coordinates":[[19.8328711,46.1115743],[19.8346108,46.1119755],[19.8358378,46.1122637]]},"properties":{"category":"road","class":"secondary","name":"Сегедински пут","ref":"100","osmType":"way","osmId":1396041906}},{"type":"Feature","geometry":{"type":"LineString","coordinates":[[19.82774,46.1108341],[19.8281139,46.1108732],[19.8281407,46.110876],[19.8281632,46.1108784],[19.8283985,46.110903],[19.8300317,46.1110782],[19.8301285,46.1110886],[19.8309774,46.1111695],[19.8311687,46.111191],[19.831365,46.1112214],[19.8315323,46.1112544],[19.8316957,46.1112931]]},"properties":{"category":"road","class":"secondary","name":"Бориса Кидрича","ref":"100","osmType":"way","osmId":1396041907}},{"type":"Feature","geometry":{"type":"LineString","coordinates":[[19.8210313,46.1101247],[19.8215958,46.1101896],[19.8218444,46.1102148],[19.8218779,46.1102182],[19.8219087,46.1102213],[19.8222273,46.1102537],[19.822393,46.1102706]]},"properties":{"category":"road","class":"secondary","name":"Бориса Кидрича","ref":"100","osmType":"way","osmId":1396041908}},{"type":"Feature","geometry":{"type":"LineString","coordinates":[[19.8166714,46.1096263],[19.8173234,46.1097038],[19.8186693,46.1098564],[19.8202232,46.1100317],[19.8210313,46.1101247]]},"properties":{"category":"road","class":"secondary","name":"Бориса Кидрича","ref":"100","osmType":"way","osmId":1396041909}},{"type":"Feature","geometry":{"type":"LineString","coordinates":[[19.8155203,46.1094895],[19.8158287,46.1095262],[19.8158608,46.10953],[19.8158982,46.1095344],[19.8166714,46.1096263]]},"properties":{"category":"road","class":"secondary","name":"Бориса Кидрича","ref":"100","osmType":"way","osmId":1396041910}},{"type":"Feature","geometry":{"type":"LineString","coordinates":[[19.8141857,46.1093347],[19.8144074,46.1093602],[19.8145202,46.1093733],[19.8150859,46.1094385],[19.8152762,46.1094605],[19.8155203,46.1094895]]},"properties":{"category":"road","class":"secondary","name":"Бориса Кидрича","ref":"100","osmType":"way","osmId":1396041911}},{"type":"Feature","geometry":{"type":"LineString","coordinates":[[19.8117681,46.1090428],[19.8119806,46.1090631],[19.8125674,46.1091347],[19.8131598,46.1092126],[19.8131798,46.1092153],[19.813196,46.1092174],[19.8133807,46.1092417],[19.8136757,46.1092758],[19.8137607,46.1092856],[19.8138802,46.1092994],[19.8141857,46.1093347]]},"properties":{"category":"road","class":"secondary","name":"Бориса Кидрича","ref":"100","osmType":"way","osmId":1396041912}},{"type":"Feature","geometry":{"type":"LineString","coordinates":[[19.8114088,46.1090125],[19.8117681,46.1090428]]},"properties":{"category":"road","class":"secondary","name":"Бориса Кидрича","ref":"100","osmType":"way","osmId":1396041913}},{"type":"Feature","geometry":{"type":"LineString","coordinates":[[19.8104803,46.1089496],[19.8109304,46.1089826],[19.8114088,46.1090125]]},"properties":{"category":"road","class":"secondary","name":"Бориса Кидрича","ref":"100","osmType":"way","osmId":1396041914}},{"type":"Feature","geometry":{"type":"LineString","coordinates":[[19.8099299,46.1089054],[19.8104803,46.1089496]]},"properties":{"category":"road","class":"secondary","name":"Бориса Кидрича","ref":"100","osmType":"way","osmId":1396041915}},{"type":"Feature","geometry":{"type":"LineString","coordinates":[[19.8093809,46.1088596],[19.8099299,46.1089054]]},"properties":{"category":"road","class":"secondary","name":"Хоргошки пут","ref":"100","osmType":"way","osmId":1396041916}},{"type":"Feature","geometry":{"type":"LineString","coordinates":[[19.8086767,46.1087983],[19.8090041,46.1088282],[19.8093809,46.1088596]]},"properties":{"category":"road","class":"secondary","name":"Хоргошки пут","ref":"100","osmType":"way","osmId":1396041917}},{"type":"Feature","geometry":{"type":"LineString","coordinates":[[19.8074754,46.1086777],[19.8079933,46.1087358],[19.8086767,46.1087983]]},"properties":{"category":"road","class":"secondary","name":"Хоргошки пут","ref":"100","osmType":"way","osmId":1396041918}},{"type":"Feature","geometry":{"type":"LineString","coordinates":[[19.8022578,46.1079777],[19.8035965,46.1081527],[19.8061605,46.1085048],[19.8074707,46.1086771],[19.8074754,46.1086777]]},"properties":{"category":"road","class":"secondary","name":"Хоргошки пут","ref":"100","osmType":"way","osmId":1396041919}},{"type":"Feature","geometry":{"type":"LineString","coordinates":[[19.7016769,46.1019692],[19.7016447,46.1021091]]},"properties":{"category":"road","class":"tertiary","name":"","osmType":"way","osmId":1396204151}},{"type":"Feature","geometry":{"type":"LineString","coordinates":[[19.7525891,46.1028858],[19.752733,46.102876],[19.7528972,46.1028662],[19.7529325,46.1028625]]},"properties":{"category":"road","class":"secondary","name":"Хоргошки пут","ref":"100","osmType":"way","osmId":1396213899}},{"type":"Feature","geometry":{"type":"LineString","coordinates":[[19.752468,46.1028948],[19.7525891,46.1028858]]},"properties":{"category":"road","class":"secondary","name":"Хоргошки пут","ref":"100","osmType":"way","osmId":1409164638}},{"type":"Feature","geometry":{"type":"LineString","coordinates":[[19.7959243,46.1066824],[19.7961777,46.1067298],[19.7964433,46.1068079],[19.7967397,46.1069195],[19.797028,46.1070571],[19.7973251,46.1071849],[19.7976648,46.1073114],[19.7979346,46.1073861],[19.7982618,46.1074491],[19.7995448,46.1076175]]},"properties":{"category":"road","class":"secondary","name":"Хоргошки пут","ref":"100","osmType":"way","osmId":1413605192}},{"type":"Feature","geometry":{"type":"LineString","coordinates":[[19.7925353,46.1062017],[19.7916126,46.1058725]]},"properties":{"category":"road","class":"secondary","name":"","ref":"100","osmType":"way","osmId":1413605193}},{"type":"Feature","geometry":{"type":"LineString","coordinates":[[19.8528573,46.126575],[19.8528931,46.1265982]]},"properties":{"category":"road","class":"secondary","name":"Гробљанска","ref":"101","osmType":"way","osmId":1413605194}},{"type":"Feature","geometry":{"type":"LineString","coordinates":[[19.6934072,46.0843287],[19.69341,46.0843218]]},"properties":{"category":"road","class":"secondary","name":"","ref":"300","osmType":"way","osmId":1418975583}},{"type":"Feature","geometry":{"type":"LineString","coordinates":[[19.75271,46.1029461],[19.7525959,46.1029514]]},"properties":{"category":"road","class":"secondary","name":"Хоргошки пут","ref":"100","osmType":"way","osmId":1432210819}},{"type":"Feature","geometry":{"type":"LineString","coordinates":[[19.7579213,46.1024339],[19.7575269,46.1025084],[19.7568323,46.1026087],[19.7563184,46.102659],[19.7547996,46.1027927],[19.7547647,46.1027954],[19.7530356,46.1029227],[19.7529409,46.102929],[19.75271,46.1029461]]},"properties":{"category":"road","class":"secondary","name":"Хоргошки пут","ref":"100","osmType":"way","osmId":1432210820}},{"type":"Feature","geometry":{"type":"LineString","coordinates":[[19.6740816,46.0710589],[19.6740163,46.0715687],[19.6740021,46.0716294],[19.6738054,46.072144]]},"properties":{"category":"road","class":"tertiary","name":"Старине Новака","osmType":"way","osmId":1435161683}},{"type":"Feature","geometry":{"type":"LineString","coordinates":[[19.6564964,46.1039993],[19.657151,46.1043133],[19.6573266,46.1043975],[19.6573781,46.1044222]]},"properties":{"category":"road","class":"tertiary","name":"Браће Мајера","osmType":"way","osmId":1435163414}},{"type":"Feature","geometry":{"type":"LineString","coordinates":[[19.6400339,46.1097179],[19.6412004,46.1088853],[19.6417107,46.1085242],[19.64326,46.1074156]]},"properties":{"category":"road","class":"secondary","name":"Карађорђев пут","osmType":"way","osmId":1436403925}},{"type":"Feature","geometry":{"type":"LineString","coordinates":[[19.5392035,45.9482955],[19.5391894,45.9483205],[19.5391766,45.9483456],[19.5391402,45.9489357],[19.5391271,45.9491481],[19.5391135,45.9492048],[19.5390978,45.9492402],[19.5390696,45.9492748],[19.5390388,45.9493099],[19.5390027,45.9493388],[19.5380957,45.9500572],[19.5378126,45.9502815],[19.5377483,45.9503367],[19.5376263,45.9504414],[19.537521,45.9505587],[19.5373796,45.9507606],[19.5368246,45.9517013],[19.5363406,45.9525625],[19.5360133,45.9531447],[19.5353695,45.9542449],[19.5349779,45.9549311]]},"properties":{"category":"road","class":"tertiary","name":"Мишићевски пут","osmType":"way","osmId":1436657070}},{"type":"Feature","geometry":{"type":"LineString","coordinates":[[19.6498598,45.9457649],[19.6504346,45.9455932],[19.6506678,45.9455321],[19.6520965,45.9451577]]},"properties":{"category":"road","class":"tertiary","name":"Филипа Кљајића","ref":"303","osmType":"way","osmId":1444617467}},{"type":"Feature","geometry":{"type":"LineString","coordinates":[[19.6438672,45.9475159],[19.6440039,45.9474938],[19.6441509,45.9474639],[19.6443298,45.9474184],[19.6447709,45.9472845],[19.6449211,45.94724],[19.6449808,45.9472222]]},"properties":{"category":"road","class":"tertiary","name":"Чантавирски пут","ref":"303","osmType":"way","osmId":1444617468}},{"type":"Feature","geometry":{"type":"LineString","coordinates":[[19.7210795,46.0306681],[19.7214291,46.0307136],[19.7226255,46.0309046],[19.7228026,46.030933],[19.723275,46.0310087],[19.7232825,46.0310099]]},"properties":{"category":"road","class":"trunk","name":"Обилазница око Суботице","ref":"11","osmType":"way","osmId":1444669049}},{"type":"Feature","geometry":{"type":"LineString","coordinates":[[19.6653533,46.0409751],[19.6652452,46.0408789],[19.6651834,46.0408065]]},"properties":{"category":"road","class":"secondary","name":"","ref":"100","osmType":"way","osmId":1444669050}},{"type":"Feature","geometry":{"type":"LineString","coordinates":[[19.5014304,46.04087],[19.5007473,46.0414547]]},"properties":{"category":"road","class":"tertiary","name":"Салаш","osmType":"way","osmId":1447700379}},{"type":"Feature","geometry":{"type":"LineString","coordinates":[[19.6590813,46.0987653],[19.6592551,46.0985582]]},"properties":{"category":"road","class":"tertiary","name":"Трг жртава фашизма","osmType":"way","osmId":1467093924}},{"type":"Feature","geometry":{"type":"LineString","coordinates":[[19.690539,46.090307],[19.6907212,46.0899605]]},"properties":{"category":"road","class":"tertiary","name":"","osmType":"way","osmId":1467118758}},{"type":"Feature","geometry":{"type":"LineString","coordinates":[[19.6931614,46.0974235],[19.6925695,46.0973543],[19.6917903,46.0972632],[19.6917096,46.0972537],[19.6915179,46.0972313],[19.6914822,46.0972272]]},"properties":{"category":"road","class":"tertiary","name":"Магнетна поља","osmType":"way","osmId":1467118759}},{"type":"Feature","geometry":{"type":"LineString","coordinates":[[19.6914822,46.0972272],[19.691436,46.0972218],[19.6913336,46.0972098],[19.6897412,46.0970235],[19.6896665,46.0970148],[19.6895964,46.0970066]]},"properties":{"category":"road","class":"tertiary","name":"Магнетна поља","osmType":"way","osmId":1467118760}},{"type":"Feature","geometry":{"type":"LineString","coordinates":[[19.692299,46.0936072],[19.6922775,46.0936392],[19.6920933,46.0939135],[19.691934,46.0941217]]},"properties":{"category":"road","class":"tertiary","name":"Ђорђа Натошевића","osmType":"way","osmId":1467118761}},{"type":"Feature","geometry":{"type":"LineString","coordinates":[[19.6922765,46.0933776],[19.6922971,46.0933937],[19.6923131,46.0934101],[19.692329,46.0934313],[19.6923394,46.0934519],[19.6923443,46.0934725],[19.6923468,46.0934923],[19.6923436,46.093518],[19.6923334,46.0935453],[19.692299,46.0936072]]},"properties":{"category":"road","class":"tertiary","name":"Ђорђа Натошевића","osmType":"way","osmId":1467118762}},{"type":"Feature","geometry":{"type":"LineString","coordinates":[[19.6920283,46.0932981],[19.692119,46.0933083],[19.6921652,46.093321],[19.692208,46.0933371],[19.6922434,46.0933557],[19.6922765,46.0933776]]},"properties":{"category":"road","class":"tertiary","name":"Лошињска","osmType":"way","osmId":1467118763}},{"type":"Feature","geometry":{"type":"LineString","coordinates":[[19.6907212,46.0899605],[19.6908256,46.0897643],[19.690879,46.089664]]},"properties":{"category":"road","class":"tertiary","name":"","osmType":"way","osmId":1467118764}},{"type":"Feature","geometry":{"type":"LineString","coordinates":[[19.7603645,46.05655],[19.7595595,46.0568061]]},"properties":{"category":"road","class":"secondary","name":"Сенћански пут","ref":"300","osmType":"way","osmId":1467118765}},{"type":"Feature","geometry":{"type":"LineString","coordinates":[[19.7835687,46.0859213],[19.7837601,46.0858375],[19.786416,46.0846929],[19.7869815,46.0844539]]},"properties":{"category":"road","class":"tertiary","name":"Костолањи Арпада","osmType":"way","osmId":1468565387}},{"type":"Feature","geometry":{"type":"LineString","coordinates":[[19.6320267,45.9497158],[19.6323203,45.9496308]]},"properties":{"category":"road","class":"tertiary","name":"Чантавирски пут","ref":"303","osmType":"way","osmId":1491485894}},{"type":"Feature","geometry":{"type":"LineString","coordinates":[[19.6311467,45.9506806],[19.6314162,45.9502584],[19.6315495,45.9500119]]},"properties":{"category":"road","class":"tertiary","name":"Трг слободе","ref":"303","osmType":"way","osmId":1491485895}},{"type":"Feature","geometry":{"type":"LineString","coordinates":[[19.6323203,45.9496308],[19.6335809,45.9492658]]},"properties":{"category":"road","class":"tertiary","name":"Чантавирски пут","ref":"303","osmType":"way","osmId":1491485896}},{"type":"Feature","geometry":{"type":"LineString","coordinates":[[19.631676,45.9498299],[19.6317209,45.9498067],[19.6317777,45.9497892],[19.6320267,45.9497158]]},"properties":{"category":"road","class":"tertiary","name":"Чантавирски пут","ref":"303","osmType":"way","osmId":1491485897}},{"type":"Feature","geometry":{"type":"LineString","coordinates":[[19.6346618,45.9489705],[19.6361745,45.948587]]},"properties":{"category":"road","class":"tertiary","name":"Чантавирски пут","ref":"303","osmType":"way","osmId":1491485899}},{"type":"Feature","geometry":{"type":"LineString","coordinates":[[19.6361745,45.948587],[19.6366695,45.9484615],[19.6369968,45.9483793]]},"properties":{"category":"road","class":"tertiary","name":"Чантавирски пут","ref":"303","osmType":"way","osmId":1491485900}},{"type":"Feature","geometry":{"type":"LineString","coordinates":[[19.6335809,45.9492658],[19.633645,45.9492473],[19.6340194,45.9491389],[19.6341548,45.9490991],[19.6346618,45.9489705]]},"properties":{"category":"road","class":"tertiary","name":"Чантавирски пут","ref":"303","osmType":"way","osmId":1491485901}},{"type":"Feature","geometry":{"type":"LineString","coordinates":[[19.6369968,45.9483793],[19.6372148,45.9483246],[19.637663,45.9482134],[19.6385217,45.9480005],[19.6388992,45.9479068]]},"properties":{"category":"road","class":"tertiary","name":"Чантавирски пут","ref":"303","osmType":"way","osmId":1491485902}},{"type":"Feature","geometry":{"type":"LineString","coordinates":[[19.6402687,45.9476947],[19.6408744,45.9476674],[19.6411786,45.9476531],[19.6411847,45.9476528]]},"properties":{"category":"road","class":"tertiary","name":"Чантавирски пут","ref":"303","osmType":"way","osmId":1491485903}},{"type":"Feature","geometry":{"type":"LineString","coordinates":[[19.6411847,45.9476528],[19.6434629,45.9475456]]},"properties":{"category":"road","class":"tertiary","name":"Чантавирски пут","ref":"303","osmType":"way","osmId":1491485904}},{"type":"Feature","geometry":{"type":"LineString","coordinates":[[19.6434629,45.9475456],[19.6438672,45.9475159]]},"properties":{"category":"road","class":"tertiary","name":"Чантавирски пут","ref":"303","osmType":"way","osmId":1491485905}},{"type":"Feature","geometry":{"type":"LineString","coordinates":[[19.6449808,45.9472222],[19.6459548,45.9469313],[19.6461808,45.9468638]]},"properties":{"category":"road","class":"tertiary","name":"Чантавирски пут","ref":"303","osmType":"way","osmId":1491485906}},{"type":"Feature","geometry":{"type":"LineString","coordinates":[[19.6542379,45.9446284],[19.6549685,45.9445159]]},"properties":{"category":"road","class":"tertiary","name":"Филипа Кљајића","ref":"303","osmType":"way","osmId":1491485907}},{"type":"Feature","geometry":{"type":"LineString","coordinates":[[19.6520965,45.9451577],[19.653196,45.9448696],[19.6536459,45.9447529],[19.6538797,45.9446979],[19.654067,45.9446594],[19.654229,45.94463],[19.6542379,45.9446284]]},"properties":{"category":"road","class":"tertiary","name":"Филипа Кљајића","ref":"303","osmType":"way","osmId":1491485908}},{"type":"Feature","geometry":{"type":"LineString","coordinates":[[19.6614113,45.9435917],[19.6617494,45.9435398],[19.6618629,45.9435224],[19.6619576,45.9435078],[19.6627713,45.9433829],[19.663283,45.9432789]]},"properties":{"category":"road","class":"tertiary","name":"Филипа Кљајића","ref":"303","osmType":"way","osmId":1491485909}},{"type":"Feature","geometry":{"type":"LineString","coordinates":[[19.663283,45.9432789],[19.6638375,45.9431661]]},"properties":{"category":"road","class":"tertiary","name":"Филипа Кљајића","ref":"303","osmType":"way","osmId":1491485910}},{"type":"Feature","geometry":{"type":"LineString","coordinates":[[19.6644107,45.9430496],[19.6657127,45.9427849]]},"properties":{"category":"road","class":"tertiary","name":"Филипа Кљајића","ref":"303","osmType":"way","osmId":1491485911}},{"type":"Feature","geometry":{"type":"LineString","coordinates":[[19.6638375,45.9431661],[19.6640949,45.9431138],[19.664356,45.9430607],[19.6644107,45.9430496]]},"properties":{"category":"road","class":"tertiary","name":"Филипа Кљајића","ref":"303","osmType":"way","osmId":1491485912}},{"type":"Feature","geometry":{"type":"LineString","coordinates":[[19.6657127,45.9427849],[19.6659048,45.9427458],[19.6659377,45.9427391],[19.6660599,45.9427143]]},"properties":{"category":"road","class":"tertiary","name":"Филипа Кљајића","ref":"303","osmType":"way","osmId":1491485913}},{"type":"Feature","geometry":{"type":"LineString","coordinates":[[19.6706774,45.941789],[19.671161,45.9416758]]},"properties":{"category":"road","class":"tertiary","name":"Маршала Тита","ref":"303","osmType":"way","osmId":1491485915}},{"type":"Feature","geometry":{"type":"LineString","coordinates":[[19.6663172,45.9426614],[19.6666189,45.9425994],[19.6667212,45.9425784],[19.6670608,45.9425087],[19.6673314,45.9424702],[19.6675596,45.9424514],[19.667773,45.9424449],[19.6679681,45.942448],[19.6681485,45.9424491],[19.668298,45.9424462],[19.6684201,45.9424438],[19.6685763,45.9424284]]},"properties":{"category":"road","class":"tertiary","name":"Филипа Кљајића","ref":"303","osmType":"way","osmId":1491485916}},{"type":"Feature","geometry":{"type":"LineString","coordinates":[[19.6660599,45.9427143],[19.6661257,45.9427008],[19.6663172,45.9426614]]},"properties":{"category":"road","class":"tertiary","name":"Филипа Кљајића","ref":"303","osmType":"way","osmId":1491485917}},{"type":"Feature","geometry":{"type":"LineString","coordinates":[[19.6716371,45.9415784],[19.6723857,45.9414254],[19.6727964,45.9413414]]},"properties":{"category":"road","class":"tertiary","name":"Маршала Тита","ref":"303","osmType":"way","osmId":1491485922}},{"type":"Feature","geometry":{"type":"LineString","coordinates":[[19.671161,45.9416758],[19.6712925,45.9416489],[19.6713651,45.941634],[19.6716371,45.9415784]]},"properties":{"category":"road","class":"tertiary","name":"Маршала Тита","ref":"303","osmType":"way","osmId":1491485923}},{"type":"Feature","geometry":{"type":"LineString","coordinates":[[19.6743859,45.9410127],[19.6756755,45.9407443]]},"properties":{"category":"road","class":"tertiary","name":"Маршала Тита","ref":"303","osmType":"way","osmId":1491485924}},{"type":"Feature","geometry":{"type":"LineString","coordinates":[[19.6767647,45.9405142],[19.6779411,45.9402632]]},"properties":{"category":"road","class":"tertiary","name":"Маршала Тита","ref":"303","osmType":"way","osmId":1491485925}},{"type":"Feature","geometry":{"type":"LineString","coordinates":[[19.6756755,45.9407443],[19.6761153,45.9406528],[19.676466,45.940578],[19.6765056,45.9405695],[19.6767647,45.9405142]]},"properties":{"category":"road","class":"tertiary","name":"Маршала Тита","ref":"303","osmType":"way","osmId":1491485926}},{"type":"Feature","geometry":{"type":"LineString","coordinates":[[19.6727964,45.9413414],[19.6731014,45.941279],[19.6739233,45.941109],[19.6739749,45.9410983],[19.6743859,45.9410127]]},"properties":{"category":"road","class":"tertiary","name":"Маршала Тита","ref":"303","osmType":"way","osmId":1491485927}},{"type":"Feature","geometry":{"type":"LineString","coordinates":[[19.6800636,45.9398391],[19.6803485,45.9397756]]},"properties":{"category":"road","class":"tertiary","name":"","ref":"303","osmType":"way","osmId":1491485928}},{"type":"Feature","geometry":{"type":"LineString","coordinates":[[19.6803485,45.9397756],[19.6813205,45.9395731]]},"properties":{"category":"road","class":"tertiary","name":"","ref":"303","osmType":"way","osmId":1491485929}},{"type":"Feature","geometry":{"type":"LineString","coordinates":[[19.6792161,45.9398363],[19.6792799,45.9398358],[19.6793542,45.9398452],[19.6794434,45.9398649],[19.6795333,45.939878],[19.6796813,45.9398839],[19.6798172,45.939878],[19.6799381,45.9398611],[19.6800549,45.9398406],[19.6800636,45.9398391]]},"properties":{"category":"road","class":"tertiary","name":"","ref":"303","osmType":"way","osmId":1491485930}},{"type":"Feature","geometry":{"type":"LineString","coordinates":[[19.704349,45.9347504],[19.7050519,45.9346007],[19.7062095,45.934357]]},"properties":{"category":"road","class":"tertiary","name":"","ref":"303","osmType":"way","osmId":1491485931}},{"type":"Feature","geometry":{"type":"LineString","coordinates":[[19.7263949,46.0312563],[19.7264515,46.031288],[19.7264969,46.0313274],[19.7265289,46.0313727]]},"properties":{"category":"road","class":"trunk","name":"Обилазница око Суботице","ref":"11","osmType":"way","osmId":1491551175}},{"type":"Feature","geometry":{"type":"LineString","coordinates":[[19.7260774,46.0312408],[19.7261564,46.0312236],[19.726239,46.0312205],[19.7263202,46.0312316],[19.7263949,46.0312563]]},"properties":{"category":"road","class":"trunk","name":"Обилазница око Суботице","ref":"11","osmType":"way","osmId":1491551176}},{"type":"Feature","geometry":{"type":"LineString","coordinates":[[19.6648273,46.0401279],[19.6649224,46.0401652],[19.6649939,46.0402225],[19.6650337,46.0402932]]},"properties":{"category":"road","class":"trunk","name":"","ref":"11;100","osmType":"way","osmId":1491551177}},{"type":"Feature","geometry":{"type":"LineString","coordinates":[[19.6646174,46.0401263],[19.6647196,46.0401148],[19.6648273,46.0401279]]},"properties":{"category":"road","class":"trunk","name":"","ref":"11;100","osmType":"way","osmId":1491551178}},{"type":"Feature","geometry":{"type":"LineString","coordinates":[[19.6203664,46.0712986],[19.6204481,46.0713235],[19.6205174,46.0713625],[19.6205694,46.0714128],[19.6206004,46.0714709]]},"properties":{"category":"road","class":"trunk","name":"","ref":"11","osmType":"way","osmId":1491551179}},{"type":"Feature","geometry":{"type":"LineString","coordinates":[[19.6202096,46.0712937],[19.6202884,46.0712897],[19.6203664,46.0712986]]},"properties":{"category":"road","class":"trunk","name":"","ref":"11","osmType":"way","osmId":1491551180}},{"type":"Feature","geometry":{"type":"LineString","coordinates":[[19.5631467,46.1630641],[19.5632349,46.1630436],[19.5633279,46.1630407],[19.5634185,46.1630555]]},"properties":{"category":"road","class":"primary","name":"","ref":"11","osmType":"way","osmId":1491551181}},{"type":"Feature","geometry":{"type":"LineString","coordinates":[[19.6683214,46.0989831],[19.6688814,46.0991866]]},"properties":{"category":"road","class":"secondary","name":"Максима Горког","osmType":"way","osmId":1494699444}},{"type":"Feature","geometry":{"type":"LineString","coordinates":[[19.6681527,46.0989164],[19.6683214,46.0989831]]},"properties":{"category":"road","class":"secondary","name":"Максима Горког","osmType":"way","osmId":1494699445}},{"type":"Feature","geometry":{"type":"LineString","coordinates":[[19.6980604,46.0979899],[19.6978074,46.0979618],[19.6973152,46.0979072],[19.6969555,46.0978673]]},"properties":{"category":"road","class":"tertiary","name":"Магнетна поља","osmType":"way","osmId":1525095940}},{"type":"Feature","geometry":{"type":"LineString","coordinates":[[19.661796,46.1021788],[19.6618374,46.1021708],[19.6618802,46.1021711]]},"properties":{"category":"road","class":"tertiary","name":"","osmType":"way","osmId":1532819117}},{"type":"Feature","geometry":{"type":"Point","coordinates":[19.7634537,46.1022848]},"properties":{"category":"label","class":"town","name":"Палић","population":5476,"osmType":"node","osmId":291980402}},{"type":"Feature","geometry":{"type":"Point","coordinates":[19.6653273,46.1002058]},"properties":{"category":"label","class":"city","name":"Суботица","population":88752,"osmType":"node","osmId":1547830258}},{"type":"Feature","geometry":{"type":"Point","coordinates":[19.6758693,46.0710685]},"properties":{"category":"label","class":"suburb","name":"Александрово","population":6669,"osmType":"node","osmId":3784073063}},{"type":"Feature","geometry":{"type":"Point","coordinates":[19.669241,46.0701204]},"properties":{"category":"label","class":"quarter","name":"Ново Насеље","osmType":"node","osmId":7557135502}},{"type":"Feature","geometry":{"type":"Point","coordinates":[19.6794501,46.072227]},"properties":{"category":"label","class":"quarter","name":"Стари Шандор","osmType":"node","osmId":7559784162}},{"type":"Feature","geometry":{"type":"Point","coordinates":[19.6775538,46.0906504]},"properties":{"category":"label","class":"suburb","name":"Бајнат","population":2712,"osmType":"node","osmId":7559801868}},{"type":"Feature","geometry":{"type":"Point","coordinates":[19.6670358,46.1027528]},"properties":{"category":"label","class":"suburb","name":"Центар I","population":3032,"osmType":"node","osmId":7559801943}},{"type":"Feature","geometry":{"type":"Point","coordinates":[19.6583109,46.1001757]},"properties":{"category":"label","class":"suburb","name":"Центар II","population":3137,"osmType":"node","osmId":7559801971}},{"type":"Feature","geometry":{"type":"Point","coordinates":[19.6672687,46.0946235]},"properties":{"category":"label","class":"suburb","name":"Центар III","population":4157,"osmType":"node","osmId":7559801993}},{"type":"Feature","geometry":{"type":"Point","coordinates":[19.6564865,46.1093224]},"properties":{"category":"label","class":"suburb","name":"Дудова шума","population":10259,"osmType":"node","osmId":7577309992}},{"type":"Feature","geometry":{"type":"Point","coordinates":[19.6569736,46.0907295]},"properties":{"category":"label","class":"suburb","name":"Гат","population":4063,"osmType":"node","osmId":7617671952}},{"type":"Feature","geometry":{"type":"Point","coordinates":[19.6685403,46.0979787]},"properties":{"category":"label","class":"quarter","name":"Токио","osmType":"node","osmId":7617671953}},{"type":"Feature","geometry":{"type":"Point","coordinates":[19.6666347,46.0847605]},"properties":{"category":"label","class":"suburb","name":"Кер","population":3916,"osmType":"node","osmId":7617671972}},{"type":"Feature","geometry":{"type":"Point","coordinates":[19.6591205,46.1052319]},"properties":{"category":"label","class":"quarter","name":"Радијалац","osmType":"node","osmId":7617794304}},{"type":"Feature","geometry":{"type":"Point","coordinates":[19.682108,46.1050354]},"properties":{"category":"label","class":"suburb","name":"Кертварош","population":7338,"osmType":"node","osmId":7633026573}},{"type":"Feature","geometry":{"type":"Point","coordinates":[19.6776044,46.1343059]},"properties":{"category":"label","class":"suburb","name":"Макова седмица","population":4820,"osmType":"node","osmId":7633041045}},{"type":"Feature","geometry":{"type":"Point","coordinates":[19.6410156,46.086422]},"properties":{"category":"label","class":"suburb","name":"Мали Бајмок","population":4884,"osmType":"node","osmId":7668036199}},{"type":"Feature","geometry":{"type":"Point","coordinates":[19.6938086,46.1081522]},"properties":{"category":"label","class":"suburb","name":"Мали Радановац","population":4617,"osmType":"node","osmId":7668036226}},{"type":"Feature","geometry":{"type":"Point","coordinates":[19.6843463,46.0965416]},"properties":{"category":"label","class":"suburb","name":"Нови град","population":2742,"osmType":"node","osmId":7668036245}},{"type":"Feature","geometry":{"type":"Point","coordinates":[19.6416123,46.0994236]},"properties":{"category":"label","class":"suburb","name":"Ново село","population":7851,"osmType":"node","osmId":7672074953}},{"type":"Feature","geometry":{"type":"Point","coordinates":[19.6261278,46.1099936]},"properties":{"category":"label","class":"suburb","name":"Пешчара","population":6037,"osmType":"node","osmId":7672074982}},{"type":"Feature","geometry":{"type":"Point","coordinates":[19.6724578,46.087795]},"properties":{"category":"label","class":"suburb","name":"Прозивка","population":9100,"osmType":"node","osmId":7672074984}},{"type":"Feature","geometry":{"type":"Point","coordinates":[19.7326421,46.1139813]},"properties":{"category":"label","class":"suburb","name":"Радановац","population":2096,"osmType":"node","osmId":7672086686}},{"type":"Feature","geometry":{"type":"Point","coordinates":[19.6442513,46.1272291]},"properties":{"category":"label","class":"suburb","name":"Зорка","population":5486,"osmType":"node","osmId":7672086839}},{"type":"Feature","geometry":{"type":"Point","coordinates":[19.6742271,46.1143684]},"properties":{"category":"label","class":"suburb","name":"Жељезничко насеље","population":5914,"osmType":"node","osmId":7672086841}},{"type":"Feature","geometry":{"type":"Point","coordinates":[19.6176016,45.9459754]},"properties":{"category":"label","class":"quarter","name":"Черепеш","osmType":"node","osmId":8936359874}},{"type":"Feature","geometry":{"type":"Point","coordinates":[19.5065939,46.0433177]},"properties":{"category":"label","class":"quarter","name":"Дикановац","osmType":"node","osmId":8993199546}},{"type":"Feature","geometry":{"type":"Point","coordinates":[19.4776501,46.0604981]},"properties":{"category":"label","class":"quarter","name":"Шајц","osmType":"node","osmId":9098610537}},{"type":"Feature","geometry":{"type":"Point","coordinates":[19.6524219,46.1046599]},"properties":{"category":"label","class":"quarter","name":"Јасибара","osmType":"node","osmId":9501564736}},{"type":"Feature","geometry":{"type":"Point","coordinates":[19.6492184,46.1337812]},"properties":{"category":"label","class":"quarter","name":"Српски Шор","osmType":"node","osmId":9501564737}},{"type":"Feature","geometry":{"type":"Point","coordinates":[19.6817495,46.1402609]},"properties":{"category":"label","class":"quarter","name":"Граничар","osmType":"node","osmId":9501564738}}]}
