{"type":"FeatureCollection","properties":{"sourceKind":"yandex-embed","sourceId":"yandex-constructor:ab67700748d2c5449653db08fcc0a3946570a0efc02fcb5a987ec32c3acdb215","upstreamUrl":"https://yandex.com/maps/?um=constructor%3Aab67700748d2c5449653db08fcc0a3946570a0efc02fcb5a987ec32c3acdb215","acquisition":"build-yandex-constructor-state-view","snapshotAt":"2026-08-22T12:50:42.310Z","sourceLastUpdated":1785134632,"sourceFeatureCount":307,"includedFeatureCount":305,"excludedOutsideSerbia":2,"filter":"serbia-regions","bounds":[18.75,42.2,23.05,46.2]},"features":[{"type":"Feature","geometry":{"type":"Point","coordinates":[19.830229,45.245345]},"properties":{"name":"Дожа Ђерђа, 45","description":"country= #RS\ncity= #NoviSad\naddress=Doža Đerđa 45\napt=10\n\nОбратилась к арендодателю с просьбой произвести регулярное ТО окна ПВХ, в ответ получила отказ, форма которого дала мне чёткое внутреннее понимание, что при выезде из квартиры, когда бы он не состоялся, будут проблемы. В том числе, арендодатель назвал обслуживание бойлера и кондиционера обязанностью арендатора, а так же полностью игнорировал понятие «нормальный износ», широко-используемое в юрисдикции и в явном виде прописанное в договоре. Чтобы не иметь дальнейших дел с арендодателем, приняла решение о выезде, уведомила, а после состоялась встреча для предварительного осмотра квартиры, в ходе которой произошли вещи, о которых до решения суда по правилам чата чёрного списка не могу написать. От себя добавлю, что обращалась в полицию, в дом здравли и к адвокату, и неделю восстанавливала здоровье.\n\n1 июля переехала на новый адрес, к 7 июля перевезла все личные вещи, заранее уточнив у адвоката могу ли при условии поданного заявления в полицию выехать раньше. 7 июля сообщила о немерении передать ключи, арендодатель назначил дату и время 17 июля в 9:00. На встрече я была с адвокатом, а вместо арендодателя пришла его жена с незнакомым мне человеком. Эти люди требовали вернуть ключи, а на вопросы о депозите сказали: «Максим не уполномачивал нас отдавать депозит». Осмотра квартиры не производилось, никаких претензий к квартире не было, но депозит не был возвращён. Адвокат общался с арендодателем по телефону, но это не поспособствовало решению ситуации. Арендодателя не рекомендую!!!\n\n---\nMap: https://yandex.ru/maps/?um=constructor%3Aab67700748d2c5449653db08fcc0a3946570a0efc02fcb5a987ec32c3acdb215&source=constructorLink\n\nДонаты:\nUSDT trc20: TALsWiKkzbw8DBE3fmhX4ozFKF8cfAYsan\nРубли - Cloudtips (https://pay.cloudtips.ru/p/1042063b)\nЕвро - BuyMeaCoffee (https://www.buymeacoffee.com/IgorN)"}},{"type":"Feature","geometry":{"type":"Point","coordinates":[20.469767,44.819378]},"properties":{"name":"Белград, улица Гундуличев венац, 33","description":"country= #RS\ncity= #Belgrade\naddress= Гундулићев венац 33\napt=14\n\nНе снимайте этот подвал. Властник врет, что нет плесени и сырости, она еще как есть. Вылезут и улитки, тараканы. Сказали об этом, властник сказал ничего не знаю такого никогда не было и депозит он не вернул."}},{"type":"Feature","geometry":{"type":"Point","coordinates":[20.497498,44.775578]},"properties":{"name":"Белград, улица Медаковичева, 113","description":"country=RS\ncity=Belgrade\naddress=Medakovicheva 113\napt=последняя с мансардой\n\nоох, это легендарная квартира, легендарный властник и район тоже легендарный.\n\nбольшой отзыв о наболевшем. Добавлю весь текст в комментарии в тг\n\nЭто наша первая квартира в Сербии, район зажопинска поэтому цена в 450 евро для её состояния казалась более чем нормальной. Если честно даже завышенной. Квартира двухэтажная. Естественно верхний этаж в документах на квартиру не фигурирует. Властник говорит что все вокруг него на районе криминальцы, особенно соседи, которых ни в коем случае нельзя пускать в квартиру (сомнительно)\n\nЯ приехала со своими инструментами и тремя животными, поэтому думала что просто если что-то не нравится то я подремонтирую и заживём хорошо. То есть надежда была на потенциал квартиры, потому что там и терасса и мандсардные окна и 2 ванных. И даже ванная одна, а не душ. Властник сказал что вообще чё хотите делайте, вообще не важно. То что ему всё равно на квартиру это для нас был плюс. Но в целом это и главный минус.\n\nВластник показывал как он любит животных и у него вообще что-то типа 12 собак. При этом помню как он напугал собаку соседа, типа по приколу сказал ей \"БУ!\". А по собаке видно что она и без этого жить боится\n\nБелый картон оформил, катался с нами в полицию\n\nПриколы:\n- не дал ключи от почтового ящика\n- инфостан говорил платить ему на руки за два этажа. В платёжке которую мы видели счёт только за этаж без мандсарды.\n- видели письмо, что скоро отрубят воду, потому что год ничего не оплачивается (но тут есть вероятность, что это ошибка платёжки, наш новый супер властник рассказывал как ему тоже такое приходило и он судился, так что не знаю что тут правда). Не знаю отрубили ли, потому что мы как раз съехали до.\n- на счет депозита сказал \"потом потом\", потом естественно никогда не наступило. В целом мы не платили за электричество последний месяц, потому что он забрал платёжки. Так что в целом он там не много себе присвоил.\n- заходил в квартиру своим ключом, пока я жестко не сорвалась на него. То есть мы знали когда он придёт, но всё равно он опаздывал и внезапно заходил в случайный момент. А у меня собака абсолютно не любит такое. Как же я орала на него, как у меня нервы сдали. Аж неловко, я ч\n- заходил в квартиру своим ключом, пока я жестко не сорвалась на него. То есть мы знали когда он придёт, но всё равно он опаздывал и внезапно заходил в случайный момент. А у меня собака абсолютно не любит такое. Как же я орала на него, как у меня нервы сдали. Аж неловко, я читала что в Сербии так правда может делать старшее поколение и они не знают что это проблема для кого-то. После того как наорала он так делать перестал, то есть он шел на встречу.\n- не было стиральной машинки, хотя она была на фото. Он обещал привезти. Правда привёз. Но она так жостко воняла, что мы вынесли её в подъезд и она воняла неделю в подъезде. Но если бы оставили в квартире я бы еще тогда съехала. Думаю в ней прогнила ЛДСП которая верхняя крышка. По крайней мере так выглядело.\n- пришли тараканы через пару дней после подписания контракта. Слава богам они были только на втором этаже в душе. Еще муравьи были, но крайне мало. Никогда рядом с едой их не было, поэтому это было терпимо. Опыт 2 из 5\n- месяц чинили горячую воду которая лилась 2 минуты а потом становилась холодной. Мы думали что это просто хреновый бойлер. Но когда у бойлера оторвало гибкий шланг и из него час лился кипяток, я поняла что горячая вода оказывается всё это время была. Очень приятный и добрый сантехник Горан приходил почти целый месяц, потому что мы не могли найти причину, он чинил то одно, то другое (за счет властника, тут ок). Причина нашлась в 30летнем смесителе, который властник очень любил и не хотел менять. Вот вы поднимаете ручку смесителя, а она крутится на 360 градусов (буквально) а перекрывает воду только в одном положении наискосок. Этот смеситель позволял холодной воде заходить в контур горячей воды. И поскольку напор холодной воды сильнее напора из бойлера, то горячая вода просто не могла пройти по трубам.\n- Когда у нас прорвало бойлер почти ночью, пришлось бежать к соседям, потому что подходящего инструмента не было. Да и не ясно было что и где перекрывать. Там еще закаратило скорее всего землю и ноль (плохой контакт был и была разница потанцевалов) и расплавило этот гибкий шланг. В общем искры на бойлере это не то, что вы хотите видеть ночью. Мы вырубили щиток на всякий. Пришли соседи, позвали других соседей, перекрыли воду, вернули нам свет. Власник потом очень ругался, что мы разрешили зайти соседям. Почему-то я думаю, что у него нет нормального разрешения на мансарду и он боится. Но это только мои подозрения.\n- примерно трое соседей вокруг кормят голубей. Это последний этаж с мансардными окнами и они постоянно засраны. Плюс голуби поселились в вентиляции между ванной и балконом и засрали балкон. В целом балком был самым ужасным местом, власник обещал забрать с балкона какую-то бандуру занимающую весь балкон. Бандура это какой-то станок в килограмм 200. Бандуру он забрал, балкон мы решили сами вычистить, это быстрее. Он был полностью засран голубями. Под полностью я имею ввиду, что я нашла там скелеты голубей.\nрайон засран просто до ужаса. То есть каждый отдельный домик как будто норм и убран в своих пределах. Кто-то у себя даже фонтанчики поставил. Но что сразу за забором никого не интересует. Есть где гулять с собакой, много полей и тени. Но. на этом поле будут все гулять с собаками и никто кроме пары молодых за собакой говно не уберет. Я без понятия сколько раз я наступала там в говно. А однажды мне пришлось бросить поводок собаки на землю пока она бегала.. 8 метровый поводок в говне видели когда-нибудь? а я видела.\nНесколько раз я ходила с мешком и убирала мусор. Собрать 90 литров мусора это прям вообще не проблема. При этом там есть люди кто сами поставили вёдра для мусора и пытаются сделать чище. Но при этом я пока убиралась находила и использованные памперсы под лавкой, и прокладки, и спавн бутылок по утрам всегда на одном месте. Конечно есть и цигане, которые роются в мусорках. Я даже смотрела, раскидывается ли из-за них мусор. И... нет. Меня конечно поддерживали когда убиралась, хотели присоединиться, иногда помогали убирать. Короче, люди там приятные, кого встречала. А район всё-равно засран говном, голубями, мусором, воронами, бутылками и графити днр. И это такая кроличья нора, что непонятно с чего там начинать, чтобы стало окей.\n- не было интернета, а на своё имя мы его провести не могли, поэтому работали с безлимитного мобильного, с виртуальной симки. Всё бы ничего, но из-за того что этажа 2, то когда инет уходит на первый этаж, на втором его не остаётся.\n- Ну по мелочи - плита стремная. Вроде такие плиты в трёхфазные розетки включаются, но она в обычную розетку включалась. Я думаю, что из-за этого ей напряжения не хватало и она не грела ничего. Покупали себе другую.\n- Без стиральной машины мы пользовались прачечной, куда катались на автобусе раз в неделю.\n- Были следы протёкшего полотка, но вроде без плесени\n- Уже после того как заехали выяснили что не работает свет на втором этаже. Розетки работают, а освещения в рабочей зоне нет. Лампово конечно жить с гирляндами, но иногда хочется видеть.\n- Куча его вещей была в столах, диванах. шкафах. Но благо была кладовка куда мы всё скидали и забыли.\n- на балконе у него подъемный кран. Лифта в доме нет и так можно поднять и спустить грузы. Это не минус, просто прикол и моё уважение.\n- Мебель стремная старая и прожженая, была накрыта всяким пледами. Но мы купили себе моющий пылесос и парочистач, так что продезинфицировали там всё и стало аксептбл.\n\nСъехали вроде без особых приколов. Мы еще помню намывали квартиру, надеясь что он отдаст депозит. Хотя мы понимали, что депозита у него давно уже нет. Но и оставлять после себя квартиру в грязи не хотелось.\n\nКонец"}},{"type":"Feature","geometry":{"type":"Point","coordinates":[20.497498,44.775578]},"properties":{"name":"Белград, улица Медаковичева, 113"}},{"type":"Feature","geometry":{"type":"Point","coordinates":[20.415131,44.815612]},"properties":{"name":"Белград, бульвар Арсения Черноевича, 124","description":"country= #RS\ncity= #Belgrade\naddress=Arsenija Carnojevica 124\napt=32\n\nПлесень, протечки и тараканы на кроватях\n\nСобственник: пара, живущая в Германии, которые обязательно хотели провести с нами встречу по зуму перед сдачей со всеми (одного человека недостаточно, нужно увидеть всех). Кроме оплаты в срок их ничего не интересовало (что окей). Никаких проверок, странных просьб, очевидного кринжа не было.\n\nКвартира. На первый взгляд все выглядит относительно свежим для Белграда: белые стены, не старый паркет, неплохая кухня, 2 отдельные комнаты, свежая ванная комната, в счет аренды согласились взять новые матрасы.\n\nДьявол в другом. Со временем выясняется, что потолок протекает (это верхний этаж), причем протекает где угодно. Пятна будут и в душе, и в помощении со стиралкой, и в большой комнате — везде. Пятна удалять практически нет смысла, они появятся скоро снова. Видимо благодаря дырявой крыше, здесь постоянно образуется еще и плесень. Плесень абсолютно где угодно. Это и кухня, и спальня и помещение со стиралкой. Мы находили плесень на внутренней стороне шкафа и на внутренней стороне ящиков на кухне — то есть, что творится на самой стене, представить страшно.\n\nТараканы (коричневые, не черные). Специалист, приходивший для обработки, сказал, что он не знает таких случаев, чтобы тараканы обитали в спальнях, а не на кухне с ванной. Здесь так и будет, никакие обработки не берут (нормальные обработки туманом, а не смешные опрыскивания по углам, которые здесь практикуют). Только временно.\n\nОн предположил что близость к крыше, голубям и их помету делает это место лакомым, но мы не знаем. Мы только знаем, что однажды даже видели таракана на подушке кровати. Вывести их здесь если и можно, то не обычными усилиями.\n\nДом старый, лифт маленький, часто ломается. Если есть собака или тяжело подниматься по несколько раз в день на 7 этаж — тоже минус, сломатеся перед выходными — чинить никто не будет.\n\nВладельцы квартиры будут выражать обеспокоенность вашими проблемами, и будут дальше кормить завтраками, как скоро жильцы собирутся на обсуждение ремонта крыши, как скоро в доме будут травить тараканов, а плесень можно попрыскать молдексом. Больше года прошло с разговоров, крышу не чинят. Судя по жалобам ниже живу\n\n…"}},{"type":"Feature","geometry":{"type":"Point","coordinates":[20.487625,44.803385]},"properties":{"name":"Белград, улица Марка Орешковича, 27","description":"city= #Belgrade\naddress=Marka oreskovica 27\napt=13\n\nЗа пол года не решила ни один вопрос по изначально плохо работающей стиральной машине, кондиционер и другой старой технике, которую обещали починить к заезду (подписывал договор и смотрел квартиру заранее).\n\nСегодня при выезде обманула на депозит, изначально договариваясь вернуть часть суммы чтобы покрыть коммунальные, в итоге начала много нравучать и на просьбу отдать деньги дала 100 евро, сказала что большего я не заслуживаю и мне нужно выйти из квартиры.\n\nДобавлю еще о шуме из стояка и вечно лающей собаке из квартиры сверху."}},{"type":"Feature","geometry":{"type":"Point","coordinates":[19.4416626,45.8941538]},"properties":{"name":"Бориса Кидрича 11","description":"city=Bačka Topola\naddress=Borisa Kidriča 11, Pačir\napt=-\n\nЧеловек просто не отвечает на звонки и сообщения.\n\nЯ снимал дом по этому адресу, в конце октября съехал\n\nЯ начал снимать в зимний период, и когда настало лето возникла необходимость платить за покос травы и уборку сада. Он уверял, что это будет 1500 динар в месяц, по факту выходило 5-6 тысяч (т.е. примерно 50 евро). Также на стене начала появляться плесень из-за того, что видимо где-то протекала крыша. Хозяин попытался свалить хозяйка вину на меня (правда не получилось). Ну и когда подошло время вернуть депозит - он просто перестал отвечать на звонки и сообщения. Это не смотря на то, что был заключён договор. Т.е. он не боится совершенно его нарушать."}},{"type":"Feature","geometry":{"type":"Point","coordinates":[20.4643213,44.7900872]},"properties":{"name":"Звечанска 10","description":"city=Belgrade\naddress=Zvečanska 10\napt=-\n\nTL;DR;\nХозяин квартиры — хозяйка, который вымотает вам все нервы и в итоге сделает ремонт за ваш счет. При выезде не возврат депозита на 1000 евро и доп счет еще на 140 евро (полную перекраску всех стен и потолка(?!), выдал естественный износ за наш ущерб, и предъявил за вывоз своего же старого лежака-матраса). Ещё: постоянный микроменеджмент, угрозы судом при попытке договориться, взыскание полной платы за неполный месяц (с предварительным уведомлением). Итог: минус 1500 евро, жесткий стресс и невроз от каждого его сообщения. Ни в коем случае не связывайтесь, если вам дороги деньги и психика.\n\nА теперь подробности:\n\nСама квартира хорошая, жили в ней почти 3 года, второй этаж малоэтажного дома. Но совершенно не стоит её брать. Итак, про арендодателей: Э. (мексиканец), его жена Я. и дочь Д.. Цена 1000 евро/мес., при этом квартира совсем без мебели (только кухонная техника, несколько стульев на балконе и лежак на одного человека — с ним в конце будет прикол).\n\nНачалось всё достаточно мило, но на первых встречах уже могли быть подозрения - на любую просьбу что-то сделать в квартире всегда был жесткий ответ \"it's impossible\". Кое-как договорились на вешалку у входной двери (чтобы самим не сверлить стены, за что могут предъявить) и фильтр для воды (поставили самый дешевый, пришлось потом поменять — с ужасно жесткой водой он не справлялся).\n\nДальше, в течение его регулярных посещений квартиры при передаче денег, он постоянно спрашивал, всё ли в порядке в квартире. Мы думали, что он о нас беспокоится... да-да. Мы как-то спросили его, нужно ли размораживать этот холодильник, потому что образовалась небольшая шуба. Он отправил нас читать инструкции, которые он специально оставил в шкафу. Потом сам нашел инструкцию в интернете и очень долго твердил, что такие холодильники надо размораживать раз в месяц, и это наша обязанность. Реально несколько месяцев подряд спрашивал про холодильник! К слову, в инструкции ничего не было про частоту разморозки, мы просто нашли забившуюся трубочку слива, прочистили её, разморозили 1 раз — и последующие 2 года проблемы не возникало.\n\nЗатем на следующий год он писал, что бойлеры нужно регулярно чистить, и это тоже наш\n\n…"}},{"type":"Feature","geometry":{"type":"Point","coordinates":[20.474504,44.8109445]},"properties":{"name":"Двадесет седмог марта 29","description":"country=RS\ncity=Belgrade\naddress=27. Марта, 29\napt=-\n\nХозяйка (точнее ее помошница) хотела оставить себе залог из-за небольшого разбухшего наличиника в ванной (вода туда затекала из-за ошибки проектирования), уверяя что будем менять всю дверь. После моего отказа, орала час по телефону, совершенно неадекватно общалась, повторяла одни и те же фразы по 100 раз, пытаясь тем самым решить конфликт просто запугиванием. Говорила что это случилось из-за того что я не чистила решетку (у меня была такая проблема, но я сняла видео что вода затекает и когда сток не забит сама по себе, а когда у меня забилась труба - я тут же протирала пол и не оставляла воду). Затем начала говорить что мокрое пятно на стене (образовалось весной из-за дождей, это старый дом) возникло потому что я не чистила кондиционер, всячески пыталась давить. Когда я наняла адвоката - сразу поменяла свой тон, и согласилась вернуть пол залога.\n\nХозяйка представила хозяйка как сестру, однако следующему орендатору она сказала что это риэлтор и взяла с них комиссию.\n\nВ квартире был постоянный шум в 5-6 утра от соседской пекары, которая не шла на переговоры. В тот момент скандала с хозяйкой еще не было, и она помогала вызывать инспекцию и решать этот вопрос. Однако при выселении она высказала свое настоящее мнение и про это, как я ее достала своими проблемами (в квартире просто невозможно было спать). Двуличная лицемерная скамерша"}},{"type":"Feature","geometry":{"type":"Point","coordinates":[20.4604004,44.8136218]},"properties":{"name":"Теразије 16","description":"city=Belgrade\naddress=Terazije 16\napt=20\n\nЗдравствуйте, хочу оставить отзыв на квартиру в которой прожила год.\nКвартира на 5 этаже рядом с офисом.\nУ него еще есть 2 квартиры в центре\nВ общем, квартира красивая и сделана на совесть, в ней все есть ( заезжай и живи), но хозяин очень неуравновешенный хозяйка с которым невозможно нормально общаться. Он ценит только свое время, моё нет. Если возникали проблемы, он \"пытался\" их решить и клялся что все сделает, но по факту ничего.\nКвартира находится в центре города и подъезд выходит на туристическую улицу ( будьте готовы что каждый день будет звонить домофон), чтобы кто-то зашел( отключить его нельзя).\nБыла ситуация, когда днем ко мне пытались зайти воры, я сняла это всё на видео как дергалась ручка( Власник обещал установить хозяйка, но ничего не сделал), а ситуация страшная и как я понимаю повсеместная в этом районе( цыгане ходят проверяют двери, вдруг кто оставил открытую))\nЗимой просто невероятно холодно. Отопление кондера и и есть теплый пол( но он вышел у меня на 40к динаров в месяц), поэтому грелась кондерами и температура была 17-18 градусов максимум.\nПол ледяной.\nЗалог: конечно же мне никто не вернул залог( 1600 евро, то есть двойной, снимала кв за 800)\nПричин не возвращать было много и каждый раз новые)) были некоторые нюансы, которые случились за год проживания в квартире ( разбилась дверца у стеллажа( он вычел 350 евро за нее-чек предоставлять отказался,ссылаясь на то что у него нет времени). Также я проживала с животными и оставила чистую после себя квартиру, но он удержал 650 евро за покраску стен( и сказал мне что это базовая ситуация, когда после проживания с животными красятся полностью стены))-надо моим предыдущим трем власникам сказать, а то они не знали видимо))\nЧек отказался и от этого предоставлять, что это именно такая сумма.\nОстальное было вычтено по мелочи, но спорить с ним было бесполезно. Он знал, что я улетаю в другую страну и не пойду в полицию.\nВ общем, я не рекомендую. Я бы и сама не жила там год, а съехала еще после первой проблемы, но было жалко залог(1600 евро все-таки). Если бы знала, что его не вернут, то я бы съехала через месяц."}},{"type":"Feature","geometry":{"type":"Point","coordinates":[20.3227011,44.7968271]},"properties":{"name":"Živojina Mišića 31","description":"city=Belgrade\naddress=Bulevar Zivojina Misica 31\napt=17\n\nОпыт общения с этим арендодателем был крайне негативным, и я бы никому его не рекомендовал.\n\nКлючевые договоренности, достигнутые до заселения (особенно в части использования дополнительной комнаты для работы из дома), не были выполнены так, как это было представлено в ходе переговоров. Хотя некоторые работы были сделаны (покраска), часть договоренности, которая была решающей для принятия решения об аренде, не была реализована должным образом.\n\nКоммуникация на протяжении всего процесса была проблемной, и часто возникали противоречивые сообщения по сравнению с предыдущими договоренностями и перепиской.\n\nПосле этого последовало быстрое прекращение сотрудничества и спор по поводу депозита, который не был урегулирован корректно и прозрачно.\n\nВ итоге у меня сложилось впечатление, что на устные договоренности и «слово» нельзя полагаться, поэтому я бы рекомендовал четко фиксировать абсолютно все условия в письменном договоре до любых платежей или заселения."}},{"type":"Feature","geometry":{"type":"Point","coordinates":[19.8492162,45.2562984]},"properties":{"name":"Дунавска 8","description":"country=RS\ncity=Novi Sad\naddress=Dunavska 8\napt=1\n\nХочу предупредить всех об одной очень проблемной квартире на Dunavska 8 и неадекватной арендодательнице и будьте очень осторожны — у нее там сдается несколько квартир в этом же дворе.\n\nЯ заезжал зимой, поэтому никаких проблем сначала не увидел. Но как потеплело весь двор стал кишеть тараканами, а самой квартире они начали падать прям с потолка. Первый месяц пытался решить проблему сам и с помощью официальных служб, но не помогла ни дезинсекция не латание швов в стенах. В кровати и под мебелью находил сухую отраву, хозяйка знала о проблеме.\n\nПосле того как экстренно съехал, хозяйка зажала депозит и пыталась взять на понт и шантажировать судом, требуя оплату до конца контракта по кривому договору.\n\nМогу показать и фото и видео и договор @linouzes"}},{"type":"Feature","geometry":{"type":"Point","coordinates":[20.4112628,44.7811746]},"properties":{"name":"Винодолска 1","description":"city=Belgrade\naddress=Vinodolska 1\napt=51\n\nВ целом, в начале хозяин показался хозяйка, хорошо знает английский и помогает с документами. Однако, квартира подубитая и постоянно что то ломается. Он совсем не хочет ничего менять из сломанного - ломался холодильник провели месяц без холодильника, потом привёз такую же развальню. Таже история со стиралкой. В итоге съехали в начале месяца - не то, что депозит не вернул, так еще стал вымогать дополнительные деньги (типа покраска стоит 1300 евро). Пришлось еще заблокировать его во всех мессенджерах"}},{"type":"Feature","geometry":{"type":"Point","coordinates":[19.8131813,45.2551345]},"properties":{"name":"Коперникова 56","description":"city=Novi Sad\naddress=Kopernikova 56\napt=-\n\nКвартира была от самих застройщиков этого дома. То есть мы заключали договор аренды с ЮЛ.\nБыла аренда на 3 года с возможностью расторжения после 7 месяцев проживания. Нужно было за 2 месяца предупредить о выезде - так и было прописано в договоре в одном из пунктов.\nПри выезде же оказалось, что хозяин этой квартиры (один из сотрудников на которого они оформили квартиру) отказывается возвращать нам депозит в связи с уборкой и покраской стен (которые мы даже не марали). А еще оказалось, что они продублировали этот пункт в другой главе и написали, что если даже за 2 месяца предупредить - то депозит все равно не будет возвращен (на это даже наш риелтор в начале не заметила). Очень подло - зачем тогда мне нужно было содержать квартиру в идеальной чистоте и чинить ее своими средствами?\nНам просто не вернули депозит 1000 евро, было очень обидно, хотя нас называли отличными гостями. В общем знайте - будете арендовывать квартиру в этом доме - вам не вернут депозит."}},{"type":"Feature","geometry":{"type":"Point","coordinates":[20.500258,44.785319]},"properties":{"name":"Војислава Илића 98","description":"Vojislava Ilića 98, 17. Напротив торгового центра Beo Shopping centar\n\nПроблемы при возврате депозита. Хозяева каждый хозяйка квартиры, придираясь, взяв с депозита деньги за естественный износ. Взяли с депозита за клининг по их словам за 12 часов работы (Квартира всего 38м² и в ней была проведена генеральная уборка перед выездом).\nПри въезде квартира не была идеально чистой.\nСами же за 3-4 месяца так и не починили текущие краны по всей квартире\nВернули 170е."}},{"type":"Feature","geometry":{"type":"Point","coordinates":[20.4540264,44.8119444]},"properties":{"name":"Карађорђева 69","description":"Karadjordjeva 69 stan 54 (на двери написано 1)\n\nБольшая квартира на последнем этаже, разедлённая на 2 части, каждая из которых сдаётся. Прожили там 3 месяца и пришлось съезжать, так как владельцы совершенно безответственный и не выполняют договорённостей, не могу придоставить документы для регистрации и не отвечают на сообщения по несколько недель.\n\nОсновная претензия - у них отсутствует id карта властника, что не позволяет прописаться в квартире (паспорт в МУП не приняли), а восстанавливать они её не хотели.\n\nПри заселении договаривались об установке посудомойки, но спустя 3 месяца ничего не поменялось.\n\nЧтобы вызвать дезенсектора, пришлось на них орать, так как другие формы они игнорировали (в квартире были тараканы)\n\nНе связывайтель с этими людьми!"}},{"type":"Feature","geometry":{"type":"Point","coordinates":[20.4756879,44.8124247]},"properties":{"name":"Кнеза Данила 4a","description":"Kneza Danila 4a, 28\nЧерез 3 месяца аренды подняли плату на 400 евро\n\nСогласились, жили 3 года, залог возвращать отказались.\n\nСами оплачивали поломки их старой техники и чистку кондея котрая даже не нужна была"}},{"type":"Feature","geometry":{"type":"Point","coordinates":[19.8205666,45.2395455]},"properties":{"name":"Булевар патријарха Павла 5","description":"Арендодатель, у которого 2 квартиры в этом доме.\n1. Игнорирование ремонта: При заселении в квартире были сломаны стул и дверь. Владелец обещал все исправить, но за год проживания ничего не сделал.\n2. Неадекватное поведение и вымогательство при выезде: Из-за съезда менее чем за месяц мы не претендовали на возврат депозита. Перед сдачей квартиры вызвали профессиональный клининг. Несмотря на это, хозяин, три часа удерживал вещи, кричал, ползал по шкафам и безосновательно требовал еще 15 000 динар сверху «за грязь».\n3. Обман и манипуляции с договоренностями: По нашей просьбе в квартиру был проведен интернет. При выезде хозяин требовать еще 35 000 динар за его отключение, заявляя, что сдает «строго без интернета».\n4. Давление и угрозы: Пользуясь тем, что у подъезда уже стоял оплаченный грузовик для переезда, а я находилась на 7-м месяце беременности, хозяин 3 часа кричал на мужа и угрожал вызвать полицию, пока не выжал из нас деньги.\n\nИтого при выезде с нас взял больше 65 000 динар, это больше стоимости квартиры в месяц."}},{"type":"Feature","geometry":{"type":"Point","coordinates":[20.4926412,44.7878894]},"properties":{"name":"Рада Неимара 34","description":"This was one of the most stressful experiences I’ve ever had. I rented this apartment while pregnant and was looking for stability and a long-term home for my growing family. From the very beginning, the landlord repeatedly suggested that we could leave if the apartment did not suit us (while i just asked simple questions and mentioned some things around the apartment that needed to be done), and that was the first hint. However, moving was not something I wanted to consider during pregnancy, so we made every effort to settle in and make the apartment work.\n\nWe paid our deposit, always met our obligations, and even invested our own time and money into the property. My father repaired several issues in the apartment himself. Unfortunately, whenever we raised concerns or requested repairs, which was their obligation to fulfill, we were often met with resistance. A simple request to repair a broken kitchen chair dragged on for a long time despite multiple reminders. After I followed up more firmly about unresolved maintenance issues, instead of addressing the problem, the landlord informed us that we should leave because the apartment supposedly did not suit us. We tried to discuss the situation and find a compromise, as we wanted to stay and avoid moving during my pregnancy. However, there was no willingness to negotiate. The landlord effectively shut down the conversation and gave us only two weeks’ notice to leave.\n\nAs a mother herself, I expected some understanding of how difficult it is to be pregnant and facing the prospect of moving on very short notice. Instead, despite knowing my situation, she gave us only two weeks to leave and showed no willingness to discuss a compromise. Being forced to search for a new home during pregnancy was incredibly stressful and emotionally draining.\nWhat should have been a time of preparing for our baby’s arrival turned into a frantic housing search and a great deal of unnecessary anxiety.\n\nAnother concern was the landlord’s attitude toward our privacy and tenancy rights. The rental agreement included a clause allowing the landlord to enter the apartment to inspect it whenever she wished.\n\nThe most disappointing part was the lack of empathy and humanity throughout the process. We treated the apartment with respect, paid on time, and tried to resolve issues reasonably. In return, we felt that our concerns were dismissed and our situation was given little consideration.\n\nCommunication was consistently difficult. The landlord was often dismissive, unapproachable, and unwilling to engage in reasonable discussions. Rather than working together to solve problems, interactions frequently felt one-sided, with decisions imposed rather than discussed.\n\nThe treatment we received was completely disproportionate to the price we were paying.\n\nI would not recommend this landlord to tenants looking for stability, reasonable communication, or a cooperative approach to resolving problems."}},{"type":"Feature","geometry":{"type":"Point","coordinates":[20.455152,44.8174206]},"properties":{"name":"Вука Караџића 20","description":"Осторожно с квартирой Вука Караджича д 20, кв. 4. \n\nВсе начиналось хорошо. Власница. Муж ее говорит по-русски очень хорошо. Она сама по-английски. Квартиру сняли за 550 евоо плюс такой же депозит. При этом в квартире подтекал душ, обнаружилась черная плесень за стиральной машинкой, которую власница нам хозяйка убирать самим. Это был первый звоночек, но мы решили, что ладно.\n\nРешили съехать спустя 1.5 года из-за начавшейся напротив стройки жилого дома. Уведомили за месяц, как положено. По договору должны были съехать 15 мая, но по факту квартиру освободили уже 1 мая, о чем хозяйке сообщили. Накануне нашего переезда приходил по договоренности ее муж. Посмотрел состояние квартиры, его все устроило. Договорились, что надо будет кое-где подкрасить стены (стены окрашены тонким слоем краски, которая от любого прикосновения остается на пальцах). Дефектов стен было около трех. У рабочего места (стулом царапалось) плюс у кухни (пару брызгов кофе). Димитрий сказал, что все окей. Договорились, что пригласим клининг и все расходы будут вычтены из депозита. Хотя по договору не сказано, что мы должны оплачивать клининг или покраску по износу.\nПлюс из депозита нам вычтут половину прожитого мая. Мы попросили сообщить нам заранее, сколько будет стоить клининг и покраска, чтобы решить, надо ли нам искать своих мастеров или передать уже все мастерам власницы.\n\nЦены в итоге никто нам не предоставил, хотя мы попросили аж в середине апреля об этом! Зато активно пытались сделать так, чтобы мы организовали и ремонт, и клининг, полностью игнорируя, что мы этим не обязаны заниматься и работаем, и договор еще не истек. Муж власницы на то, что у них маленький ребенок и жена снова в положении и в стрессе. И что вообще они будут не в городе, так что занимайтесь сами.\n\nВ итоге муж власницы по ценам только 14 мая в ультимативном харакиере. На покраску стен в квартире 45кв м выходит около 400 евро! Клининг минимум 100. И в итоге мы еще остаемся должны за коммуналку и половину месяца. Власница переобувается и говорит, что мы должны заплатить ей все это сейчас, а из депозита она взять эти деньги не может, типа это отдельный счет и к делу не относится. На все наши возражения начала отвечать откровенным хамством и указанием на то, что она местный житель и это ее страна, а мы никто.\n\nЧто она дала нам поручение убрать и покрасить квартиру, а мы не справились с этой задачей. И что все договоренности с ее мужем мы \"недопоняли\". Общалась очень неуважительно и убеждала нас, что мы оставили квартиру в ужасном состоянии (хотя фото, сделанные уже после нашего отъезда, этого не подтверждают). Написала на наши возражения, что мы не обязаны красить всю квартиру, что мы \"смелые писать такое\".\n\nНе рекомендую. Плюс откровенно говоря квартирка приземлье и 45 кв м не стоят 550 евро никак. Хозяйка еще и нервы.\n\n@soyjojo"}},{"type":"Feature","geometry":{"type":"Point","coordinates":[20.4930639,44.7982522]},"properties":{"name":"Булевар краља Александра 183","description":"Хочу предостеречь всех, кто сейчас ищет жилье в Белграде, от аренды квартиры по адресу Булевар краля Александра 183 (Bulevar kralja Aleksandra 183, sprat 5, stan 17). На первый взгляд вариант может показаться нормальным (хороший район, очень адекватное общение до подписания договора), но по факту — это ловушка, которая будет стоить вам нервов, здоровья и денег. Сами хозяева там не хозяйка по очень веской причине.\n\nНиже привожу объективные факты и причины, почему эту квартиру нужно обходить стороной:\n\n1. Неадекватный сосед снизу (просто сумасшедший пенсионер)\nЭто главная причина, почему там невозможно жить. Сосед снизу целенаправленно выживает арендаторов, потому что он сам хочет жить в полной тишине и желательно, чтобы вы вообще не включали воду и не смывали унитаз, потому что это ему мешает. В главной комнате нормальная звукоизоляция, но на кухне и в туалете ужасная звукоизоляция, и сосед использует низкочастотные звуки (около 29 Гц, а также звуки похожие на гул стиральной машины на отжиме, которые вибрируют вашу кровать в 2 или 3 часа ночи) и громко включает телевизор по ночам целенаправленно, чтобы не дать вам спать. Да, вот такой сумасшедший дом. Спать и нормально функционировать в квартире физически невозможно. Хозяева об хозяйка, но при сдаче квартиры, естественно, умалчивают.\n\n2. Финансовый обман и скрытые долги\nПеред внесением залога (депозита) владельцы уверяют, что по квартире нет никаких задолженностей. Однако с первой же квитанцией от Infostan я обнаружил старый долг в размере более 40 000 динар (то есть должен был оплачивать kamatu za kasnenje, хотя это не мой долг). Как это называется? По-моему, это можно квалифицировать как наглую ложь прямо с самого начала. Кроме того, текущие счета искусственно завышаются (примерно на 50 евро), а сменить навязанного интернет-провайдера вам не разрешат (счет за интернет идет по максимуму 5000 динар). Провайдер мтс. Решить какие-то проблемы с инетом вы сами не сможете, потому что при звонке провайдеру он будет вас идентифицировать и вы не будете знать ответы на простые вопросы, которые знает только лицо в договоре с провайдером.\n\n3. Техническое состояние и пустые обещания\nДо получения от вас денег вам пообещают исправить все недочеты. По факту:\nВ квартире постоянные протечки труб. Да, она реагировала на протечки, но мне кажется чисто из шкурного интереса, потому что затопить соседей значит самим потом выплачивать компенсацию соседям.\nСломанные розетки и проблемы с окнами (резиновая прослойка, которая не дает пыли, шуму и холодному воздуху проникнуть в квартиру) так и не были починены, несмотря на обещания до уплаты депозита. До уплаты депозита с вами будут общаться очень приятно. Как только вы уплатите депозит, вы сразу заметите изменение в поведение и в лице (будет торопиться и уже разговаривать не так дружелюбно).\nБонус: на террасе хозяйка летучие мыши (особенно летом это заметно (по вечерам и ночью, днем вы их не увидите, за исключением редких случаев).\n\n4. Полное неуважение со стороны арендодателя\nОтношение к арендатору исключительно потребительское. Общение происходит через дочь владелицы, которой абсолютно плевать на состояние квартиры. Любые подтверждения об оплате аренды приходится буквально выпрашивать. Они игнорируют проблемы, но как только вы решите съехать из-за невыносимых условий, начнут запугивать вас \"связями в полиции\", судами и проблемами на границе, чтобы выбить из вас оплату за следующие месяцы и повесить на вас свои старые долги.\n\nКроме того, имейте в виду, что вы будете иметь дело не с собственником квартиры напрямую, а с уполномоченным лицом (так что думайте наперед, нужна ли вам такая ситуация).\n\nИтог:\nКрайне не рекомендую связываться с этими людьми. Пусть сдают своим соотечественникам такое. Поберегите свои деньги и психическое здоровье.\n\nhttps://t.me/BlacklistserbiaChat/3394"}},{"type":"Feature","geometry":{"type":"Point","coordinates":[20.4009152,44.8341116]},"properties":{"name":"Тошин бунар 102","description":"Извините, будет немного сумбурно.\n\nДомик по адресу Тошин Бунар 102. Это частный сектор, за одним забором находятся несколько домиков, но своих номеров не имеют.\n\nВласник -молодой хозяйка лет 20, не имеет корректных документов на дом, из-за чего возникали проблемы при оформлении белого картона.\n\nАгент - женщина лет 40, либо родственница, либо друг семьи, лицо крайне заинтересованное и отстаивает интересы власника там, где он молчит.\n\nНа третий месяц аренды к нам приезжали в гости друзья (с разрешения власника), он и агент решили устроить просмотр состояния квартиры. По результатам просмотра агент угрожала нас выселить из-за того, что вещи лежали не на своих местах (например, нам не хватало стульев, и мы использовали диванные подушки как сидушки). Власник в это время молчал. Обещали прийти через пару дней, но не пришли.\n\nСейчас идет последний день месяц аренды, мы уже фактически съехали, предупредив об этом за оговоренный срок. Убрались с клинингом, договаривались о том, чтобы власник пришел на хозяйка и если его все устроит, вернул залог.\n\nВ оговоренное время не явился, звонки сбрасывал (именно сбрасывал).\n\nОн живет в соседнем домике, поэтому, зная что он у себя дома, звонил в дверь. Спустя некоторое время он вышел, мол, спал, а сейчас надо бежать на тренировку. Сказал, что должен прийти с агентом, когда ему будет удобно и не понимал, зачем нам при этом присутствовать.\n\nСобственно, мы дежурить в пустой квартире не можем, поэтому на следующий день он написал сообщение, что дом в ужасном состоянии, мы испортили ламинат, уничтожили ванную и что больше не имеет желания вести с нами дела. Чтобы вещей ваших вечером уже не было. (У нас, кстати, аренда оплачена до 10 июня).\n\nПолы до нашего заезда были в ужасном состоянии с длинными и глубокими порезами, ванная вся в извести. За время нашей жизни пол не был поврежден, а ванная стала значительно чище.\n\nСам домик, честно говоря, полная дрянь, даже при хорошем власнике не хозяйка. Проблемы с канализацией, отоплением, плесень. Они недавно выкопали куст во дворе, поэтому все муравьи перебрались через многочисленные дырки в ближайший домик - то есть туда.\n\nЕще власник читает хозяйка редко и наполовину, поэтому это тоже усложняет коммуникацию.\n\n@ocoru"}},{"type":"Feature","geometry":{"type":"Point","coordinates":[20.4802149,44.8056707]},"properties":{"name":"Челопечка 11","description":"Друзья,\nОтзыв Celopecka 11 приземье \nХочу сразу предупредить будущих арендаторов, особенно семьи с детьми: во время проживания создавалось ощущение, что живёшь не в квартире, а в музее, где тебя постоянно проверяют и оценивают. Общение с хозяйкой временами было очень напряжённым и сопровождалось чрезмерным контролем, криками и замечаниями по бытовым мелочам.\n\nКвартира сначала производит хорошее впечатление, но зимой возникли серьёзные проблемы с холодом и влажностью. В квартире было очень холодно, особенно возле внешних стен, температура ночью бывала 15 градусов. Во время дождей на внешней стене в спальне появлялась влага и начала выступать плесень за кроватью.\nПохоже, проблема связана с изоляцией стены изначально при постройке, однако перед заселением новых арендаторов стены, судя по всему, стены перекрашиваются, поэтому проблема сразу незаметна.\n\nТакже были вопросы с коммунальными расходами — зимой приходили очень высокие счета за электричество, какая-то проблема с передачей в данных и в результате в один месяц насчитали за три, собственно лендледи никак с этим не разбиралась\n\nОбщение с хозяйкой постоянно было стрессовым. Было много комментариев по поводу состояния квартиры, а реакция на обычные следы проживания казалась несоразмерной. При визитах хозяйка слишком контролирующе и заходить за рамки — например, лезла в холодильник, унитаз и кухню и делала замечания по поводу бытовых мелочей в личных зонах квартиры и балкона, постоянно нарушала личные границы и постоянно давила, при расторжении не вернула депозит аргументируя что нужно перекрасить стены, еще уборка и счета\n@elizaveta_tara"}},{"type":"Feature","geometry":{"type":"Point","coordinates":[20.4838978,44.8006309]},"properties":{"name":"Војводе Шупљикца 29","description":"Адрес: Белград, Улица војводе Шупљикца, 29\nСтудия неплохая и хозяйка была хозяйка, все хорошо за исключением, что человек обещал вернуть депозит и в момент возврата она вернула за место 300 евро -100 евро, сказав что надо оплатить коммуналку. Будьте аккуратнее и все чеки не отдавайте властникам\n@kariwtofu"}},{"type":"Feature","geometry":{"type":"Point","coordinates":[19.8362686,45.2603329]},"properties":{"name":"Краљевића Марка 8","description":"Адрес: Краљевића Марка 8, 16, Нови Сад\nВесь период проживания все было отлично, отвечали на любые запросы, что ломалось - чинили, помогали решать вопросы с соседями. Мы тоже вкладывались в квартиру. Перед переездом мы обновили - покрасили стены, заказали хороший клининг, но залог нам решили не возвращать, под предлогом того, что там нужно красить стены🤷🏽♂️\n@lyutyy_a"}},{"type":"Feature","geometry":{"type":"Point","coordinates":[20.4880629,44.8027315]},"properties":{"name":"Димитрија Туцовића 64","description":"Dimitrija Tucovica 64, hostel, вход слева от Havarija.\n\nПо началу все хозяйка относительно неплохо, несмотря на убитое состояние квартиры, тк нам сделали изьяву власника, контракт подписали, и также пообещали ремонт сделать в ближайшее время - обновить стан, кондиционер поставить итп. По въезду уже был сломан шкаф, шатались тумбочки, стиралка была вся в коррозиях, вещи нам красила, бойлер был очень маленьким и хватало его на 3-5 минут горячей воды (был забит камнем), батарея на кухне отвалилась.\nВ ходе жизни в этом апартаменте хозяева постоянно пытались хозяйка сумму аренды, несмотря на контракт и оговоренну сумму в 600евро. Так или иначе, \"реновированием\" хозяйка никто не занимался на протяжении двух лет, все только ломалось (ибо хозяйка уже сломано), а мы это чинили за свои деньги.\nБойлер постоянно забивался камнем, грел не воду, а камень внутри, и горячей воды хозяйка на несколько минут. Власник, что 2-3 минуты достаточно чтобы принять душ. На наши запросы позвать мастера, все время отнекивался, типа мастера сейчас нет, уехал итп. Это длилось ну ооочень долго. В итоге мастер пришел единожды, почистил этот бойлер, он поработал около месяца и снова забился камнем, перестал греть воду. Менять его они его так и не стали, и не решили проблему с камнем.\nБыли также постоянные проблемы с интернетом, он никогда не работал, а мы за него платили. Мастера также никак не могли прийти, а когда приходили - ничего не менялось. Выживали на мобильном, в общем, а проводить свой - еще одна дополнительная трата и ответственность по контракту. Крч, не подходит.\nА еще батарея на кухне, которая изначально была поникшей, окончательно отвалилась, ответственность за это разумеется переложили на нас. Как сказал власник - не хозяйка на ней сидеть 🤯 Кто в здравом уме садится на батареи? Тоже пытались переложить на нас финансовую ответственность, но у меня были доказательства в виде видео, которые я делал, когда мы только заехали.\n\nЛето хозяйка отвратительным, так как кондиционера не хозяйка, и они только и обещали, что скоро-скоро его поставят. В конечном результате, они его поставили на следующее лето, но под предлогом что мы теперь будем платить 650е в месяц, мы согласились ибо выхода уже не хозяйка, мы буквально умирали от жары.\nМолчу про зимы, которые мы там пережили - это хозяйка ужасно, тк отопления не хозяйка, батареи всегда были холодными. Они вроде бы включали их, но поверьте, этой температуры не хватит даже, чтобы руку погреть, там разница была в несколько градусов. Чаще всего они были холоднее комнатной температуры!\n\nПо итогу в этот дом еще решили завести толпы албанцев и китайцев, которые постоянно ломились к нам среди ночи в дверь! Как я понял, они прописывали в одном апартаменте около 10 человек. Таким образом на одном этаже хозяйка овердофига мигрантов. Они буквально дошли до того, что стреляли мелочь в падике или снизу на улице, сидели на лестничной клетке в огромном количестве, на каждом этаже! Это хозяйка ужасно - неприятные запахи, мусор в падике, постоянные крики, попытки пробраться к нам в квартиру! И что самое страшное, что они(хозяева хранили хозяйка от всех квартир просто на последнем этаже на стене - то есть любой мог буквально подойти и взять ключ от любой квартиры.\nЧто забавно, последней каплей была стиральная машинка, которая решила рвануть, залив весь пол и испортив вещи. На наши запросы обновить бойлер и стиральную машину они не отвечали, игнорировали сообщения, при личной встрече всегда обещали и пропадали. Когда бойлер и стиралка окончательно сломались, они обвинили нас, упрекнув что когда мы заезжали, все хозяйка рабочим, и мол теперь все эти траты на нас. Уже давно думали съехать, просто не хозяйка возможности, но теперь мы окончательно приняли решение, ибо постоянные обещания никак не сходились с действительностью, и ситуация только ухудшалась. Это был худший опыт в нашей жизни хахаха, но главное что мы живы!\n\nОбходите стороной этот хотел или хостел. Это ужасное место 😭😁 Есть еще много всего, что хотелось добавить, но не хватит симво"}},{"type":"Feature","geometry":{"type":"Point","coordinates":[20.4683607,44.8139804]},"properties":{"name":"Светогорска 25","description":"Белград, Светогорска 25, квартира 6. Властник Миомир. Фотографии объекта сделаны давно и каждый раз власник выставляет хозяйка и те же. Хотя плита давно не новая, а диван другой и тд.\nСнизу Сербска кафана, которая включает музыку иногда до 2 ночи. Властник ничего не делает с этим (возможно, и не может), но мы предупредили, что из-за этого съедем, за месяц. Тогда Властник сказал, что мы сломали диван и нужно купить новый, но не из депозита, а за наши деньги. Мы купили. А также купили новые стулья, так как старые действительно подрал кот. Депозит не вернул все равно, якобы мы плохо после себя покрасили стены. И попросил сверху ещё за сломанную ручку окна, хотя когда она сломалась, он сказал, ничего, просто окно старое, я не буду чинить, но это не ваша вина.\nВ итоге: квартира старая, без ремонта, в ванной воняет плесенью, снизу орет кафе, окна деревянные и не закрываются, входная дверь деревянная, старая и из-под нее дует, мебель на фотографиях не актуальная. Жили там год.\n@Asyamuza"}},{"type":"Feature","geometry":{"type":"Point","coordinates":[20.4557805,44.8058577]},"properties":{"name":"Др Александра Костића 14","description":"Белград, Доктора Александра Костича 14, двушка. Сегодня должны были подписать договор, но накануне в 10 вечера позвонил ошарашенный агент со стороны власника и сказал, что власник сдавать квартиру. Потому что я - женщина с ребенком и собираюсь жить там без мужчины 🤦🏻♀️ Хотя я дала им телефон своего текущего власника, у которого снимаю квартиру уже 3,5 года, для рекомендации.\n\nЯ встречалась и общалась только с агентом, всё десять раз обговорили, мужик адекватный. Но власник оказался хозяйка. Будьте осторожны.\n@irina_lozh"}},{"type":"Feature","geometry":{"type":"Point","coordinates":[20.6645602,44.8723723]},"properties":{"name":"Проте Матеје Ненадовића 7","description":"Адрес Панчево!!! prote mateje nenadovica 7 pancevo.\nСобственник не пойми кто 2 брата, один говорит ему подарили квартру, другой говорит это ему мама после смерти оставила. Счета комунальные оформлены на умершую мать. Заселили в квартиру, было очень подозрительно влажно в ней, пришлось топить на максимум чтоб высушить стены после свежей покраски. Рассказывали, что 6 лет никто не жил и т.д. Но правда оказалась иная. Спустя 1 месяц проживания квартира зацвела плесенью от пола до потолка, грибок фактически живет в стене и гипсокартоне, который красят перед каждым вьезжающим. Сантехника старая трубу прорвало в стене и она текла в спальню, устранить у них это не получилось так как нужно капиталить ремонт. Санузел- текло все что только может потечь, все стыки, трубы, душевая, кран, унитаз. Мы вынуждены были съехать. Залоговые нам 300 евро не отдали, угрожали расправой и полицией. Собственники 2 мужчины 2 метра рост, крепкие мужчины давят на то, что у них связи в Панчево и т.д.\nБудьте осторожны, при выборе этой квартры.\n@Lawyer_kmm"}},{"type":"Feature","geometry":{"type":"Point","coordinates":[20.4815532,44.7989259]},"properties":{"name":"Милешевска 40","description":"1. Под квартирой расположено место под аренду. Периодически там открываются кафе и тогда вы будете слушать одну и ту же музыку с утра до вечера (до позднего вечера). В последний раз туда заехали турки, музыку включали громко только пару раз.\n2. Власники меняют договоренности как им удобно. Мы предупредили их о отъезде за полгода и они сами предложили последний месяц в счёт депозита.\nВ последний месяц резко вспомнили, что по договору депозит возвращается после отъезда и попросили всё же оплаты.\n3. В последние полгода они перестали что-либо чинить. Постоянно приговаривали, что потом починят, после нашего отъезда. Естественно, часть поломок при отъезде вдруг стала наша виной.\n4. Бойлер очень старый и его никто не чистил более 5 лет точно (если вообще когда-то чистили). Он пожирает кучу электроэнергии. Чистить его они отказались, так же как и кондиционер.\n5. В период, когда сломалась стиральная машинка (много лет ей было, около 10) долго отрицали, что её надо чинить и менять. Просто утверждали, ято с ней всё в порядке. В итоге я с грудничком на руках месяц ходила к соседу стирать.\n6. При заезде квартира была очень грязная. Я такой грязи в жизни не видела в жилье. Муж прилетел раньше и снял квартиру без меня.\nПри этом на выезде мы заказали проф. клининг и хим чистку. Так это люди умудрились докопаться до паутины в углу! А между прочим, это был паучок Боря, который с нами давно стал жить и благодаря ему у нас перестали ползать разные насекомые по сан узлу. Я его берегла как могла.\n\nИ таких пунктов там просто куча. Сразу скажу, я изначально сказала мужу, что квартира в плохом состоянии и всё их поведение на протяжении аренды мне не нравилось. Муж стойко их выгораживал, что не могут такие интеллигентные люди плохо поступать. Мне его было очень жаль, когда ему эти \"интеллигентные люди\" сообщили, что депозит возвращать не будут.\n@margo2345"}},{"type":"Feature","geometry":{"type":"Point","coordinates":[20.387046,45.378224]},"properties":{"name":"Гундулићева 1","description":"Заехали денег за два месяца отдали\nХозяин, не отвечает больше 2 недель\nдокументы для смены адреса в ВНЖ не дал"}},{"type":"Feature","geometry":{"type":"Point","coordinates":[20.082394,45.050703]},"properties":{"name":"Треидјуник","description":"https://www.halooglasi.com/nekretnine/izdavanje-stanova/indjija-tradeunique-centar-namesten-odlican-s/5425644342931?kid=1\n\nулица Треидjуник 4, КВ 34\n\nДанный арендодатель в процессе проживания в его квартире не выполнил ни одно из наших договорённостей, условий.При въезде отсутствовали светильники которые он обещал установить в течение двух недель, был сломан фасад на кухне но так и не хозяйка ничего сделано плюс оформление белого картона осуществлялась не вовремя ссылаясь на то что у него нет времени ему некогда и он оформлял его когда ему вздумается,плюс вся мебель которая вроде выглядит неплохо оказалось поломанная все дверцы отваливались зеркало отпало душ не закрывался когда ему об этом сообщил ничего этого не хозяйка исправлено.Когда на кухне побежал кран он сказал что вызвал мастера,мастер так и не пришёл в итоге он пришёл сам попытался его починить но так ничего и не исправил. В итоге из того что должен был он делать как арендодатель не хозяйка ничего сделано.Мы решили съехать на что он нам заявил что мы прожили меньше года поэтому это нарушение договора и депозит не должен возвращаться плюс потребовала от нас сделать ему в квартире ремонт плюс восстановить так называемый мебель которая и так была сломана и мы ему сообщить должны были за полтора месяца что мы выезжаем.И на сегодняшний день депозит так и не вернулся, каждый день придумывая новые отговорки чтобы не возвращать депозит,может быть я бы плюнул на всё это но он мне заявил что мы обязаны ещё оплатить аренду пока он ищет жильцов\n\nВ договоре прописано 1,5 месяца,но если условия договора не выполняются одной из сторон его можно расторгнуть в одностороннем порядке.Фото к сожалению нет.Так как мы уже съехали.\n\nИрина Мельникова"}},{"type":"Feature","geometry":{"type":"Point","coordinates":[20.141672,45.593492]},"properties":{"name":"Чика Љубина 56","description":"Иван Рамович Ivan Ramovic. Город Нови Бечей, Чика Любина, 56. Человек просто не отвечает на звонки и сообщения.\n\nЯ снимал дом по этому адресу, в конце октября съехал\n\nЯ начал снимать в зимний период, и когда настало лето возникла необходимость платить за покос травы и уборку сада. Он уверял, что это будет 1500 динар в месяц, по факту выходило 5-6 тысяч (т.е. примерно 50 евро). Также на стене начала появляться плесень из-за того, что видимо где-то протекала крыша. Хозяин попытался свалить хозяйка вину на меня (правда не получилось). Ну и когда подошло время вернуть депозит - он просто перестал отвечать на звонки и сообщения. Это не смотря на то, что был заключён договор. Т.е. он не боится совершенно его нарушать."}},{"type":"Feature","geometry":{"type":"Point","coordinates":[20.640579,44.866594]},"properties":{"name":"Војводе Петра Бојовића 24","description":"Адрес: Панчево,ул. Петра Бојовића, 24. Цена 450 евро плюс коммуналка и интернет. Из плюсов: интернет был на хозяйке,на хозяйка все. Впритык с домом,в 2метрах от окон стоит кафе Кула, совершенно неприметное и с минимумом гостей в будни. Кула все выходные выдает басы до утра. Как сказали жильцы дома,сербы,там хозяин кому то хозяйка и это единственное заведение,которое работало даже в ковид. В квартире вы в это время не то что спать,просто находиться не сможете,гремят стекла и подпрыгивают тарелки. Были вызовы полиции, и она могла их как то утихомиривать,но не раньше 2 ночи.Но постоянные вызовы полиции выматывают. Хозяйке говорили об хозяйка,она делала удивленный взгляд и говорила,что вы первые,кто говорит о шуме.Второй момент:все оформление документов было из под пинка,все доверенности на белый картон оформлялись у нотариуса без нас и стоимость мы знали только со слов хозяйки и оплачивали ей в полном объеме,никаких пополам. Третий момент всплыл в течении первой недели: холодильник работал на t*19-21. То есть,это не холодильник,а полка для еды. На нашу просьбу починить,залить хладагент,ответ хозяйки был: через неделю прийдёт к вам муж и посмотрит,что можно сделать. Но,при условии,что он не мастер,мы понимали,что ничего не решится. Мастера хозяйка отказывалась вызывать на все неисправности. Хотя до подписания говорила,что в процессе решит в ближайшие дни.Жалюзи,душ,бойлер,все на нас спихнуть хотела.Четвертое: хозяйка говорила,что она супер чистюля и просит держать в чистоте квартиру. Но,ее чистота только на словах. Вокруг диванов пыль в 2пальца,ковер вообще не знал чистку.И в власник приходил в квартиру в обуви,от чего у меня дёргался глаз. Потом я поняла,что она искала тех,кто отмоет квартиру. Ещё момент,стены были видно закрашены и у меня было подозрение,что скрывали плесень по характерным проявляющимся пятнам. Но проверять наверняка мы не стали и съехали в первый месяц. Также отсутствие квитанции в почтовом ящике списывала на наше воровство. Хотя подъезд не закрывается на ключ и почтовый ящик тоже без ключа. И квитанцию могли взять кто угодно,молодеж,цыгане или не не принес ещё почтальон. Потом,уже через месяц после съезда,она звонила нам и говорила,что мы сменили пароль на вай фай и она не может войти. Хотя такого мы не делали. Во время съезда мы не рассчитывали на возврат депозита,не хотели тратить на это нервы. А вот хозяйка рассчитывала,что мы оплатим коммуналку и интернет сверх депозита. При условии,что у нее центральное отопление,цифра,наверное,должна быть не малой. Но муж сказал ей,у вас есть депозит,гуляй на все,на большее рассчитывать не придется. Это месяц аренды,когда ты отдал деньги и весь месяц решаешь какие то косяки и проблемы,живёшь без полноценного сна от шума. Для взрослых людей с напряжённым графиком работы это сомнительное удовольствие,не рекомендую.\n\nhttps://t.me/BlacklistserbiaChat/2437"}},{"type":"Feature","geometry":{"type":"Point","coordinates":[20.665662,44.872159]},"properties":{"name":"Краља Милана Обреновића 18","description":"Панчево, Краля Милана Обреновича, 18, кв. 16, 18 и 20\nСаша Петрович\nИмеет три черные квартиры на надстроенных этажах многоквартирного дома\nКвартиры небезопасные для проживания, не приняты службами не внесены в кадастр\n\nЗаплатили задаток 350 евро, прожили два месяца (за каждый платили 350 евро плюс коммуналка) и сказали, что планируем уехать через неделю, поэтому следующий месяц оплачивать не будем, тк вносили задаток. Он сразу стал выгонять нас (меня, мужа и детей 9 и 11 лет), он хотел меня ударить (сам мастер спорта по боксу и ведет в Панчево спортивную секцию бокса). Мы вызвали полицию. Она его утихомирила, но задаток он все равно не вернул. Мы уехали, тк он вел себя крайне агрессивно. У меня есть его фото и даже я сняла видео конфликта 🤣\n@aspodlesn"}},{"type":"Feature","geometry":{"type":"Point","coordinates":[20.455147,44.778724]},"properties":{"name":"Боривоја Дробњаковића 1","description":"⚠️ Осторожно с квартирой в Дединье / Savski Venac\n(Borivoja Drobnjakovića 4/4, рядом с Teodora Drajzera). Хозяин.\n\nЖила там почти 3 года. Коротко, что было не ок:\n\n— хозяин в том же подъезде и приходил по любому поводу очень часто (счета, проверки и т.д.)\n— в начале заходил в квартиру, пока меня не было дома\n— очень тяжелая коммуникация: почти на любую просьбу ответ «нет»\n— нельзя двигать мебель по договору\n— договор нетиповой и очень «хитро» составлен — читайте внимательно каждую строчку\n— проблемы в квартире годами не решались: запах из санузла, плохая электрика, старая кухня\n— любое улучшение квартиры сопровождалось разговорами про повышение аренды\n— гости — тоже повод обсуждать повышение аренды\n— постоянное ощущение контроля и давления\n\n⚠️ Самое неприятное — депозит.\n\nПосле выезда неделю торговался со мной за каждую мелочь и пытался удерживать деньги в том числе за время, пока сам затягивал переписку. В итоге удержал большую часть депозита под предлогом кухни, которую я просила заменить больше года.\n\nСовет:\n📹 всегда снимайте подробное видео квартиры при въезде (царапины, мебель, стены, столы и т.д.)\n📄 внимательно читайте договоры, даже если очень устали и срочно нужно жилье.\n\nНе могу сказать, что опыт был полностью плохим, были и нормальные моменты, например, без проблем зарегистрировал ИП и белый картон тоже всегда оформлял. Но второй раз я бы туда не заселилась.\n\n@tat_dym"}},{"type":"Feature","geometry":{"type":"Point","coordinates":[20.448582,44.796336]},"properties":{"name":"Булевар војводе Путника 12А","description":"Добрый день!\nХочу попросить внести в чёрный список квартиру находящуюся по адресу: Beograd, Bulevar Vojvode Putnika, 12A, stan 3.\nМы еле дожили в ней год, чтобы нам вернули залог. Залог не вернули конечно. Мужа силой вытолкнул хозяин из квартиры когда тот попытался получить от него подтверждение что никаких нареканий на квартиру нет. Хозяин. Вся техника старая от 15 лет и старше, выдаёт за новую в объявлениях на сайтах. Всю технику в случае поломок обязан менять арендатор. Сейчас мы с ним судимся. По словам соседей никому никогда залог не возвращался.\n\n@katricher"}},{"type":"Feature","geometry":{"type":"Point","coordinates":[20.455075,44.81267]},"properties":{"name":"Гаврила Принципа 20","description":"Добавьте, пожалуйста, в черный список. Белград, Гаврилы Принципа 20, кв. 1. Хозяин очень хозяйка. В квартире плесень, постоянная влажность, зимой холодно, летом душно, несмотря на кондиционер. Душ и туалет оборудованы на подиуме высотой 80 см, пользоваться можно только с риском для жизни, благодаря этому сооружению у соседа в кв. 2 каждый год бывает потоп из канализации. Хозяин в квартире свои вещи и инструменты, постоянно приходил без предупреждения в мое отсутствие, копался в шкафах, искал свои вещи. На замечание не открывать квартиру без меня очень обиделся и кричал, что он не вор. После того, как предупредила за месяц об окончании аренды, в мое отсутствие проник в санузел и пустил воду, обвинил меня в том, что из за потопа проржавела стиральная машина( типо за 2 дня, ага), и вздулись шкафчик и зеркало. Посчитал все царапины за диваном и не вернул залог 350 евро. В общем, держитесь подальше от этого деда, не рекомендую.\n\n@Svetlana240869"}},{"type":"Feature","geometry":{"type":"Point","coordinates":[20.500377,44.762995]},"properties":{"name":"Војводе Влаховића 12","description":"Здравствуйте.\nИстория. Сняли квартиру на Vojvode Vlahovica 12. Заплатили депозит в размере 2х месяцев. Прожили год. Предупредили за месяц. Сказали возьмут из депозита. Ок. Потом мы вызвали клининг. Оставили чистой до скрипа.\nНе отдала депозит, сказав, что мы обязаны еще побелить вся квартиру. Это типо все делали ее предыдущие жильцы. А ремонту простите лет так 10(((\nСтиральная машинка открывается отвёрткой. Кондер не работает.\nИ везде отходят плинтуса. Так как мы когда приехали не было вариантов с 3 спальнями пришлось взять это. Цена 900 евро😱 за месяц. Мансарда со скошенным потолком. Так что живёшь посередине.\n\n@saya_kakis"}},{"type":"Feature","geometry":{"type":"Point","coordinates":[20.471002,44.804037]},"properties":{"name":"Алексе Ненадовића 36","description":"Здравствуйте, в черный список.\n\nБелград, Alekse Nenadovića 36, квартира 2, врачар.\n\nОтказались вернуть залог при следующих условиях:\n\n- Квартира не соответствует тому, что заявлено в объявлении: по факту оказалось, что это часть в квартире (две комнаты и гостиная соединенная с кухней) тк одна и так небольшая кв поделена на две и обе сдаются, по сути вы живете в одной кв с незнакомым человеком, просто в разных комнатах и конечно же, об этом никто не предупреждает.\n- плесень, влажность под 100. квартира находится в подвале и при любом дожде/снегу появляется плесень практически на всех стенах, с окон буквально льется вода, стены влажные, плесень растет даже в шкафах с вещами, на что владелица советовала протирать сухой салфеткой, а при выселении сообщила, что мы разлили что-то в квартире, из-за чего плесень и появилась.\n- отсутствовал домофон, нормальный холодильник, и сплит.\n- от влажности в двух комнатах начала облезать стена (приложу фото) и так же ощущалась очень мокрой, а у соседа и вовсе обвалилась.\n- тараканы весной/летом. в доме есть два внутренних дворика и весной оттуда в квартиры полезли толпы тараканов.\nВАЖНО: Владелица при заселении заявляет, что плесени нет и проблем с ней никогда не было.\n\nВся коммуникация до выселения казалось нормальной, владелица казалась хорошей женщиной, но как только сообщили о выселении начались придирки и выдумки, лишь бы не возвращать залог - с таким состоянием квартиры претензии к торчащим из дивана ниткам, откровенное вранье, попытки забрать ключи когда еще месяц жизни оплачен и отказ вернуть залог.\nДополню: владелица планирует заштукатурить стену и сдавать дальше, не сообщая о всех этих проблемах и с её слов ищет только арендаторов-россиян, аренда 600 евро\n\nhttps://t.me/pblchu"}},{"type":"Feature","geometry":{"type":"Point","coordinates":[20.508207,44.761732]},"properties":{"name":"Mate Miloševića 5","description":"30.06.2025 я заехал в квартиру Мате Милошевича (Mate Milosevica) 5, 28. Заезжал в спешке, поэтому закрыл глаза на отсутствие договора. Было устно обговорено, что месячная почта 300 евро, депозит 150 евро. Когда я в первый раз приехал смотреть квартиру, мне она сразу же понравилась и я оставил часть суммы - 6000 динар. Видео и фото не было, договоренности на бумаге тоже, все в переписке и на телефонном звонке (редфлаг). Власница не хотела подписывать договор, четкого ответа не дала. Возникли из-за этого проблемы при открытии внж.\nВ квартире все самое дешевое, вся мебель, гарнитура, сантехника, что показывало скупость и экономию владельцев. Из-за этого часто были протечки, поломки. Сначала они с мужем все чинили, а потом предъявили мне обвинения, что это я должен все чинить, потому что это я живу в квартире (конректно: протекал и продолжает унитаз, сломался водонагреватель, заклинило входную дверь, протекал и ржавел кран с раковиной от чего появилась плесень). «Я не самостоятельный арендатор, который слишком часто просит чинить вещи, а должен сам».\nСледующий инцидент с передержкой собак. Я заранее спросил разрешения на содержание двух щенков. Обьяснил, что это временно и никакого вреда квартире они не нанесут. Мне разрешили, цитата из переписки: «Хоть крокодила заводите)) главное, что бы квартиру сдали при выезде в том же состоянии как была при въезде.» Но через месяц, когда муж Инны пришел чинить дверь (я просто не мог зайти домой, хотя до этого жаловался на поломку замка ей. Они знали, что все двери в покосившемся доме плохие и эта проблема есть. Мне дали лишь совет использовать второй замок. Дверь захлопнулась сама, без закрытия на какие-либо замки.) он устроил скандал и ругань из-за «разведения собак в квартире». С его слов, они не давали разрешение, щенки слишком вонючие и на нас будут жаловаться соседи». На все у него был аргумент «а если соседи пожалуются и вызовут коммунальную полицию?». (Я помогал как петситер за бесплатно держал двух щенков пока они не найдут свой постоянный дом и хозяев. Они жили в вольере с клеткой, под пол постелили строй пленку не промокаемую, детский коврик и пеленки. Они никак физически не могли испортить что-то в квартире. От соседей за месяц не поступила ни одна жалоба.). Под этим предлогом ме сказали, чтобы я сьезжал, у меня есть время до мая.\nЯ нашел другую квартиру, переехал и начисто отдраил старую квартиру, чтобы вернуть в прежнем виде.\nНо сегодня 29.04.2026, когда я сдавал ключи Инне, она отказалась сразу возвращать депозит, «коммуналку за апрель оплачу, потом остальное верну через месяц». Я наивно согласился, отдал ключи и квитанции за март. Потом до меня дошло, что в таком положении она может легко меня заблокировать и забыть, поэтому я вернулся спустя через пару минут. Я предложил вычесть из 150е депозита 100е на коммуналку (по мартовским квитанциям понятно, что этого хватит сполна), она согласилась.\nПозже она удалила весь чат.\nНе рекомендую\n\n@tatitatatita"}},{"type":"Feature","geometry":{"type":"Point","coordinates":[20.464737,44.806425]},"properties":{"name":"Краља Милана 27","description":"Отзыв. Квартира на Краља Милана 27, кв. 11, Врачар, Белград.\n\nМы с мужем прожили в этой квартире больше года — с марта 2024 по май 2026. Пишу подробно, потому что хочу чтобы люди знали с чем могут столкнуться.\nСостояние при въезде\nПри въезде нам сказали что был сделан ремонт. По факту вся квартира была покрыта кошачьей шерстью от предыдущего жильца, на которую у меня аллергия — полная уборка заняла пару месяцев. Стены грязные с пятнами, краска возле балкона осыпалась и отслаивалась, выключатели в неудовлетворительном состоянии, провод от плиты за холодильником был в аварийном состоянии и впоследствии едва не привёл к пожару. Акта приёма-передачи при въезде составлено не было. Хозяева показались хозяйка и обещали вернуть депозит и устранять поломки по мере их возникновения. Присутствовал риелтор. Всё общение шло с внучкой владелицы — она говорит по-английски, сама владелица пожилого возраста английским не владеет.\nЧто ломалось\nИнтернет был заявлен как включённый в стоимость аренды — не работал почти год, обращения игнорировались. Стиральная машина возрастом около 20 лет сломалась — новую в итоге купили хозяева, но устанавливали мы сами. Выключатели периодически выходили из строя — меняли за свой счёт. Однажды зимой появилась плесень — убирали самостоятельно. Провода от ламп были настолько старые что пластик буквально крошился и трескался в руках. Провод от кухонной плиты, спрятанный за холодильником, оказался в критическом состоянии — около месяца на кухне пахло горелым пластиком, пока не выяснилось что прогорает именно эта проводка.\nЗа время проживания мы за свой счёт восстановили и покрыли лаком барную стойку, починили осыпавшуюся краску возле балкона, покрасили загрязнённые участки стен, купили новый держатель для душа, заменили уплотнители на входной двери и заменили настенные светильники. Всё это выходит за рамки обязанностей арендатора по договору — и не понадобилось бы если бы ремонт действительно был сделан перед въездом.\nИстория с выездом\nЗа полтора месяца до окончания договора мы письменно уведомили о выезде. Я предложила зачесть депозит в счёт последнего месяца аренды — тем более что владелица уже бывала у нас дома когда вызывала мастеров и видела что с квартирой всё в порядке. Я также предложила ей прийти и осмотреть квартиру ещё раз при желании. Этот вопрос я обсуждала с внучкой владелицы как обычно — она изначально была согласна, но сказала что уточнит у сына владелицы. На этом всё и началось.\nВнезапно появился сын владелицы — человек не являющийся стороной договора, не общавшийся с нами более года и не присутствовавший при подписании договора. Он начал присылать агрессивные сообщения заглавными буквами, обвинял в неоплате и называл сроки которых нет ни в одном из подписанных договоров. Когда я пыталась объяснить ситуацию или задать вопросы по поводу окончания аренды и депозита — отвечал в духе «не вступайте в ненужные дискуссии».\nВ тот же вечер без какого-либо предупреждения к нам домой явилась владелица — пожилая женщина лет 70-80 — и отказывалась уходить без денег, заявив что депозит вернут только в середине мая. Это прямое нарушение договора, по которому визит возможен только после 48-часового уведомления, а депозит возвращается в день передачи ключей.\nЗатем началось давление по поводу депозита в размере 520 евро. Основания для удержания постоянно менялись: сначала речь шла о покраске стен (которые мы сами же подкрашивали за свой счёт), потом заявили что счёт за электричество за апрель якобы составит 450 евро — без каких-либо оснований, потом потребовали чтобы я лично сопроводила их в электрокомпанию разбираться почему у нас невысокие счета.\n\n@sash4sh\n\nПродолжение отзыва: https://telegra.ph/Kvartira-na-Kra%D1%99a-Milana-27-kv-11-Vrachar-Belgrad-05-01"}},{"type":"Feature","geometry":{"type":"Point","coordinates":[20.416588,44.778924]},"properties":{"name":"Жарка Вуковића-Пуцара 11","description":"Адрес: Žarka Vukovića Pucara 11, stan 15. Этот дом стоит прямо в парке Баново Брдо. Настоящий владелец в Америке и всеми вопросами заведует его мама - Споменка (у неё есть доверенность на это).\n\nЧто случилось: Хозяйка постоянно хозяйка предлогами просила деньги вперёд на несколько месяцев. И мы всегда шли ей на встречу. Но когда она в очередной раз отказалась что-то делать по квартире, мы решили, что хотим следовать нашему договору и не платить так на много вперёд. Конфликт начался, когда у нас было оплачено на 2 месяца вперёд, а она захотела ещё денег, так как у неё день рождения. Мы отказались и она начала развивать конфликт. Мы заезжали в квартиру 15 числа, и у нас в договоре написано, что мы должны платить на месяц вперёд до 15 числа текущего месяца. Сначала она начала говорить, что мол нет, мы ей должны платить с 25 по 1 числа предыдущего месяца. Мы сказали, что это почти на 2 месяца вперёд и мы не согласны. После этого она сказала, чтобы мы съезжали с квартиры. Мы начали искать новое жильё и тут началось самое интересное. Она заявила, что мы оплачиваем не с момента заезда в квартиру (то есть с 15 по 15 число в нашем случае), а помесячно. Мы были возмущены и даже ходили к адвокату. Наш адвокат сказал, что если в договоре не указано слово \"расчётный период\", то по сербским законам считается, что мы платим помесячно и доказать обратное не удастся. Также адвокат отметил, что наш договор изначально составлен так, чтобы при выезде оставить нас без штанов. В договоре также был указан 2-х месячный период на выезд, а это значит, что несмотря на то, что новую квартиру мы нашли буквально в течение недели, оплатить нам пришлось все 2 месяца. И, естественно, она нам не вернула депозит 700 евро, хотя квартиру мы оставили в очень хорошем состоянии. Таким образом мы потеряли около 2000 евро на выезде из этой квартиры. Также надо отметить, что все эти 2 месяца она активно трепала нам нервы, постоянно написывала, угрожала полицией, хотела, чтобы мы заплатили еще сверху 700 евро за покраску стен, физически выехали раньше на месяц, чтобы мастер смог покрасить стены, но при этом заплатили бы за этот месяц. Надо признать, что красные флаги от неё были давно. Она каждый раз при встрече подчёркивала, что мы не найдём с нашими животными хорошее жильё, это она такая единственная добрая пустила нас. А также, что этот дом строился для профессуры и квартира - вип-жилье. Что видели мы - очень старую мебель, отсутствие кондиционера в спальне, текущую крышу и 5 этаж без лифта.\n\n☝Отдельно отмечу, что сейчас эта квартира выставлена на продажу. Но будьте осторожны: квартира не укнижена и у неё большие проблемы с крышей, в сильный дождь она течёт в двух местах. Власница просто замаскировала протечки покраской стен и пытается надуть теперь и новых владельцев. Мы уверены, что после того, как ей не удастся быстро продать квартиру (а ценник она поставила 275000 евро), она снова попытается сдать квартиру.\n\n@Olga_Karpushina"}},{"type":"Feature","geometry":{"type":"Point","coordinates":[20.487494,44.799998]},"properties":{"name":"Гајева 2","description":"📍 Белград, Gajeva 2, квартира 7\n\nКвартира в целом достаточно хорошая, но абсолютно неадекватная властница. При заселении сказала, что потеряла ключ от домофона, выдала металлический от замка, который еле работает. Ключ от почтового ящика тоже не выдала, но агрессивно газлайтила, что все мне отдала и на мои просьбы говорила обратиться за помощью то к соседям, то к риелтору (где он должен взять ключи от ее почтового ящика — вопрос).\n\nЧерез неделю проживания я убедилась, что сломана стиралка, написала об этом властнице, на что получила порцию хамских сообщений, что у нее есть и свои дела, кроме как разбираться со мной. Также газлайтила меня, что я просто не умею включать стиралку и писала \"попроси своих приятелей тебе помочь\", все кроме того чтобы вызвать мастера. После этого она связалась с моим риелтором и устроила скандал, что я не даю ей покоя (я написала ей 3 раза за 2 недели, потому что мне буквально не дали все ключи и была поломка).\n\nВ тот же день заявилась ко мне в квартиру, с порога нагло зашла и села за стол без приглашения войти и начала кричать на меня, как я ее достала постоянно названивать \"день и ночь\", высералась криками на меня минут 20, зная, что я почти не понимаю сербский, после чего попыталась пойти на диалог. После моих слов, что у нее есть обязанности, как у лендлорда и починить технику — это ее ответственость, рассмеялась мне в лицо и заявила, что она адвокат. Пришлось очень настойчиво просить ее уйти, и разорвать контракт. На расторжении делала вид, что ничего об этом не знает. Максимально не советую связываться, не смотря на хорошую квартиру\n\n@kseniia_lok"}},{"type":"Feature","geometry":{"type":"Point","coordinates":[20.472395,44.81759]},"properties":{"name":"Цариградска 8","description":"Хочу оставить отзыв о квартире по адресу Carigradska 8, stan 3, чтобы предупредить будущих арендаторов о нюансах.\n\nСама квартира хорошая: хороший район, нормальное состояние, за 3 года проживания нас практически не беспокоили. Из минусов — в одной из комнат рядом частный дом, иногда бывает шумно от соседей. Также летом очень жарко в одной из комнат, кондиционер туда хозяйка отказалась ставить даже за наш счёт.\n\nГлавная проблема — история с депозитом.\n\nМы прожили с женой 3 года. За всё время любые поломки чинили за свой счёт, потому что позиция хозяйки была хозяйка: «сломали — чините» (даже когда поломка буквально не по нашей вине). Перед выездом сделали полный клининг за свои деньги, вернули мебель на места, привели квартиру в максимально нормальное состояние.\n\nЕдинственный реальный наш косяк — в комнате с рабочим местом стулом немного содрали побелку со стены. Мы были готовы это оплатить без вопросов.\n\nДепозит был 1300€. При выезде хозяйка депозит не хозяйка, сказав, что сначала всё посчитает и потом отдаст остаток.\n\nДальше началось интересное:\n— покраска стены — 500€\n— замена крана — 600€ (хотя кран был в таком же состоянии ещё при заселении; аргумент — «вы должны были чистить его от камня внутри»)\n\nВ итоге депозит не вернули вообще. Сейчас ещё идут намёки, что могут появиться дополнительные претензии сверху депозита — например, по плитке.\n\nПоэтому если будете арендовать эту квартиру — очень советую:\n— максимально подробно фиксировать состояние квартиры на фото/видео при въезде\n— отдельно письменно фиксировать состояние техники и сантехники\n— быть готовыми к проблемам с возвратом депозита\n\nК самой квартире претензий меньше, чем к подходу хозяйки.\n\nhttps://t.me/BlacklistserbiaChat/3303"}},{"type":"Feature","geometry":{"type":"Point","coordinates":[20.421538,44.82277]},"properties":{"name":"Bul. Mihajla pupina 10 ž","description":"Всем привет!\nНовый Белград, бул. Михайла Пупина 10 ж,кв. 423\nЧто касается самой квартиры,то она норм. Проблема во власнике.\nПри заезде в квартиру власник написать два договора: один с ценой сдачи 300 евро, другой -реальный(с целью не платить налоги). И первый был только в единичном экземпляре,и он очень не хотел давать нам его сфоткать,не говоря уже о копии.\nВ квартире не было клининга,которого он обещал( нам было важно,потому что въезжали с 4месячным малышом). В итоге отмывали все сами.\nВо время нашего пребывания в квартире власник не мешался. Но,когда пришло время съезжать из нее- началось интересное.\nМы за 2 месяца оповестили его об этом ( у нас как раз подходил срок конец аренды). За 2 недели до съезда он приехал с блокнотом и ручкой,записывал каждую царапину,каждый косяк. Проверял все,вплоть до основания кровати и ящиков в холодильнике. На подоконник разлилась вода и он моментально вспух немного. При осмотре он его сломал и сказал,чтобы мы его заменили. Было оговорено,что мы частично покрасим стены и заменить некоторые мелочи. Договорились,что все сделает сам,просто вычет из депозита. Должно было быть 400 евро.\nНо через пару дней он пишет,что цена поменялась,потому что его мама сказала,что необходимо перекрасить всю квартиру. Плюс вызвал дип клининг,двух женщин,которые убирались сутки (20 тыс. Динар).Мы перед съездом оставили чистую квартиру.\nПлюс за наш счёт он решил заменить систему для регулировки ролставнями( хотя до нашего заезда она была изношена).\nИтого,ремонт обошёлся больше 1000 евро.\nКогда пришло время возврата депозита( при въезде он взял с нас двойной депозит),он пытался доказать,что он брал только один. В данной ситуации нас спасла фотка фейкового договора,который он нам не хотел давать сфоткать. В итоге вернул деньги,но частями и не сразу,а через неделю. Вторую часть вообще оставил охраннику дома..\nНе рекомендуем снимать данную квартиру,если не хотите себе геморроя с власником.\n\n@Anantonova"}},{"type":"Feature","geometry":{"type":"Point","coordinates":[20.364929,44.808257]},"properties":{"name":"Магеланова 15","description":"Адрес: Новый Белград, Магеланова 15, кв.5\n\n1. Квартира расположена над электросчетовой постоянное превышение ЭМФ (зафиксированно прибором). При норме до 0.4 мкТ в квартире постоянно 0.85 - 1,2 мкТ...\n\n2. Хозяин депозит + аренду за последний месяц.\n\nКогда съезжаете ни депозита, ни оплаты за последний месяц не возвращается. Всё забирает себе. Объясняет это тем, что ему нужны деньги и он ничего не собирается возвращать!\n\nЧасто приходит и показывает старые дефекты квартиры и пытается \"повесить\" их на Вас. Когда показываешь фото, когда заезжал вопросы отпадают. Но попытки постоянные.\n\nХозяин неадекват, хопуга и ворюга, ищет способы нажиться на квартирантах.\n\nНе рекомендую.\nПрошу добавить в ЧС\n\n@Trasport_plus"}},{"type":"Feature","geometry":{"type":"Point","coordinates":[19.798057,45.252021]},"properties":{"name":"Браће Дроњак 13","description":"Арендовал комнату в квартире по адресу: Novi sad, Braće Dronjak, 13, 66.\n\nЗаезжал 21.08.2025, перед заселением договорились, что ежемесячная оплата будет 150€ (позже договорились на эквивалентную сумму в сербских динарах), коммуналка включена была в эту сумму. Платил каждый месяц, иногда бывали задержки на несколько дней, о чем я предупреждал заранее (всё согласовывали).\n\nДоговор аренды и БК арендодатель не предоставляет. В марте этого года я потерял основной источник заработка (аренда была оплачена 25.03.2026, на месяц) и начал искать возможность, чтобы съехать. С владельцем договорились, что 16.04.2026 я дам четкий ответ - останусь ли дальше или съеду. В итоге я нашел работу с проживанием в селе (большую часть вещей перевёз).\n\nИ тут началось: Ты мне денег должен - плати за полный месяц. Он начал давить и требовать оплаты - общение шло через Viber. На текущий момент жильё оплачено до 21.04.2026. Отдельных договоренностей по какой-либо оплате ещё за месяц не было.\n\nВладельцу я предлагал встретиться лично и все обсудить, он не хочет разбираться в ситуации и его основная цель стрясти деньги. Теперь в общении с ним нет смысла. Часть вещей оставил в квартире и возвращаться не планирую.\n\nКлюч с письмом я сегодня закинул в его почтовый ящик в доме, контакты заблокировал.\n\nОтдельно добавлю, что в квартире свинарник и моя попытка хоть как-то очистить квартиру не увенчалась успехом (я чистил, владелец дома хозяйка). Несколько раз в неделю к владельцу дома приходит сын (7 лет) и становится шумно (звукоизоляция слабая). Квартира прокурена и владелец как на кухне, так и в туалете.\n\nДобавлю, что владелец квартиры - хозяйка с птр (со всеми вытекающими), с синдромом недостатка внимания, непонимании принципа совместного проживания с квартирантом.\n\nНе рекомендую.\n\n@aglobal_citizen"}},{"type":"Feature","geometry":{"type":"Point","coordinates":[20.473403,44.819278]},"properties":{"name":"Кнез-Милетина 41","description":"Всем привет! Хочу поделиться нашей историей аренды квартиры по адресу Кнез-Милетина 41.\nhttps://cityexpert.rs/ru/properties-for-rent/belgrade/51074/25-rooms-apartment-knez-miletina-stari-grad\nМы прожили там год (я, муж и ребёнок, родившийся уже после заселения), аренда — 1000€.\nТекст сокращён через chat GPT, ибо там целый роман)\n\n1. Мы изначально искали тихую квартиру и прямо сказали об этом хозяйке. Она уверяла, что район спокойный. По факту окна обеих спален выходят на бары — весь год был шум, особенно летом, когда музыка могла играть до 1–2 ночи.\n\n2. В объявлении было указано парковочное место за 100€, что было для нас принципиально. На деле оказалось, что место ей не принадлежит — пришлось самостоятельно договариваться и платить 140€ в месяц.\n\n3. Дом примерно 2008 года, и ремонт, судя по всему, с тех же времён. На первый взгляд всё нормально, но в процессе начали проявляться проблемы:\n— телевизоры старые, работает только один и без смарт-функций (покупали приставку сами);\n— холодильник постоянно пищал;\n— кондиционер только в зале и очень шумный, при жаре выше 30° не справлялся (купили напольный за свой счёт);\n— унитаз плохо смывал и был плохо закреплён;\n— стиральная машина с ржавчиной и плесенью — чистили сами;\n— кровать скрипела;\n— кожаный диван, отреставрированный после прошлых жильцов, начал трескаться практически сразу, хотя использовался в обычных условиях всего двумя людьми.\n\n4. В какой-то момент начались проблемы с интернетом. Хозяйка обратилась к провайдеру, но сказала, что если не починят — можем поставить свой интернет за свой счёт, при этом продолжая платить за её тариф. К счастью, интернет всё же починили.\n\n5. Общение с хозяйкой было неприятным: длинные сообщения с угрозами выселения, претензии, если не отвечали сразу в рабочее время.\n\n6. Депозит: из 1000€ вернули только 300€, и то после длительной переписки. Удержали:\n— 350€ за покраску стен,\n— 200€ за диван,\n— 100€ за поцарапанный пол,\n— 60€ за мелкие поломки.\nМы согласились с частью (пол, мелкие поломки, частично стены), но посчитали сумму за покраску и диван необоснованной. Диван уже был старый и ранее ремонтировался. Хозяйка настаивала, что всё должно быть «как при заселении» и игнорировала понятие естественного износа. Фото состояния стен до заселения у неё не было. В договоре оказался пункт, что практически любые повреждения оплачиваются арендатором.\n\n7. При заселении она устно перечислила большой список правил, который невозможно запомнить. При выселении ссылалась на них, обвиняя нас в нарушениях.\n\n8. Неприятный момент при передаче квартиры: мы заранее спросили, можно ли прийти с другом-переводчиком, но она отказала. При этом сама пришла с племянником (крупный мужчина), который подключился к разговору, давил и приглашал мужа зайти в квартиру поговорить и посмотреть повреждения. Мы отказались и остались в подъезде. За 5 минут перечислил урон квартире чуть ли не в 3000 евро. Ситуация была напряжённой, но в итоге всё закончилось без конфликта (позже племянник сменил тон на дипломатический и муж смог с ним договориться).\n\nИтог: сложилось ощущение, что хозяйка не вкладывается в квартиру и поддерживает её состояние за счёт арендаторов. Что пользоваться ничем нельзя, а если пользовались, то платите отдельно. Из плюсов тут только локация и размер квартиры (65 кв м).\nА, и хочется добавить, что нам хозяйка жаловалась на хозяйка квартирантов, и что-то мне подсказывает, что следующим будет жаловаться на нас))\n\n@Rita_Gridina"}},{"type":"Feature","geometry":{"type":"Point","coordinates":[20.479299,44.80764]},"properties":{"name":"Иванковачка 12","description":"Адрес: Beograd, Ivankovačka 12, stan 2a\n\nВ мае прошлого года мы въехали в квартиру, договор на 1 год. В квартире были мелкие недочёты, власница их решала, но очень медленно и неохотно. Из последнего что у нас случилось: холодильник превратился в морозильную камеру и им стало невозможно пользоваться. Она была не против его починить, но в итоге этого так и не случилось\nНо это предисловие, а вишенка ради чего я решила написать этот отзыв - это отопление, а вернее прорыв двух отопительных труб и то что после него происходило.\nГде-то в начале февраля мы заметили жёлтые разводы и мокрые стены на двух стенах в прихожей и заподозрили неладное. Сообщили власнице, после чего достаточно быстро пришёл мастер и сказал что под паркетом лопнула труба, вероятно отопительная, потому что годом ранее по его словам в квартире выше ровно в этом же месте была такая же ситуация. По его словам застройщик очень грубо нарушил условия прокладки труб и заложил их под неестественным углом из-за чего они просто не выдержали.\nС этого дня начался наш персональный ад. Хозяйка пришла, была в шоке, извинялась, пообещала что всё будет устранено за 7 дней. На следующий день пришли ремонтники и начали разбирать паркет. Разобрали часть прихожей, около 5 кв м. Ещё в течение недели к нам несколько раз приходили разные люди чтобы: обнаружить места протечки, сломать стяжку, починить трубы.\nСпустя неделю чуда не произошло, стяжка не высохла и вообще обнаружилось что есть ещё одна протечка, под кухонным гарнитуром. Через несколько дней к нам пришли 4 ремонтника вместе с хозяйкой и дружно решали как им это чинить. Она категорически отказывалась разбирать гарнитур, весь паркет, сушить стяжку и настаивала на том чтобы всё было быстро и дёшево. Аргументы про то что под паркетом, плиткой и кухонным гарнитуром куча воды (45+ литров по их подсчётам) её не убедили и поэтому они решили замуровать часть трубы под гарнитуром и пустить в обход него новую трубу.\nК тому моменту прошло уже почти 3 недели как это всё происходило и поэтому она любезно предложила сделать скидку «за неудобства» в размере 150 евро на 1 месяц. И это при стоимости аренды в 1200 евро в месяц. И это при том что видимо из-за этой проблемы последнее время наш счёт за отопление (только отопление, не весь инфостан) был уже в районе 20к.\nПосле этого, рабочие выпилили часть двери в санузел (не разобрали дверь, нет, они буквально выпилили часть дверного проёма и видимо планируют в дальнейшем приклеить его обратно, правда мы вообще не представляем как дверь весом 30 кг будет теперь на нем держаться) и пустили новую трубу в обход. После этого перестало работать отопление в половине квартиры 🤡\nХозяйка на это никак не реагировала, хотя мы жили всё это время там, было холодно и мы просили что-то с этим сделать. В итоге отопление заработало само через неделю, но на центральном радиаторе сломан терморегулятор и я честно не знаю планируют ли они его чинить, ведь именно от этого регулятора зависит температура батарей во всей квартире.\nЕщё через неделю к нам пришли рабочие заливать пол, сделали это максимально криво и небрежно, я не знаю как на этот пол вообще можно будет нормально положить паркет. Также из-за огромного кол-ва воды в стяжке тех 5 кв.м паркета что они разобрали явно недостаточно и уже по краям этой зоны паркет скрипит, выгнулся, а на стенах появилась разноцветная плесень с которой хозяйка тоже хозяйка ничего не делала.\n\n+ к минусам квартиры: очень тёмная, света зимой вы не увидите. Проводка сделана также всрато как и отопление: она разделена на 2 входных автомата очень неравномерно и в какой-то момент у нас выбило пробки в половине квартиры, т.к. на один из автоматов случилась большая нагрузка, в то время как к другому автомату вообще почти ничего не подключено\n\nМы получили назад 2/3 нашего депозита + оплатили все ку. оставшиеся 600 евро депозита остались власнице (тк мы съехали раньше срока окончания договора)\n\n@eshiganova"}},{"type":"Feature","geometry":{"type":"Point","coordinates":[20.470688,44.802054]},"properties":{"name":"Кнегиње Зорке 51","description":"Привет. Просьба добавить в список квартиру по адресу Kneginje Zorke 51 - 11.\nВладелица не возвращает депозит.\nЖили в квартире год, когда заехали, она была очень грязная, но мы решили просто отмыть её сами. Владелица квартиры молодая девушка, казалась супер адекватной. Перед заездом спросили может ли она дать ключи на пару дней раньше, чтобы мы за выходные смогли всё перевезти. Она сказала «я уезжаю на следующей неделе, поэтому отдам вам ключи на 10 дней раньше, делайте, что хотите». Спрашивали её при заезде ок ли, если мы повесим полки или что-то передвинем, она ответила «it’s all yours now, do whatever you want».\nВ итоге предупредили её 5-го февраля о том, что съедем и можем вывезти всё до 1 марта, если ей ок.\nСмогли вывезти всё гораздо раньше, она забрала ключи на 10 дней раньше. Квартиру оставили кристально чистой. Несколько недель она нам не отвечала и сегодня прислала такое сообщение.\nПро духовку - ложь, она работала, и я перед выездом в ней готовила.\n\n@ksks_ks"}},{"type":"Feature","geometry":{"type":"Point","coordinates":[20.472756,44.792792]},"properties":{"name":"Михаила Гавриловића 6","description":"https://maps.app.goo.gl/1HUhvTvpFSxiwcHy6?g_st=ic Михаила Гавриловића 6, 22 кв., когда снимали квартиру, лифт не работал, хозяйка сказала, что он заработает через пару дней, лифт начал работать через несколько месяцев, потом опять сломался и так весь год. Он никогда не работает исправно. Соседи сообщили нам, что живут там уже 5 лет и лифт - это вечная проблема, они боятся его использовать, поэтому не советую эту кв, так как это 5 этаж, особенно, если у вас дети или животные. Плюс во время зимы постоянная плесень на окнах во всей квартире.\n\n@Marina_bV_b"}},{"type":"Feature","geometry":{"type":"Point","coordinates":[20.38803,44.843533]},"properties":{"name":"Шилерова 21","description":"Шилерова 21 ц ( Šilerova 21с ) 2 этаж, Земун\nhttps://www.halooglasi.com/nekretnine/izdavanje-stanova/izdajem-namesten-stan-u-mirnom-delu-zemuna/5425643179107?utm_source=telegram&utm_medium=belgrade_apartmens\n\nhttps://maps.app.goo.gl/okT3ZydNbhcXDSWT7\n\nПЛЕСЕНЬ, много плесени! Не классическая плесень, а пара стен сверху донизу! Окна в плесени, вещи в шкафу поросли плесенью, все стены кладовки снизу донизу в плесени.\n\nКвартирка с огромными щелями в стеновых стыковочных плитах: гуляет ветер, выдувает все тепло; когда дождь, холодно - очень высокая влажность, с напольным осушителем 65-85%.\n\nНапротив сосед топится дешёвым углем и это все сочится через щели в квартиру, жуткая вонь, кашель.\n\nПри опускании температуры +5 -0, нужно следить за плесенью каждый день.\nТакое ощущение, что отсутствует внешняя герметизация двух стен в квартире, возможно там где-то сочится вода под обшивкой. Стены всегла холодные и мокрые.\nБыло 3 большие обработки стен и множество мелких через 2-3 дня.\n\nОкна плачут зимой, в день нужно вытирать по 5 раз‼️‼️ полностью отжимать тряпку. И тоже соответственно плесень по окнам! Плесень ваш друг!😶\n\nТехника ушатана. Кондей еле пашет. Бодлера не хватает, чтоб помыться двум людям. Машинка промышленная - рвет вещи.\nПосле года жизни в квартире, подняли цену за аренду с учётом общего падения.\nМы просили выкинуть 50% нефункциональной мебели и шкафов, но они очень дороги хозяйке и ещё послужат.\n\nПаркет покрыт самым дешевым лаком и очень коцается, как сосна, остаются вмятины и царапины, но виноваты конечно мы. Потопы от балконной двери начали смывать немногочисленный лак и паркет почернел, так же у мойки, по всем плинтусам.\n\nВ какой-то момент хозяйка начала жаловаться, что наш ребенок очень шумит, она живет внизу. Угрожала нам милицией, бесконечно звонила по любому писку. Предлогала варианты ее друзей рядом за 1000€.\n\nЛетом раз в неделю у вас во дворе будет сербская музычка с 9-22ч на полную катушку.\n\nПри выселении хозяйка старалась по хозяйка прикопаться к мебели, которую мы просили выкинуть на помойку и не возвращать депозит. Депозит вернули, но мы перекрасили пол квартиры, решили, что это будет единственный вариант возврата.\nНас напрягли купить жалюзи, которые при заезде были сломаны.\nУ хозяйки есть ещё одна квартира под сдачу в Земуне.\n\n@slovena_mari"}},{"type":"Feature","geometry":{"type":"Point","coordinates":[20.476656,44.755152]},"properties":{"name":"Паунова 41","description":"Паунова 41 (Paunova 41)\n\nВ квартире видимая плесень, ржавчина на потолке, которую пообещали обязательно закрасить до нашего заселения:)))\nВздутый паркет рядом с батареями\nАгент и властница очень давят во время просмотра, на любой вопрос «не переживайте, это не проблема вообще». Не оставляют ни на секунду.\nАгент просила мои документы для внесения в какой-то непонятный документ где была прописана сумма и мое имя\n\nhttps://www.halooglasi.com/nekretnine/izdavanje-stanova/namesten-moderan-stan-dupleks-id14458/5425646907678?kid=1\n\nhttps://t.me/BlacklistserbiaChat/2847"}},{"type":"Feature","geometry":{"type":"Point","coordinates":[20.46092,44.824302]},"properties":{"name":"Дубровачка 6a","description":"Адрес: Dubrovačka 6a, 12 (На карте (https://maps.app.goo.gl/FGZasuzLWBC6Khcx5))\n\nИюнь 2025\nКвартира была на нескольких сайтах, сдавалась без риэлтора. стоимость 550е.\nВстретилась с хозяйкой в квартире 11.06.2025.\nОна была приветлива и очень адекватна, сразу сказала что это квартира не ее,а ее сестры, которая сейчас проходит лечение (химиотерапию. как я понимаю сейчас, и это возможно была злая шутка).\nОна показала документ о квартире, копию доков ее сестры, и свою карту.\nКвартира меня устраивала, мне уже нужно было заезжать + она была не против животных (2 собаки) у нее у самой три, мы разговорились на этой теме.\nУ нее планировались еще просмотры после меня. но я САМА предложила ей заплатить залог, чтобы она не сдала комуто другому сейчас или подписать доки прямо сейчас. Она согласилась на залог. я заплатила ей 1100е (двойной, тк собаки...) Она дала мне расписку. Через день мы должны были встретиться для подписания договора.\n________\nПотом начался мой персональный ад, недели две она была очень мила, мы были на телефоне каждый день, но у нее с сестрой были какие-то проблемы, потом еще чтот. миллиард всего. она не в Белграде живет, а в городе рядом, примерно 2 часа езды. Ключи мне не отдавала, договор не подписывали, каждый день было завтра и новая проблема. 1 августа я поставила условие вернуть мне залог, она уже успела сама лечь в больницу, по ее рассказам. Залог мне начали возвращать только в сентябре, частями по 200, 300 евро. Мне их привозила ее племянница по ее словам. каждую сумму я просто выпрашивала, при этом она каждый день сама выходила на связь, но говорила завтра моя хорошая блабла.\nЯ подыгрывала ей, тк понимаю, что будто в полиуию обращаться уже поздно и так она мне скорее вернет сумму,чем через полицию.\n\n!В итоге спустя полгода она таки перестала отвечать и до сих пор осталась должна мне 200е.\n\nНе знаю стоит ли ее проучить полицией, или уже \"отпустить\", чтобы не трепать себе нервы.\n\nМысль что это не скам, меня не покидала долго, тк я сама предложила деньги и она сама поддерживала со мной ежеденевную связь. от чего я очень устала, на самом деле.\n\nНе советую, вообще какое-либо взаимодействие с ней, тк может часть ее истории правда про сестру больную раком, но она необязательна и безответственна к чужому времени\n\nУверена, квартира должна быть в списке и на карте. Как я поняла сейчас она ее не сдает или еще не успела\n\n@Katrinmilk"}},{"type":"Feature","geometry":{"type":"Point","coordinates":[20.475817,44.808662]},"properties":{"name":"Мирочка 6","description":"Белград, Палилула. Мирочка, 6, квартира 22.\nMiročka, 6, stan 22\n\nСейчас эта квартира висит на многих сайтах и в тг-каналах. Акцент часто делают на то, что она пет френдли\n\nКороткая версия:\n\nСнимали с тремя друзьями: 3 гражданина РФ, 1 гражданка Сербии\nВласницы решили выселить нас через неделю после того, как мы заехали (причина: я с утра не услышала телефонный звонок одной из них). Из-за переставленных телевизора и кровати обвинили в разрушениях в квартире и начали вымогать деньги. Угрожали, оскорбляли, кричали, чтобы мы сваливали в Россию, приходили, предупреждая за 5 минут, повесили в подъезде объявление, предупреждающее соседей о том, что в их квартире \"неизвестно кто живет\". В финале заменили в квартире замок, в одностороннем порядке \"расторгли договор\" раньше времени и выбрасывали из квартиры вещи. Пережить все это нам помогала юристка. Без полиции тоже не обошлось. Очень советую обходить эту квартиру стороной.\n\n@chornachakra"}},{"type":"Feature","geometry":{"type":"Point","coordinates":[20.464179,44.80796]},"properties":{"name":"Краља Милана 15","description":"Привет!\nhttps://cityexpert.rs/izdavanje-nekretnina/beograd/19871/dvoiposoban-stan-kralja-milana-vracar\n\nБелград, Краля Милана, 15\n\nСразу скажу, что на этих давно неактуальных фото эта милая квартира выглядит гораздо лучше, чем есть на деле.\n\nНесмотря на не очень комфортные условия квартиры и то, что платил лишнее за площадь в виде мансардной комнаты, которую не использовал, прожил там отличные два года, будучи не сильно притязательным к качеству своего жилья.\n\nЗамечу, что коммуникации все два года были очень даже комфортными - экс-власник никогда не хозяйка, не приходил ничего проверять. Каждое шестое число мы встречались во дворе внизу на пару минут для передачи мне квитанций, ему - наличными 750 евро. Мне это очень нравилось, и человек казался хорошим и адекватным, я всем его только расхваливал. Настоящая владелица квартиры - его супруга, и у них замечательная семья, мы изредка виделись на улице, всё было дружелюбно, всё это время я не мог нарадоваться, с какими хорошими людьми имею дело, когда слышал всякие истории об истеричных и контролирующих власниках.\n\nОпуская многочисленные подробности, суть: сейчас, по окончании наших с ним отношений, ведёт себя нагло. Депозит не отдал под надуманным предлогом, якобы он взял его в качестве оплаты за февраль, о чём меня до этого не уведомлял, хотя с 15-го января знал, что 15-го февраля я съеду, и у нас есть сообщение в переписке, где я, съехав из квартиры, прошу его не включать стоимость оставшихся дней в феврале до того дня, когда смогу отдать ему ключ (его долго не было в городе) в стоимость за февраль, которое он лайкнул и ничего не ответил, то есть согласился. Договор, кстати, истёк ещё в начале 2025-го, так что условия расторжения отношений, насколько я понимаю, соблюдены - сказал за месяц. Не отдав депозит ни в каком объёме, он ещё требует с меня деньги, о которых мы договаривались, что вычтем из депозита, ОТДЕЛЬНО. Угрожает принять \"legal actions\", если я не передам ему эти деньги (300 евро).\n\nВ общем, всё было хорошо, пока в последнюю встречу, при передаче ключей, всё резко не стало неадекватно. Жонглирование фактами, игнорирование неопровергаемых аргументов, почему он не прав, шантаж какими-то легальными мерами, если не захочу платить. Жить там и иметь дело с ним можно, с квартирой не было каких-то особых проблем кроме терпимых маленьких неудобств, но в конце отношений можно потерять и депозит, и нервы, особенно если будет нужно куда-то уезжать и некогда будет разбираться с хитросплетениями его странного видения. Пока не могу сказать, что прямо треплет нервы, он ведёт себя довольно хладнокровно, возможно он даже уверен в своей правоте и странно трактовал один пункт договора про последний месяц и следующий месяц (только почему-то в упор не замечая своего согласия о совершенно другом), и я ещё собираюсь получить от него ответы на свои вопросы, ситуация развивается прямо сейчас.\n\n@QuentinIvanhoe"}},{"type":"Feature","geometry":{"type":"Point","coordinates":[20.507023,44.780672]},"properties":{"name":"Милића Ракића 3","description":"[14.03.2026 18:28] VALERİİA: Привет хочу написать отзыв о власнике Белград, Звездара Милича Ракича 3, 104\n[14.03.2026 18:30] VALERİİA: Мы недавно съехали из его квартиры и считаем важным поделиться своим опытом, чтобы другие люди не оказались в такой же ситуации\n\nВо время проживания хозяин наше личное пространство. У входа в квартиру установлена камера, с помощью которой он отслеживал, когда мы приходим и уходим и кто приходит к нам в гости. Позже он использовал записи с камеры, чтобы предъявлять претензии и даже выставил нам счёт 400 евро за приезд родственников, о котором был заранее уведомлён.\n\nКроме того, он сохранил у себя ключ от квартиры и хозяйка открывал её своим ключом и заходил внутрь. Поскольку у него установлена камера, мы даже не можем знать, сколько раз он мог находиться в квартире в наше отсутствие.Когда я попросила его, ссылаясь на контракт, не приходить в квартиру в наше отсутствие и предложила переводить деньги ему на карту, он отказался и сказал, что очень любит свою квартиру и будет постоянно приходить её проверять. Он прямо сказал, что ему невыносима мысль оставить квартиру без просмотра даже на месяц.\n\nХозяин регулярно приходил в квартиру примерно каждые несколько дней под разными предлогами, поскольку в квартире оставалось много его вещей. Когда он сдавал нам квартиру, она была в крайне грязном состоянии. В квартире было много его вещей, хлама, всё было в волосах и пыли. Она была настолько грязная, что я была сильно удивлена, что человек может этого не замечать. Я тогда подумала, что, возможно, хотя бы не будет претензий к уборке, но оказалось наоборот. Он постоянно вмешивался в нашу личную жизнь, делал фотографии квартиры без нашего ведома и присылал их с претензиями. Он присылал фотографии немытой кружки, фотографии со следами пальцев на телевизоре и после этого предъявлял огромные претензии о том, что мы якобы довели квартиру до ужасного состояния, хотя квартира была убрана и ничего подобного не происходило.\n\nКогда мы решили съехать из-за этой ситуации, депозит нам возвращён не был. После этого он начал предъявлять разные финансовые требования: сначала суммы за коммунальные услуги без каких-либо квитанций, затем заявил, что мы якобы должны ему 1000 евро за замену замка, хозяйка без каких-либо подтверждений.\n\nКроме того, он требовал оплатить аренду за март, хотя мы уже съехали из квартиры. хозяйка он угрожал распространить в социальных сетях фотографии наших паспортов.\n\nОтдельно отмечу, что деньги он требовал платить только наличными и отказывался принимать оплату на банковскую карту, поэтому у вас не остаётся никаких подтверждений оплаты.\nНа просмотрах он производит хорошее впечатление и приходит вместе со своей вежливой женой, поэтому сначала может показаться, что всё в порядке. Однако после заселения он начинает постоянно выдвигать новые условия, вмешиваться в личную жизнь жильцов и регулярно приходить в квартиру.\nКроме этого, он позволял себе оскорбления. Он насмехался над нашей национальностью, писал, что не хочет больше связываться с русскими и приводил в пример какие-то рассказы других людей о том, какие русские плохие. Он хозяйка оскорблял мою семью и в переписке называл меня «лживой социопаткой».Отдельно хочу отметить, что только благодаря тому, что я эмоционально устойчивый человек, меня невозможно было вывести из себя манипуляциями и детскими оскорблениями вроде «сумасшедшая» и подобного. Именно поэтому я не переходила с ним на личности, не вступала в перепалки и общалась с ним исключительно на дипломатическом и деловом языке, ссылаясь на контракт и на законы. На это он отвечал, что я «закидываю его юридической ерундой».\n\nПишу это, чтобы предупредить других людей. Очень не хотелось бы, чтобы кто-то оказался в подобной ситуации.\n\nP.s. выяснилось что он украл у нас новое одеяло и подушку 😁\n\n@me_alegra"}},{"type":"Feature","geometry":{"type":"Point","coordinates":[20.473277,44.788806]},"properties":{"name":"Устаничка 12","description":"Квартира на Устаничке 12, 3 подъезд, 1й этаж (наш 2й этаж), Белград\nУ нас близился переезд, начали искать квартиру. С нами два кота, которые должны были переехать скоро. Написала по объявлению. Вскоре мы вписались в WA. Договорились о просмотре квартиры. Я сразу обозначила, что нам нужен белый картон и в дальнейшем подаваться на ВНЖ. Все согласовали. Хозяйка в Париже, но тут есть брат, который показывает квартиру.\nПришли на просмотр в понедельник, все посмотрели, нам понравилось. Дальше продолжаем согласовать договор, проживание и т.д. Договорились, что переедем в воскресенье.\nПосле согласования договора предложили встретиться в пятницу подписать договор, но заехать так же в Воскресенье. Хозяйка отказалась. Сказала, что тогда надо переделать договор и сделать все от пятницы. Ничего менять не стали. Оставили как есть.\nВ воскресенье(8 марта), загрузили 6 чемоданов, ребёнка и т.п.(это еще котов не привезли) поехали на квартиру. Нас встречает брат и говорит, что там отец еще в квартире. Ну ладно….\nМы зашли, на столе уже лежат бумаги, нам предложили их посмотреть и подписать. К договору предлагалась огромная опись вещей, которые есть в квартире. Проверили, все осмотрели. Начали читать договор и в договоре уже были незначительные изменения, которые в согласованном ранее договоре не было. Потом предложили сейчас пойти быстро сделать белый картон (отделение полиции видно из окна), сказали что на квартире документов нет.\nИтог разговора: на момент подписания договора они не являются собственниками квартиры. По данной квартире идет суд. Следующее заседание будет 13го марта. Из документов на квартиру для полиции у них есть только вызов в суд и т.п. Представители сказали, что неизвестно когда они получат документы на квартиру. Мы предлагали им встречные предложения типо «мы заселяется, пишем ручкой в договоре, что они обязаны предоставить документы на квартиру в течение 30 дней», просто на месяц арендовать квартиру и там дальше переделать договор и т.п.\nВсе наши предложения были однозначно отвергнуты. Причём мы не отказались платить залог.\nИтогом было то, что «Отец» сказал, что то что нет документов на квартиру - это наша проблема ( вина) и мы сами должны были проверить у кого в собственности она находится.\nПозвонили «хозяйке» в вотсап она не ответила. На сообщения больше не отвечает, на связь никак не выходит\n\nФото квартиры приложу, на всякий случай\n@Evgeniya3009"}},{"type":"Feature","geometry":{"type":"Point","coordinates":[20.414406,44.784612]},"properties":{"name":"Радничка 41","description":"Cнимали квартиру на Радничка 41-2 (Белград). Вид на дорогу. Утром и вечером очень шумно от дороги, которая находится вплотную к дому, летом под окном стоят заведенные автобусы маршрутов на аду циганлию. Много черной пыли скапливается за 1-2 дня, видимо близость трассы сказывается. Через полгода жизни начался кашель, прошёл через день после переезда в другую квартиру.\n\nОтносительно самой квартиры: очень плохая звукоизоляция. В гостиной слышно музыку и телевизор соседей в течении дня. Под гостиной парковка для мотоциклов (арка дома), летом с утра шум от мотоциклов. Также там не слышно телевизора из-за автомобилей снаружи, окна не глушат звуки. Спальня находится между двух стояков, в трубах очень высокое давление, когда кто-то моет посуду очень шумно. Спальня граничит с однокомнатной квартирой в которой регулярные студенческие вечеринки до 1-2 часов ночи. Разговоры не помогают, после вызова полиции показательно шумели до 2 ночи. В спальне кондиционер не дееспособен. Кофе-машины обе ржавые не ведитесь. Посудомойка очень плохо отмывает посуду, после стиралки почему-то белье воняет канализацией. В квартире зимой холодно по ночам из-за окон.\n\nЗалог не вернули. В этом доме хорошие квартиры, которые имеют вид во двор. Район неплохой, много парковочных мест вокруг.\n\nСсылка на квартиру: https://cityexpert.rs/izdavanje-nekretnina/beograd/54317/dvoiposoban-stan-radnicka-cukarica\n\n@anutalc"}},{"type":"Feature","geometry":{"type":"Point","coordinates":[20.479652,44.796311]},"properties":{"name":"Вардарска 4","description":"Адрес: Белград, Вардарска, 4, 7\n\nЗаселялись в эту квартиру летом, до этого в квартире никто не жил, все было прекрасно примерно до конца октября. Когда мы отодвинули кровать от стены в одной комнате, мы пришли в ужас, потому что там была не просто плесень, там были грибы. Вызывали профессиональную обработку, озонацию и тд, решения хватило на 3 недели, через 3 недели все появилось снова, и дальше, брызгая средством, плесень появлялась каждую неделю. Приезжала комиссия, установили, что проблема в прилегающем сарае, ливневке, которую приделали цыгане и нарушении герметезации стены. Хозяин отказывался возвращать депозит, говорил, что проблема не в нем, срок действия договора не истек, поэтому депозит он возвращать не обязан. Мы подключили на переговоры риелтора, он пытался все урегулировать, власник с нами общаться отказался в принципе( он живет не в Сербии). Квартиру пришли принимать родители хозяина, начали двигать всю мебель, шкафы и диваны, говорить как за ними грязно и отказались возвращать депозит. К слову, за день до этого мы лично делали полную уборку со всеми средства и тд. Нам снова пришлось подключать нашего риелтора, в итоге он сказал им, что вызовет клининг за свой счет)) потому что с нас его требовать было абсурд. Насчет плесени они сказали, что не видят в этом ничего страшного и это не проблема. Фото тоже прилагаю\n\nНаходили квартиру через канал https://t.me/FlatsInBelgrade\n@Julia_Velichkova"}},{"type":"Feature","geometry":{"type":"Point","coordinates":[20.532232,44.786854]},"properties":{"name":"Шеснаестог октобра 1","description":"Кратко: Скрытые проблемы с плесенью, неадекватное поведение хозяев, угрозы, хамство\n\nСнимали квартиру с семьей чуть меньше года. Угловая квартира на 0м этаже. Одна комната стеной граничит со входом в подъезд и со стороны подъезда имеет большой металлический электро-шкаф, сверху дыры. По началу все было хорошо. Весну, лето и осень прожили без проблем и конфликтов с арендодательем. Квартира уютная, базовый ремонт + парковочное место\n\nВо второй половине ноября, буквально за несколько дней, угол в гостиной за диваном покрылся плотным слоем плесени. Мы оповестили об этом дочь хозяев квартиры (она регулярно забирала оплату за месяц). Исключительно с целью спросить, выдержит ли краска на стенах обработку \"Саво\" или \"Молдексом\"? На что был дан ответ:\"Ой, опять этот угол\". И совет проверить еще в паре мест (там была та же картина).\nХозяева квартиры в дальнейшем делали вид, что этого диалога не было, игнорировали реальную причину проблемы (изоляцию окон).\nТак же из проблем: Скапливались гроздья капель на стыке окна и коробки рольставней. До сих пор на 2х окнах влага внутри стеклопакета (независимо от отопления помещения, проветриваний и тд)\n\nСо стороны властника был вызван мастер, сделавший вытяжку на кухне (в этой части квартиры никаких проблем не было) и положен обычный утеплитель в отсек под рольставни, где собиралась вода. Так же был приобретен осушитель воздуха, но он не набирал влагу тк в самом помещении было сухо.\nПосле чего муж хозяйки на хозяйка обвинения, оскорбления и угрозы о выселении.\n\nhttps://t.me/BlacklistserbiaChat/2548"}},{"type":"Feature","geometry":{"type":"Point","coordinates":[20.477047,44.789023]},"properties":{"name":"Цанкарева 4","description":"Адрес: Цанкарева улица 4. https://maps.app.goo.gl/yF1VznUJv1qMcEGm8?g_st=ic\n\nУ человека бизнес - сдача квартир по всему городу; насколько я знаю, 9 квартир разной стоимости и размера.\nПричина внесения в ЧС - невозврат залога, потому что съехали раньше срока окончания договора. В квартире был проведен клининг, претензий по состоянию квартиры у хозяина не хозяйка. Для ясности, на квартире жили 2г и 2мес, и досрочный выезд как основание для удержания залога был только на первый год аренды. То есть, хозяин договора, о чем уже ему направлена претензия через адвоката.\n\n@Mari100gold"}},{"type":"Feature","geometry":{"type":"Point","coordinates":[20.46746,44.815897]},"properties":{"name":"Шафарикова 4a","description":"Съезжали раньше окончания контракта. Властник сам предложил: если найдете новых жильцов до конца оплаченного месяца, депозит вернём.\nЯ публиковала объявления, три дня потратила на показ квартиры (5 просмотров), нашла жильца, а властник заявил: верните ключ от квартиры в агентство недвижимости, пусть ваш жилец обратится в агентство, мы сдадим квартиру только через агента. Вам депозит мы не вернём, мы передумали.\n\nЧудесно бесплатно поработала три дня риелтором.\n\n@larichkina_b"}},{"type":"Feature","geometry":{"type":"Point","coordinates":[20.482496,44.806668]},"properties":{"name":"Далматинска 115","description":"Адрес квартиры - Белград, Далматинска 115, квартира 3\nКвартира - трешка 76 кВ в Вукове Споменике\nНа халоогласи - Vukov spomenik 3.0 komforan, terasa,renoviran 76m2 (https://www.halooglasi.com/nekretnine/izdavanje-stanova/vukov-spomenik-3-0-komforan-terasa-renoviran/5425646795913?kid=4&sid=1771700675687)\n\nПрошу добавить на карту квартиру и также агента и власника в черный список. Сама квартира ок, но как обычно все самое интересное началось с договора. Договор самый стремных из тех что я видел в своей жизни. Особенно понравился пункт про то, что можно просто выселить без всяких законных оснований. В итоге его не поменяли его и кучу других важных пунктов, которые были только в сторону власника\n\nКак все складывалось изначально: риелтор что по всем пунктам все согласны и он нам вышлет вечером договор. Естественно вечером он не выслал финальный договор, на следующий день тоже отказался, и сказал что вылет в этот же день — и конечноо опять не прислал, на следующее утро опять тишина. Мы написали что переживаем, все ли в силе, мы ждём договор до обеда. Полдня молчит, потом выходит на связь звонком на который я не смог ответить (предупреждал сто раз что работаю) и далее он пишет через несколько часов, что позвоните мне завтра нужно обсудить моменты в договор, хотя мы уже все обсудили три дня назад и все согласовано полностью. И мы просто ждали все это время финальной версии договора\n\nПотом меня агент спросил (не ответив про наши правки опять), «где моя жена?» Я просто попросил сделать так, чтобы подпись поставил только я, дабы жене не ехать с нашим тревожным той пуделем, который в закрытым помещении при новых трех людях устроил бы нам все невротрепку\n\nЯ написал, ок, без проблем, у нас просто тревожник, давайте все приедем, но учитывайте, что нам понадобиться 15-20 минут на успокоение\n\nИ пишу дальше все ок — мы все конечно будем на встрече, давайте только наконец поправим пункты\n\nА апогеем стало то, что мне прилетает неадекват от власника в стиле (форварднул агент): «пусть снимают у ChatGPT квартиру»(затриггерило что мы наняли бесплатного юриста 😁) и прочее хамство\n\nВ общем тянули максимально долго, неадекватно себя начали вести и не могли поправить простые пункты, например, зеркальные штрафы если мы раньше срока съезжаем или они нас выгоняют. Такие дела, никому не советую. Много ред флагов, можно легко без депозита потом остаться судя по такому началу\n\n@gsak89"}},{"type":"Feature","geometry":{"type":"Point","coordinates":[20.468325,44.814766]},"properties":{"name":"Милутина Бојића 8","description":"Прошу добавить на карту квартиру Milutina Bojića 8, stan 12 (https://cityexpert.rs/ru/properties-for-rent/belgrade/23356/15-rooms-apartment-milutina-bojica-stari-grad)(700€ / мес; сейчас выставлена за 750 € ).\n\nПлюсы:\nОтличная локация (Stari Grad).\n\nМинусы:\n- Состояние квартиры: все строе старое, изношенное, многое держится \"на честном слове\". Планировка неудобная: много площади уходит впустую, нормально обставить и функционально использовать пространство сложно. Кондиционер старый и вонючий, летом либо умирали от жары, либо от вони(хотя мастер приходил и чистил его). Посудомоечной машине 13 лет и некоторые детали умерли от износа(в итоге мы заменили)\n\n- По оплате и срокам: хозяйка регулярно пыталась сдвигать дату оплаты на день-два-три раньше. Когда мы напомнили, что платёж у нас 6-го числа, она начала утверждать, что \"оплата с 1 по 5-е\", хотя в договоре этого не было. Она просто это придумала\n\n- Выезд и залог: о выезде предупредили за 2,5 месяца, нашли квартиру и были готовы отдать ключи на месяц раньше. На встрече хозяйка вела хозяйка: повышала голос, перебивала и не давала слова вставить, при этом периодически переставала понимать английский, когда ей было удобно.\n\n- Финансы: кроме залога на который мы уже даже не рассчитывали, она потребовала оплатить коммунальные за февраль, хотя в феврале мы не прожили там ни одного дня\n\nНам эта женщина изначально показалась не очень приятной, но мы рискнули, больше так делать не будем.\nКвартира не стоит 750 евро, за которые её сдают\n@icbmr7"}},{"type":"Feature","geometry":{"type":"Point","coordinates":[20.481695,44.807863]},"properties":{"name":"Ruzveltova 27","description":"Прожила в квартире 2.5 года, предупредила о выезде за месяц, как и положено, но депозит при выезде мне не вернули - как и у многих здесь, распространённая схема с “необходимостью после вас перекрасить стены во всей квартире”. Любые аргументы об отсутствии таких обязательств в договоре или устных договорённостях при въезде игнорировались. При мне же власник позвонил по хозяйка связи якобы каким-то мастерам, которые насчитали общую стоимость работ более €500 за квартиру площадью 50 м².\nДепозит мне так и не вернули, удалось компенсировать только €150 - я не стала оплачивать счета за последний месяц.\n\nПомимо этого, в квартире отсутствует базовая техника, много устаревшей мебели (обстановку невозможно поменять из-за типа меблировки), на диване слезает покрытие, отколоты углы на столешницах, есть сколы на раковине в ванной. Душ постоянно протекает — власник обещал заменить хозяйка и тумбу в ванной, но так этого и не сделал.\nhttps://t.me/BlacklistserbiaChat/2670"}},{"type":"Feature","geometry":{"type":"Point","coordinates":[20.477479,44.81383]},"properties":{"name":"Цвијићева 62","description":"Палилула, Цвиичева 62 кв 18\nили\nBeograd, Palilula, Cvijićeva 62-18\n\nВъехали в квартиру весной, ничего не заподозрили, хозяева сказали хозяйка, два кондея и обогреватель справятся.\n\nВсе лето прожили нормально, но осенью в квартире стала появляться сильная влажность, постиранная одежда не просыхала по три дня. В итоге сухая одежда в шкафах вся стухла, на окнах стал появляться конденсат и протечки. Все вокруг окон и под ними заросло плесенью. Не мелкими кусочками а 30х100см под всем окном.\nКогда стали говорить об этом хозяйке, она сказала что никогда такого небыло.\nХотя когда мы переехали меня смутила облупляющаяся краска под окнами и я не могла найти этому причину.\n\nВ итоге хозяйка предложила открывать хозяйка окна когда мы уходим из квартиры чтобы она просыхала (!!) что нам не подошло конечно же, и не помогло.\n\nВ итоге, когда сказали что мы съедем, пришел ее муж и сказал что щас за два дня они замажут все и установят норвежские радиаторы.\nМы на это не согласились, и съехали.\n\nУвидели что квартиру снова выставили на аренду, без радиаторов конечно же, и возможно просто с замазанной плесенью, поэтому решили написать и предупредить тех, кто возможно ее снимет.\n\nВ холодное время, там будет влажно, холодно, и весь текстиль будет тухлым, плесень будет в шкафах и на всей внешней стене вокруг окон.\n\nВ этой квартире можно жить только летом.\n\n@elizabethproink"}},{"type":"Feature","geometry":{"type":"Point","coordinates":[19.839364,45.261866]},"properties":{"name":"Војводе Шупљикца 44","description":"Нови-Сад, Војводе Шупљикца 44.\nНе вернули депозит в размере 680 евро.\nКондиционер чинили 2 месяца, в итоге все равно не смогли починить, потом еще месяц устанавливали новый.\nВ последний месяц нашей аренды хозяева начали водить и показывать новым потенциальным арендаторам квартиру в которой мы еще жили, при чем требовали это в удобное для них время. Их особо не тревожило что мы в это время работали и вечернее время их не устраивало.\nДобавьте в черный список, пожалуйста.\nhttps://t.me/BlacklistserbiaChat/2375"}},{"type":"Feature","geometry":{"type":"Point","coordinates":[20.487362,44.79013]},"properties":{"name":"Колашинска 16","description":"Прошу внести квартиру в чёрный список!\nBelgrad, Kolašinska 16-7\n\nЭто та, самая квартира вся в плесени. В пятницу мы съехали, думаю на днях появится на просторах интернета.\nХозяйка сама работает в агенстве недвижимости.\nТак, как в течении месяцев мы так и не услышали, что она будет делать с плесенью(на все вопросы она просто молчала) мы договорились, что съезжаем.\nПока искали квартиру, боялись, что не успеем, написала ей смс о том, что может быть мы останемся на какое-то время, но не за ту оплату, которая в договоре, т.к. квартира не пригодна к жилью, на что было категоричное нет. Из этого сделали выводы, что человек ищет новых жильцов которые будут оплачивать эту квартиру по 700€ за плесень и постоянные ремонты.\nФото квартиры прикрепляю, чтоб визуально было понятно.\nhttps://t.me/BlacklistserbiaChat/2428\n@YankaHappiness"}},{"type":"Feature","geometry":{"type":"Point","coordinates":[20.401809,44.814091]},"properties":{"name":"Омладинских бригада 86","description":"Белград, Омладинских бригада 86, Вест 65 башня. Аренда была кажется 1000, ку - в районе 200. Студия\n\nПочти год мы снимали квартиру, начиналось все отлично, платили вовремя и аренду и ком.услуги. В какой то момент у нас сломалась варочная поверхность, чуть пожар не случился. Позвали хозяина нас, что туда затекла вода, чего, разумеется, быть не может, там даже никаких следов гниения не было. Оказалось, что она была криво установлена, нагревательные элементы отошли от панели и столешница стала тлеть. В общем, купили мы новую, из за 200€ не стали ругаться, установили. Потом он стал выговаривать, что раковина вся в пятнах (раковина пористый камень, который взял только белый доместос), он повел мужа к себе в квартиру, показать вроде как у него чисто.. 🙈 муж сказал, что у него глянцевый и гладкий камень, который естественно легко помыть.. он конечно замялся, но сказал, что надо отмыть. Ок, не проблема, но осадочек остался, а с плитой появился такой большой звоночек, что мы решили подыскивать другую квартиру, да и нам побольше места уже хотелось, поэтому 12 декабря мы сказали, что после нг отдадим ключи, а сами планируем уехать на какое то время, поэтому квартира нам пока не нужна, и у нас были такие планы, но были не уверены когда, поэтому чтобы его не обижать, что мы либо уедем, либо другую квартиру ищем, сказали, что уедем. Затем мы попросили его сделать картон, после долгих переписок, что вот раз мы в квартире еще 18 дней, то полиция вряд ли сделает нам что либо, он все таки согласился.. сидя в полиции они с мужем вели переписку, что типа мы его обманываем, никуда мы не уезжаем, никакой депозит он не вернет. Затем сказал ну ладно, я вам помогу, все норм, оставьте квартиру в хорошем состоянии и ок. Договорились, что мы остаемся на 2 недели еще, до 15 января, а он вернет половину. Потом через какое то время он стал опять писать, что никакой депозит он не вернет, вы не предупредили за месяц, мы написали за 3 недели. Ок, снова удалось договориться, что останемся на месяц, в счет депозита. Последней каплей было то, что он написал 30 декабря, стал грубить и оскорблять, сказал, что у нас есть 3 часа на сбор вещей. Такой наглости мы не ожидали, стали искать адвоката, рассказали всю ситуацию, далее уже было хозяйка через адвоката. В общем, договорились, что он даст +2 часа на сбор, но мы не обязаны ему отдавать квартиру сегодня, а оставаться до оговоренного времени, но тот сказал либо сегодня, либо завтра, так как он уезжает в отпуск и вообще его квартиру никто не берет, а значит она будет простаивать 🥲 так же мы можем остаться на месяц, заплатить за новый месяц, но мы были уверены, что он найдет еще причину, чтобы не вернуть депозит, поэтому не согласились. Пока я собирала вещи, у мужа, адвоката и хозяина, договорились на то, что мы можем отдать квартиру завтра, 31 декабря, либо 30, но еще чуть позже, так как не успевали собраться, мы решили отдать 30, чтобы не портить себе настроение и больше не связываться с ним, так же, что он 480€ заберет за ком.услуги, 500 заберет, потому что damage, 🙈типа не предупредили за месяц, а за 26 дней, нам он вернул 120, 12000 оплатили адвоката. В общем, отдали мы ключи, гудбай. Он был злой, но мы по доброму с ним попрощались 😁 и теперь мы соседи) возможно, у него какое то расстройство, потому что менялось настроение каждый день, то он злобный грубиян, то добряк)\n\nКвартиру размещали несколько агентств.\n\nИ кстати, ничего люксового там нет😁 вся техника кенди 🤷🏼♀️\n\nhttps://www.4zida.rs/izdavanje-stanova/blok-65-west-65-novi-beograd-beograd/jednosoban-stan/657da866a77c21988508dc13\n\nКв снята, поэтому ссылка старая\n\n@noisette_patisserie02"}},{"type":"Feature","geometry":{"type":"Point","coordinates":[20.262922,44.789256]},"properties":{"name":"Војвођанска 14","description":"крјућа 🐗, [08.10.2025 09:23]\nДобрый день, у меня очень большой отзыв, он не отправляется, к сожалению, в одном сообщении\n\nАдрес Beograd, Surčin, Vojvođanska 14D/11\n\nНужно начать с того, что нам достаточно срочно нужна была квартира, так как с прошлой власницей мы договорились о съезде до следующей оплаты, а там оставалось всего две недели. Мы искали много на сербский сайтах и фэйсбуке, но я случайно зашла в телеграмм чат с объявлениями об аренде и увидела эту квартиру. Когда я договаривалась о просмотре, то Елена заигнорила меня на несколько часов, когда я сказала, что могу немного опоздать из за отдаленности моей работы от Сурчина, это меня смутило, но не критично. Также, когда я была на месте, позвонила ей и она сообщила, что квартиру мне покажет ее сын, а ее самой нет. Это тоже было сомнительно, так как естественно она не предупредила об этом заранее\n(Потом, когда мы уже подпишем договор, игноры будут постоянными и на продолжительное время, от нескольких часов до 3х дней)\nПосле осмотра мы снова созвонились и она немного давила на меня, чтобы я ответила сразу будем ли мы снимать квартиру или нет, я больше согласилась, чем нет, так как до нашего переезда из хозяйка оставалось около недели.\nПри первом осмотре я не заметила на стенах и на светильниках какашки мух, а их там было в огромном количестве. Также, там были тараканы и муравьи, мы морили их сами\n\nкрјућа 🐗, [08.10.2025 09:24]\nКогда мы переехали мне нужен был белый картон, а мужу ее документы, чтобы сменить адрес внж. Встречу для белого картона она переносила, поэтому я просила прошлую власницу из хозяйка не выписывать меня из полиции раньше времени\nЯ предложила ей сделать мне и брату, который скоро должен был приехать (я спрашивала можно ли брат будет жить с нами до подписания договора, она согласилась) изjавы, заверенные нотариусом, чтобы только ходить в полицию без неё. Елена согласилась и она говорила о том, что ей неудобно ездить в Сурчин. Предложила я ей сделать изjявы еще в начале августа, когда мы переехали, прислала она мне фотку изьявы (для подачи на внж) только 18 сентября, а нотариально их заверила 2 октября. Два месяца проволочек, каждый раз встречу она переносила, только на удобные ей дату и время.\nМногие проблемы возникают из-за того, что Елена не знает сербского и сербских законов в полиции и у нотариуса.\nВ момент, когда мой брат приехал, она не смогла сама сделать ему белый картон и попросила своего мужа, Сергея Кощеенко, приехать и сделать за неё, договор купли продажи квартиры также оформлен и на него.\nМы с братом ждали его у полиции и он опоздал на 40 минут. После того, как мы вышли из участка я предупредила, что через несколько дней у меня визаран (в субботу с утра) и мне потребуется белый картон в этот же день. Он мне сказал, что в выходные их не будет, я ответила «хорошо, тогда нужно сделать изьявы у нотариуса, чтобы вам не ездить и чтобы я сделала себе картон сама в субботу»\nОн мне ответил в очень грубой и громкой манере: «что нужно, а что нельзя мы сами будем решать, мы не собираемся под вас подстраиваться». Это было крайне неприятно и я ему ответила, что он очень грубо разговаривает, учитывая, что с Еленой о изьявах мы договаривались\nВ итоге он сказал, что приедет в субботу с утра, из-за этого мне пришлось просить коллегу поменяться со мной в пятницу на работе, а затем отрабатывать.\n\nПодходило время первого визарана моего брата, я связалась с Еленой, чтобы она сходила с ним в полицию, про изьявы я уже даже больше не заикалась, потому что мне все это надоело.\nОна сказала, что ей будет удобно приехать второго октября к 9 утра, чтобы сделать картон, заверить изьявы и чтобы мы оплатили счета. (До этого я спрашивала пришли ли ей счета на эл. почту, а ключ от почтового ящика в Сурчине она нам не давала). Естественно, второго октября мой брат работал и ему тоже пришлось отпрашиваться и меняться, а так как он совсем еще не знает сербский, то мой муж пошел с ним, и тоже отпросился на несколько часов со своей работы.\nПосле нотариуса и полиции Е"}},{"type":"Feature","geometry":{"type":"Point","coordinates":[20.537091,44.816472]},"properties":{"name":"Слободана Јовановића 3","description":"Белград, Slobodana Jovanoviča 3, stan 19\nВласники прекрасные люди, к самой квартире нет претензий, чисто, все работает и красивые виды на Дунай. Проблема в соседях сверху - там живет многодетная семья среднего возраста с 2мя собаками. Дети младшего дошкольного или школьного возраста - каждый день, начиная с 16.00 и до 23.00 они не прекращая бегают, топают и дико орут. После месяца мучений и головной боли, было решено подняться поговорить. К сожалению мой сербский очень ограничен, но все же мысль донести получилось. Дама, с недовольным/ уставшим видом сказала, что это дети. На просьбу, можно ли немного потише - сказала \" посмотрим\". Я была максимально вежлива и доброжелательна. Стало еще громче, они теперь и орут как резаные. Слышно взрослых, как они громко говорят друг с другом.\nТут наверное не стоит прям в черный список, тк семья с детьми - в чисто сербском неиммигрантском районе, тут или смириться или переезжать, тк с детьми ничего не поделать по большому счету.\nВопрос лишь как вычислять подобных соседей на этапе просмотра...\n\n@crx_obs"}},{"type":"Feature","geometry":{"type":"Point","coordinates":[19.878809,45.239795]},"properties":{"name":"Јована Монастерлије 23","description":"Адрес: Novi Sad, Petrovaradin, Jovana Monasterlije 23.\n\nХотели снять дом чтобы иметь возможность отпускать детей погулять во двор, однако хозяйская собака прыгает на всех, кто приходит и ходит в туалет во дворе.\nУлица очень тихая и спокойная, однако отсутствие шумоизоляции позволяет соседям и проходящим мимо людям слышать все, что происходит в доме.\nВ доме проблемы с канализацией, которые власник игнорирует.\nНо самые больше проблемы были связаны с самими хозяевами. Несмотря на договор, они заходили в дом как к себе домой. Мало того, зашли без разрешения в наше отсутствие (написали:\" не волнуйся, мы ничего не заберём\").\nКогда мы сдавали дом, высматривал косяки в доме и навешивал на нас проблемы, которые были до нас. В итоге депозит нам никто, конечно же, не вернул.\nОн обещал починить кондей в мае, в итоге дотянул до конца июля, а после ремонта повел мастеров показывать дом (может быть это и норма здесь).\n\n@Antiaskina"}},{"type":"Feature","geometry":{"type":"Point","coordinates":[20.453338,44.80603]},"properties":{"name":"BW Quartet 1","description":"Beograd - Opština Savski venac - Beograd na vodi, Quartet 1\n\nНеадекватные лендлорды.\nПри сдаче всю квартиру осмотрели, вычли из залога стоимость химчистки дивана и еще по мелочи. Мы сами до этого еще ген уборку сделали. Нам вернули часть залога, подписали бумаги.\n\nЧерез 4 дня нам написали про разбитое зеркало. Не исключаем, что это могло быть по нашей вине, если разбилось при переезде. Но факт в том, что написали нам уже после приемки квартиры.\n\nМы написали, что это не ок. Но давайте обсудим какую сумму от нас хотят. В ответ получили сообщение с угрозой, что лендлорд - майор полиции и может нам организовать много проблем. За что и почему угроза мы не поняли.\n@iipanfilova\nP.S.: на протяжении всего периода съема были не комфортными владельцами в общении"}},{"type":"Feature","geometry":{"type":"Point","coordinates":[20.142767,44.990685]},"properties":{"name":"Симе Шолаје","description":"3 года арендовали дом в городе Стара-Пазова, ул Симе Шолаје. Поначалу отношения с властниками были хорошими Хотя в доме имелись свои проблемы такие как плесень сильная влажность. Периодически приходили тараканы. Ну и довольно старая мебель и техника. Но на это решили не обращать внимания, Так как дом был большим и подходил нам.\n\nМы шли на встречу и платили исключительно наличными ему в руки.\n\nКогда пришло время расторгать договор аренды и съезжать из помещения, властника как подменили. Он стал в истерике написывает сообщения, чтобы мы срочно оплачивали все счета, хотя у нас всё было оплачено, а счёт за текущий месяц ещё не пришёл.\n\nТак как мы жили в доме 3 года, естественный износ всё-таки был, мы обновили/покрасили стены, сделали полностью уборку генеральную, подготовили дом к сдаче.\n\nВласник со хозяйка женой принять у нас дом, он уже был на взводе. Первое что он сделал войдя в дом, тут же отодвинул холодильник и сказал, что там пыль. Ходил по всему дому в поисках паутины, пыли. Нашёл паутину с уличной стороны на рольставнях указывая на то, что это должно было быть помыто.\nНашёл нитку торчащую из дивана. И все в таком духе.\n\nПри том что, проживая в этом доме, мы специально купили ковролин чтобы наша собака не повредила его паркет.\n\nДепозит в 900 евро нам так и не вернули поэтому не рекомендуем арендовать дом у этого властника.\n\n@Ksa_ksa08"}},{"type":"Feature","geometry":{"type":"Point","coordinates":[19.8315,45.251363]},"properties":{"name":"Бранислава Нушића 16","description":"Адрес: Нови Сад, Бранислава Нужича 16, квартира 14\nЦена 380€ (в итоге 400€)\nУгрожает подать в суд\n\nОказались в такой ситуации: снимали квартиру по договору. При подписании договора арендодатель на 20€ якобы за собаку (хотя квартира была с пометкой можно с животными и не о какой доплате речи не было), обалдел даже его риэлтор. Это уже насторожило, но мы в Сербии были 3 дня, намотались по гостиницам и решили, что 20€ не так уж много, тем более, что в свой бюджет по аренде мы вписывались. Обстоятельства сложились так, что нам пришлось переехать. И мы сообщили за месяц о намерении съехать 2 ноября. На этот момент был оплачен ноябрь и был депозит. Думали что за ноябрь заплатим коммуналку, съедем, получим депозит и с начала декабря владелец квартиру сдать другим. Короче нам в жестко форме сказали, что депозит не вернут и мол гоните деньги за коммуналку за ноябрь. Шантажирует, что подаст в суд теперь. Мы настолько обалдели от такой наглости. Хозяин квартиры (по доверенности, хозяйка сестра) адвокат. Очень не приятный человек. Мы предложили вычесть коммунальные из депозита, вернуть нам 200€. Он ответил в стиле «кто вы такие, чтоб такое предлагать?». И вообще он уже нашел новых арендаторов, мол выметайтесь. Мы съехали, пришли к нему кинули ключи на стол, попрощались и ушли. Я отправила фото сданной квартиры, чтобы не было поползновений нам вменять какой-то вандализм. Хотя вряд ли это остановит. Он потом прислал смс, что будет подавать в суд. Мы его везде заблокировали. Стоить отметить, что мы платили все вовремя, даже за дорогой интернет с ТВ. Но ТВ не могли пользоваться - телевизор старый, без usb даже, к нему не подключить цифровое ТВ. Висел просто бесполезно на стене. Контракт на интернет хозяева отказывались расторгать, обещали поменять ТВ - не поменяли. Квартира «усосанная», пришлось делать мелкий ремонт, менять все лампочки, проблемы с электричеством (в один день проснулись без него, пришлось чинить), везде грибок и в туалете воняет каналией. Стиралка вонючая, вода в кабине уходит плохо. Когда соседи готовят еду - все запахи у тебя в квартире. Мы с мужем до сих пор не можем «отойти» и ждём подаст в суд хозяин или хозяйка.\nСохранили фото всех переписок, фото квартиры после сдачи, все чеки за коммуналку.\n\n@Natalia_Taraskina"}},{"type":"Feature","geometry":{"type":"Point","coordinates":[20.47614,44.797916]},"properties":{"name":"Цара Николаја II 19","description":"Адрес: Beograd, ul. Cara Nikolaja II 19, stan 2\n\nЦена: 1350 € + коммунальные и хозяйка\nУгрожает: полицией, депортацией, судом и «большими проблемами»\n\nОказались в такой ситуации: квартиру нашли через агентство BEBA Real Estate, нам сказали, что они много лет работают с этой хозяйкой и «никогда не было проблем». С нами всё вышло наоборот.\n\nМы заехали в квартиру, подписали договор, заплатили аренду и депозит. Почти сразу выяснилось, что в квартире есть серьёзные проблемы, которые по договору должна решать хозяйка: нестабильный хозяйка и неисправная посудомойка. хозяйка для меня критичен, так как я работаю из дома. С самого начала связь постоянно пропадала — приходилось ходить в кафе для рабочих созвонов или проводить их с телефона, потому что хозяйка периодически отключался.\n\nКогда я пожаловался на нестабильный хозяйка, хозяйка позвонила и в очень агрессивной форме стала угрожать, что вызовет полицию и выселит меня, мою беременную жену и маленького сына. После этих угроз мы просто испугались за семью и решили сначала переехать в другое место, чтобы не рисковать, а уже потом официально написать, что хотим закончить аренду.\n\nВ итоге мы прожили в квартире около трёх недель и переехали. После переезда я написал хозяйке, что мы съехали, что все счета за октябрь оплачены (подтвердил фотографиями квитанций), и спросил, как вернуть ключи и что с депозитом. В ответ начались новые угрозы:\n\nесли мы не заплатим за весь ноябрь 1350 € плюс счета, она «подаст в суд»;\nчто мы «не сможем покинуть страну без штрафов» и нас «могут депортировать из Сербии»;\nчто будут адвокатские и административные расходы и мы получим много проблем.\n\nПо договору, как объяснил юрист агентства, при досрочном расторжении максимум, что имеет право сделать арендодатель, — оставить депозит. Никаких дополнительных платежей за «ещё месяц после выезда» в тексте договора не было. Тем не менее хозяйка требовала и депозит, и ещё месяц аренды, параллельно продолжая угрожать судом и депортацией.\n\nВ конце концов, чтобы избавиться от постоянного стресса и угроз, я отказался от депозита, через адвоката агентства договорились, что дополнительных платежей не будет, и я передал ключи её отцу. Для себя сделали вывод, что больше не хотим иметь с этим арендодателем никаких дел.\n\nЖили недолго, примерно три недели, но за это время получили постоянный стресс вместо нормальной аренды;\n\nПо нашему личному опыту, мы бы не рекомендовали ни эту квартиру, ни этого арендодателя, ни агенство.\n\n@Suvalex"}},{"type":"Feature","geometry":{"type":"Point","coordinates":[20.374443,44.801327]},"properties":{"name":"Јурија Гагарина 164","description":"Beograd, Jurija Gagarina 164,Не вернула залог, говорила всякую ерунду типа можете вычесть из залога неоплаченные счета, правда, счета максимум на 200 евро, а залог 600, потом сказала, что надо делать в квартире ремонт, и поэтому залог не вернет.\n\nМы прожили год (и чуть больше) по договору, предупредели о том, что будем съезжать за месяц, в квартире убрались и прочистили канализацию, но хозяйке на это плевать.\nЛюбые счета за ремонт чего бы то ни было (например, тек слив ванной) надо будет оплачивать 50/50.\n\nА еще в квартире неправильно повешен кондиционер, когда его включаешь, звук как в самолете, при этом хозяйка с этим ничего делать не собирается, говорит, что сама так жила и ничего.\n\nКроме того квартира жутко холодная зимой, ветер из всех щелей, а в спальне стена, которая соприкасается с террасой в холодное время обрастает плесенью, и да, мы это чистили, но там плинтус, который приделан намертво, предполагаю, что там плесени полно, естественно, в течение года нам говорили, что никто раньше не жаловался.\n\nРадует только то, что после того как нам не вернули депозит, сосед сверху затопил эту квартиру, и думаю, что она не сильно просыхает сейчас, что опять же послужит поводом распространения плесени.\n\nИз хорошего только то, что хозяйка не хозяйка с проверками, но думаю, что это просто потому, что ей пофиг😁\n\nДобавлю еще, что там ежемесячно счета примерно на 200 евро, хотя заявлялось около 150.\n\nКороче не рекомендую туда заезжать, если вам жалко свое здоровье и деньги.\n@allesistgut88"}},{"type":"Feature","geometry":{"type":"Point","coordinates":[20.540084,44.778456]},"properties":{"name":"Пиранделова 6d","description":"Пиранделова 6d, таунхаус (первый этаж), аренда 400 €\n\nСнимали в конце лета. Первое впечатление отличное — красиво, живописно, отдельная половина двора.\n\nЗимой начался кошмар: зелёная плесень по всей квартире, особенно в спальне. Температура держалась около +21, норвежский радиатор работал плохо. С плесенью бороться почти не удавалось. Хозяин и утверждал, что «раньше никто не жаловался».\n\nПри выезде депозит не вернули: оказалось, что стены якобы нужно красить за счёт арендатора.\n\nИтог: летом красиво, зимой жить невозможно и депозит возвращать не хотят.\n\n@JUKROGACH"}},{"type":"Feature","geometry":{"type":"Point","coordinates":[20.471061,44.821428]},"properties":{"name":"Михизова 9","description":"Квартира в Белграде, Дорчол, Михизова 9, 17 (3 этаж) - локация (https://maps.app.goo.gl/s4KaK9G4WnE8gm4d9)\n\nСнимал почти 2 года без пары месяцев, сообщил за 30 дней, что хочу уехать. Депозит в итоге отжали.\n\nСослались на то, что в договоре есть пункт про выезд раньше года, снимал я напоминаю почти 2, но в процессе мне предложили договор переоформить и по их логике год нужно считать не с самого начала, а с даты переоформления договора. В итоге, получается какой-то скам.\n\nИ кстати обсуждать все эти детали хозяйка пришла со хозяйка сестрой, которая не только вела себя абсолютно невоспитанно и нагло, так ещё и работает судьей. Так что будте внимательны, договариваться можно с одним человеком, а если будут нюансы, то приходит другой и трясет вам хозяйка должностью и запятыми в договоре.\n\n@volocbl"}},{"type":"Feature","geometry":{"type":"Point","coordinates":[20.411645,44.804578]},"properties":{"name":"Јурија Гагарина 12a","description":"Юрия Гагарина, 12А, Belville, здание Iris. https://t.me/flattorentbelgrade/186886 - вот объявление о ее сдаче в аренду.\n\nКвартире что-то около 20 лет, и там разваливается и ломается абсолютно все, от мелочей до бытовых приборов.\nХозяйка заявила что хозяйка полный депозит еще до осмотра квартиры. А когда мы договорились встретиться отдать ключи, они (2 хозяина, и еще 2 агента на подмогу) незаконно удерживали меня 2,5 часа в квартире, требуя сверх удержанного депозита еще определенную сумму денег. Показывали убитого на стене комара и заявляли что это полная покраска стен. Нашли какую то застоявшуюся десятилетиями грязь и требовали еще 500 евро на клининг. Отклеившийся порожик между комнатами, сломанный доводчик на дверце у шкафа, любая мелочь стоила еще каких то денег, и все это якобы не покрывается депозитом. В общем типичная история нежелания отдавать депозит, + попытка давления и вымогательства дополнительных денег.\n@pirazhok"}},{"type":"Feature","geometry":{"type":"Point","coordinates":[20.473804,44.799287]},"properties":{"name":"Мутапова 51","description":"Адрес: Белград, ул. Мутапова 51.\n\nНа протяжении почти двух лет Душан сдавал нам квартиру. Все в целом было ок, но от него всегда чувствовался вайб \"нажиться за счет эмигрантов\". Нас это напрягало, но мысли съехать не было, пока мы не обнаружили, что он полгода не оплачивал коммунальные платежи, несмотря на то, что каждый месяц мы передавали ему деньги на это (электричество, Infostan, Wi-Fi).\n\nНедавно выяснилось, что сумма задолженности составила около 60.000 динар. Кроме того, в некоторые месяцы он присылал нам счета, в которых были долги, и просил оплату, как будто это текущие платежи.\n\nКогда это выяснилось, мы попытались пойти с ним на контакт и спокойно, честно решить ситуацию, на что он устроил истерику с угрозами и давлением в нашу сторону, говорил что у нас есть сутки чтобы съехать. После скандала, ситуация частично разрешилась, однако он оттягивал оплату долга более чем на три недели, постоянно сливался, кормил завтраками и говорил, что у него есть дела поважнее. Мы поняли, что больше нет смысла держаться за эту квартиру, особенно учитывая ее старый ремонт и постоянные поломки. Кроме того, в том году Душан повысил нам оплату аренды на 50 евро.\n\n(На счет возврата залога пока не понятно, но есть ощущение что он нам его не вернет)\n\nНикому не желаем такого опыта, поэтому надеемся что наш отзыв будет кому-то полезен 🫶\n\n@dariareder"}},{"type":"Feature","geometry":{"type":"Point","coordinates":[20.486425,44.804956]},"properties":{"name":"Косте Таушановића 6","description":"Квартира на Косте Таушановича 6, кв 8.\nИзначально была двухэтажной квартирой, но из неё сделали 2 одноэтажных. Верхний этаж дочка власницы (вся коммуникация через неё, сама власница с проблемами здоровья) стала сдавать на букинге. До букинга там жила девушка с котами, жила нешумно и спала ночью. Сейчас туда постоянно кто-то заезжает в составе до 3х человек на несколько суток, может в 5 утра топать по всей хате и собираться в аэропорт, заниматься спортом в кроссовках, в общем, не угадаешь. Девушке, которая там жила до букинга, депозит не вернули.\nМы специально искали квартиру потише, вдали от баров и детских садов, без площадок и лавок под окнами. Так и получилось, но шумов всё равно оказалось достаточно. Очень хорошая слышимость подъезда - топот и разговоры, как будто они происходят прям дома. В одном из соседских домов живёт собака, которая, видимо, триггерится на вид из окна и начинает охранять - лаять с 8 утра. Также каждый смыв унитаза и поход в душ в букинге сверху прекрасно слышно и дома. Днём ещё куда ни шло, но однажды в букинг заселился жилец, видимо, с проблемами здоровья, и ночью был слышен flush каждые 20 мин (серьёзно). Сейчас неподалёку идёт стройка, по выходным в том числе.\nДоговор на интернет мы подписывали свой и забрали свой роутер при съезде. Интернет, который предлагает хозяйка, хорошо работает только в букинге, т.к. там стоит роутер. В самой квартире же стоит ретранслятор, который не вывозит даже просмотр ютуба с двух устройств одновременно. хозяйка отказывается сама подключать нормальный, мол предыдущих жильцов всё устраивало и ради нас она новый контракт c провайдером подписывать не хочет.\nПри осмотре квартиры нам не сказали, что квартира всегда находится в красной зоне, а мы тогда были ещё зелёные и не знали, что так бывает. Так что откладывать стирку на ночь не имеет смысла.\nВ квартире расгерметизированы окна. В холодное время года появился конденсат внутри окон и не уходит. Также в холодное время года появляется конденсат на окнах изнутри квартиры. Каждое утро начиналось с протёрки окон и ещё несколько раз в течение дня. Жалюзи в квартире не работают.\nВ квартире постоянно что-то ломается. За год проживания 2 раза ломался радиатор (причём зимой и ремонтировали его неделями), в итоге дочка власницы заменила его на бушный, но работающий. Посудомойка сломалась где-то на 7 месяц. Сначала мы долго ждали мастера от Эмилии. Я сказала, что мы можем попробовать найти сами мастера. Она сказала, что в таком случае оплачивать ремонт будем мы сами, а она \"has faith in these people\", имея в виду своих мастеров. Её мастер сказал, что надо покупать новую посудомойку. Она отказалась, и через 3 месяца после поломки сделала скидку на аренду 20 евро в месяц после нашей недовольной беседы с ней.\nВласница с дочкой сделали доки для внж за свой счёт, но с ошибками (хозяйка перепутала наши фамилии с отчествами, ha-ha, classic), пришлось переделывать. В целом тот факт, что власница - не хозяйка, а её хозяйка и болезненная мама, доставлял сложности. Было трудно договориться на день и время похода к нотариусу, например, из-за плохого самочувствия власницы. Она с трудом подписывает документы. Несколько раз наши планы сделать доки переносились.\nМы решили перестать откладывать съезд с этой квартиры, когда дочка власницы повесить 100 евро за починку 2 запорных клапанов в ванной на нас, хотя мы их не ломали (один клапан в магазине стоит 750 динаров).\nМы снимали эту кв без договора, на возврат депозита не надеялись. Просто съехали и уведомили постфактум.\n\n@Aljona_Iva"}},{"type":"Feature","geometry":{"type":"Point","coordinates":[20.476234,44.816651]},"properties":{"name":"Булевар деспота Стефана 68a","description":"Belgrade, Bulevar Despota Stefana 68a, stan 51. (Это ближайшее к ботаническому саду здание ЖК из двух больших красных. Гугл показывает на парковку справа от второго)\n\nБыли звоночки ещё на заселении, но мы решили что ладно. Снимали через риелтора, в объявлении было 700 евро, когда риелтор сказал, что мы иностранцы - поднял аренду на 100 евро. Мы отказались, но риелтор по хозяйка с ним переговорил, и он попросил депозит 1000 вместо 700. На это мы уже согласились.\n\nПосле года поднял нам аренду на 50 евро, но тогда это казалось норм. Спустя ещё год, когда цены начали падать он опять решил поднять аренду. Мы сказали, что это не разумно, но он рассказывал, что другой такой шикарной квартиры в таком шикарном районе мы не найдём (сама квартира в довольно старом и жутком ЖК, но вокруг район правда хороший), что ему предлагали большие деньги за квартиру но мы хорошо ладим с соседями, поэтому он нас держит. Мы просили уступок, типа разрешить домашнее животное или заменить неудобный диван или уменьшить депозит. Ни на что не согласился, ну и мы решили съехать.\n\nПри выезде решил перепокрасить стены из депозита, с чем мы были не согласны. На встречу пришёл с и пыльной салфеткой, которой он видимо протёр какую то полку и начал рассказывать, какие мы плохие хозяева, что мы всё испачкали (мы вызывали клининг перед отъездом), что у него дома чище (он, кстати, не снимал обувь, когда приходил за арендой), говорил, что ходил в полицию и ему сказали что мы нелегально получили ВНЖ (ВНЖ получили вполне легально вместе с юристом фирмы), что из-за нас сорвался хороший арендатор (видимо испугался салфетки). Ну, хоть часть залога отдал.\n\nНе рекомендую. Хозяин давить\n\n@ImaginarySoldier"}},{"type":"Feature","geometry":{"type":"Point","coordinates":[20.455927,44.800736]},"properties":{"name":"Вишеградска 25","description":"Savski Venac, Visegradska 25, Stan 11-12.\n.\nКвартира была снята в ажиотаже 2022 года. Все эти три года они рассказывали нам, что мы самые лучшие русские в Белграде, а после выезда требуют 1500€ за покраску стен. Когда говорим про депозит (1250), делает вид, что ничего не слышит. То есть хотят 2750€ просто так.\nРеальный износ квартиры практически нулевой. Стены в отличном состоянии.\nПеред нашим заездом ничего не было убрано. Мы приехали с вещами к своим же следам на полу, оставленным днем ранее. Хотя был обещан клининг перед заселением.\nБудте острожны! Алчная хозяйка!\nНе рекомендую.\n\n@dicima"}},{"type":"Feature","geometry":{"type":"Point","coordinates":[20.455469,44.795002]},"properties":{"name":"Малешка 34","description":"Здравствуйте. Мы съезжаем с квартиры, которую я крайне не рекомендую. Она была выставлена на ситиэксперт( улица Малешка 34, 1 этаж( или же сербское приземлье) за 1200 евро. Владелец и его мать Елена. Прожили в ней год с кучей минусов: плесень в спальне, которой при заезде конечно же не было, плесень в обеих ванных комнатах и также очень плохая вентиляция в них. Также сюрпризом для нас стало( в первый же день заезда) куча муравьев в под ковриком и за диваном. Хозяева приехали и всучили нам в руки дихлофос(спасибо) и извинились, на след.день приехал дезинсектор и потравил их. Спасибо за оперативность, но все равно неприятно. После этого муравьев не видели, но после зимы они появились снова и в этот раз власник отказался вызывать хозяйка, сказал что это норма, и если вы хотите, то можете вызвать за свой счет(??????). Ну, в общем после этого решили все таки бежать отсюда. Также тут обитают огромные мухоловки и пару раз вылезали тараканы!!!Временами пахло канализацией, в одной из ванн.Сами хозяева, ненавязчивые, приезжали только за оплатой и в квартиру не заходили, но увы, такую квартиру все же не могу рекомендовать. Залог возвращать не собираются, по причине: Ну вы же вроде хотели продлять договор. О том, что съезжаем предупредили за месяц. Будем добиваться возврата залога, так как квартира после нас в хорошем состоянии\n\nКвартира вновь выставлена на ситиэксперт за 900 евро. https://cityexpert.rs/izdavanje-nekretnina/beograd/22975/dvosoban-stan-maleska-savski-venac. Фото красивые, но на деле из мебели и прочего там оставлены только диван и кровать, остальное все другое. Ну и про остальные нюансы я писала выше(+район не очень, из магазинов одна небольшая арома и дом находится прямо у дороги, все время шум от машин).Депозит на данный момент не возвращен. Власник сказал хозяйка, оплатит счета и вычтет из депозита, ждем."}},{"type":"Feature","geometry":{"type":"Point","coordinates":[20.477166,44.770384]},"properties":{"name":"Билећка 8","description":"Кира Смирнова, [28. 4. 2025. 14:56]\nВсем привет!\nБелград, Bilecka 8 Вождовац. Ссылка (https://www.halooglasi.com/nekretnine/izdavanje-stanova/izdaje-se-2-0-stan-vozdovac/5425645385154?sid=1745774842134) на сдачу\nВначале когда заехали в квартиру все казалось отличным. И лендлорд тоже казался очень адекватным и участливым. Проблемы начались через пару месяцев. В этой квартире плохо сделано заземление на кухне, из за чего нас часто било током от посудомойки или даже от воды из под крана. Так же там очень странно был сделан слив в душевой. Мы вытаскивали из него куски земли и бетона, соответственно слив был постоянно забит и вода не утекала и при этом вытекала из отсека возле душевой. Эту проблему лендлорд не спешил решать, хотя по договору он должен был устранить проблему за 8 дней. В итоге мы ждали 3 месяца и каждых поход с душ сопровождался потопом в ванне. Мы ему предложили что бы мы сами вызвали сантехника, но он отказал агрументируя это тем, что этот душ собирал его сантехник и только он сможет разобраться с ним. В целом эта квартира создает впечатление что ее он сделал по знакомству с разными людьми и они не то что бы были профессионалами своего дела. На первый взгляд квартира выглядит прилично и красиво, но на самом деле у нее очень много недочетов и косяков. Например когда начало холодать в этой квартире было ужасно холодно, иногда даже холоднее, чем на улице. Электрические радиаторы не помогали от слова совсем. Они у нас работали 24/7 и все равно было очень холодно. Продувало как из окон так и от стен, они были буквально ледяные. Из за холода и неспособности нормально протопить помещения на стенах появилась плесень, которую лендлорд так же не смог вовремя устранить. Где то 2 месяца мы жили с плесенью на стенах и никакие средства не помогали от нее избавиться. Она была во всей квартире и в спальне и на кухне. Сложно поверить, что ее не было до того как мы заселились, скорее всего он просто сделал поверхностный ремонт, что бы ее скрыть. Из за того что мы пытались протопить эту квартиру и у нас были включены радиаторы 24/7 у нас вышел бешенный ценник на отопление, но даже так в квартире все равно было очень холодно. Мы всю зиму и осень ходили в теплой одежде.\nТак же по соседству живет сумашедший мужик. Он постоянно приходил к нам и звонил в дверь пытаясь с нами взаимодействовать. Мы сначала вежливо с ним общались и пытались свести коммуникацию на нет. У нас есть собака и он постоянно пытался дать ей какую то еду, хотя мы говорили что ей нельзя такое есть. Он был очень прилипчив и рассказывал о своей жизни и что от него уехала дочь. Мы теперь понимаем почему. Под конец, когда мы уже от него устали он начал нам грубить и обзывать нашу собаку сукой.\n\nКира Смирнова, [28. 4. 2025. 14:57]\nТеперь немного слов про самого лендлорда. Он сначала казался адекватным и просил говорить ему если что то не работает, что мы и делали. Мы ему сообщали обо всех проблемах квартиры и о том что поломалось по нашей вине. Яркий пример - диван. Наш кот сильно его подрал, о чем мы сразу сказали лендлорду, он тогда он сказал что будем с этим разбираться потом, потому что на тот момент было бессмысленно что то делать, ведь мы еще тут живем и кот может снова подрать диван. Но когда мы сьезжали он начал нам предьявлять что мы как будто ничего ему не говорили про диван и он узнал о нем вот только когда мы решили сьехать. Этот агрумент он пытался выставить так что времени на починку дивана у нас и у него не остается. Хотя по факту мы сьехали раньше и у нас было больше половины месяца на решение проблемы. Но лендлорд видимо хотел как можно быстрее сдать квартиру пока еще наше время в ней не кончилось. В целом когда речь зашла о нашем отьезде его как будто подменили. Он начал придираться вообще ко всему, даже к вещам, которые были до нашего заезда. Косяки ремонта или сломанную лампу он пытался списать на нас, хотя они были все с самого начала. Так же он требовал, что бы мы перекрасили стены, хотя по договору мы не обязаны этого делать. Он предлагал нанять его"}},{"type":"Feature","geometry":{"type":"Point","coordinates":[20.483674,44.786713]},"properties":{"name":"Ђорђа Кратовца 44","description":"Ђорђа Кратовца 44.\nХозяева построили 3 этажный дом и сдают в нем квартиры. В квартирах нет никакой шумоизоляции, слышны шаги, голоса, вода и вообще все. В туалете можно услышать полноценный разговор соседей за стенкой)\nХозяйка может в ваше отсутствие прийти в квартиру и фотографировать ваши личные вещи.\nВсе просьбы игнорируются. У нас прорвало трубу и вызывали сантехника 2 дня. Все эти дни хозяевам не было до нас дела, хотя мы живем в одном доме. в квартире был постоянный потоп от воды и в детской комнате было огромное мокрое пятно на стене, которое потом превратилось в плесень( сейчас его просто закрасили краской)\nПосле каждого дождя на углах появлялась все новая плесень, а старая начала цвести мохом при постоянной обработке.\nВесь год что мы там жили, мы все болели на постоянной основе, сейчас мы живем неделю в другой квартире и мы прекрасно себя чувствуем))) постоянная заложенность носа и больное горло. У ребенка чуть не развилась астма из-за плесени. О просьбах что то сделать они говорили что они всю жизнь так живут и все нормально и не предпринимали никаких действий.\nИз канализации выползают огромные черные тараканы, длиной сантиметра 3-4\nВ последний день на матрасе мы увидели постельного клопа))\nВесь год хозяева с нами общались только при передаче денег, в остальное время игнорировали, хотя жили мы в одном доме.\nУ нас закончился годовой договор и мы не захотели его продлевать. Хозяйка отказалась возвращать залог в 950 евро( потом она скажет что мы ей давали только 750е залога) и передаст через 3 лиц, что каждый день нахождения в этой квартире будет стоить 50 евро. Нам пришлось экстренно искать квартиру с маленьким ребенком.\nПосле того как мы сказали, что не хотим продлевать договор с нами начали ужасно общаться, говорить что мы грязные, шумные, постоянно чем то недовольные. Залога мы конечно своего так и не увидели. Люди начали придираться ко всему, даже к тому, что является естественным износом квартиры.\nСейчас эта квартира сдается за 1000 евро и почему то там написано район врачар, хотя это совсем не он. Соседи по домам это старые люди и цигане, у которых собаки живут на улице и по ночам постоянно гавкают.\nЛюди очень хотят сдать квартиру именно русским, хотя неделю назад обзывали нас и упрекали, что мы иностранцы и ничего не понимаем.\nhttps://t.me/kvartirivbelgrade/3864 Вот объявление этой квартиры, она сдается опять.\n\n@grisayushka"}},{"type":"Feature","geometry":{"type":"Point","coordinates":[20.475506,44.810049]},"properties":{"name":"Dvadesetsedmog Marta 39","description":"Dvadesetsedmog Marta 39, stan 52.Властник Maja Djurovic. Квартира 78 м2, по стоимости 900 евро + ку.\n\nhttps://maps.app.goo.gl/iEmCzd4WqRzvdsPV9\n\nЗаехали месяц назад, подписали контракт, лендлорд предоставила все документы (свой ID, подтверждение владения, подписала izjava), но когда мы ей сообщили что мы поменяем адрес официально в управе впала в бред что она не дает нам разрешения этого сделать, т.к. не хочет нигде светить свой адрес и свою квартиру, с аргументом \"у вас внж до 2027 года, вам вообще это не надо\".\nHR моей компании (сербы) тоже не смогли убедить ее что это обязательная процедура и в этом нет ничего особенного.\nПри этом один из нас уже успел официально сменить адрес в управе, а второй получил слот и тоже пойдет. Процесс получения ПМЖ тоже под вопросом, т.к. лендледи не понимает зачем нам это надо и не хочет подписывать дополнительные документы (которые еще и должны быть заверены у нотариуса).\n\nПомимо проблем с документами:\nНа просмотре мы проверили все шкафы, кухонный гарнитур, всю мебель, и все было ок. Но квартира была полна разнообразного хлама (какие-то статуи, чаши, лампы и т.п.), который мы попросили вывезти до дня нашего заселения, т.к. они съедали все горизонтальные поверхности в квартире, все полки, столы и т.п. Вместо этого лендледи сложила весь хлам в шкафы в этой же квартире и закрыла их на ключ. В результате нам негде хранить наши вещи и одежду т.к. бОльшая часть шкафов тупо закрыта на ключ и когда мы сообщили что нам некуда повесить или убрать наши вещи, т.к. места тупо не хватает, она нам оставила всего пару шкафчиков в (3-х комнатной квартире!!) она отказалась что-то менять.\n\nКлюч от межкомнатных дверей (и даже ванных комнат, т.к там нет обычного замка-защелки, а именно двери закрывающиеся на ключ) тоже не передала.\nКлюч от входной двери тоже всего от одного замка, самого примитивного, несмотря на то что в двери два замка и второй намного надежнее.\nНу и туда же ключ от почтового ящика, мы его тоже не увидели.\n\nНад дверью нашей входной двери установлена камера, предполагаем что до нас квартира сдавалась на airbnb. Много еще разных нюансов, но все было бы решаемо если бы лендледи была более сговорчива.\n\n@ichernaia"}},{"type":"Feature","geometry":{"type":"Point","coordinates":[20.528152,44.785154]},"properties":{"name":"Dolačka 10","description":"Dolačka 10/7, район Звездара, Белград. Властник Nikola Jocić. Прожили мы в этой квартире чуть больше полугода, заселились в августе, а съехали в феврале. Платили за месяц вперёд 600 евро, плюс 600 евро оставили депозит. Сначала все было неплохо, квартира большая, светлая. Одна комната (спальня) стояла пустая, но владелец сказал, что привезет туда мебель. В итоге привез новую кровать, а стол и шкаф б/у и довольно потрёпанные, но, в целом, пользоваться можно, поэтому мы ничего не сказали. Также в квартире отсутствовали батареи, поэтому при заселении мы поинтесовались, сколько денег уходит зимой на обогрев кондиционерами, на что властник заверил нас, что не больше 5000 динар. В итоге лето и осень мы прожили без проблем, а зимой начался треш. В квартире было очень холодно и сыро. Из-за отсутствия постоянного отопления по стенам и потолку начала расти черная плесень, обработки хватало максимум на две недели, потом все повторялось. Жена с сыном начали постоянно болеть и кашлять, то ли из-за непостоянного обогрева, то ли из-за плесени. В итоге, за три месяца (ноябрь-январь) мы были на больничном 7(!) раз. Плюс счета за электричество начали неожиданно и достаточно сильно расти, хотя пользовались им мы +/- всегда одинаково. В итоге, за ноябрь счёт за электричество был около 10000 дин., в декабре он вырос уже до 16000 дин., а в январе уже до 20000 дин. В общем, мы посоветовались и решили съезжать. Владельцу сообщили заранее. За две недели, как было указано в договоре. В середине февраля съехали, предварительно сделав за свой счёт профессиональный клининг. Депозит он нам сразу не вернул, т.к. на тот момент у нас ещё было не оплачено половина счета за февраль. В начале марта Никола написал нам, что за половину февраля мы должны ему за электричество 22000 дин.(!), не предоставив при этом никаких подтверждающих документов. Мы были в шоке, но сказали ему, что у него остался депозит 600 евро и он может вычесть эту сумму из депозита, на что Никола ответил, что он \"все посчитает и напишит нам\", после чего пропал на месяц. В итоге, спустя месяц он присылает мне сообщение о том, что, помимо оставленного ему депозита, мы должны ему ещё 1770(!) евро. То, что мы были в @#уе - это ничего не сказать! По его логике, эту сумму он насчитал нам следующим образом: 750 евро за якобы ремонт б/у-шных шкафа и стола, которые мы в каком состоянии получили, в таком и сдали, 400 евро за интернет, который он якобы подключил \"специально для нас\", покраска стен - 450 евро, плюс \"неоплаченные счета\" ещё на 470 евро (!), при том, что у нас, на момент съезда, как я уже писал раньше были неоплачены счета только за половину февраля и я понятия не имею, что нужно делать в квартире, чтобы за две недели получить счёт, как за несколько месяцев. Плюс, по какой-то своей логике, этот интересный человек насчитал нам ещё 300 евро \"за время проживания в последнем месяце\", при том, что этот месяц, как и все предыдущие был оплачен заранее за месяц вперёд, т.е. это он должен был нам вернуть деньги за это время, но уж точно не мы платить ему во второй раз. В конце сообщения идёт офигенная фраза о том, что, вообще-то, на все про все он потратил 2370 евро, но, так как мы оставили ему 600 евро депозита, то за вычетом этих денег мы должны ему 1770 евро и, что, если в течение 10 дней мы не отправим ему эту сумму, то он обратится в суд. Т.к. у нас есть фото всех дефектов шкафа и стола, а также фото всех счетов, то Никола, с его кривой математикой, логично был послан нахер. При всем этом при заселении, какие-либо документы о нашем проживании, кроме договора, он делать отказался и, как я понимаю, налоги за сдачу квартиры, он так же не платил.\nВ настоящее время квартира опять выставлена на сдачу. И самое смешное, что с теми фото, которые я ему отправлял, когда мы съезжали. Т.е., конечно, ничего он там не делал и не менял, а его сообщение - это просто попытка необоснованного развода \"руса\" на деньги.\nВ общем, никому не советую связываться с этой квартирой и этим вымогателем!\n\n@Murmotw"}},{"type":"Feature","geometry":{"type":"Point","coordinates":[20.469528,44.80702]},"properties":{"name":"Десанке Максимовић 8","description":"Врачар, Десанке Максимович 8 (https://maps.app.goo.gl/aZJJ1qxN2W4vxHyc9)\n\nhttps://cityexpert.rs/izdavanje-nekretnina/beograd/60426/dvoiposoban-stan-desanke-maksimovic-vracar\n\nКвартира в порядке, устала, но всё работает, тепло, летом кодиционеры.\n\nПрикол вылез только при выселении: не хотел отдавать залог, ссылаясь на покраску стен. Мол они износились (цитата: ты дышал на них весь год), хотя визуально ничего не было.\n\nЯ сказал что \"проконсультировался\" с юристами и согласно Закону о облигаторним односима Члан 585.3 - естественный износ не оплачивается.\n\nПосле этого согласился отдать деньги минус коммуналка, минус покраска протечки на кухне от соседей, о которой я не сказал во время.\n\nУрок: читайте договор, изменяйте его и знайте права. Диаспора Русских перевела все законы - можно найти всё\n\n@meisloafer"}},{"type":"Feature","geometry":{"type":"Point","coordinates":[20.549469,44.588506]},"properties":{"name":"Николе Тесле 121","description":"Адрес Avala, Sopot, Parcani, Nikole Tesle 121. https://maps.app.goo.gl/TH643FVT6idAecSK7\nЭто милый домик \"из сказки\" вообще не то что кажется. Ледяный зимой, невозможно согреть, а счета приходять немыслимо большие (25000 рсд пришло в январе + мы топили печку, те дрова еще покупали). Хозяин три месяца вообще скрывал счета, говоря что они будут \"не выше 5000рсд\", а потом нам выставили огромный счкт за три месяца, где мы изза того, что он не вовремя передавал показания счетчика, попали в ткнз. красную зону, те по самому высоком тарифу. Это я еле оспорила в Eps Сербии, он ессно ничего не делал. Депозит не отдал, хотя предупредили за месяц, дом в идеальном состоянии.\nУжасная, навязчивая манера общения, даже адвокат сказала что он \"эмоциональный вампир\" и патологический лжец. Вижу что сейчас выставляет обяьвление дома и пишет что счета 5 е 😂 и что в доме есть оптика, при чем там интернет еле провели и сказали что оптики еще долго не будет. Зовут вампира с Авалы Александар Вукович.\n\n@Sand_Zorz"}},{"type":"Feature","geometry":{"type":"Point","coordinates":[19.825068,45.24078]},"properties":{"name":"Цара Душана 82","description":"Здравсвуйте. Прошу внести квартиру в черный список\n\nNovi Sad, Cara Dusana 82a, 70\n(https://maps.app.goo.gl/SdXcgmhpqgSRwJrR7)\nХозяйка - хозяйка\n\nХорошая квартира, но хозяйка просто ужасная. Она на ходу выдумывает какие то внегласные правила, по которым мы должны были снимать квартиру, обвиняет нас в том, что мы не следили за состоянием квартиры, хотя каждые 2 недели мы заказывали клиниг, следили за состоянием бытовой техники, обслуживали и чистили ее и в целом полностью ухаживали за квартирой.\n\nНаша \"история\" началась с того, что мы просили хозяйку нам хозяйка специалиста, который сможет залить фреон в кондиционер, так как он стал хуже охлаждать помещение. Таня скинула нам какой то хозяйка, написав которому мы не получили никакого ответа. Далее мы своими силами почистили кондиционер от скопившейся пыли, сообщили об этом хозяйке, и с этого момента она начала обвинять нас в том, что мы сломали этот кондиционер! Также были обвинения в том, что \"по договору мы за свой счет должны обслуживать этот кондиционер каждый год\", но в договоре об этом нет ни слова (хотя кого это волнует, верно?)\n\nДалее пошли обвинения в плохом отношении к вещам, к квартире, к технике в ней. Обвинения в том, что мы встечаемся с ней лично, хотя по внегласным правилам мы должны были класть деньги за квартиру ей в почтовый ящик. Для нас это было очень странно, потому что при каждой встрече она была милашкой, никогда не говорила о каких то проблемах, улыбалась, но как только доходило до переписок в Viber, начинала общаться грубо и высказывать негодование.\n\nАпогеем всего стало ее уведомление о том, что мы должны съехать с ее квартиры через 20 дней. Мы хозяйка же сослались на договор и она скрепя сердце согласилась с тем, что мы съедем только через 30 дней.\n\nТаня хозяйка же не вернула нам депозит (400 евро) и после нашего выселения мы получили новую порцию хейта о том, что мы оставили квартиру в \"экстримально грязном\" состоянии, что требуется ремонт почти всего, требуется заменить мебель и тд. Мы были в шоке от такого поведения, но старались спокойно поговорить с ней и объяснить, что мы не будем требовать депозит обратно и его хватит для того, чтобы возместить все траты, связанные с нами:\n- покраска стен\n- оплата долга по коммуналке (последние 2 месяца)\n- еще примерно 50 евро должно остаться на прочие расходы\n\nХозяйку же это не устроило, она вылила кучу дерьма на нас, но мы решили больше не спорить и просто закончили разговор.\n\nСейчас, спустя полтора месяца, она \"вернулась\" к нам и написала сообщение о том, что мы должны ей заплатить 650 евро сверху за то, что она:\n- покрасила стены за 300!!!!!! евро\n- купила новые стулья на кухню\n- заменила мебель (но мы даже не знаем какую и она хозяйка же не говорит)\n\nЭто полнейшее свинство с ее стороны. Квартиру мы вернули ровно в том состоянии, в котором и арендовали (за исключением черточек на стенах), стулья, которымы она тыкает в нас, как были потресканы в начале аренды, так и остались, но она считает, что мы испортили ее квартиру.\n\nНу и самое \"приятно\" в том, что теперь она угражает судом, если мы не отправим ей деньги в течении 5 дней.\n\nТаня - абсолютно сумашедший лендлорд, никому не советую иметь с ней дело\n\n@t_kostya"}},{"type":"Feature","geometry":{"type":"Point","coordinates":[20.450637,44.807853]},"properties":{"name":"BW Vista | Belgrade Waterfront","description":"Хочу предостеречь от неадекватных хозяев, и прошу админа добавить квартиру в черный список. Квартира в Белграде на воде, башня Vista. Квартира выложена пару дней назад и прямо сейчас проходят «собеседования» на неё, поэтому если получится сделать это быстрее - будет чудесно!\nВладельцов двое - мужчина средних лет и его жена, сербы, живут в Хьюстоне.\n\nПеред просмотром квартиры мы созванивались онлайн по их запросу. Когда звонок начался, мы представились. После нашей просьбы они не назвали своих имен, и так же не дали точного адреса квартиры, поэтому есть только скрин, фото квартиры и адрес дома.\n\nПервый вопрос после того, как мы представились, был «сколько областей в России?».\nВторым вопросом была строчка из белорусского гимна, и просьбы продолжить петь гимн\n….\nНа вопрос «зачем», мужчина начал обьяснять, что он никому не доверяет, что его пытались обмануть сербы, выдавая себя за русских.\n\nМы предложили вместо ответов на вопросы скинуть фото паспорта, тк это основное доказательство гражданства, но они отказались.\n\nНа вопросы про квартиру они особо ничего ответить не могли, мужчина даже не знал, какой вид отопления в квартире.\n\nПосле звонка мы должны были смотреть квартиру с агентом, но собственники пришли в ужас от этой мысли, и сказали, что будут показывать квартиру только в сопровождении своего отца, который в Белграде не живет.\n\nЗвонок кончился, и сразу после него агент переслал вопрос от собственника: «как зовут вашу кошку?»\n(важный момент, это были все вопросы, которые они задали).\n\nУже вечером следующего дня агент написал: «к сожалению, собственники не захотели сдавать вам квартиру, вы не ответили на вопросы, важные им»\n\nЧто за дурка….\n\nКвартира красивая, но, думаю, не стоит того\n\n@dislaty"}},{"type":"Feature","geometry":{"type":"Point","coordinates":[20.484969,44.788171]},"properties":{"name":"Мажуранићева 12","description":"отзыв на квартиру на Mažuranićeva 12: https://www.halooglasi.com/nekretnine/izdavanje-stanova/izdavanje-stana-dusanovac/5425644872144?kid=1\nпытался снять квартиру, агентша дала телефон хозяина и больше никак не участвовала ни в переговорах, ни в написании договора, и сама была в отпуске - но в конце требовала свои 50% непонятно за что, ну да ладно. когда начал запрашивать и проверять документы на квартиру - выяснилось, что квартира по доверенности, а у власника id хозяйка. кроме того, записи в еКатастре об этой квартире и о том собтвеннике, в котором они меня уверяли, я не нашел. также предлагали подписать два договора на разные суммы - для экономии на налогах. в общем, серые документы, и снимать или нет решайте сами. мне на работе сказали, что для внж нужна будет id хозяйка именно власника в том числе, поэтому я не стал"}},{"type":"Feature","geometry":{"type":"Point","coordinates":[20.414202,44.84133]},"properties":{"name":"Авијатичарски трг 8","description":"Прошу добавить в черный список две квартиры Авијатичарски трг 8, Београд, Сербия:Квартира 4Тараканы, КЛОПЫ!!!\nКвартира 5, мансардная, течёт крыша во всех комнатах, тараканы, моль, дико жаркая квартира летом от крыши и очень холодная зимой. Хозяйка, постоянно врёт, не сдерживает обещания, забывает в свою пользу, что ей оплаченопыталась нагреть меня, даже при условии, что я её отдал депозит, так как съехал раньше договорённого срока, пыталась меня нагреть, пугала судом, вообщем, никому не советую.Кондиционер старый, вибритует на внешней стене так, что невозможно спать, менять не хотят, вообще не хотят тратить денег даже на плёвый ремонт, мне пришлось чинить кнопки на стиральной машине, так как она отказалась вызывать мастера и чинить её, говоря что если я сломал, то и чинить мне(кнопка при этом плохо работала ещё до того, как я заехал) при том, что в договоре явно прописано, чтокрупный ремонт за счёт собственника.Сдала мне кваритру, обещая открыть ещё комнату, где я могу работать, говорила что комната пустая, после подписания договора два месяца мурыжила, не открывая комнату, когда открыла, оказалось, чтокомната полна её вещей и я должен был за свой счёт вызывать рабочих, чтобы это растаскивать, а она типа должна показывать куда что.Постоянно за то, за это заплати, в квартире висят её меха натуральные, а она сама жмётся на ремонт кнопки, никому не советую."}},{"type":"Feature","geometry":{"type":"Point","coordinates":[20.496273,44.776429]},"properties":{"name":"Медаковићева 95","description":"Добрый день! Хочу поделиться сомнительным опытом аренды квартиры по адресу Медаковићева 95, Белград. Искали квартиру через CityExpert, квартира была неплохая, район приятный, но с подозрительно дешевой ценой в 350 евро. В итоге хозяин оказался хозяйка. Несмотря на то, что сдача квартиры была указана на 6 месяцев, при встрече он стал говорить, что это очень мало и ему это нежелательно, но так и быть согласился. Потом он стал подобным образом упираться с белым картоном, мол, напряжно, но так и быть, попробую. Мы взяли день на подумать, после обсуждений в переписке согласовали с хозяином встречу на следующий день для обсуждения деталей договора и оформления. Мне в CityExpert заранее выслали образец договора, созвонились со мной, сказали, что хозяину пытались звонить, но он не брал трубку, но договор ему также должен был прийти на почту.\nОднако когда мы пришли к нему, он стал говорить, что никакого образца договора не получал, вообще он очень занятой и сможет договор составить \"максимум через неделю, может дольше\". Также он утверждал, что агенты с сайта должны прийти на встречу и взять с него процент (с CityExpert агенты не приходят). Мы убедили его вместе с нами позвонить в агентство и все прояснить. После звонка он сменил немного риторику и просто стал спрашивать, зачем нам договор. Он пытался объяснить нам, что теперь CityExpert будут каждый месяц брать с него процент за сдачу квартиры (кажется, это совсем не так по их условиям) и что ему придется слишком много платить и он ничего не заработает. При нас достал калькулятор и стал что-то высчитывать и жаловаться, какую смешную сумму он заработает. Пытался убедить нас сказать в CityExpert, что мы отказались от аренды и составить свой договор, или составить некий договор, будто мы ему вообще не платим аренду, а просто живем у него.... Убеждал нас, что до этого там жила девушка из России, которую все эти формальности не смущали. В итоге нам показалось, что это все подозрительно и мы ушли.\n@IrinaLevLevchenko"}},{"type":"Feature","geometry":{"type":"Point","coordinates":[20.480733,44.751119]},"properties":{"name":"Паунова 82","description":"Здравствуйте. Прошу добавить в черный список квартиру по адресу Paunova 82 кв 18. Во-первых, сдавали нам они по 550 евро, сейчас они выставили по 650, все бы ничего НО в квартире абсолютно старая техника (нормальный только телевизор), стиралка течет, водонагреватель работает наполовину(греет очень плохо), холодильник старый, кондёр не вывозит в жару, а еще потребовали в случае если они нам сделают полку под микроволновку, что бы мы микроволновку оставили. (Нам ничего не возмещали) Во-вторых, власники сначала кажутся адекватными людьми общаются приветливо, потом начинается. Если приходит один власник все хозяйка, как приходит его жена так она залазит во все шкафы с личными вещами, ходит во все туалеты, смотрит где есть грязь, и как у вас в шкафах, орет что грязно, и что наймет уборщицу нам раз мы не умеем убирать, хотя убирались мы постоянно. Это раз в 2-3 месяца. И вообще наезды были постоянные по типу: чего подоконники не протерли, почему балкон не вымыт, а если вы забыли или не успели помыть в туалете поздравляю вы выиграли джекпот, вас будут унижать, спрашивать и писать гневные триады. (причем все это началось все во втором полугодии, жили мы там год). Сам власник оплачивал счета, постоянно мы оставались должны, хотя отдавали по счетам все ему лично и он уходил и говорил, что все хозяйка. Потом просто приходил и говорил что не доплачено, либо мы сами по счетам видели, что оплаты нет и копится долг. В итоге когда стали платить сами, все стало хозяйка. Спрашивали его, говорил, что дополнительные счета пришли, и он их забрал сам, либо делал вид что не в курсе что долг есть. При выезде мы договорились, что за счета они заплатят из залога, как итог они содрали за 2 месяца, хотя последний месяц мы съезжали за 2 недели до конца аренды. Нам уже хотелось сбежать оттуда по этому мы не ругались. Смешной момент: они приходят всей семьей и смотрят все «под лупой»😅, но это так веселое отступление. За наши косяки мы сами отдали им 100 евро сверху. Мы постирали ковер, он сел, за него отдали. (Так что косяк за нами имелся такой) В остальном их устроила квартира. Залог остатки хотя и сильно меньше, но отдали. В-третьих, там соседи очень чувствительные снизу, если у вас есть дети, даже не шумные и спокойные, вам будут долбить снизу и жаловаться власникам, а уж если у вас обычный ребенок, то думаю там начнутся истерики,а власники мотают голову вам тем, что ваш ребенок прыгает и бегает, мешает людям,а ты в этот момент на ребенка смотришь он на стуле сидит и мульты смотрит, я не знаю как и откуда доходят звуки до соседей, но вы будете часто их долбежку в потолок слышать. Плюс дорога под окном и там постоянно пыль, очень много пыли, буквально один день убираешь, во второй день пыль лежит как будто не убирался. Если свадьбы или праздники в кафе рядом и ваше окно открыто, спать не сможете часов до 3 ночи, все чемпионаты тоже проходят под крики соседей часов до 2-4 ночи (хотя это уже каждому на усмотрение, мы к этому спокойно). В общем власники так себе, если им надоест дешево сдавать свой «пентхаус» ждите оскорблений и криков. Постоянно мотают нервы. И пытаются навернуть на деньги. Эта квартира того не стоит точно.\n\n@Nioalpha"}},{"type":"Feature","geometry":{"type":"Point","coordinates":[19.830601,45.238611]},"properties":{"name":"Народног фронта 62","description":"Narodnog fronta 62, кв 133\nНародного фронта 62, Нови сад\nХозяин (Vladimir) и Slavica Dedic, может сдавать еще сын, имени не помню, высокий и лысый\nВладимир сначала показался добропорядочным, но как оказалось, это не так. При просмотре отвечал, что и договор будет, и цену повышать не будет по сроку договора. В итоге все же повысил цену: мы успели прожить в квартире всего 3 месяца, платили в срок, жили тихо и мирно, ничего не нарушали, провели химчистку диванов, вытравили муравьев, отмыли и облагородили квартиру в целом.\nДоговор к слову он все же сделал, так как не хотел с нами ходить за белым картоном, но этот договор не имеет для него никакого значения, его слова: «не нравится новая цена, не проблема, выселяйтесь»\nСама квартира не в лучшем состоянии, но выбрали тк понравилось местоположение и мы торопились.\nСоседи сверху и слева очень шумные, за окном оживленная дорога, окна деревянные и некоторые как оказалось не закрываются, в дождь затапливает, у некорых окон отходят рамы, поэтому трогать их даже страшно, машинка скачет, холодильник протекает, скопище муравьев, старая прокуренная мебель в ужасном состоянии. Тех денег совершенно не стоит\nЗаключили договор на 350 евро, повысил на 50 со словами «обещаю, точно больше не буду повышать))», вопрос про гарантию не повышать больше цену игнорирует, читай - обязательно повысит еще\nОтдаст депозит или нет, пока неизвестно\n@sh_adele"}},{"type":"Feature","geometry":{"type":"Point","coordinates":[20.396464,44.815348]},"properties":{"name":"Tadije Sondermajera 12","description":"Tadije sondermajera 12 apr блин… вроде бы 14. Забыла, если надо, уточню.\n1) Была первая кв в Сербии, хозяева гасились на всех этапах. Не работает половина розеток, не закрывается дверь, чинили 4 месяца и то не все.\n2) когда стали собирать хозяйка на внж хозяйка дала хозяйка на чужую квартиру на два этажа выше. Якобы квартира ее подруги. Не уведомив нас. Я заметила это, новые хозяйка ждали долго, пришлось переносить дату подачи на внж\n3) когда съехали, предупредили, что квартира пустая, но еще не расторгли договор и продолжали платить аренду тк какое-то время квартира была на балансе компании, так как была Пэт Френдли. Когда через пару недель хозяйка пришла уборщица от компании выяснилось, что хозяйка поселила хозяйка людей. Еще раз уточняю: договор не расторгали, аренда платилась в полном объеме.\nВместо того, чтобы извиниться хозяйка устроила хозяйка и пыталась удержать депозит. Пришлось решать вопрос с юристами. Съехали и ОЧЕНЬ РАДЫ!\n\n@Molica_An"}},{"type":"Feature","geometry":{"type":"Point","coordinates":[20.467426,44.806383]},"properties":{"name":"Светозара Марковића 27a","description":"Белград, Светозара Марковича 27А, 19\nПри просмотре квартиры обещали устранить поломки, вывезти мусор и свои вещи. В итоге ничего не было вывезено, включая грязную одежду, презервативы и окурки в шкафах, сломанные вещи и т.д. В квартире не было ни одного свободного шкафа. После долгих споров разрешили убрать часть их хлама на балкон под крышу. Постоянно ломалась сантехника, всё приходилось менять за свой счет.\n\nПри выезде нам не вернули депозит и начали требовать ещё деньги сверх депозита за якобы пропавшие и сломанные вещи, которые внезапно оказались невероятно дорогими и ценными.\n\n@Ksenia_lis"}},{"type":"Feature","geometry":{"type":"Point","coordinates":[20.465169,44.819454]},"properties":{"name":"Страхињића Бана 73a","description":"Kirill Vlasov, [2.3.24. 22:25]\nЛендлодры (которые были изначально ооооооочень хорошими) решили, что им нужно красить стены (хотя стены как новые). Аргументы примерно такие: «перед твоим заездом мы красили, хотим такое что состояние. более того на серьезных щах, утверждают, что \"никогда не возвращают депозит» больше всего орнул с фразы, что если не соглашусь, пойдут искать все косяки и вешать на меня\n\n3 юриста/адвоката сказали, что лендлорды неправы по всем фронтам и не должны были отжимать депозит там есть 200 евро спорных, но не 1500\n\nМожно было судится и спорить, но это бы заняло кучу времени (а я уехал из Сербии), поэтому согласился на какой-то компромисс в 300 евро, который предложил хозяин, но даже после этого и когда я ему сказал: «я тебе пришлю заключение юристов почему ты был не прав, и что ты должен включить в контракт, чтобы это было честно» начал что-то спорить со мной и доказывать. Я оставил его жить с мыслью кражи у меня 1000 евро (я надеюсь)\n\nЯ снимал полтора года назад, на пике цен\n\nНу и про депозит я бы предпочел заранее знать, учитывая, что контракт включал только явный ущерб\n\nНо он мне в калькуляцию включил даже пальму (больную с самого начала и я не обязывался за ней следить) за 40 евро\n\n@vlasovk"}},{"type":"Feature","geometry":{"type":"Point","coordinates":[20.456058,44.806033]},"properties":{"name":"Рисанска","description":"Переслали из https://t.me/flattorentbelgrade\n\nАдрес может быть не точным!\nСмотрите фото по ссылке внизу\n\n#SavskiVenac\n#сдача #квартира #двушка (1 спальня) 54м2 800 евро #до1000\n\nНеадекватный собственник, который обманывает и обзывает клиентов, повышает голос на встречах. Договор подписывает только свой, который защищает полностью его интересы и совершенно не идет на контакт. Не соглашается делать белый картон больше одного раза"}},{"type":"Feature","geometry":{"type":"Point","coordinates":[20.519023,44.784423]},"properties":{"name":"Булевар краља Александра & Устаничка","description":"Переслали из https://t.me/flattorentbelgrade\n\nАдрес может быть не точным!\nСмотрите фото по ссылке внизу\n#Zvezdara\n#сдача #квартира #двушка (1 спальня) 50м2 900 евро #до1000\n\nСобственница живет в другой стране, поэтому обязательным условием будет посещение ее знакомой уборщицы 2 раза в месяц за счет арендаторов. Уборщица курит в квартире и поднимает стоимость уборки каждый месяц. После каждого ее посещения собственница звонит арендаторам и обвиняет в том что есть царапины на поверхностях и отходит плинтус (так было до заезда арендаторов), заставляет это устранять за их счет. Белый картон делает 2 раза, после этого за каждый новый белый картон просит 200 евро\n\nhttps://t.me/flattorentbelgrade/39829"}},{"type":"Feature","geometry":{"type":"Point","coordinates":[20.47625,44.814942]},"properties":{"name":"Руварчева","description":"Переслали из https://t.me/flattorentbelgrade\n\nАдрес может быть не точным!\nСмотрите фото по ссылке внизу\n\n#Palilula\n#сдача #квартира #двушка (1 спальня) 45м2 650 евро #до1000\n\nПод спальней находится подвал который не закрывается и пол ледяной, в спальне сильная влажность и все стены и потолок в плесени, вся мебель зеленеет, под кроватью образуются лужи из-за сильного конденсата\n\nhttps://t.me/flattorentbelgrade/37545"}},{"type":"Feature","geometry":{"type":"Point","coordinates":[20.491428,44.801971]},"properties":{"name":"Димитрија Туцовића","description":"Переслали из https://t.me/flattorentbelgrade\n\nАдрес может быть не точным!\nСмотрите фото по ссылке внизу\n\n#Zvezdara\n#сдача #квартира #студия 34м2 490 евро #до500\n\nВсе поломки в квартире собственники заставляют арендаторов оплачивать самостоятельно (хотя подписывали договор, где было прописано, что подобные траты на собственнике). Хозяйка отказывалась делать хозяйка картон и самостоятельно меняла все условия в уже подписанном договоре в свою пользу\n\nhttps://t.me/flattorentbelgrade/35667"}},{"type":"Feature","geometry":{"type":"Point","coordinates":[20.4562,44.827819]},"properties":{"name":"Тадеуша Кошћушка","description":"Переслали из https://t.me/flattorentbelgrade\n\nАдрес может быть не точным!\nСмотрите фото по ссылке внизу\n\n#Dorcol\n#сдача #квартира #двушка (1 спальня) 58м2 1000 евро #до1000\n\nВ квартире деревянные окна, из которых дует даже с утеплителем, не смотря что отопление центральное, в квартире холодно. В ремонте есть косяки, где-то щель в ванной которую продувает, где-то порог криво стоит. Есть проблемы с вентиляцией, которая на кухне как просто отверстие в стене и при сильном дожде оттуда течет вода. Хозяйка за свой хозяйка не планирует устранять недочеты и не разрешает самостоятельно их устранять (даже утеплять окна), начинает угрожать\n\nhttps://t.me/flattorentbelgrade/34513"}},{"type":"Feature","geometry":{"type":"Point","coordinates":[20.451816,44.810134]},"properties":{"name":"BW Metropolitan","description":"Переслали из https://t.me/flattorentbelgrade\n\nАдрес может быть не точным!\nСмотрите фото по ссылке внизу\n\n#SavskiVenac #Waterfront\n#сдача #квартира #трешка (2 спальни) 70м2 1500 евро #до1500\n\nКлиенты снимали квартиру как помещение под офис, собственник после хозяйка и договоренности о том, что клиенты платить налог НЕ будут - заставил их платить налог самостоятельно, арендную плату переводил по самому большому курсу банка. Заставлял оплачивать за аренду вперед сразу за несколько месяцев и раньше срока, указанного в договоре. Называл арендаторов сумасшедшими, когда они обсуждали с ним финансовые вопросы в мессенджерах или по телефону, все нужно было решать с ним при личном присутствии\n\nhttps://t.me/flattorentbelgrade/33437"}},{"type":"Feature","geometry":{"type":"Point","coordinates":[20.479989,44.803269]},"properties":{"name":"Булевар краља Александра 134","description":"Переслали из https://t.me/flattorentbelgrade\n\nАдрес может быть не точным!\nСмотрите фото по ссылке внизу\n\n#Vracar\n#сдача #квартира #трешка (2 спальни) 123м2 1300 евро #до1500\n\nВ квартире много тараканов, в холодильнике плесень, но хозяйка адекватная и готова принимать меры (отмыть холодильник и вызвать службу), но не факт, что тараканы не появятся снова\n\nhttps://t.me/flattorentbelgrade/31309"}},{"type":"Feature","geometry":{"type":"Point","coordinates":[20.461963,44.782687]},"properties":{"name":"Љутице Богдана","description":"Переслали из https://t.me/flattorentbelgrade\n\nАдрес может быть не точным!\nСмотрите фото по ссылке внизу\n\n#Dedinje\n#сдача #квартира #двушка (1 спальня) 60м2 800 еврo #до1000\n\nВ квартире плесень, арендаторам повышали стоимость на протяжении всего срока аренды, не вернули депозит и при выезде заставляли доплатить еще несколько недель вперед при уже полной оплате текущего месяца\n\nhttps://t.me/flattorentbelgrade/15945"}},{"type":"Feature","geometry":{"type":"Point","coordinates":[20.451592,44.808835]},"properties":{"name":"BW Aria","description":"Переслали из https://t.me/flattorentbelgrade\nадрес может быть не точным!\n\n#Waterfront\n#сдача #квартира #двушка (1 спальня) 54м2 1300 евро #до1500\nБашня Aria\n\nКвартира снова актуальна, но настоятельно НЕ рекомендую сотрудничать с данными арендодателям\nhttps://t.me/flattorentbelgrade/6235"}},{"type":"Feature","geometry":{"type":"Point","coordinates":[20.501818,44.790039]},"properties":{"name":"Донска 45/3","description":"Переслали из https://t.me/flattorentbelgrade\n\nАдрес может быть не точным!\nСмотрите фото по ссылке внизу\n\n#Zvezdara\n#сдача #квартира #трешка (2 спальни) 50м2 700 еврo #до1000\n\nСантехника старая, собственники не планируют ее ремонтировать (краны текут), они живут в квартире напротив и могут приходить без разрешения. Депозит в размере 1500 евро не вернули (первоначально этот депозит должны были потратить на клининг при выезде, всю сумму на словах хозяев)\nhttps://t.me/flattorentbelgrade/8987"}},{"type":"Feature","geometry":{"type":"Point","coordinates":[20.460462,44.822136]},"properties":{"name":"Страхињића Бана","description":"Переслали из https://t.me/flattorentbelgrade\n\nАдрес может быть не точным!\nСмотрите фото по ссылке внизу\n\n#Dorcol\n#сдача #квартира #трешка (2 спальни) 88м2 2100 еврo #до2500\n\nВ квартире тараканы и запах канализации, в целом квартира требует ремонта, фото были сделаны несколько лет назад. Арендодатель не хозяйка депозит и оплату за последний месяц\n\nhttps://t.me/flattorentbelgrade/8803"}},{"type":"Feature","geometry":{"type":"Point","coordinates":[20.487434,44.793645]},"properties":{"name":"Јадранска 7","description":"Переслали из https://t.me/flattorentbelgrade\n\nАдрес может быть не точным!\nСмотрите фото по ссылке внизу\n\n#Vracar\n#сдача #квартира #трешка (2 спальни) 85м2 1000 еврo #до1000\n\nАрендодатель месяцев выселяет арендаторов из квартиры и ищет новых на 200/300 евро дороже. В квартире вся техника сломана, духовка не работает, мебель нуждается в ремонте/замене\n\nhttps://t.me/flattorentbelgrade/6987"}},{"type":"Feature","geometry":{"type":"Point","coordinates":[20.394486,44.84486]},"properties":{"name":"Горњоградска 15","description":"Белград, Земун, улица Горньоградска, дом 15, квартира 13\nGornjogradska 15, 13\n\nТак, ну если в целом и покороче - то заехали в квартиру, которая была еще на стадии ремонта, то есть при нас доделывали, но обещали все все все сделать. Заехали я, жена на 7м месяце и собака корги.\nУстно условились, что депозит 800 и за собаку еще 800, который они вернут когда уедем, если собака ничего не испортит (итого депозит 1600е). Ежемесячно 800е. Квартира 42м2 в старом доме с ручным маленьким лифтом.\n\nХолодильник был маленький, мы договорились что я за свои деньги покупаю новый туда и он его выкупит, когда мы съедем оттуда. Купили, поставили.\n\nЖили с 6 сентября 2023 и последний месяц был 6 января - 5 февраля включительно. Съезжали потому что они почти ничего из обещанного не сделали, если надо, распишу. Короче, квартира наполовину пустая. Кормили завтраками каждый день, в переписке пруфы.\n\nДалее 6 января я говорю, что будем съезжать через 1-2-3 месяца и теоретически неточно условились на 5 марта последний день. 11 января я уточняю, что все таки 1 месяц только и последний день 5 февраля. С этого момента как он говорил «Сербия и Россия братья» превратился в агрессивного обиженного пацана. К слову, он 1998 гр, имя Войеслав Миркович. Говорит, что я не имею права съезжать, что он подал какие-то налоги за год (что?) и что я обязан жить весь договор там (за этот оверпрайс при игноре просьб что-то доделать или починить). На словах всегда «да да сделаю, да завтра, да да да». В переписке никогда не отвечает на неудобные вопросы.\n\nПодошло 3 февраля, по договоренности он приезжает смотреть квартиру и фоткать ее для того, чтобы выставить фото. Но мы еще не успели все убрать, и он просто посмотрел с отцом, сказали «все ок» и уехали.\nВ этот же вечер я смог вывезти оставшиеся вещи (кроме некоторых и холодильника), и снял видео о состоянии квартиры. Все было тип-топ. Забыл, просто забыл почистить туалет и не почистил стиралку.\n\nВ этот же день он пишет, что завтра (4го февраля) придет уборщица, нужно открыть ей дверь. Я согласился, в 12 приехал и открыл. Также он попросил ей оставить ключи «чтобы она смогла сходить в магазин» (что?), на что я отказал, поскольку у меня еще 2 дня аренды было оплачено (оплатил как обычно на руки в подъезде/у подъезда в машине 800е), чеки он никогда не выдавал, как и риелтор не подписала никакого договора.\nУборщицу запустил, спросил сколько времени нужно, она сказала часа 3. Я - ок, приеду в 3.\nПока она убиралась, в этот промежуток прилетают от Вои 2 фото: грязного ободка унитаза снизу и машинки в белой высохшей воде (он отказал поставить фильтр для воды). И подписывает эти фото, что я уничтожил эти вещи, и уничтожил квартиру, не предоставив никаких пруфов. На мои вопросы, конечно, не ответил. Я написал, что уберу всю грязь, поэтому к 3 часам я приехал, зашел в магазин за салфетками, поднимаюсь - а замок поменян.\n\nВызвал полицию - они развели руками. Они позвонили Вое - он им рассказал, что я уничтожил квартиру, что я не оплачивал счета никогда. Я полиции возразил и показал пруфы, они развели руками.\n\nВ итоге, я не могу зайти в хату в последние 2 дня, там мои вещи, там холодильник за 100.000 динар, который он каждый день обещал «да да я выкупаю его». Депозита за собаку конечно тоже нет.\nИ хочет, чтобы я оплатил январские счета, когда они придут.\n\nВот так он отжал в общей сложности около 2500 евро, и никто ничего ему не может сделать. Сейчас у адвоката, она составляет письма досудебные. 8 дней им на ответ, и 30 дней с момента смены замка у нас на подачу иска. Пока на этом моменте застряли. Напомню, он просто закрыл дверь иностранцам с двухмесячным ребенком ни за что, без каких-либо доказательств (которые он конечно предоставить не сможет, врет на каждом шагу).\nЭти фото он прислал со словами «уничтожено» и «дерьмо»\n@ypimp"}},{"type":"Feature","geometry":{"type":"Point","coordinates":[20.469573,44.795463]},"properties":{"name":"Шуматовачка 4","description":"Квартира в Белграде: https://cityexpert.rs/ru/properties-for-rent/belgrade/47273/20-rooms-apartment-sumatovacka-vracar\nАдрес: Šumatovačka 4, второй этаж\n\nС данной квартирой у нас возник ряд проблем:\n1. Изначально, площадь этой квартиры была больше. Хозяева разделили ее на две, с помощью гипсокартоновой стены. Уверяли нас, что там у них просто кладовка и никто там жить не будет. Но как только мы купили всю мебель и обустроились, в этой «кладовке» начались нескончаемые ремонты. И это не просто какая-то косметика, к примеру один раз они прорубали стену, чтобы сделать в подъезде дополнительную дверь под эту комнату.\nРемонт там хозяйка очень долго, практически все то время, которое мы жили (1 год). Это может происходить каждый день, а учитывая, что там гипсокартон, ощущение такое, что это все происходит в твоей квартире.\nХозяева могут начать врать, что у них там все закончено, но мне она обещала закончить работы ещё в прошлом сентябре. Им ни в коем случае нельзя верить.\nНикакие уговоры не сверлить хотя бы 2 часа в день, пока спит ребёнок, не действовали. Она делала все ровно в это время. На контакт хозяйка не хозяйка ни с кем. Включая всех остальных жильцов дома. Некоторые из них решили продавать квартиру, которую только купили, из-за соседства с ней.\n2. Помимо этого, она может приходить не сообщая за 24 часа. Может вызвать мастера к тебе в квартиру когда удобно ей и сообщить об этом в последний момент.\n3. Несмотря на то, что написано в договоре, пыталась убедить нас, что мы должны чинить электричество, которое они сами повредили, проводя ремонтные работы в своей кладовке. В плане Электричества жить там очень опасно, свет каратит, делают все дёшево и на тяп - ляп.\n4. В доме постоянно нет света и лифт может застрять.\n5. Очень много чёрной плесени, которую они скорее всего просто замажут побелкой, или наврут, что сделают это потом. Ни в коем случае не верьте. У нас решить этот вопрос с ними так и не получилось\n6. Залог смогли вернуть, когда пригрозили судом\n\nСейчас эту квартиру мебелировали и подняли цену, вид стал презентабельнее, но хозяйка ли стала более адекватна\n\n@dc2tgUser\n\nupd:\nhttps://t.me/flattorentbelgrade/10161"}},{"type":"Feature","geometry":{"type":"Point","coordinates":[20.497702,44.764497]},"properties":{"name":"Braće Jerkovića 181","description":"Браче Еркович 181-33, Вождовац. Хозяева.\nГод жили в квартире, хозяева вели хозяйка и располагали к себе.\nМы пошли им на встречу и подписали договор на 300 евро, при стоимости 600, чтобы они сэкономили на налогах. Пр заезде обнаружилось: подоконники в спальне надломлены, из окон дует, окна были грязными - ну как минимум не идеальными, в душевой признаки плесени и стёкла душевой не идеально вымыты, духовка была грязная, везде ковры - пара из них возможно были почищены, остальные с признакам грязи, при этом пылесоса нет. Хозяйка говорила, что там все покрасили и привели в порядок до нас... ну что-то сделали, но явно преувеличила. Плита была с неотмытыми следами готовки. Короче не идеально.\nЗа 2 месяца до окончания договора встретились, проговорили, что рынок изменился, будем съезжать. Стоимость такой квартиры упала до 400- 450 (рядом сдавали аналогичные в соседних домах), они же снижать не хотели.\nИ вот тут началось перевоплощение, встречи по оплате стали натянутыми и появились подозрения, что хотят зажать залог.\nТеперь о квартире: Квартира старая, окна с деревянными ставнями. Эта осень и зима холоднее прошлой и мы прочувствовали весь холод ибо дуло и я вот уже два месяца с хронической простудой и кашлем. Когда им говорили, что окна плохие из них дует - они нам принесли клейкую ленту - которая даже не клеится к этим окнам.\nИз канализации в душевой всегда воняет. Поменяли сифон - немного помогло, но опять стало вонять буквально через несколько дней.\nИз пола паркетные планки выпадают, сантехнические люки в туалете постоянно вываливаются, поэтому они их предлагали перемотать скотчем. Впрочем как и на кухне пара кафельных плит выпала - пришлось прилепить скотчем. Мебель частично старая, частично относительно новая. Вся техника б/у.\nТеперь к вопросу нашего расставания:\nзалог не хотели возвращать, поэтому начались попытки удержать:\n- за посудомойку - которую они купили нам за наши же 200 евро, мы им оплатили год назад. Они с чего-то взяли, что хотя мы оплачиваем посудомойку она останется у них. Отбила.\n- за уборку сказали сначала 5000 динар, при попытках отбиться начали клонить к тому, что квартира намыта не идеально, и вообще после нас красить и т.д. Я лично вымыла квартиру так чисто, что она такой не была на момент сдачи. Начались придирки, что стекла в ванной вымыты не идеально. При том что на фото по которым они сдавали точно такие же разводы (потому что жёсткая кальцинированная вода т дурацкий материал). Мне срочно нужно было забрать залог, поэтому я плюнула и отдала им 5000 динар.\n- у нас квартира была оплачена по 15 декабря. Выехали 1-го, сдавали хозяевам 3-го. Предварительно сама хозяйка говорила, вы выезжаете 1-го, тогда мы ставим в объявление, а вы платите КУ только за ноябрь. Тут же она пришла с мужем и тот заставил оплатить коммунальные половину декабря. За эти деньги бороться не стала, так как формально правы, но фактически я могла им е сдавать ключи и не давать возможности сдать квартиру раньше.\n\nИтак, я понимаю, что это не те дикие истории про невозвращенные залоги попытки решить все существующие беды квартиры за счёт квартиросъёмщиков, но хочу предупредить, что Хозяева на всём. В том числе я уверена, что они перепродают свою же старую посудомойку жильцам и пытаются ее зажать. Будьте осторожны и не идите им на встречу, как минимум с суммой для налогов и покупкой чего-либо за ваш счёт! Да, они решали мелкие проблемы, но глобально ничего не меняется.\nЕсли решитесь, то отфотографируйте каждую точечку, залом и прочее и состояние в котором вам сдали, плоть до чистоты окон и занавесок, чтобы вас не раскрутили. А будут говорить, что ковры сдавали в чистку - требуйте показать оплаченные квитанции.:)\n\nЕсть фотографии квартиры как сдавалась и видео того как квартира была возвращена."}},{"type":"Feature","geometry":{"type":"Point","coordinates":[20.463384,44.801933]},"properties":{"name":"Бирчанинова 36","description":"Добрый день. Хочу пополнить черный список квартир Белград, Бирчанинова 36а, ст.10, власник, глупый и жадный серб. Сразу скажу что квартира на 6м этаже по-русски, лифта нет и скорее всего не будет еще до лета!!!! Хотя он и нас кормил завтраками что сделают через 2-3 мес после нашего въезда в кавртиру (1 декабря 2022г). Квартиру преподносит как Лухари, хотя вся техника и сантехника - полнейшее дешманское говно! Да и мебель тоже, один диван чего стоит - у наших бабушек и то лучше. Брали от безысходности в самый пик, когда найти приличное уже не представлялось возможным. Сейчас эта квартира может стоить МАКС 1000Е и то я думаю что отсутствие лифта должно снижать эту цену еще. Решили сменить квартиру на подешевле, за месяц до окончания договора как полагается поставили в известность. Оплатили полностью последний месяц 1300Е. Встретились чтобы он принял квартиру за 10 дней до выезда, он выпросил 1 комплект ключей в тот день со словами \"не переживайте, я честный\" в обмен на окрашивание стен после нас за его счет 500Е (тут тоже он решил из нас сделать идиотов - типа не могу перекрасить только 1 комнату, нужно всю квартиру красить). И с того момента начал там сам хозяйничать, можно сказать жить!!! За наш то счет. В итоге динамил завтраками нас еще 2 недели по возврату депозита, придумывал разные небылицы, написал целую бумажку наших косяков (вплоть до прокладки на ручке душевой кабины!) и с горем пополам отдал его за вычетом окрашивания стен, которые мы оплатили ему, те 500Е. На вопрос \"за что мы тебе платили каждый месяц 1300Е?\" ответить не смог ни разу!!!! Итого кинул нас на 1000Е."}},{"type":"Feature","geometry":{"type":"Point","coordinates":[20.482125,44.809634]},"properties":{"name":"Албанске споменице 28","description":"Саша Стефановичь, квартира на Албанске Споменице, 28, кв.9, Белград, Палилула - не вернул депозит после завершения аренды. По факту арендодатель просто придирается, чтобы не отдавать депозит.\nПретензии владельца:\n1. Не выключил бойлер, когда уезжал на длительный срок - я показал видео того, как я уходил из квартиры и что бойлер был выключен - претензия отпала.\n2. Не оригинальная сидушка унитаза. Якобы предыдущая стоила 80 евро. - Я ее заменил сидушку самостоятельно, когда та просто сломалась после первого использования.\n3. Пятно на обогревателе. Утверждает, что нужно весь обогреватель перекрашивать.\n\n4. Какой-то небольшой дефект штукатурки, который и раньше был.\n\n5. Испорчен паркет - я показал ему фотографии паркета при заселении (там уже нечего было портить) - не помогло.\n6. Также пытался подсунуть вместо квитанции за электричество оплатку, где явно видно, что он исправил сумму +1000 динаров.\n\n7. Множество претензий, что я посуду оставил на раковине, винты от сидушки унитаза, грязно (когда я въезжал так же было - сам все отмывал).\nАрендодатель просто хозяйка повторяет одни и те же претензии, на мои объяснения не реагировал, просто начал оскорблять. Например, вот:\n\nТекст, если нужно засунуть в переводчик:\n//\nPlati ce se od tvog depozita i ostala steta kolko stigne jer je mnogo veca i vise si mi dosdio neuznemiravaj mi porodicu i mene jednog pravog rusa bi bilo sramota da ovako nesto radi ja nemam vremena da se bvim sa tobom sve sto ti nije jasno imas sud tuzi u ugovoru sve lepo pise dokazi o steti postoje pa i policija ke u poznata sa ovim slucajem i ako sam vise ispao fer prema tebi kad je najteze bilo i tek ce ali ti nisi covek\n//\nСейчас просто заблокировал меня.\nЯ пытался подключить риэлторшу, она обещала помочь и действительно некоторое время с ним разбиралась, но ничего не смогла сделать. В конечном итоге написала, что он не адекватный и она ничего не может сделать."}},{"type":"Feature","geometry":{"type":"Point","coordinates":[20.460347,44.813796]},"properties":{"name":"Теразије 14","description":"2.5-комн квартира на Terazije 14 3 этаж, старенькая, страшная, сдают за 550е сейчас. Хозяин - конченый дед с деменцией. Заселил нас, не выселив предыдущих жильцов, и съезжать они не собираются. Хозяин переобувается на хозяйка шагу и не помнит того что сказал час назад. Обманул он не только нас, но и агентство, отказывается им платить"}},{"type":"Feature","geometry":{"type":"Point","coordinates":[20.416484,44.762389]},"properties":{"name":"Репишка 32","description":"#ARENDA #beograd\nБелград, Жарково, Репишка 32\nhttps://www.halooglasi.com/nekretnine/izdavanje-stanova/renoviran-stan-sa-parking-mestom-zarkovo-84-m/5425643117071?kid=1&sid=1684495873865\nНи при каких обстоятельствах не вздумайте снимать квартиру в этом доме.\nХозяину плевать на ваши проблемы, но он стрясет с вас все до последней копейки. Мы с женой и собакой заехали в эту квартиру в начале декабря. В квартире не было отопления от слова совсем. После долгих уговоров в складчину напополам с хозяином (с чего ради?) была приобретена ТА печь. В день когда мы начали прогревать квартиру, стены толщиной 15-20 си начали сыреть в углах. Хозяин был хозяйка, на что была выдвинута претензия, что это мы виноваты, так как готовим и сушим вещи внутри. Мы пытались просушивать углы, но проблема не уходила. Появилась плесень, теперь она повсюду. Мы травили ее несколько раз. В квартире всю зиму было очень холодно, а счета за электричество были в размере 300 евро. Хозяин утеплить дом весной, но ничего из обещанного сделано не было. Зато незаконно был отремонтирован подвал, где теперь живет племянник хозяина. У него, кстати, нет отдельного счетчика за электричество, так что счет вы будете платить за две квартиры. Ожидайте визитов коммунальной полиций пару раз в месяц, чтобы передать хозяину очередное судебное хозяйка. Сам дом построен как попало, верхние два этажа построены так же незаконно. Есть большая вероятность того, что дом сложится и похоронит всех, кто был в нем. Коммуникации в доме старые, вас могут затопить соседи, если у них образуется небольшой засор.\nЕсть и плюсы в квартире, это хорошая новая кухня и прикольный двор, но после общения с хозяином вряд ли вы захотите всем этим пользоваться.\nТак же были проблемы с предоставлением документов для внж. Этот ушлый персонаж ничего нам не отправлял, пока мы не помогли ему разместить объявление о продаже его дома в Черногории на русских сайтах. Квартира не стоит своих денег, не ведитесь на картинку."}},{"type":"Feature","geometry":{"type":"Point","coordinates":[20.399797,44.806298]},"properties":{"name":"Уроша Мартиновића 23","description":"Уроша Мартиновича 23 А блок, 0 этаж\nМожет сдаваться посуточно как Lux Garden House\nДевчонки, привет.\nМожно просто поделюсь, так как кипит весь день. Вы может мне подскажете, ситуация: снимаем квартиру в Новом Белграде в А блок 2 комнаты, 1 этаж и своя территория, хорошо мебелированная,\nцена 2000 евро в месяц. Все хорошо, но у нас единственные соседи гей-пара с общей стеной и от них столько шума! Каждые выходные у них вечеринки круглые сутки. Реально с 7 утра к ним приходят друзья и они два дня тусят. Оры, стоны, песни, танцы, блёв. Пару раз жаловались арендодательнице, она дала номер консъержа. Вызвали консъержа в одну из вечеринок, так у соседей подгорели пуканы, что мы обломали им вечерину и все закончилось тем что они били бутылки в своей квартире в нашу общую стену, у нас там стоит кровать наша и детская, у нас малыш 5 месяцев. Вызвали второй раз консьержа, так сосед врубил пожарную сигнализацию и она орала на весь подъезд с 2 до 5 утра в субботу. Соседи затихли на неделю и снова за свое. Сегодня пишем арендодательнице что хотим съехать, тип давай залог забирай в оплату за этот месяц и мы расстанемся. Так она начала бычить что вы не прожили 6 месяцев и я вам не верну деньги. Платите или выметайтесь сегодня. У нас договор и там нет ни единого слова о 6 месяцах проживания. Короче я в ахере полнейшем от местных. Это общая практика или нам так подфартило?"}},{"type":"Feature","geometry":{"type":"Point","coordinates":[20.497301,44.767134]},"properties":{"name":"Заплањска 88","description":"Адрес: Beograd, Voždovac, Zaplanjska 86đ, lamela 3, stan 2 (Београд, Вождовац, Заплањска 86ћ, ламела 3, стан 2)\nАгенство: Beo street Nekretnine\nПроблемы:\nПри первоначальном просмотре квартиры в ней был рабочий стол и стулья. Для нас это был принципиальный момент. При заключении сделки выяснилось, что они принадлежали предыдущим жильцам. Договорились, что в день заселения покажем, что нужно купить, и владелец. Когда мы показали ему вещи из ИКЕА, нам сказали, что это дорого. После долгих уговоров риэлторши, нам выдали 16000 динаров на покупку всего необходимого (~150 euro, евро у них не было, поэтому дали в динарах). Также было оговорено, что при выезде из квартиры мы хозяйка оставим купленные вещи хозяину, хозяйка заберем их, но вернем деньги. Под необходимым подразумевались не только стол и стулья, а например провода, для подключения холодильника (изначально не было), минимального набора посуды и пр. Денег хватило только на стол, 2 кресла мы купили сами, в сумме около 65000 динаров. Помимо этого было куплено много мелких хозяйственных вещей, которые делают квартиру более привлекательной для сдачи (при заселении там не было даже мусорного ведра).\nПри выезде из квартиры мы забрали с собой стол и стулья, но планировали оставить часть мелких вещей, отчитавшись владельцу по чекам. Срок аренды, после которого возможно хозяйка депозит еще не наступил. Поэтому помимо вещей Мы оставляли владельцу еще и депозит. В день передачи ключей владелец требовал хозяйка стол и кресла, хозяйка 150 евро. После моего ответа, что \"можете вычесть 150 евро из депозита\", он психонул, стал орать, что мы съезжаем раньше срока, поэтому депозит его, и сверху депозита мы должны ему еще 150 евро. Мы предложили оставить всякие мелкие полезные вещи для кухни и ванной с суммарной стоимостью 8000 динаров, и отдать ему оставшиеся 8000, но такой вариант его не устроило: хозяйка стол и кресла, хозяйка 150 евро. Еще затребовал 10000 динаров сверху за счета за последний месяц проживания, хотя они еще не пришли. Пришлось позвонить риэлторше, чтобы урегулировать конфликт, но и риэлторша не смогла помочь, хотя придерживалась нашей позиции. В итоге владелец, угрожал мне кулаками и сказал, что пока я не отдам ему все деньги, они с женой меня не выпустят из квартиры. А потом стал угрожать полицией.\nДо нас молодая сербская пара (студенты) снимали эту квартиру за 120 евро в месяц, он их выгнал, чтобы сдавать за 900 евро. В день когда мы приехали смотреть, девушка при нас даже заплакала - ей нужно было подготовиться к экзаменам, но вместо этого ей пришлось заниматься поиском квартиры. Так как весь разговор был на сербском, Мы ничего не поняли. Уже после сделки нам об этом рассказала риэлторша. Это был \"звоночек\" для нас, но деньги за депозит и оплату первого месяца Мы уже отдали и ничего не могли изменить. До сих пор чувствуем себя виноватыми перед этой молодой парой.\nДальше будет описание проблем в самой квартире, о которых мы узнали уже позже.\nЗа 2 недели до заселения владелец обещал подключить хозяйка, в результате хозяйка не был подключен. Известно об этом стало за день до заселения. Пришлось вызвать мастера за свои деньги, чтобы он подключил хозяйка.\nКогда лампа в ванной сломалась (встроенное\nосвещение в натяжном потолке), мы просили владельца вызвать хозяйка. Он сказал, что его нет. Пришлось стучаться к соседям за помощью. Они подсказали номер хозяйка, который сделал все бесплатно, потому что починка входит в стоимость коммунальных услуг. Владелец, что мы должны платить за починку отдельные деньги.\nПри заселении на балконе мы обнаружили 2 старые ржавые сушилки для одежды. При просьбе к владельцу поменять их, он ответил, что его это не волнует.\nХолодильник периодически издавал странные звуки, мы просили починить, владелец на это хозяйка.\nПри похолодании в квартире появилось много плесени: в спальне, в гостиной, в ванной и на окнах. Пришлось везде обработать средством и оставить квартиру на несколько дней из-за запаха. Ко"}},{"type":"Feature","geometry":{"type":"Point","coordinates":[20.487458,44.793645]},"properties":{"name":"Јадранска 7","description":"ВНИМАНИЕ!!! Снимали квартиру на улице Jadranska 7, в Белграде. Квартира оказалась с термитами! Хозяйка никому о них не рассказывает. Специально умалчивает. Саму проблему решать не желает, говорит, что у нее нет на это денег. Когда напоминаешь, что у нее есть ваш депозит, то она спокойно пишет, что уже его потратила. Постоянно требует больше денег «за очередное что-то». Прожили в итоге три недели. Насекомые слишком громко трещат по ночам. Спать невозможно! Депозит никто возвращать не стал. Как только сказали, что будем съезжать с квартиры, начались бесконечные просмотры, о которых, естественно, никто не оповещал заранее. Ставили перед фактом, когда люди уже были у порога. Пока жили там отговорили примерно 10 пар, из-за чего приходилось выслушивать истерики от хозяйки и старалась устраивать просмотры, когда нас не было в квартире. Большая просьба распространить информацию среди всех своих знакомых, особенно среди тех, кто ищет квартиру сейчас. Хотел бы показать запись звуков, но нельзя отправлять видео.\n@ant_haus"}},{"type":"Feature","geometry":{"type":"Point","coordinates":[20.4444,44.796688]},"properties":{"name":"Булевар војводе Мишића 23","description":"https://www.facebook.com/groups/1399487223430096/?multi_permalinks=5706666829378759¬if_id=1692974994481047¬if_t=feedback_reaction_generic&ref=notif\n\nАрнедодатель: Ana Vešković\nАдрес: Bulevar Vojvode Mišića 23, apartment number 36.\n\nИстория об аренде квартиры или у кого не надо снимать квартиру\nИскал квартиру для долгосрочной аренды в Белграде. Вышел на агента, который так же начал помогать с поиском. Квартиру в итоге нашел агент и сразу же записал нас на просмотр 1 июля. Когда мы и заключил договор на аренду квартиры с хозяйкой квартиры, Аной..\nДоговор сроком на 1 год, без возможности увеличения стоимости аренды. Всё как обычно. Ана сообщила, что ей нужно убраться в квартире, а ключи будут переданы 3 июля. Я согласился с условиями оплаты всех необходимых сумм при получении ключей. С агентом же я расплатился сразу, т.к. его работа была выполнена, он нашел подходящую квартиру и помог заключить договор.\n3 июля, как и договаривались, я приехал за ключами с необходимой суммой. Но с порога стало ясно, что хозяйка. Она изо всех сил старалась убедить нас, что квартира нам не подходит. Говорила, что мы недовольны квартирой, она слишком дорогая для нас, мы не выглядим счастливо в её квартире, в квартире слишком МАЛО розового цвета (Что????? 0_о) и ещё кучу всего непонятно.\nЯ её успокаивал на этот счет, что все хорошо и квартира нас полностью устраивает. И сумма оплаты всех платежей укладывается в бюджет. Но “цирк” продолжился.\nОна начала обвинять агента, который подобрал нам квартиру, что он плохо выполнил свою работу. Он обманул и её, и нас, он ввёл всех в заблуждение и т.д. Что она бедная, решила первый раз сдать квартиру, а наш агент её как-то обманул, но как? я так и не понял, но и она не смогла внятно объяснить. Я не согласился с её словами, мой агент единственный, который читал наши требования к квартире и пытался их соблюдать. Он предоставлял всю нужную информацию и всегда был на связи, даже в сложившийся ситуации.\nОна стала рассказывать о своих непростых жизненных обстоятельствах. Что она болеет и ей нужны деньги, что она вот-вот потеряет работу. И что из-за всего этого она собирается поднять цену через 2-3 месяца на 100 евро. Сказала, что ей очень неприятно будет это делать и что это испортит её карму.\nКонечно, её стало жалко, но закрались подозрения. Контракт она подписала 2 дня назад, в пятницу утром и вряд ли за выходные так много на неё свалилось. Я сказал ей, что есть контракт, где НЕ предусмотрено повышения цены в течении всего срока действия. После долгого разговора она сказала, что считает, что просто продешевила с суммой аренды квартиры. Тут то истина всплыла и появилась её “доброжелательность”\nХозяйка сказала, что разорвет договор и выселит нас, если мы не согласимся на новые условия. Но договор также не предусматривает досрочного расторжения без уважительной причины. Отказавшись принимать её новые условия и отказавшись разрывать контракт, мы ушли из квартиры и больше не возвращались в эту квартиру.\nЯ так и не получил от нее ключи, ну а она даже не планировала сдавать нам квартиру по условиям подписанного контракта. Я просто потерял деньги, которые заплатил агенту.\nПосле всей этой ситуации, я связался с агентом, чтобы объяснить ситуацию. Он постарался помочь, разговаривал несколько раз с хозяйкой, но она ему так же вешала “лапшу” на уши, и тем временем цена поднялась ещё выше. Агент сказал, что на неё можно подать в суд за мошенничество. Но иностранцу в чужой стране, без знания языка – это крайне затруднительно.\nНо поскольку имело место нарушение закона с её стороны, то я сообщил ей, что соглашусь расторгнуть договор, если она компенсирует расходы и написал ей досудебное требование о компенсации, в надеже, что это как-то на неё повлияет. Как ни как она упомянула, что не хочет портить карму\nПосле молчания в несколько дней. Ана прислала мне документ, информирующий меня о ее намерении расторгнуть договор. В этом документе были написаны причины расторжения договора, которые, мягко говоря, повергли мен"}},{"type":"Feature","geometry":{"type":"Point","coordinates":[20.472288,44.753538]},"properties":{"name":"Јосипа Славенског 35","description":"Всем привет!\nХочу предупредить и огородить от квартиры, которую мы снимали. Запомните адрес: Улица Јосипа Славенског, 35\nНЕ СНИМАЙТЕ, если не хотите вечных бытовых проблем, проблем со здоровьем и хамского отношения! Когда мы сказали, что хотим съехать, заранее, чтобы лендлорд смог найти жильцов, он нас выставил, не дав дожить последний месяц, наплевав на договор. Считай, выгнал с маленьким ребенком на улицу. Залог не отдал. Хотя мы специально прожили оговоренные «минимум 6 мес». Но обещания у него только на словах🤷♀️\nСейчас он будет в срочном порядке искать жильцов, пока тепло и не чувствуется плесень и холод. В ноябре это будет сразу видно.\nНачну по-порядку. Мы с мужем и дочерью 2х лет сняли эту квартиру, повелись на то, что она двухкомнатная и находится в частном доме с небольшим садиком. Плюс район Баньица нам понравился, парк рядом и транспорт хорошо ходит. Летом жить еще можно. Это единственные плюсы.\nА минусы сейчас перечислю списком:\n1. Из-за того, что помещение полуподвального типа (одна стена в земле), здесь очень холодно и сыро. Только летом неплохо, когда нет дождей. Полы ледяные. А кондиционер на обогрев хозяин разрешает ставить не более чем 23. Не представляю, как тут будет зимой. В апреле-мае мы мерзли, плюс вещи сушились очень долго и потом пахли сыростью.\n2. ПЛЕСЕНЬ. Она оказалось везде! При показе нам сказали, что ее никогда не было и такого «чуда заморского» здесь не видели (тут надо представить ангельски-бесстыжие глаза хозяина). Ха! кухня, гостиная, спальня🤦♀️ — плесень скрывалась в местах, где на первый взгляд не увидишь. За диваном, шкафами, в шкафчиках. Мы ее убрали насколько возможно, но осенью она начнёт расти с новой силой.\n3. Когда идет сильный дождь, коридор заливает! Что тоже очень удивило хозяина😂🤦♀️\n4. В садике, в котором мы хотели гулять, мама лендлорда выгуливает собаку. Как вы думаете убирают ли за ней?\n5. Все постоянно ломается. Стиральная машинка, обогреватель воды, холодильник, краны. Все старое и, видимо, давно не чинилось. И тут мы подходим к самому интересному.\n6. ХОЗЯИН! Он ужасен! Вот насколько сербы приятные душевные люди, настолько он обратная личность. Очень мелочный, злой и безответственный тип. Ему нужны только деньги, за ними он прискакивал ровно первого числа. В остальное время — он в зоне НЕДОСТУПА. Все проблемы решаются по месяцу и больше. Два месяца он нам чинил стиральную машину. Обогреватель так и не починил🤦♀️ Приходится выключать электричество, чтобы помыться, иначе может ударить током. Холодильник протекает (эту проблему он упорно игнорирует). Белый картон делает неохотно, не в срок. Потом еще обвиняет, что это мы поздно сообщили.\nМы в основном тут только спали, все время старались быть на улице. И уже немного привыкли. И залог было жалко. И в деньгах были ограничены.\nНо я бы никому не посоветовала такую квартиру. Будет очень жалко, если кто-то натолкнется на такое отношение, как мы. За 450 евро можно найти что-то более стоящее.\nЕсли кому интересно, могу предоставить переписку с лендлордом и фото, в качестве пруфов.\n\nhttps://t.me/irinaFcopywriter"}},{"type":"Feature","geometry":{"type":"Point","coordinates":[20.481062,44.790451]},"properties":{"name":"Миклошићева 9","description":"Если кто-то будет снимать квартиру на Миклошичева 9, кв.11, Врачар, Белград, лэндлорд Марко Божович. Не снимайте, 1200€ залога не вернуть по вымышленной причине. Уезжать нам сегодня, но он говорит это не его проблема: мы можем остаться, чтобы проследить за решением проблемы, но раз мы уезжаем - это не его проблема. Снимали квартиру 1,5 года, никакого понимания и партнерства. О \"подводных камнях\" заявлено перед самым нашим отбытием, времени что-то оспорить или исправить у нас нет. Знаю, что было несколько русских семей на просмотрах. Если вы хоть о чем-то договорились с ним, не рекомендую сотрудничать. Лучше отмените сделку.\n\nРемонта или какого-то ущерба в квартире нет\n\nКак въехали, так и выехали\n\nВ договоре было написано, что если мы съезжаем менее чем через 6 мес, то депозит не возвращается. Мы прожили 1,5 года (с апреля 22). Он начал нам говорить, что каждый новый год считается полностью, мол это только в первый год можно после полугода съехать, если мы договорились продлить договор, то мы должны год еще прожить. В подписаном договоре ничего такого не было, составляли через риелтора. В соглашении о продоении только два пункта - стороны продляют договор аренды, в остальном стороны руководсьвуются пунктами договора. То есть, это его \"понимание договора\", и получается что мы не прожили установленный период. В момент подписания соглашения ничего подобного он не говорил, сказал живите, сколько хотите.\n\nВ итоге, ответил что доверять нам не может, и ему нужно все перепроверить (где-то, не знаю, что он будет перепроверять). Если он поймет, что после приемки (осмотра, ремонта после нас) и клининга он нам что-то должен, он перевелет нам вестерн юнион.\n\n@anyuta_fromtlt"}},{"type":"Feature","geometry":{"type":"Point","coordinates":[20.281581,44.897978]},"properties":{"name":"Краља Владислава 81","description":"Я снимал один, на протяжении года в Кралья Владислава 81, властник — бабка лет 45-50, с проблемой с головой (это не оскорбление, у нее что-то вроде шизофрении или биполярного расстройства). На протяжении года с ней не было проблем, кроме пары мелких моментов. Но недавно в соседнюю квартиру в том же доме въехала пара, с которой мы позже решили совместно съехать. Мой договор был на пол года, квартира в отличном состоянии, так что мои обязательства были выполнены. Но она отказалась возращать депозит, подбирая разные глупые аргументы, на вроде \"у тебя пол грязный\". В целом, у меня всего 200 евро депозита было, так что я просто смирился. Вторая проблема, это интернет, который мы договаривались подключить на год, после чего (так как договор на два года) перенести на властника. А тут оказалось, что она не хочет и вообще, шел бы я лесом.\nСо второй парой вышло ещё интересней, они въехали подписав договор на полгода. Но через месяц их \"попросили\" поменять жилье, ибо там уже нашли кого-то чтоб заселится следующего первого числа. Скрины всего диалога, в том числе переписка их агента с той самой бабкой у @Roman_Ilinzer\nДепозит правда они отвоевали, пусть и не полностью, после того как заплатили за свет. Бабка пыталась придумать ещё причины оставить себе деньги (например тысячу \"сдачи\" она отказалась отдавать, говоря что это якобы за инфостан за следующий месяц).\nСтоит упомянуть, что после того, как я озвучил что съезжаю, бабке и сорвало крышу. Нам пришлось потом общаться через её мать, которая нам уже объяснила, что у той началось обострение и с ней напрямую лучше больше вообще не контактировать.\n\nдепозит, невыполненные обещания перекинуть интернет и в орании на меня за мое желание переехать\n\nВот сейчас они сдают третий этаж.\nhttps://www.halooglasi.com/nekretnine/izdavanje-stanova/izdajem-stan-beli-karton-pet-friendly/5425642899415\n@Shadow_Unto_Crystal"}},{"type":"Feature","geometry":{"type":"Point","coordinates":[20.335069,44.80091]},"properties":{"name":"Сурчинска 233","description":"Ситуация у нас следующая:\n\nПриблизительно год назад, мы с девушкой арендовали квартиру на Surcinska 27V(В google maps отображается как сурчинска 233).\nВсегда исправно оплачивали счета и соблюдали условия договора.\nОповестили собственника за 1 месяц до съезда.\nВ итоге владелец пришёл хозяйка к нашему выезду в аэропорт и отказался возвращать депозит, сославшись на то, что ему теперь нужно перекрашивать все стены. Хотя стены были в том же состоянии, как и при сдачи квартиры нам.\nБолее того, оставили часть бытовой электроники: миксер, электрочайник, весы и увлажнитель воздуха. Убрали всю квартиру. Однако никак не повлияло на отношение к нам.\nФото стен и документов прикрепил.\n\nДеньги во внесудебном порядке отказывается возвращать, а затевать суд само собой выходит дороже задатка в 500€.\n\nЕще некоторые аспекты с которыми придётся столкнуться потенциальным жильцам:\n\nСверху живет семья с достаточно активным ребёнком, поэтому, время от времени, вы будете сталкиваться с топотом. В остальном, соседи добрые и отзывчивые люди.\n\nТелевизор в гостиной очень бюджетный, сильней всего это проявляется в его звучание. Очень небольшой частотный диапазон с дребезжанием на фоне.\n\nВ доме нет подъездов и какой либо индексации или нумерации квартир, поэтому с доставкой могут возникнуть сложности.\n\nПереводы на карту арендодатель принимать отказывается. Что в свою очередь, потенциально ведёт к сложности доказать через суд, что вы вообще ему, что-то платили. А так же это дополнительные расходы на снятие наличных.\n@HNO3Soooo"}},{"type":"Feature","geometry":{"type":"Point","coordinates":[20.475995,44.798415]},"properties":{"name":"Новопазарска 30","description":"Любомир Иванович Новопазарска 30\nчастный дом сдается 3 или 4 помещения\n\nЯ никому не советую снимать эту квартиру.\nКогда с этим человеком мы заключили договор это было моей роковой ошибкой - я снял квартиру не у владельца, я снял ее у человека, который считает себя «царем» в этой квартире - он абсолютно попирает любые установки, которые есть в договоре, который мы подписали - он приходит в квартиру в любое время не взирая на пункты договора, запрещает приглашать гостей (хотя договор разрешает), постоянно нарушает собственные обещания, не сдержан в речи совершенно - матерится, грубит, выдумывает обвинения.\n\nПоследней каплей в моем случае стало то, что он вошел в мою квартиру и выкинул пластик и тетрапак, подготовленные для сдачи в автомат по переработке (я стараюсь быть экологичным) пока меня не было дома - он сказал, что это мусор. Подчеркну, речь идет о вещах, находящихся внутри квартиры, не на общей территории.\nВ конечном итоге этот человек по надуманным причинам заставил нас съехать, но в последний момент предложил остаться, доплачивая ему +25% к ренте.\nЯ действительно не рекомендую никому жить здесь:\n1 у вас нет личного пространства и границ\n2 Ваша арендная ставка может меняться в любое время\n3 Договор для него это фикция и пункты могут нарушаться и будут нарушены\n\n@essamuilov"}},{"type":"Feature","geometry":{"type":"Point","coordinates":[20.480323,44.806891]},"properties":{"name":"Рузвелтова","description":"Переслали из https://t.me/flattorentbelgrade\n\nАдрес может быть не точным!\nСмотрите фото по ссылке внизу\n\n#Zvezdara\n#сдача #квартира #двушка (1 спальня) 71м2 500 евро #до500\n\nАрендодатель не делает хозяйка картон и не предоставляет документы для оформления ВНЖ\n\nhttps://t.me/flattorentbelgrade/6542"}},{"type":"Feature","geometry":{"type":"Point","coordinates":[20.371033,44.808648]},"properties":{"name":"Сестара Вуковић 20","description":"Арендодатель: хозяйка\nАдрес: Sestara Vuković, br. 20 (2й этаж)\n\nХозяине не хозяйка залог и еще при этом обвинил меня в недобросовестности и обмане.\nЗаселился в квартиру в октябре 22-го, прожили с женой и детьми там почти полтора года. Частный дом на 4 квартиры. Все принадлежат одному хозяину. В одной он живет сам, остальные сдает, в т.ч. Airbnb. Стоимость аренды - 600 евро, и залог в размере месячной платы.\nХозяин и позволяет себе “чудить” в вопросах оплаты аренды и коммуналки. При этом чудит всегда в свою пользу. Первый случай произошел уже через 4 месяца. У нас была договоренность, что мы оплачиваем ТОЛЬКО электроэнергию по своему отдельному счетчику, плюс в месяцы, когда работает отопление, дополнительно 100 евро в месяц фиксированно. Для отопления у хозяина в его квартире, который греет радиаторы во всём доме. Так вот, в конце января 23го он приносит счет за электричество за декабрь, и в нем 1200+ кВт. При этом в доме газовая плита, обогреватели электрические работали мало (т.к. есть отопление), столько киловатт мы не нажгли 100% (я сам электрик, понимаю в этом очень хорошо). При моих вопросах, как так получилось, он отмораживался. Я устроил проверку, обесточил весь щиток в нашей квартире, фотографировал счётчик, и хозяйка как он “накрутил” 10 кВт за пару часов нашего отсутствия (для этого должны были работать 3 чайника непрерывно все 2 часа). Он это никак не объяснил, только развел руками. Но после этого мы договорились о фиксированном платеже на время отопления, и уже потом, весной, хозяин признался, что переключает хозяйка на все счетчики по очереди, чтобы избежать “красной” цены за электричество.\nЕще был случай в апреле 23го, когда он мне написал в ватсап, что за март оплата электричества столько-то, я оплатил на следующий день. Еще через пару недель он принес счет за март и потребовал его оплатить. На мой вопрос, как так, ведь я уже оплатил, он сделал круглые глаза и сказал что не было этого. Я показывал ему переписку в ватсаппе, но на его телефоне неожиданно вся история переписок ватсапа оказалась потёртой и ничего ему не докажешь. В итоге оплатил второй раз, с тех пор за каждую передачу денег брал расписку с него и подобные фокусы прекратились.\nВ декабре 23 твердо решили съехать, в январе нашли новую квартиру, за месяц до конца оплаченного периода сообщил, что мы съезжаем. Хозяин, что если найдем себе замену, то депозит вернет, а если нет, “то будем смотреть по состоянию квартиры”. Совершенно не хотелось кого-то заселять туда после нас, т.к. есть очевидные минусы и самого хозяина и самой квартиры.\nВывезли все свои вещи, убрались, помыли всю квартиру. Морально были готовы что в детской комнате нужно будет покрасить стены, и что часть депозита на это уйдет. До последнего не платил за электричество (за полтора месяца нужно было бы заплатить 28 500 РСД), но нужную сумму приготовил. В день сдачи ключей хозяин говорить, что якобы у нас в договоре прописано, что я должен снимать его квартиру еще 6 месяцев, и что, съезжая, я не выполняю условия. При мне был договор и продление, естественно, ничего подобного там нет. Он пошел за своей копией договора, не найдя её, обвинил то ли меня, то ли какие-то внеземные силы, что у него украли документы. Именно украли! В итоге, депозит не хозяйка, сказал что нужно восстанавливать квартиру после нас, и еще обвинил меня что я обманщик, хитрил с договором у него за спиной и прочее. Но и я за электричество не заплатил. На том и разошлись.\nЕсли кого-то угораздит заселиться сюда, обязательно все ходы записывайте, подписывайте договорённости и все передачи денег. Хотя даже это не гарантирует надёжность и уверенность. Ну, либо хозяйка прощайтесь со своим депозитом.\n\n@Derie1"}},{"type":"Feature","geometry":{"type":"Point","coordinates":[20.43007,44.80567]},"properties":{"name":"Владимира Поповића 30","description":"Переслали из https://t.me/flattorentbelgrade\n\nАдрес может быть не точным!\nСмотрите фото по ссылке внизу\n\n#NoviBeograd\n#сдача #квартира #трешка (2 спальни) 700 еврo #до1000\n\nАрендодатель на коммунальные услуги каждый месяц больше на несколько тысяч, через пол года коммуналка составляла 60.000 динар. Оригиналы счетов не показывал\n\nhttps://t.me/flattorentbelgrade/6422"}},{"type":"Feature","geometry":{"type":"Point","coordinates":[20.459612,44.818238]},"properties":{"name":"Кнегиње Љубице 6","description":"Переслали из https://t.me/flattorentbelgrade\n\nАдрес может быть не точным!\nСмотрите фото по ссылке внизу\n\n#Dorcol\n#сдача #квартира #трешка (2 спальни) 80м2 1200 еврo #до1500\n\nАрендодатель требовал каждый месяц сумму больше, чем та, которая прописана в договоре, а также требовал сделать ремонт в квартире за счет арендаторов и взял за побелку стен 600 евро. Квартира с плесенью в ванной и с запахом старости\n\nhttps://t.me/flattorentbelgrade/6943"}},{"type":"Feature","geometry":{"type":"Point","coordinates":[20.482216,44.804661]},"properties":{"name":"Ћирила и Методија","description":"Переслали из https://t.me/flattorentbelgrade\n\nАдрес может быть не точным!\nСмотрите фото по ссылке внизу\n\n#Zvezdara\n#сдача #квартира #4комнаты (3 спальни) 132м2 1800 евро #до2000\nЕсть #парковочноеместо\nВ здании есть зал и спа центр\n\nАрендодатель не делает хозяйка картон, в квартире не работает техника, прокурено и очень грязно\nhttps://t.me/flattorentbelgrade/6488"}},{"type":"Feature","geometry":{"type":"Point","coordinates":[20.405218,44.849299]},"properties":{"name":"Сибињанин Јанка 9","description":"Переслали из https://t.me/flattorentbelgrade\n\nАдрес может быть не точным!\nСмотрите фото\n\n2-шка, 56 м2\n1 спальня\nДорчол\n\nhttps://maps.app.goo.gl/ZqP6uFvW9GDNKU51A?g_st=ic\n750€ + КУ\nПетфрендли ( но лучше без )\n\nХозяйка неадекватная, орет, качает права и в квартиру без разрешения заходит\nНе разрешает двигать мебель и орет\nВ шкафах ее вещи лежат, не хочет убирать\n\nИтак, ситуация следующая:\n\nДанная квартира старая и изношенная, явно не стоит своих денег и выигрывает исключительно за счет своего расположения. Побитые стены, старые мебель и техника, черная плесень на кухонном потолке, белая плесень в ванной. Дверь в спальню отсутствует в принципе. Отсутствует центральное отопление. В слив в душевой кабине плохо уходит вода, ремонт в ванной в целом ужасный. Из окон вид на заброшенные здания, загрязненные крыши.\n\nКладовка, шкафы, антресоли - 80% завалено бесполезным хламом, принадлежащим родным хозяйки. Большей частью посуды и кухонных принадлежностей пользоваться невозможно, потому что их банально не потрудились хотя бы вымыть и почистить от ржавчины. Многое вообще уже стоило бы выбросить, а не оставлять жильцам.\n\nПодъезд проходной и без замка, поэтому ненадежный. Во многих нормальных домах, что мы видели, установлены закрытые двери с домофоном, что гарантирует какую-никакую безопасность.\n\nПри всех этих недостатках самой квартиры, хозяйка неадекватная и высокомерная. Она устроила нам скандал за то, что мы без разрешения передвинули обогреватель из гостиной в спальню и переставили кровать, якобы мы поцарапали её паркет. Также хозяйка отказывается вывозить хлам из квартиры, хотя это изначально было оговорено. Не принимает никаких наших аргументов, всё оправдывает тем, что это \"любимые вещи её мамы\" и прочей чушью. Нам банально некуда ставить наши личные вещи, вообще в такой токсичной атмосфере жить морально тяжело.\n\n@alxndr_ntsg"}},{"type":"Feature","geometry":{"type":"Point","coordinates":[20.484886,44.79397]},"properties":{"name":"Шуматовачка 139","description":"https://cityexpert.rs/en/properties-for-rent/belgrade/47808/30-rooms-apartment-sumatovacka-vracar#gallery\n\nАдрес: Шуматовачка 139\n\nПрожили в данной квартире 1 год и 8 мес. Владелец - хозяйка, будьте готовы, что в оплату расходов на квартиру, расплывчато сформулированную в договоре, помимо стандартных коммунальных платежей будут включены расходы на оплату налога на имущество, банковские счета, страхование квартиры. При досрочном расторжении 2х-летнего договора будет просить оплачивать аренду и коммуналку до окончания срока действия договора. Интернет не проведен, его нужно будет оформлять на себя, минимальный срок договора у MTS также 2 года. Тк владелец не проживает в Сербии, с белым картоном придется позаморачиваться. Нам удалость получить его только с третьего похода в полицию, повезло из-за человеческого фактора.\n\nВладелец при хозяйка о том, что через пару месяцев над нами начнется стройка нового этажа, которая продолжалась полгода, ежедневно с 6 утра до 22. Крыша дома была переделана в жилой этаж, это была полноценная стройка со строительными кранами, возведением стен и дальнейшей отделкой.\n\nСама по себе квартира неплохая. Есть проблема с канализацией на кухне и в ванной (забивается примерно раз в неделю-две). Если вы любите спать с открытыми окнами учтите, что присутствует постоянный шум от вентиляции расположенного напротив здания JYSK + мусоровозки ранним утром забирают мусор из двух точек слева и справа от здания + постоянные авто гудки на ближайшем перекрестке в дневное время. Если вы с детьми - соседка снизу будет приходить и грозиться вызвать полицию, в случае если дети носятся как кони.\n\nЗалог в размере 2х-месячной аренды (у нас был $1380) не возвращен.\n\n@vikkybocharova"}},{"type":"Feature","geometry":{"type":"Point","coordinates":[20.488526,44.793641]},"properties":{"name":"Церска 119","description":"Белград, Церска 119, квартира 2.\nЦена (была) 700eur\n\nКвартира сама по себе очень потрепанная и убитая, явно не видевшая какой либо хорошей уборки. После заезда обнаружили что квартира вся в тараканах, поскольку внутри духовки и под кухней были горы сгнившей еды.\nЛендлорд очень мутный, проблемы решает с задержкой в месяц. Например \"клининг\" который он вызывал месяц, оказался цыганской тётей которая пришла без какого либо инвентаря и веником пыталась выгрести всё из под кухни (тараканов посыпала солью из кухонной солонки).\nТакже дезинсекции пришлось искать и вызывать самим (4 раза).\nЕще пример: проблема с подтекающем унитазом, была не решена за три подхода к снаряду, в итоге унитазу самому надоело протекать в ожидании нормального ремонта.\nТакже владельцы берут деньги за жкх но не оплачивают его. Это привело к тому, что нам отключили свет на пару дней в квартире.\nПо окончанию контракта, залог спустя два месяц до сих пор не возвращен\" по причине \"Нет денег\"/\"Не в белграде\"/\"На следующей недели точно верну\"\n\nДополнение: соседнюю квартиру также сдает он, но посуточно, картина там не лучше\n\nVlad"}},{"type":"Feature","geometry":{"type":"Point","coordinates":[20.477609,44.81302]},"properties":{"name":"Цвијићева 72","description":"Добрый день.\nМы тут наткнулись на проблемную квартиру.\nАдрес Цвиичева 72, хозяйка.\n\nНашли квартиру, пришли посмотреть.\nХозяйка сказала что должна проконсультироваться с юристом, может ли она заселить нас если боравак закончился а новый мы не получили. Предложила внести залог, который она или вернет или он пойдет в счет депозита. Написала расписку о получении денег с печатью агентства и прописали условия - или возврат или заключение договора аренды.\n\nХозяйка проконсультировалась с юристом и сказала что не может нас зарегистрировать и не хочет чтобы незарегистрированные жили в ее квартире. Сказала что готова подождать нас пару недели. Потом была пасха…\nИ вот мы встретились через месяц от первой встречи.\n\nВ переписках дама предлагала платить ей 400 евро в месяц, пока мы не получим боравак, комиссию за то что она держит нам квартиру, мы отказались.\nМы неоднократно предлагали ей поискать других, и если найдет - просто вернуть нам залог. Если не найдет - мы готовы въехать.\n\nНа встречу дама пришла с юристом. Попыталась протолкнуть идею что бумажка о депозите была написана не правильно и ее надо переписать, типа это комиссия за то что она держит за нами квартиру. Далее был скандал и ор между риелтором, хозяйкой и юристом. Какие то безумные варианты сдачи квартиры на день пока мы не получим боравак и т.п.\n\nМы попросили возврат. 3 часа танцев, звонков юристам и знакомым, криков. И нам таки вернули деньги.\nХозяйка вела хозяйка уверенно, ни один мускул не дрогнул пока там все орали и ругались. Было ощущение что это не в первый спектакль такой.\n\nПозже я вспомнила что уже видела эту квартиру примерно 3-4 месяца назад.\n\nОтличительная особенность - белая глянцевая кухня на балконе"}},{"type":"Feature","geometry":{"type":"Point","coordinates":[20.397968,44.799168]},"properties":{"name":"Омладинских бригада 150","description":"крайне неприятная ситуация с квартирой в Белграде. В 70 блоке. Хозяева выселили нас хозяйка срока и не вернули депозит. Как это делалось даже не хочу описывать. Нам друзья сказали, что имеет смысл написать об этом, чтобы другие люди не попали.\n\nПо к квартире: после заключения договора оказалось, что посудомоечная машина не работает. Не починена до сих пор.\nПо соседям: снизу совершенно больная старушка лет 80, ей мы мешали днём и ночью. На предложения выбрать любые 2 часа для тихого часа, в которые мы гарантированно будем сидеть тихо - она отказалась. При этом она звонила хозяевам, а те нам почти каждый день. С остальными соседями у нас были очень теплые отношения и обычно они пытались вмешаться, чтоб подтвердить, что мы живём спокойно. Через 11 месяцев хозяева попросили нас съехать, т.к устали,что им каждый день старушка звонит на нас с жалобой.\nДоговорились о возврате депозита.\nКогда мы пришли на встречу, депозит нам не вернули, какие-либо бумаги подписать отказались, что мы съезжаем не по нашей инициативе.\nХозяин Югославии. Наверное, последнее многое объясняет...\n\n@ksenia_khotuleva"}},{"type":"Feature","geometry":{"type":"Point","coordinates":[20.48433,44.762055]},"properties":{"name":"Војводе Степе 353","description":"https://www.halooglasi.com/nekretnine/izdavanje-stanova/vojvode-stepe-3-0-lux-105l-prazan-garaza/5425644396660?kid=1\n\nБелград, Воеводы Степе 353, квартира 19 на 3 этаже. Попытка кражи залога со стороны собственника в 1000 евро (дважды, причем открытая и наглая), попытка повесить все косяки некачественного ремонта и естественного износа квартиры на арендатора при расторжении договора (хотя в нем четко сказано, что за естественный износ арендатор ответственность не несет), затягивание и усложнение любых действий по квартире (белый картон, продления договора и прч), психологическое давление и угрозы, многочисленные косяки квартиры и дома.\n\nПожалуйста, ни в коем случае не арендуйте эту и другие квартиры собственника, абсолютный неадекват, пытается нажится на волне эмиграции.\n\nКвартиру сдает и показывает собственник, но собствеником является его бывшая жена,. Договор заключался через её представителя адвоката Радоя Нешковича.\n\nПри выезде с квартиры с уведомлением за 1,5 месяца до даты выезда (по договору - стандартные 1) заявил, что залог в 1000 евро не вернет ни при каких обстоятельствах. Отказывался сообщать причину, даже не посещал квартиру ни разу, чтобы указать на какие-либо \"недостатки\". По причине откровенного воровства залога, не была переведена оплата за последний месяц, ему было сообщено, что оснований для удержания залога нет и они не предьявлены.\n\nВ квартире ежемесячно проходил профессиональный клининг, но квартира сделана с ужасающим качеством ремонта, и на протяжении 1,5 лет вылезали постоянные косяки \"люкс\" ремонта. проблемы с розетками, светом и проводкой (торчит прямо из стен кое-где, а в распоеделительную коробку лучше не заглядывать по соображениям безопасности) не решаются после длительных напоминаний, каждый раз собственник пытается еще хозяйка деньги за устранение этих недостатков.\n\nНекачественная установка окон и отсутствие откосов, плесень появилась на подогонниках на 3 месяц и не убиралась никакими средствами. Проблемы с гидроизоляцией душевых кабин, в одной протечка идет через стену в жилую комнату. Мастера от собственника лишь подливали хозяйка, что проблему не решало. Мастера эти - два серба, обслуживающие коммерческие помещения в этом доме, квалификации не обладают, потому ремонт в квартире сделан просто на ****сь. Собственник в дружбе с владельцем и управляющим дома, потому в доме постоянная текучка арендаторов, а в последние 4 месяца на месте бывших коммерческий помещений эти двое стали строить студии для русских эмигрантов.\n\nВ ванной начала проваливаться плитка внутрь, независимый мастер указал, что в ванной НЕТ СТЯЖКИ пола (плитка лежит в пустотах на деревяшках и шпаклевке).\n\nИзначально в квартире не было вытяжки с кухни, она даже без угольного фильтра просто уходила трубой в шкаф. Нанятые собственником мастера сделали ужасающий по качеству гипсокартонный короб, с дырками, откуда сифонит воздух холодный с улицы зимой (в спальню и кухню).\n\nНа передаче ключей кричал, психологически давил, торговался (ну дайте мне хотя бы 500-600 евро), хотя перед выездом даже минимальные потертости стен были нами закрашены новым слоем краски от пола до потолка. Назвал причинами удержания залога (цитирую) \"из духовки пахнет едой, соседи жаловались, что в квартире пахнет едой\" и прочий бред.\n\nРАСИСТ! Не русским и не украинцам сразу предлагал сдать дешевле, русским и украинцам - только по цене в обьяалении.\n\nОтказывался принимать деньги наличными, а переводы необходимо было отправлять его жене, оплачивая свифт комиссию (вроде 20 евро в месяц, но и тут умалчивание и обман).\n\nНи в коем случае не связывайтесь, в районе в отличии от октября 2022 года появилось в разы больше доступных и качественных квартир.\n\nВоеводе Степе 353, квартира 19.\n\nСкоро по тому же адресу они же будут сдавать еще несколько студий комнатушек на 2 этаже, которые сделали из коммерческих помещений из подручных материалов. Так что там весь дом заточен на обман и накрутку\n\n@hideoto"}},{"type":"Feature","geometry":{"type":"Point","coordinates":[20.476065,44.8157]},"properties":{"name":"Таковска 58","description":"Адрес: Таковска, 58, кв.10.\nhttps://maps.app.goo.gl/2Rrr6u9qfxv3xWU1A?g_st=ic\nХозяин: хозяйка\n\nХозяйка в квартиру без ведома жильцов (наводить уборку и брать их вещи, которые хранятся в квартире). Не вернули залог после 1,5 лет жилья. Не даёт самостоятельно платить счета и решать вопросы без её участия.\nВынудили меня выехать раньше конца месяца (отказались возместить за снятие жилья на несколько дней).\nКонтролирующая и наглая хозяйка.\n\n@rosemary_hoyt"}},{"type":"Feature","geometry":{"type":"Point","coordinates":[20.458617,44.815526]},"properties":{"name":"Обилићев венац 27","description":"Цибмалевич Благойе\n\nХозяин на улице хозяйка Venac, предположительно страдает психическим расстройством, объектом паранойи является старый пол в квартире. Взял с нас оплату за месяц 900€ + 1000€ депозит. Жили в квартире неделю. Под разными предлогами пытался проникнуть в квартиру (принес стулья и стол для балкона, потом сказал что принесет еще какой-то шкаф) жаловался на предыдущих жильцов квартиры, что они демоны и испортили ему пол в квартире. Постоянно разглядывал пол, увидел цветочный горшок который стоял в углу комнаты и сказал что я буду портить пол в его квартире, по договору и устно проверка и контроль личных вещей, где и какие мои личные вещи будут стоять в квартире не обговаривались. Заплатили приличные деньги и не получили личное пространство и покой.\n\nПри первых встречах рассказывал об истории Сербии, перечислял факты о том что сербский язык это первый язык в мире, что первый университет был открыт в Сербии и много других похожих фактов, дал понять что он выше нас квартирантов мигрантов, затем оскорблял на национальной и религиозной почве, угрожал депортацией потому-что мы требовали депозит обратно, звонил какому-то псевдо адвокату и обещал нам депортацию в течение 48-ми часов 🤣 Пытался настроить моего судебного переводчика против меня, который присутствовал на встрече.\n\nТакже при первой встрече дал мне визитную карту ритуальных услуг (а я молодая, умирать не собираюсь), крайне не уважительное отношение в адрес иностранцев. Брать деньги у иностранцев можно, уважать нельзя.\n\nНаписали заявление в прокуратуру, ждем результат.\n\nКрайне не рекомендую арендовать квартиру у этих людей.\n\nЧетыре года живем в Сербии, проблемы с квартирой впервые\n\n@myytelegtam"}},{"type":"Feature","geometry":{"type":"Point","coordinates":[20.459913,44.821549]},"properties":{"name":"Господар Јованова 39-41","description":"Квартира на Gospodar Jovanova 39-41 кв 121\nАрендодатель - неадекватная хозяйка по имени Соня, залог не вернула объяснив это тем что тут это нормальная практика не возвращать и что все так поступают, давила на жалость что мы должны войти в ее положение ведь это она деньги из-за нас теряет, к остальным минусам в квартире муравьи( причем огромные и летаю, травить хватает лишь на неделю), слышимость соседей (а соседи это прекрасная богема которая любит тусовки по ночам и петь караоке), слышно так же еще как ездят лифты (13 этажей), постоянный запах из ванной, ну и квартира меньше чем заявлено в объявлении на 5 квадратов (увидели в выписке из кадастра)\n@enasorv"}},{"type":"Feature","geometry":{"type":"Point","coordinates":[20.413599,44.829069]},"properties":{"name":"Палмира Тољатија 24","description":"https://www.bildingnekretnine.rs/stan_dvosoban-stari-merkator_4662.html\nКвартира на 1 этаже, над гаражом, поэтому есть нюансы в виде всякой живности, в частности полезли огромные тараканы и Власник отказался с ними что либо делать, что и стало причиной поиска новой квартиры.\nМы договорились что вчера мы сладим ему ключи. До этого квартиру вымыли, вычистили ( нам досталась она конечно грязная ), последнее сообщение от власника в воскресенье, он спрашивал когда мы съезжаем, ответили что 5 числа. Вчера пришли, он трубку не брал ( он в целом не всегда 5 числа ( день оплаты ) брал трубки, поэтому просто забили взяли остатки вещей ( оставив детскую качалку ),сегодня пришли за ней ( трубку не берет - заблокировал ), качалка в подъезде, замки на дверях новые. Мы въезжали в квартиру в октябре 22 года, с нас попросили двойной депозит. Заключали договор через агентство, но договор на его мать, она недавно умерла, и вот он якобы в процессе оформления документов.\n\n😅попробуем конечно в полицию обратиться\n\n@maryvasilisa"}},{"type":"Feature","geometry":{"type":"Point","coordinates":[20.460806,44.801522]},"properties":{"name":"Војводе Миленка 50","description":"Vojvode Milenko 50a - 15\nVojvode Milenko 50 - 15\nЭто одна и таж квартира, может быть по разным адресам\n\nХозяева, требуют денег сверху депозита. Сегодня просили сверху 500€.\n\nПо квартире, ничего не делают, все приходится самому.\n\nтребуют перекрасить все стены. А мы заехали там уже стены были грязные и ремонт делался лет 10 назад\nСамое жёсткое, что угрожали хозяйка и судом, говоря ещё о том, что у меня внж, которое никогда не станет пмж\n@RomSi83"}},{"type":"Feature","geometry":{"type":"Point","coordinates":[20.474099,44.801827]},"properties":{"name":"Баба Вишњина 39","description":"Адрес Baba Vishnjina 39, кв 3\n\nСама квартира хорошая, лэндлорды неадекватные:\nне вернули двойной залог предыдущим двум арендаторам, нам не хотят возвращать тоже (а это 1800 евро), решаем вопрос через адвоката.\nВесь последний месяц перед выездом нам мотали нервы, а в день выезда власница устроила хозяйка.\nПлюс сломанное и неработающее отопление из-за которого получались очень большие счета за коммунальные услуги.\n\nНе хотим, чтобы кто-то еще оказался в такой же ситуации, а\nони - властники, сейчас как раз пытаются искать новых арендаторов.\n\nУсловия были такие - прожить 12 месяцев и квартира должна остаться целой, так же в контракт были внесены моменты связанные с амортизацией, мол если что-то изнашивается в квартире, то мы ответственности не несём.\nЕсли же что-то было сломано нами или испорчено нарочно, то естественно это вычиталось из депозита.\n\nМы всё соблюли и оставили квартиру в полном порядке.\n\nГород Белград.\n\nБыло несколько неприятных моментов:\nЧинили они нам отопление пол года, занимались только котлом и расширительным баком, хотя очевидно что проблема была в радиаторах или магистрали.\nВызывали они порядка 3-4 «мастеров», как мы поняли 2ое из них были их родственниками, которые приходили и просто сливали воду и крутили тумблеры, помогало на час, а затем после из ухода все снова переставало работать.\nКогда пришли реальные мастера, они сняли котел и расширительный бачок и унесли их в Мае, а принесли в Октябре, потом вернули, поставили на место и через сутки все перестало работать снова.\nМы, естественно, сообщили им о проблеме, но они просто пустили нас в игнор и даже «завтраками» кормить не стали.\n\nО выезде нужно было сообщить за месяц, мы так и поступили согласно договору.\nПосле этого начались намеки на невозврат депозита, стали вызывать нам агентов по недвижимости чтобы те фотографировали квартиру (для поиска новых клиентов) и т.д, ставили даты визита агентов как им удобно, всего агентов было 2, фотографии им не нравились - хотя квартира была чиста и предельно вымыта, была химчистка. После прихода первого агента начались слова в духе — всё ужасно, грязно, фотографии ужасные и т.д.\nНачали в любое время писать и ставить условия о приходе нового агента, мол он придет в 10 утра сегодня и их не волновало, что день рабочий и в контракте не было пункта об агенте вообще, мы пошли им на встречу и получили вот такое.\n\nПосле того как пришел второй агент, переделал фото им вроде как всё понравилось, но они начали нам говорить, что когда мы уедем им нужно будет 2 дня на проверку квартиры. То есть — проводить действия с квартирой после нашего выезда и истечении контракта, в контракте такого пункта естественно не было.\nМы снова пошли им на встречу, но сказали, что такого пункта в контракте нет и мы готовы принять работника на два дня для проверки квартиры в любые из дней остающихся по контракту, на что они отвечали, что работник занят и мол они его нанять или найти другого не могут.\n\nПосле того как они чинили нам отопление пол года, а потом начали нас игнорировать, туалет (который потек) нам пришлось чинить самим. Вызвали хорошего мастера и поставили довольно дорогие детали, протекал слив внутрь унитаза и постоянно журчал, приходилось все время выключать кран подачи воды.\n\nВластники были мама и дочь, дочь старалась быть на связи, но чаще всего только по нужным им вопросам, белый картон делали, за это спасибо.\nКонтракт заключали с матерью, хотя как выяснил наш юрист - квартира ей не принадлежит, но у неё, вроде как, есть доверенность на эту недвижимость.\nЗа неделю до выезда пошёл полный отказ о разговорах про залог и игнорирование нас, даже невозможно было нормально поставить дату нашего выезда, договориться удалось только через юриста - он им позвонил.\nВ день выезда пришла мама и устроила хозяйка, говорила на повышенных тонах, рассказывала небылицы, ходила по квартире и пинала мебель ногами, дергала занавески, долбила окнами, говорила что квартира в ужасном состоянии и мол она нам, как и прошлым арендаторам залог возвращать не будет."}},{"type":"Feature","geometry":{"type":"Point","coordinates":[20.461741,44.818951]},"properties":{"name":"Добрачина 17","description":"Добрачина 17, квартира номер 3 или 4, в документах по разному, вы никогда не угадаете куда заказать почту/доставку.\n\nХозяина и он производит хорошее впечатление на первый взгляд. Два года мы с ним жили и он никогда не реагировал на наши проблемы. Вот несколько историй которые у нас произошли:\n1. Сломалась стиральная машина примерно через пол года после того как я заехал. Технически она шумела уже давно, но перестала работать именно у меня. Хозяин сказал что она была новая (что было очевидно не так) и теперь я должен ему стиральную машину. И в целом я купил ему стиральную машину, только б/у, хоть и был не согласен.\n2. Мы работаем из дома и электричество для нас очень важно. Однажды днем просто пропала энергия и попытки позвонить или написать педже закончились тем, что через 2 часа он взял трубку и сказал «я в хорватии, что я могу сделать?»\n3. Однажды Педжа 3 месяца не платил за интернет и нам его отключили.\nСказал «сбб все напутали и вообще идиоты, но я к вам сегодня (на три дня раньше) заеду за деньгами за квартиру и потом поеду к ним в офис ругаться»\n4. Квартира в приземлье, и в жаркую дождливую погоду она начал цвести плесенью, и за 3 лета проведенных там стало хуже. При попытке указать на это Педжа сказал что «я жил там 20 лет и потом еще 20 лет ее сдавал, этого не может быть, никто не жаловался».\nНа попытки донести что за эти 40 лет дом не стал новее Педжа просто разозлился.\n5. А еще в квартире есть незаконный пристрой. И у него протекла крыша, во время сильного дождя вода льется по стенам и за несколько недель до выезда мы заметили что половые доски начали гнить насквозь.\n6. После всего вышесказанного Педжа взял с нас €550 залог и выставил еще счет на €1040 сверху чтобы мы перекрасили всю квартиру.\n\nЭто Peďa highlights, были еще и not-so-high-lights, но я думаю вы уловили.\n\nУ квартиры было два плюса - цена и место, но оно того не стоит. Тем более что сейчас квартиру выставят дороже.\n\n@dmitriypetridi"}},{"type":"Feature","geometry":{"type":"Point","coordinates":[20.47621,44.802999]},"properties":{"name":"Голсвордијева 13","description":"Белград, Голсвордиева 13-13\n\nВладелец, но дело вам придётся иметь с его безумным сыном Велько. Насчёт безумного: я не преувеличиваю. Я подозреваю, что он из тех, которые свои паспорта и id сжигают, потому что \"число зверя.\"\n\nПри заселении он спросил \"ну вы же православные, да?\", сказал, что да всё хорошо, всё можно, заводите хоть кошку, хоть попугайчика, хоть ИП.\nПри заезде квартира была в ужасном состоянии, он обещал перекрасить стены (за два года так и не сделал), поставить кондиционер (в итоге его брат принёс старый поюзанный кондиционер, но ставить мне пришлось за свой счёт), заменить дверь между комнатами (ничего не сделано), заменить входную дверь (заменил, но продолбался с размерами, из-за чего щель ремонтники запенили монтажной пеной, а соседи жаловались на то, что это неэстетично выглядит), прислать своего дядю починить мебель (а там стол, кухня и комод немножко разваливаются; никто, естественно, не пришёл). Электрическая плита почти не работает, духовку не проверяла.\nДоговор кое-как подписал, белый картон пару раз делал.\nЧерез полгода попытался повысить цену в полтора раза, на мои возражения забурлил говном и накинул ещё 100 евро \"иначе я тебя выселю\". В итоге пришлось договариваться с его братом Станко (он куда более адекватный), договорились на повышение только на 100 евро и не сразу, а через 3 месяца. (Итого было 500 евро + коммуналка, что для центра города не так уж много.)\nВ основном он меня не тревожил, только один раз когда зашёл за арендной платой попросил кофе и два часа мёл псевдоисторическую пургу и хвастался своими знакомыми в мафии.\nВ мае 2024 отказался делать белый картон (потому что у владельца квартиры, по его словам, был рак, хз насколько это правда)\n\nОсновной треш начался при выселении.\nВ июне 2024 пришёл за платой, взял деньги в руки и сказал \"кстати, я хочу чтобы через 30 дней ты съехала, мы хотим реновировать квартиру. давай тогда 16 июля я как раз приду, ты мне заплатишь (!!) и отдашь ключи\"\n(!!!) — это он так мило намекнул, что я должна заплатить ещё за месяц, как будто я не вперёд ему оплачивала арендную плату, а назад.\nЯ в итоге съехала раньше, думала, брать/не брать уборщицу. Параллельно закрывала ИП. Думала, зачем убираться до кристального блеска, если в квартире нужен радикальный ремонт?\nВежливо поинтересовалась, собирается ли он возвращать мне залог, получила ушат говна в ответ (он даже ещё не видел квартиру). \"Will you be able to clean like me, girl?!\"\nРешила, что раз эти деньги я уже потеряла, то и невелика беда. Всего 400 евро.\nА потом они с братом начали мне писать, что я неправа и вымогать ещё 120 евро \"за разгромленную и filthy квартиру\". Которая была разгромленной ещё до меня. Станко, который раньше был адекватен, написал \"по-дружески тебе говорю, после того как ты год пожила в этой квартире, весь ремонт — это уже твоя проблема\".\nА теперь они угрожают мне судом из-за (уже закрытой на данный момент) ИПшки. Какой-то адвокат написал им бумаги, где вполне официально написано \"заплати нам в течение 10 дней 840 евро а то хуже будет\". Знакомые юристы говорят, что это полная ерунда, и что даже если они дойдут до суда, это дело развалится в два счёта, но неприятно.\n\nИ, конечно, не собираются они делать никакой ремонт, просто хотят сдать дороже.\n\n@alleinyasha"}},{"type":"Feature","geometry":{"type":"Point","coordinates":[20.534671,44.792298]},"properties":{"name":"Матице српске 30","description":"Адрес: Matice Srpske 30, квартира 26. Белград.\nВласник.\n\nУгрожал выселением с полицией.\n\nПоставил ультиматум — либо мы выселяемся сейчас же, либо доживаем до конца месяца, но соглашаемся показывать квартиру потенциальным новым жильцам, пока мы болели с температурой 38.\n\nЕсли закроемся — обещал выбить дверь с полицией и повесить на нас расходы за замену двери.\n\nМы в итоге выбрали выселение.\n\n(Умолчу, что вёл он себя отвратительно, забегал в ботинках, орал, напугал жену так, что она не могла спать).\n\nПо квартире:\n\n1. хозяйка сказал, что кондиционер работает. Кондиционер не работает. хозяйка обещал его починить и не починил в течение полутора лет. (Соответственно, мы пережили эту ужасную жару без кондиционера в квартире, где все окна выходили на солнечную сторону и сама квартира находится буквально под крышей).\n\n2. хозяйка обещал заменить окна в течение первых трех месяцев. Окна старые, деревянные, часть стекол разбита. Так и не заменил. Зимой мы жутко мерзли.\n\n3. Мы вложили много денег в эту квартиру. Мы сами заменили часть сантехники. Мы принесли цветы и улучшили внешний вид квартиры. Мы ухаживали за цветами на лестничной площадке и в общей сложности вложили в квартиру около 1200 евро. Например, когда перегорела лампа в телевизоре, мы заменили ее за свой счет, хотя в договоре прописано, что любые поломки бытовой техники в связи с износом этого оборудования находятся в распоряжении арендодателя.\n\nИз плюсов — согласился на оплату последнего месяца депозитом.\n\nНе понимаю, почему решил так себя вести, учитывая, что мы и так планировали съехать за неделю до конца месяца.\n\n@g_smiryagin"}},{"type":"Feature","geometry":{"type":"Point","coordinates":[20.453717,44.757995]},"properties":{"name":"Милана Благојевића Шпанца 24","description":"История произошла ровно год назад. Прожили год в Белграде по Адресу Улица Милана Благојевића Шпанца, 24. Пока жили было все ок. Хозяйка вела себя дружелюбно. Но на деньги которые получала затеяла ремонт. И Работники каждый день в семь утра начинали работать и шуметь. Мы терпели. Мы начали подыскивать новую квартиру и нашли хороший вариант в Новисаде. За цену вдвое ниже. Решили что надо съезжать. Сделали генеральную уборку сами. Мы призывали хозяйку раз хозяйка она заранее посмотрела все ли в порядке с квартирой. Но она ссылалась на то что у неё нет времени. В итоге она пришла только в последний день перед отъездом нашим. Начала ругаться и буквально оскорблять нас Типа мы грязнули всю квартиру ей испортили. Была новая квартира а теперь стала старой. смотрела чуть ли не с лупой на поверхность столешницы на кухне. Все время давила на нас. В итоге мы морально подавленные согласились на её условия что мы оставляем её 500 евро залога. Нам хотелось поскорее уже уйти хозяйка на нас не кричали. У меня психологическая травма до сих пор. Я в Белград решился съездить только в этом месяце. И даже не навестил друзей которые снимают квартиру в этом же доме. После того как мы съехали хозяйка пыталась хозяйка жильцов. Но пожив примерно месяц они просто уехали уведомив хозяйку. На сколько я знаю она до сих пор ищет хозяйка жильцов. В доме три квартиры потенциально которые она может сдавать.\n\nЭто как один частный дом разделенный на части внутри\n\nТам сейчас 5 независимых квартир как я понял. В одной из них до сих пор живут мои друзья. Они пока не хотят съезжать. У них квартира получше чем была у нас. В одной из квартир живет сам властник. Точнее она иногда туда приезжает У них ещё есть дом в другом городе. Как я писал ранее хозяйка довольно хозяйка. Животных не любят. На участке живут дикие коты точнее иногда заходят. Нам ещё предъявили из за того что мы их подкармливали они поцарапали железный подоконник какимто чудом.\n\n@Serjios_Kr"}},{"type":"Feature","geometry":{"type":"Point","coordinates":[20.461954,44.802822]},"properties":{"name":"Бирчанинова 28б","description":"Адрес: Белград, Бирчанинова 28б, кв 15\n\nссылка на квартиру - https://cityexpert.rs/izdavanje-nekretnina/beograd/50830/jednosoban-stan-bircaninova-savski-venac\n\nВъехала в квартиру в 23 году в апреле (нашла на cityexpert), контракт на 6 месяцев, пролонгировала дважды, итого прожила 1,5 года в квартире.\nПроблем в квартире за время моего проживания вскрылось довольно много, но их все удалось пофиксить, где-то моими силами, где-то силами лл после моих многочисленных просьб. На проблемы лл реагировал, не без полако конечно, но приходил с мастерами больше похожими на его родственников, раз на 2-3 все чинилось.\nК моменту завершения третьего контракта за месяц до окончания связалась с лл и сообщила о том, что в этот раз продолжать контракт не буду, указала день, когда планирую съехать и день, когда можем встретиться для передачи ключей и депозита, ответил ок и потом пропал.\nКак только я упомянула про депозит, лл стал вести себя странно, не отвечал на звонки с этого момента ни разу (хотя до этого была такая коммуникация), отвечал односложно, блокировал звонки от меня, и держал в подвешенном состоянии вплоть до намеченного дня встречи (о котором мы договорились трижды в чате). В день встречи он не явился, звонить я ему уже не могла (была в блоке).\nТ.к. я уезжала из страны, то решила передать ключи и договор товарищу, чтобы он смог встретиться с лл. Дважды за несколько минут до встречи лл отписывался, что не сможет прийти, хотя предварительно их подтверждал, в конечном счете отписался, что депозит он не вернет, ибо \"я разбила плитку (!!) в ванной, на кухне, да и вообще разгромила всю квартиру\", откровенно ложь, квартира стала наоборот лучше, ну и \"ключи мы можем выбросить - он заменит замки\".\nКвартира уже на cityexpert, хотя мой договор фактически не завершен, и факта передачи ключей и завершения его не было.\nНе рекомендую данную квартиру для аренды, депозит не возвращают.\n\n@juliaa_frolova"}},{"type":"Feature","geometry":{"type":"Point","coordinates":[20.3971,44.802994]},"properties":{"name":"Јурија Гагарина 31g","description":"Јурија Гагарина 31g, Београд 11070, Сербия\n\nКвартира опрятная, но уставшая и это тщательно скрывается. Это главная проблема. Так как хозяин не понимает хозяйка амортизации, и не согласен ни на какие изменения и улучшения. Этим летом он оставил нас с неработающими кондиционером в 40 гр, отговариваясь, что в такую жару ни один кондиционер не справляется. Стиральную машинку еще нам сдавали гнилую и всю в плесени, последние пол года она открывается отверткой, потому что хозяин ее чинить, а заменить ее, пока барабан крутится, он не считает необходимым. Розетки вываливаются из стен. Краны текут и брызжут во все стороны. Слив из стиралки идет в ванну. И так во всем. Визуально квартира достаточно удовлетворительна, но хочется предупредить, что этот хозяин жадный и несговорчивый. И все возникшие проблемы вымотают вам нервы.\n\nhttps://t.me/Petrovich_true"}},{"type":"Feature","geometry":{"type":"Point","coordinates":[20.488148,44.773551]},"properties":{"name":"Mitropolita Pavla Nenadovića 38","description":"Здравствуйте! Хочу поделиться опытом проживания в данной квартире и предостеречь других потенциальных арендосьемщиков о проблемах, связанных с этой квартирой и ее агенством, адрес квартиры - Mitropolita Pavla Nenadovića 38\n\nApartment: https://4zida.rs/izdavanje-stanova/vozdovac-vozdovac-opstina-beograd/dvosoban-stan/66422608303ec518790f5796\n\nК сожалению проживание в данной квартире выявило, что арендатор не следует условиям договора, более того, арендатор неоднократно грубо их нарушал. В том числе - была нарушена моя приватность и безопасность в арендованной квартире. Далее подробнее.\n\n1) Моя работа требует спокойной обстановки, поэтому в договоре мы записали, что необходимо хозяйка согласовывать посещение квартиры и делать это в моём присутствии.\n\nИз оплаченного мной первого месяца аренды я фактически суммарно жила в квартире всего 10 дней и за это время испытала стресс от вторжения владельцев в моё пространство. По своему ключу супруг хозяйки в моё пространство без моего согласия дважды, застав меня первый раз спящей, второй раз в нижнем белье, что было максимально некомфортно.\n\nХозяйка же заходила в мою квартиру без моего согласования через три недели после моего заезда, когда меня не было дома, чтобы проверить помещение.\n\nТакже пока я была неделю в командировке, кто-то из хозяев в квартиру и внёс свои вещи (ненужные и несогласованные мной) в квартиру, расставив их на своё усмотрение в шкафы и в проход, тем самым использовав мной арендованное пространство под свои личные нужды без моего согласования.\n\n2) В условиях договора, а также устно до подписания было оговорено, что после переезда будет необходимо оперативно и вовремя подготовить ряд документов для министерства по иностранцам о моей регистрации. За весь первый месяц регистрации сделано не было, более того хозяйка отказалась со хозяйка стороны это хозяйка, несмотря на условия в договоре.\n\n3) Также при подписании контракта был составлен лист нужд в квартиру, которые хозяева должны были организовать до дня моего заезда. По факту за месяц лист был выполнен на 50%, а остальные 50% хозяева отказались хозяйка. А к моему заезду была принесена только посуда, и не вся, что оговаривалась, что являлось примерно 10% из списка нужд, согласованного в рамках договора. Например, в листе нужды были пункты организовать качественную работу кондиционера, купить холодильник, устранить торчащие провода, и другие моменты, выявленные при осмотре квартиры. Холодильник был доставлен только через три недели после заезда. Кондиционер через две. Другие вещи и провода так и не были устранены.\n\nJulia Shlenskaya, [19.9.24. 21:35]\n4) Из скрытых аспектов квартиры были выявлены жуки, живущие в подушках.\n\n5) В таких обстоятельствах при таком количестве нарушений со стороны хозяев по хозяйка и записанных в договор условий в первый же месяц проживания, я не могла жить и работать в их квартире больше одного месяца.\n\nХотя прекращение арендных отношений с хозяйкой были связаны с нарушением договора с их стороны, депозит в полной сумме за вычетом моих счетов за инфостан, свет и воду они не вернули. Итого за месяц моего проживания они взяли двойную оплату, что побуждает задуматься о \"выгодном бизнесе\" с их стороны.\n\n6) Кроме того, возврат в размере 30е, оплаченных мной за приведение квартиры (ген уборка) в порядок перед моим заселением, что было согласовано с хозяйкой перед моим заселением (хозяйка сама хозяйка на себя уборку в тот момент она по какому-то оправданию не смогла), осуществлён не был. Данное условие предполагало возможность въехать в квартиру по договору - с первого июня.\n\nИ даже не смотря на это перед своим выездом и освобождением её квартиры я убрала ее квартиру после себя и теперь ее состояние лучше, чем было изначально, когда я въехала.\n\nОднако, депозит и возврат за уборку так и не был осуществлён.\n\nКроме того, я обратилась в агентство по поводу этих проблем, но они отказались решать проблемы с квартирой, хотя это их прямая обязанность по договору. Агентство называе"}},{"type":"Feature","geometry":{"type":"Point","coordinates":[20.38667,44.809507]},"properties":{"name":"Гандијева 47a","description":"Отзыв о Власнице. Аренда квартиры.\nКвартира по адресу: Gandijeva 47A, st. 59 (https://maps.app.goo.gl/34D5vHNLThjacBWz8)\nНемного о самой квартире. Квартира ремонтировалась когда то очень давно. В ней старая мебель, старинные вазочки, всякие лампы, шатающиеся столики, шкафы без дверей (сломаны), старая техника. Но квартира сухая, теплая. На 15 этаже.\nВласница: хозяйка, но договор был заключен на её отца, отца.\nЗаезжали 01.02.2024, цена была 600е за 70м2, 2 спальни. С учетом состояния, цена была даже чуть завышена, и вроде договорились о скидке, при оплате по 4 месяца вперед за 550е. Заезжали после других жильцов, тоже русских, наших знакомых. При этом мы заключили новый договор с хозяйкой. Договор заключали в самой квартире, она и я там присутствовали лично.\nВ итоге съехали в конце августа (прожили там 7 месяцев), т.к. хозяйка потребовала хозяйка 700е или выселяться. Залог удерживает под предлогом повреждения мебели, техники, сантехники, “грязности” и даже замену лампочек указала. На мои аргументы, что при моем заселении почти все из этого списка УЖЕ было сломано/повреждено, постоянно говорит про состояние квартиры перед сдачей нашим предшественникам почти 3 года назад. При этом им залог она также не вернула, сославшись на позднее оповещение о выезде, даже не смотря на то, что мы должны были заехать сразу после них.\nМоя ошибка, то что не сделано достаточное количество фото, подтверждающих состояние квартиры до нашего заселения. Возможно, подробное описание всех косяков поможет будущим арендаторам.\n\n@Derie1"}},{"type":"Feature","geometry":{"type":"Point","coordinates":[20.376529,44.832944]},"properties":{"name":"Beograd, Zemun, Kolonija B Fabriki Zmay 24","description":"Всем привет! Хочу рассказать о своем опыте по аренде дома.\nС октября 2023 по август 2024 арендовали дом по адресу Beograd, Zemun, Kolonija B Fabriki Zmay 24\n\nПлюсы:\n1. если властник находится в Белграде, то вовремя делает белый картон.\n2. Рядом 2 больших супермаркета\nМинусы:\n1. дом достаточно далеко от автобусных остановок, школ и другой инфраструктуры\n2. в 5 метрах от дома контейнеры с мусором, городские службы вывозят их ночью в промежутке с 12 часов до 3 часов утра. Опустошение сопровождается грохотом\n3. Дом плохо изолирован, зимой холодно, в одном углу проступает влага, начинает расти черная плесень, по стеклопакетам в коридоре течет конденсат и снизу на стене начинается чернота. Летом стены натурально горячие, в доме очень жарко.\n4. Рядом с мусорными контейнерами цыганский дом, проблем от них нет кроме того, что в теплый сезон они могут что-то праздновать и на всю улицу включить национальную музыку до 23.00\n5. Маленький дворик куда выходит окно из соседского туалета. Летом, рано утром, когда открыто окно вас может разбудить звук смыва соседского унитаза, ну и попить кофе во дворе можно под знатную акустику, это окно между вашим окном и столиком во дворе 😉\n6. Когда мы жили, не было отдельного счетчика на электричество (владелец дома хозяйка в доме напротив, оба дома на одном счетчике, платите и за него и за себя) Компромисс был в том, что не платим за интернет, подключившись к wifi 2-го дома.\n7. Воняет канализация, затыкал пакетом канализационный слив на полу в ванной, а когда съезжал всё вынул, впоследствии был обвинен, что все воняет, уничтожено и т.д.\n8. Хозяин дома не возвращает депозит по надуманным причинам\nХозяину дома не хозяйка верить, очень красиво обещает, но ничего не делает. Все проблемы я видел и снял на видео, когда вселялся. Мебель вся старая, кривые старые дверки на шкафах, текущие краны, древний холодильник, розетки все пожжённые, местами облезлая краска со штукатурки.\nКаждый раз я говорил владельцу дома о проблемах, и он обещал… Пройдет зима и поменяем окна, двери и т.д. Весной уже обещал на лето. В начале лета назначил сентябрь, в августе – октябрь.\nНо самое интересное началось, когда я сказал, что мы съезжаем и нужно разобраться с возвратом депозита. В день съезда мы договорились что, когда придут счета он вычтет что идет за коммуналку и остальное вернет. В день выезда вопросов к состоянию дома не было. Подошло 15-е число и я ему позвонил. Все проблемы, о которых я говорил год были вывалены на меня, облезла штукатурка в комнате, потому что нет и не было нормальной гидроизоляции в ванной и т.д.\nХозяин дома решил сдавать дом дороже почти в два раза, устроил косметический ремонт, сказал мне – ты мне ремонт должен и денег назад при этом просишь.\n\nhttps://maps.app.goo.gl/JbUvcuAb4o2TfaNT7"}},{"type":"Feature","geometry":{"type":"Point","coordinates":[20.478637,44.796233]},"properties":{"name":"Церска 9","description":"Адрес:Врачар, Церска 9, квартира 51 этаж, квартира с собственной террасой и палисадником, 600 евро.Очень приятная с виду компактная квартира чуть больше 50 метров. Немного странная ванная, которая сделана на месте чулана под лестницей в подъезде, прорублена чуть вниз, имеет несколько ступенек. Маленькие счета, прекрасно работающее отопление на насосе и шикарный проточный водонагреватель. Никогда не было проблем с хозяином с февраля 24 года и до конца октября, предупреждал, когда приходит, все общение очень лёгкое, никогда нас ни в чем не упрекал. А дальше циркВ конце октября мы как люди с плохим зрением только заметили, что в спальне по стене около пола ползет плесень. Оказалось, что белая плесень полностью распространилась по низу двух стен в спальне + появилась в углах потолка в кухне и также есть за кухонным гарнитуром, судя по запаху из шкафов, и за холодильником. Пригласили хозяина, были готовы на обсуждение разных мер, в том числе съехать временно из квартиры, чтобы хозяин все хозяйка и обработал. Плесень безусловно появилась не по нашей вине, она на внешних стенах и на той стене, которая примыкает к заброшенной другой квартире. Хозяин все хозяйка, извинился, сказал, что не будет с нас брать за очередной месяц, и что нам надо искать новую квартиру, а он во время нашего уезда пересчитает, сколько из последнего месяца мы жили, и вернёт депозит.Далее хозяин и обсудил ситуацию с кем-то. На следующий день он заехал и с порога минут 40 нам полуагрессивно уталкивал, что все это наша вина. Доказывал, что у него за 10 лет не было ни разу плесени в этой квартире, а мы готовим на кухне и моемся в ванной без открытия окон, и поэтому у нас плесень выросла. Как доказательство нашей вины приводил то, что у нас под тумбочками (!) пыль, а он себе в своей квартире этого не позволяет, убирается каждые две недели (на этом моменте мы офигели, у нас плохое зрение и мы просто не видим часто пыль. Убираемся довольно часто, но остатки пыли не замечаем, да и это никак не связано с плесенью) Также говорил, что он у себя проветривает минимум два раза в день по 15 минут, и у него все замечательно, никакой плесени, а мы засрали квартиру, развели тут грибницу и ему теперь все это разгребать. Привел к тому, что ему все равно, будем мы дальше жить или съезжать, но если мы сами не счистим всю плесень и во время уезда он найдет ее следы - залог не вернёт.С чем в итоге оказался корень проблемы:В спальне стена у изголовья примыкает к брошенному дому. Понятия не имею, что творится там, но стена начала рассыпаться, с нашей стороны видно, что рассыпается сам материал стены и через нее как раз плесень и проникла внутрь. Решить это невозможно ни косметическим, ни капитальным ремонтом. Не уверена, что квартира снова появится в аренде, но никому никогда не рекомендую ее снимать\nВстретились с хозяином для сдачи квартиры. Вся квартира была почищена идеально, кроме внутренних дефектов - вспучивания материала самих стен, откуда ползет плесень (и кстати, на кухне тоже есть дефект стены, и оттуда тоже лезет). Логично что это убрать никак невозможно. Хозяин сказал \"вы что, конечно, я все верну, и депозит, и остаток за месяц. Я честный человек. Только мне нужно сделать химчистку ковров и матраса с кровати (несмотря на то, что мы на нем не спали, спали на толстом наматраснике), а ещё отодвинуть всю мебель от стен, отодвинуть всю кухню, зачистить все стены, убрать плесень и заплатить ваши счета. И вот как только я все это сделаю, то все, что останется, я вам верну\".Очевидно, что ничего там не останется, и что он попытается как раз и \"освоить\" всю стоимость. Также очевидно по поведению власника, что он после нас будет снова сдавать эту квартиру. А потом снова сострижет с арендаторов полный депозит, потому что \"из-за них плесень\".\n\nАпдейт для тех, кому интересно и тем, у кого в будущем будут проблемы\n\nС подключением юриста получилось вернуть депозит, деньги за полмесяца пошли на оплату счетов и всякого, что на нас. Уверена, что получилось бы вернуть"}},{"type":"Feature","geometry":{"type":"Point","coordinates":[20.487237,44.79702]},"properties":{"name":"Јована Рајића 3","description":"Добрый день! Нашла вчера вашу группу, решила поделиться болью и возможно предостеречь кого-то, ведь эта квартира до сих пор периодически сдается.\n\nПереезжали в Белград 2 года назад с мужем, он поехал первый вить гнездышко — нашёл неплохой вариант за 700 евро во Врачаре, Црвени Крест. Адрес: Jovana Rajica 3. Когда муж заехал туда, там была липкая грязная кухня, отвратительный запах, грязный пол — неделю до моего приезда он посвятил генеральной уборке таких вещей, о которых сложно представить в свежеснятой квартире.\n\nВласник — адвокат хозяйка, это тоже важно, так как дальше он часто будет угрожать нам судом и депортацией))) обо всем по порядку:\n\nВ квартире мы прожили 3 месяца, решили съехать по следующим причинам:\n\n1. Муж работал в небезызвестной российской корпорации, которой сначала вроде было ок с работой из другой страны, но резко стало не ок и попросили уволиться, соответсвенно, доход упал\n2. Мы уже освоились в Сербии и поняли, что платим за такие условия мягко говоря многовато\n3. Странные коммунальные услуги: выходило порядка 100 евро, но я часто просыпалась в 5 утра от того, что у меня изо рта идёт пар от холода, а горячей воды в бойлере хватало типа минут на 5)))) и по классике, когда приходили счета, там был огромный долг, и никто не платил за коммуналку деньгами, которые мы отдавали\n\nСамое интересное началось, когда мы решили по-человечески поговорить и либо договориться о скидке (тогда многие уезжали и недвижимость реально упала в цене) либо уже отпустить нас с миром. На возврат залога мы и не рассчитывали, так как понимали, что съезжаем сильно раньше оговорённого года\n\nНо у Драгана было другое видение ситуации — он хотел, чтобы мы заплатили дополнительно помимо залога ЕЩЕ 700 евро 🤡🤡🤡 Он мотивировал это то месяцем простоя, то необходимостью клининга, а на резонное замечание о том, что перед нашим заселением тоже неплохо было бы сделать клининг, начинал верещать, что он адвокат, засудит нас и депортирует)))\n\nС горем пополам договорились о половине от этой суммы, итого наш выезд обошёлся в 1050 евро 🤡\n\nСоветую обходить стороной этого власника, может всплыть много неприятных вещей при съезде из квартиры. И вишенка на торте: через какое-то время видели объявление о сдаче этой квартире уже с новой низкой ценой))) что это было, непонятно, ради чего был весь этот цирк…\n@kostrova_tata"}},{"type":"Feature","geometry":{"type":"Point","coordinates":[20.417508,44.832439]},"properties":{"name":"Булевар Николе Тесле 20","description":"Bulevar Nikole Tesle 20, 1\n\nГород - Белград\nРайон - Novi Beograd\nЦена - 600 €\nТип недвижимости - Квартира\nКоличество комнат - 2\nПлощадь - 49\nДата - 09:31 13.01.2025\nКто разместил - Владелец\nИсточник - Halooglasi\nhttps://www.halooglasi.com/nekretnine/izdavanje-stanova/izdajem-namesten-stan-u-bulevaru-nikole-tesle/5425645135610\n\nPSA, как говорится) Ребята, не вздумайте заселяться в эту с первого взгляда симпатичную квартиру в хорошей локации и все бы в целом ничего, но там по внешней стене огромный очаг плесени!!!\n\nСобственно почему мы и съехали оттуда как только обнаружили данный \"нюанс\". Власник сделала хозяйка и конечно же хотела принимать срочные меры и в итоге воз и ныне там. Подкрасят поверх обоев в лучшем случае и сдадут следующей жертве...\n\nМы её за 550 снимали, к слову, что добавляет пикантности этой истории\n@sedov_3d"}},{"type":"Feature","geometry":{"type":"Point","coordinates":[20.47692,44.798184]},"properties":{"name":"Максима Горког 50","description":"Прожили год по договору на адресе Maksima Gorkog 50 (на гугл картах метка неверно ставится), кв 15, Петр Шакан хозяин.\nВсе платили как положенно, квартира в отличном состоянии после нас. Проыессиональным клинингом убирали для него.\nКогда прошел год, хозяин заявил что поднимает цену, (которая и так была немаленькая и он просил по 3 месяца вперед) \"немного\", на 20-25 %, это при том что обычно ему сами его квартиранты предлагают платить больше за его кв, а ведь у него снимает даже посол Италии в Белграде!😂😂...Но коммент. Мы отказались, сказали что тогда поищем что то новое, за месяс до. Квартира в отличном состоянии, все просто отлично. Он пришел, осмотрел и сказал что все ок. Потом передал через свою помощницу, \"Я решил покрасить стены\", и мол, он заберает депозит. Сразу поняли что речь о мошеннике, договариваться никак не хотел, главный аргумент, \"Когда вы вьехали, я только побелил\". Адвокат изучила контракт и обьяснила ему что да как, что он не имеет право это делать, но он сказал ей, \"Ты знаешь, что я из Шабца?..Мы держим слово и я побелю квартиру. Моя дочь судья.\"... (кстати, адвокат сказала нам что Шабац знаменит ворами и угонщиками машин..😁) вот такое быдло. Мы собрали вещи и выехали заранее. А когда приехали за день сьезда с адвокатом чтобы передать ему ключи и осмотреть квартиру финально...он сменил замки\n@Sand_Zorz"}},{"type":"Feature","geometry":{"type":"Point","coordinates":[20.459224,44.793757]},"properties":{"name":"Добропољска 67","description":"Объект на фото в объявлениях выглядит вполне прилично.\nХозяина\n\nСавски Венац, ул. Добропольска, 67\n\nМеня хватило на три месяца, как только начало холодать, жить там стало практически невозможно. Очень холодно, сыро и ещё огромные насекомые (стоноге как их называют сербы или мухоловка на русском). Слышимость ужасная, я слышал как сосед сверху переворачивается на кровати и все остальные подробности его личной жизни, которые я бы предпочёл не слышать. С самого начала были проблемы с душем - там постоянно течёт вода, он хозяйка раз вызывал своего \"мастера\", который не мог найти и решить проблему. В итоге я обратился к своему знакомому сербу и тот всё сделал за полчаса. На фото не видно, но кухня настолько мала, что ею сможет пользоваться не каждый взрослый человек. Холодильник живёт своей жизнью - он может заморозить овощи в отсеке для овощей, а потом самопроизвольно разморозиться полностью и потом снова всё заморозить, превратив содержимое морозилки в кусок льда. Обращался к хозяину раз, пообещал вызвать всё того же мастера 😀. Аренда этой студии всего 290 (была 270, когда я снимал),дополнительно платил за электричество летом 3 тысячи, зимой 8. Счётчик есть, но он якобы работает на все 3 студии, которые на первом этаже. Обогрев кондиционером, который больше шумит, чем\nгреет. Я достал обогреватель, но он попросил им не пользоваться. Договор он составлять не любит и это понятно почему. Я предупредил его за две недели, что я съезжаю. Он знал, что я сфотографировал все дефекты при заселении, поэтому, когда он заикнулся, что после меня нужно будет делать ремонт, я просто отправил ему архив фото и скрин экрана переписки про эти дефекты. В день когда я съезжал, денег у него не было, но он при свидетеле пообещал мне вернуть половину депозита к Новому году. После Нового года я написал ему в Вайбере про долг и день спустя получил ответ, в котором узнал о себе много нового. После этого он заблокировал меня во всех мессенджерах и на телефоне.\n\n@klymovv"}},{"type":"Feature","geometry":{"type":"Point","coordinates":[20.49226,44.783197]},"properties":{"name":"Љермонтова 13","description":"Лермонтова 13, 56. Там у хозяйки не все дома, сдала квартиру со сломанный краном в ванной, сломанной плитой и не заправленным кондиционером (на улице тогда было пол +40) После того как мы все починили (кроме плиты) отказывалась вычитать эту сумму из арендной платы, хотя на то был уговор, говорила что мы за дорого мастеров нашли, но стоимость была рыночная, пришлось доказывать чтобы она звонила каждому мастеру и узнавала цену. Тоже не хотела возвращать залог и начала рассказывать сказку, что мол вы мне тут всё сломали, хотя ало, если бы не мы оно было в том же состоянии что и до нас - не рабочем. Спустя пол года как мы съехали от неё она писала нам с угрозой что кто-то ломился в её квартиру и что мы сделали запасной дубликат ключа - чего мы не делали, у нас был один ключ от неё, его мы ей оставили. Кто ломился и почему загадка, но виновных она сразу нашла в нашем лице, что мы сделали ключ и отдали своим друзьям, откуда такая каша в голове у человека судить сложно. Но нам сказали чтобы мы быстро сознавались, а то полиция уже взялась по этому делу!.\n@KKEEYYTT"}},{"type":"Feature","geometry":{"type":"Point","coordinates":[20.451456,44.81605]},"properties":{"name":"Косанчићев венац 17","description":"Косанчичев венац 17-3, хозяин.\nПроблема: хозяин часто хозяйка то в Швейцарию, то в Черногорию, он ничего не делает по квартире (а она уже требует вложений) и не компенсирует, если вы пригласите мастера. Он будет требовать по 2-3 платежа вперёд, потому что ему надо ехать. Он будет вас оскорблять и грозить выселить на улицу одним днём, потому что счёт за электричество пришел позже и вы не могли его оплатить никак.\nПросит депозит в размере 3х платежей, потом вы узнаете, что каждая разбитая чашка стоила много евро. И что духовка, которую мы никогда (ни разу) не включали, не работает, а она Mile и стоит как пролет Бранкового моста, хоть ей уже и за 20 лет.\nМы сдавали квартиру гораздо чище, чем снимали, при этом лишились почти всего депозита и узнали, что русские хитрый и грязный народ.\nВ целом, не советую))"}},{"type":"Feature","geometry":{"type":"Point","coordinates":[20.456913,44.824903]},"properties":{"name":"Цара Душана 10","description":"Cara Dušana 10, Beograd, Dorćol, Serbia (https://maps.app.goo.gl/ciXeC6xmyHxwetyQ9) — Stan 2 (единственная квартира, сдающаяся в долгосрочную аренду в данном здании).\n\nНе ведитесь на метраж (более 80 кв.м дуплекс), расположение и низкую стоимость. Мы снимали за 900 евро, сейчас видели, что ее выложил сын владельца (Марко) за 800, хотя он уверял, что наша цена уже ниже некуда. Вкратце — оно того не стоит.\n\nВо-первых, квартира расположена на этаж выше пиццерии, и, видимо, от них в квартиру весной, летом и осенью забегают рыжие тараканы. Много. Владельцы с этим ничего не делают, да и в целом они ничего не хотят исправлять в квартире. Весь остальной год там ползают черные тараканы (думаю, это уже никого в Белграде не удивит, но упомянуть надо).\n\nВо-вторых, главная проблема — у вас будет сумасшедший сосед-старик. Он может по началу показаться милым дедком, который просто любит джаз, но по факту он не даст вам спокойно жить в этой квартире НИКОГДА. У этого кадра расположены динамики вплотную к стене, через которую находится изголовье кровати в единственной спальне сдаваемой квартиры. И этот дед по имени Горан практически ПОСТОЯННО включает заунывные мелодии, где настолько слышен бас, усиливающийся его стереосистемой, что буквально дрожит пол под ногами и в спальне, и в соседней комнате, и даже на первом этаже иногда. Короче, и дед глухой, музыку врубает погромче, и звукоизоляция никудышная. Причем, что особенно бесило, он владеет всеми остальными квартирами в доме и у него была невероятная привычка — включать погромче музыку в той квартире, которая граничит с нашей спальней, и уходить вниз в другие кваритры, оставляя двери нараспашку, чтобы ему было слышно музыку из любой квартиры.\n\nВ-третьих, при выезде вскрылась вся неадекватность арендодателя. Он может долго игнорировать сообщения, звонки, а когда отмалчиваться дальше некуда, начинает запугивать судами, придумывать несуществующие пункты договора и не то что не возвращает депозит (ха-ха, кто бы мог подумать), он требует еще больше денег на основании своего \"хочу\".\n\nВ-четвертых, удобство и обустроенность квартиры оставляют желать лучшего для тех, кому это важно. Ни кухни, ни нормального слива в ванной, одна из комнат (туалет на втором этаже) просто используется как склад для строительного мусора и личных вещей владельцев.\n\nВ-пятых, есть основания полагать, что кто-то будет пользоваться электричеством вашей квартиры, потому что мы всегда получали счета за электричество на самые разные суммы, хотя мы никогда не меняли потребление электроэнергии. И у вас могут быть месяцы, когда счета просто не приходят, но чаще всего вы можете ожидать счет на сумму 24 000 — 30 000 динар. А два раза вообще приходили счета за МЕСЯЦ на ~350 и ~400 евро соответственно. И нет, дело не в отоплении электричеством, такая сумма может прийти даже в месяц, когда вы не используете отопление вообще.\n\nВ сухом остатке у вас получается неудобная квартира с тараканами, сумасшедшим соседом и конфликтным арендодателем, которые не дадут вам спокойной жизни. Поберегите свои нервы и деньги, не связывайтесь.\n\nКвартиру сейчас выкладывают на других сайтах типа этого (https://www.halooglasi.com/nekretnine/izdavanje-stanova/centar---stari-grad-2160424/5425645076913?kid=1) и там все фотографии квартиры вперемешку — есть много мебели и предметов на фотографии, которых по факту нет, это всё было сделано ещё до нас, после предыдущих жильцов. То есть фотографии не отражают актуальное состояние квартир\n\n@Smellfigty"}},{"type":"Feature","geometry":{"type":"Point","coordinates":[20.456945,44.820901]},"properties":{"name":"Змаја од Ноћаја 9","description":"zmaja od nocaja 9 кв 10\nМаленький дуплекс в центре города очень милый и уютный НО! Хозяин дементный хозяйка который не слышит что ему говорят о проблемах в квартире и ни как не реагирует. При выезде обвинил в краже каких то ковров и как пруф послал мне фото 2020года. За эти старые ковры забрал 150е. Я отдал лиж бы уже перестать с ним какое либо общение! А через 2 недели он нашёл ещё какие-то старые фото ещё с коврами и попросил и за них заплатить.\nP.s. ковров не было когда я въезжал и он просто разводил меня на бабки.\nP.s.s квартира стоила 450е сейчас дороже я видел объявления по 650 и по 550 но я крайне не советую связаться с этим человеком\n@Redhead911"}},{"type":"Feature","geometry":{"type":"Point","coordinates":[20.494951,44.802235]},"properties":{"name":"Двадесетпрве дивизије 37","description":"Белград. Двадесетпрве дивизије 37 (6д2). Отдельный небольшой домик.\n\nЭто была очень хорошо локация и прожила я там с мая по январь. Точнее терпела своего властника. Аренда была 300€, белый картон не делали, интернет не проводили. Ремонт был обычный (фото прилагается), но видимо давно никто ничего там не делал и потихоньку что-то начало ломаться там.\nСитуация с властником, что он ничего не хотел делать, мне приходилось его пинать, звонить писать, чтобы он отремонтировал то что ломаться. То труба протечет, и я жду неделю пока он выйдет на связь и нервничаю, чтобы меня ночью не залило, то душ ломаться и я сама покупаю детали и меняю лейку. просила почистить кондиционер, вызвать прям мастера, на что был просто игнор.\nАренда зимой коммуналки доходила до 250€.\nи еще мудацкое общение от которого я была в шоке. (Скрин)\nЕго логика была, что я плачу мало вот и получай. Он лично мне это говорил\n@katya_aurum"}},{"type":"Feature","geometry":{"type":"Point","coordinates":[20.47426,44.799768]},"properties":{"name":"Невесињска 18","description":"Невесиньска 18, квартира 5\n\nИзначально власник был хозяйка, помогал с документами, купил новую технику и мебель. По условиям договора залог нам не возвращался, если мы проживаем менее года. Проблемы начались через два месяца от начала договора, мы жили с 1.09.23: мы договорились, что будем платить ему залог по частям, при первой встрече мы отдали 200€, при оплате первого месяца в сентябре заплатили на 200€ больше в октябрь заплатили на 100€ больше. Наша ошибка была в том, что мы не записывали моменты оплаты залога. Поэтому когда я отдавала деньги за ноябрь, третий месяц, я случайно дала ему на 100€ больше и он решил, что это залог, и следующие два месяца он спорил со мной, что мы ему не доплатили, хотя мы оплатили залог полностью ещё в октябре. Все дальнейшие вопросы я попросила его решать с моим мужем, потому что у меня не было сил на постоянное выяснение отношений, а меня он не очень воспринимал всерьёз и далее обращался ко мне только если речь шла о «женских» делах: о том, как работает духовка, стиральная машинка или об уборке. В квартире изначально не было кровати и после первой ночи на диване мы поняли, что он ужасно неудобный. Первое время пришлось спать на полу. Далее власник свой хозяйка и мы пробовали положить его на диван, но все равно было неудобно и мы снова спали на полу на матраса. Кровать он нам купил только на второй год проживания, в ноябре. Еще нужно отметить, что квартира угловая, а в соседней квартире большую часть времени никто не живет, то есть она очень холодная: центрального отопления нет, в двух комнатах стоят норвежские радиаторы, на кухне маленький колорифер, в ванной тоже холодно. С ноября по март-апрель холодно и из-за этого постоянно появляется черная плесень, которую невозможно победить. А начиная с апреля и до холодов на кухне в ванной появляются муравьи и тараканы, на что власник «это природа, что поделать». В первый год у нас была договоренность, что если мы живём дольше 9 месяцев, 10 месяц мы живём бесплатно и далее платим на 50€ меньше (он сам предложил 🤷♀️), на десятый месяц по итогу он сказал, что если мы решим жить в его квартире дальше, он повышает нам ценник до 600€. У нас не было ресурсов на поиск квартиры и переезд и мы согласились с условием, что он нам покупает нормальную кровать и ставит на окна москитные сетки. Он сказал, что сетки поставит и поставил, а кровать покупать отказался, потому что хозяйка стоит очень дорого и ради вас я его покупать не буду, купил только самый дешевый бокс под старый продавленный хозяйка на котором мы и так спали. Далее он обещал привести риэлтора от хозяйка, чтобы тот проверил квартиру и чтобы мы заключили новый договор, но договор он так и не подготовил и мы жили без него. Осенью закончились муравьи с тараканами и сразу появилась плесень.\n\nЗима была холоднее предыдущей и мы решили искать новую квартиру. Когда нашли подходящую, сообщили власнику за месяц. Ещё нужно уточнить, что когда мы писали ему письма на хозяйка, он нас игнорировал и приходил только когда сам решит, иногда без предупреждения. Были случаи, когда муж брал удаленку, чтобы власник не приходил в нашу квартиру без нас, но власник приходил на следующий день, когда в квартире не было людей, чем нарушал условия договора. В общем, мы написали власнику на хозяйка, что хотим поговорить с ним и назначили дату и время, он нас проигнорировал и не пришел. Мы написали второе письмо с информацией о том, что съезжаем с квартиры, и он тут же прибежал (он живет буквально этажом ниже в том же доме). Мы объяснили причины, по которым хотим съехать и ещё неделю он думал. Я позвонила в хозяйка и уточнила, на каких условиях нам должны вернуть залог. Когда решали с власником по поводу возврата залога, он начал говорить, что звонил в хозяйка и якобы там ему сказали, что если у нас была устная договоренность о том, что мы живём дальше, этого достаточно для невозврата залога. Я сказала, что тоже звонила в хозяйка и в курсе того, что залог должен быть возвращен, тк мы уже пр"}},{"type":"Feature","geometry":{"type":"Point","coordinates":[20.393994,44.841318]},"properties":{"name":"Првомајска 6","description":"Год жили в Белграде, снимали сначала Первомайская 6, 66 - хозяине, заваливались в квартиру по три раза в месяц, могли всей семьей, и бабки и дедули все заходили чуть что. А как правило что-то ломалось и нужен был мастер, или надо было передать плату за КУ, они всей семьей заходили и чувствовали себя как дома, могли даже задерживаться дольше нужного потому что кому то звонили на телефон и они решали какие то вопросы и сидели дальше обутые в гостиной на диване. Соседи конченные, держали собаку на балконе неделями пока полиция наконец-то не вмешалась. Залог никто не вернул, хотя по договору обязаны были и даже через риелтора снимали, риелтор - Нина та ещё, будьте аккуратны, манипулировала и давила на жадность когда мы сказали что не заплатим коммуналку за последний месяц так как они нам залог не отдали.\n\n@KKEEYYTT"}},{"type":"Feature","geometry":{"type":"Point","coordinates":[20.375257,44.800581]},"properties":{"name":"Jurija Gagarina 164v","description":"Jurija Gagarina 164v, stan 15, не прожили и полгода, хотим предупредить, так как скоро ее выложат на сдачу.\n\nКвартира отлично расположена, никаких вопросов нет, инфраструктура вокруг супер, сама квартира на вид отличная, с центральным отоплением и небольшими счетами, светлая и приятная, но властник - головная боль. Имя Vida Ðekanovic, сдает через хозяйка. Плохо говорит по-английски. На вид приятная и контактная, и регистрацию делает для МУПа, и все классно, но только на вид. Проблемы решать никакие не хочет, на все говорит, «ну это мелочи», «никто не возьмется такое чинить», «ну, я итак уже вложилась в квартиру, больше ничего делать буду». Договор для нее не аргумент.\n\nКапающий кран на кухне чинить не хочет, говорит мол это не проблема. Не нравится, что капает - просто закрой дверь и мешать не будет. Текущий толчок отказывалась чинить по той же причине 2 месяца, говорит, никто тут за такую работу не возьмется, она мелкая (бачок встроенный и там нужен именно сантехник), компенсировать не хочет. В итоге позвала какого-то кореша, починили картонкой (что, разумеется, совершенно бесполезно) Вот и весь разговор. 🙈\n\nКогда заезжали, в холодильнике был неприятный запах из-за того, что в дренажном отверстии был грибок и плесень от предыдущих жильцов (квартира реновирована). Сначала пообещала все это устранить, мол вызывайте мастера, все оплачу без проблем, но в последний момент отказалась, делали в итоге все за свой счет.\n\nПосудомойка вся была в плесени и грязи, с ржавыми корзинами, на просьбы все это устранить - сказала, что мы очень придирчивы и плесень это не проблема в принципе 🙈(але! в посудомойке!). С духовкой тоже были проблемы, сказала ну купите себе новую, если хотите. В общем, 2 месяца нервотрепки + 15к потраченных денег на все это, а потом… внимание!!! она просто взяла и купила новое. 🙈 Почему сразу так нельзя сделать было - непонятно. Потраченные деньги нам, разумеется, никто не вернет и не компенсирует.\n\nПро договор, как писала выше - ей было вообще до фонаря, но ровно до того момента, как мы сообщили, что съезжаем. Сразу вспомнила о нем, побежала к риелтору и стала рассказывать о наших правах и обязанностях касательно возврата депозита и оплаты счетов, совершенно не думая и не вспоминая о своих. Ну и еще куча мелких договоренностей, которые она нарушала в последний момент.\n\nТакже, приходит каждый месяц и прям смотрит квартиру, не испорчено ли что-то, постоянно делает какие-то замечания, что нужно налет в душевой отмыть, чтобы пол не поцарапали и так далее.\n\nКороче, человек сложный, может кому-то будет и норм с ней, но мы устали. Любой вопрос по квартире растягивается и превращается в какой-то геморой в лучшем случае на несколько дней, а то и месяцев, в худшем не решается вообще.\n\nТакже в квартире (точнее как мы выяснили всем миром потом, вообще в доме) слабая проводка, было короткое замыкание и поплавилась вилка эпловского блока питания. На что сказали, что проблема в нашем блоке и что с ним что-то не так 🙈🙈🙈 до смешного, честно.\n\nПоделилась, чтобы просто имели ввиду, какие могут быть проблемы. Всем, кто ищет, удачи найти хорошее жилье и адекватного власника.\n@mromankova"}},{"type":"Feature","geometry":{"type":"Point","coordinates":[20.414425,44.837999]},"properties":{"name":"22. октобра 9","description":"ОТКРОВЕННЫЙ ОТЗЫВ об аренде в Белграде (ул. 22. Октобра, 9, кв.9) - как нас лишили депозита\n\nХочу предупредить всех об абсолютно недобросовестной хозяйке S. и опасностях аренды через City Expert (https://cityexpert.rs/izdavanje-nekretnina/beograd/66719/cetvorosoban-stan-22-oktobra-zemun). - она сейчас опять сдается.\n\n### 🔥 Главные проблемы:\n\n1️⃣ ГРЯЗНАЯ КВАРТИРА И СОРВАННЫЕ СРОКИ\n• Договор с 1.12, но заехали хозяйка 2.12 (я буквально ночевала на улице в ожидании так как хозяйка \"не успевала выехать\"!)\n• в квартире после заселения обнаружены*:\n- Нечищеные ковры, грязные матрасы и мебель что вызвало аллергию у всей семьи\n- Хозяйка компенсировала хозяйка после наших мучений\n\n2️⃣ Депозит 1000€ украден под ложным предлогом\n- Хозяйка признает, что удерживает депозит потому, что мы съехали на 1,5 месяца раньше срока договора, а депозит она потратила на оплату агентству Ситиэксперт и травлю тараканов.\n- При этом:\n- Мы предупредили за 30 дней (как требует закон)\n- Квартира оставлена в нормальном состоянии\n- Все счета оплачены\n\n3️⃣ Ложь о коммунальных платежах\n- Обещали 200€ → реальные счета 350€ и выше\n- Дети мерзли зимой, хотя мы платили огромные суммы\n\n4️⃣ Тараканы - проблема всего дома\n- Появились через неделю после заселения и проведении профессиональной уборки клининговой компанией (подтвержденная оплата с моей стороны)\n- Хозяйка знала о проблеме, но скрыла\n\n5️⃣ КВАРТИРА БЫЛА ВЫСТАВЛЕНА НА ПРОДАЖУ**\n• Хозяйка:\n- Просила провести показы с нашим участием\n- Говорила мы пробуем продать, я дам вам время съехать когда продадим.\n- Когда я честно обозначила проблемы (холод/тараканы) и сказала что расторгаю договор - внезапно \"передумала\" продавать\n\n### ⚖️ Нарушения закона:\n✔️ Закон об обязательствах Сербии - депозит можно удерживать хозяйка за реальный ущерб\n✔️ Предупреждение за 30 дней - мы выполнили\n✔️ Квартира не повреждена - есть фото/видео\n\n⚠️ Никогда не снимайте эту квартиру!\n⚠️ Фиксируйте ВСЕ дефекты при заселении\n\nГотова предоставить доказательства (фото, переписки).\n\n@medizain"}},{"type":"Feature","geometry":{"type":"Point","coordinates":[20.454528,44.814345]},"properties":{"name":"Југ Богданова 22","description":"Адрес: Beograd, Jug Bogdanova 22, 1\nСнимал эту квартиру и столкнулся с массой проблем. Объявление не соответствует реальности:\n❌ Размер – в объявлении 20 м², по факту 15 м².\n❌ Коммунальные платежи (инфостан) – сумма не соответствует заявленной.\n❌ Плесень и сырость – сильный запах, плесень на стиральной машине, за шкафами, в углах. В холодильнике жуткая вонь, которая не уходит после чистки.\n❌ Жуткая антисанитария – неприятный запах из холодильника, грязные подушки и одеяла, пыль и паутина в углах.\n❌ Не пригодна для жизни – нет нормального проветривания, в душевой скапливается вода даже без использования душа. После дождя в душевой образуется целая лужа.\nАрендодатель, не предоставил документы (ID и право собственности). После двух дней пришлось съехать – находиться там было невозможно. В квартире было холоднее, чем на улице. Дышать ночью из-за запаха было невозможно. Чтобы скрыть запах собственник при хозяйка настежь окна, курил прямо в квартире. Внутри установлены два воздухоочистителя, которые не помогают от запаха хозяйка и сырости. Возвращать деньги за оставшиеся дни отказался, хотя знал о проблемах. Депозит вернул не сразу и не в полном объёме. При этом заявил, что возвращение депозита - это его \"добрая воля\", хотя я выполнил все условия договора.\n🔴 Не советую связываться! 🔴\n📍 Локация на Google Maps: https://maps.app.goo.gl/L1S4m55tX2yGzQf58\n\n@srf_91"}},{"type":"Feature","geometry":{"type":"Point","coordinates":[20.463684,44.816248]},"properties":{"name":"Скадарска 12","description":"Квартира по адресу: Skadarska 12\nБыли сегодня на просмотре. Жилица - француженка с двумя детьми-подростками. Рассказала, что съезжает по причине полной психической невменяемости хозяйки, которая врывалась в любое время без предупреждения, один раз застала друзей сына и вызвала полицию. Также угрожала жилице судебными исками и постоянно звонила. Поэтому и стоимость за центр города очень низкая при большой площади - 64 м2.\n\nЯ уверена, что совершенно адекватная женщина с двумя детьми не будет такое придумывать. Риэлтор, он все время пытался заставить ее замолчать и повторял: «мы же договаривались, что вы не будете это рассказывать». Не думаю, что кто-то может такую историю придумать на пустом месте из головы. Я думаю, что в таких ситуациях лучше не рисковать и не проверять на своем опыте, поэтому и предлагаю внести в чёрный список. Чтобы люди хотя бы были предупреждены, что со слов предыдущей съемщицы дело обстоит так. Дальше личный выбор каждого: рисковать или нет. А до разговора с хозяйкой риэлтор даже не хозяйка. Он мне сразу сказал, что это невозможно и все вопросы только через него\n\n@Julkasun2003"}},{"type":"Feature","geometry":{"type":"Point","coordinates":[20.398838,44.809559]},"properties":{"name":"Omladinskih Brigada, 96Đ","description":"Квартира по адресу: Београд, Omladinskih Brigada, 96Đ, 1 этаж, 1 квартира.\nВладелец выбивает как хозяйка более большой залог: двойной, тройной. Настолько большой, насколько может получить.\nС хозяином почти не общался и не взаимодействовал.\nПрожил год относительно нормально, но на последнем месяце за две недели начал спрашивать о залоге, на что получил жесткий отказ.\nПытался спорить, показывая, что квартира в идеальном состоянии и проф клинингом.\nНо из-за спора на меня накричали и выгнали тем же днем на улицу, за две недели до окончания оплаченного месяца.\nКричал, чтобы я съехал сейчас же и что жадным людям доверять не может.\nОплаченные недели и залог так и не вернули.\nХозяева квартиры - хозяйка и его жена будут говорить, что хозяйка все - животных, подселять, других людей, вообще все при все и что будут со всем помогать.\nНо если они посчитают это удобным, вас выгонят, и про залог вам стоит сразу забыть.\n@maslov0i"}},{"type":"Feature","geometry":{"type":"Point","coordinates":[20.410165,44.84665]},"properties":{"name":"Његошева 2","description":"Квартира в частном доме, приземелье.\nВсе чисто и аккуратно, однако хозяйка - неадекват.\nХозяйка в том же доме на первом этаже.\nПриходила без приглашения, устраивала внезапно проверку, хотя в договоре чётко сказано про предупреждение за 5 дней.\nНе разрешила провести свой интернет, хотя это прописано в договоре.\nОтказывалась предоставлять квитанции по коммуналке.\nТребует оплачивать 15 кубов воды в месяц, хотя мы по факту используем 5.\nСчёт за електричество также по всей видимости не только за нас (580 kwh за вторую половину марта)\nНачала предъявлять претензии:\n- что мы поменяли занавески на окнах на свои без спросу\n- передвинули стол в квартире на другое место.\n- что купили ещё один рабочий стол и внесли в квартиру без её разрешения.\n- что окна изнутри квартиры не помыты.\n\nНачала придумывать к чему придраться:\n- что поменяли цвет индикаторов на стиральной машинке(это не возможно)\n- что сломали дверь во двор велосипедом.\n\nЕсть подозрение что заходит в жилье в наше отсутствие.\n\n@sts_lito"}},{"type":"Feature","geometry":{"type":"Point","coordinates":[20.476799,44.811888]},"properties":{"name":"Станоја Главаша 24","description":"Адрес Станоја Главаша 24 Белград.\n\nМожете пожалуйста заменить на этот текст? Я хочу убрать имена и номер квартиры. Больше постараюсь не беспокоить)\n\nВот новый текст:\n\nХочу поделиться нашим опытом аренды квартиры в жилом комплексе Central Garden (Белград).\n\nПосле 2 лет проживания возникли серьёзные сложности при выезде. Несмотря на нормальные отношения в течение всего срока аренды, при обсуждении возврата депозита начались разногласия.\n\nДепозит нам так и не вернули. Также у арендодателей осталась наша хозяйка резина для автомобиля, которую арендодатели до хозяйка не вернули, требуя доплату сверх депозита.\n\nПосле нашего съезда арендодатели начали хозяйка нам требования о дополнительных оплатах - например, что мы обязаны покрасить стены, заменить старый диван на новый и компенсировать их потраченное время (дни) на уборку и ремонт после нас.\nВ переписке звучали угрозы уголовной ответственностью и утверждения, что это может повлиять на наше ВНЖ.\n\nОбщение в момент выезда и до хозяйка сопровождается психологическим давлением и угрозами.\nВсе эти обвинения для нас абсолютно безосновательны и стали огромным стрессом после длительного и, казалось бы, мирного проживания.\n\nМы делимся этим опытом, чтобы другие арендаторы были особенно внимательны при подписании договоров, фиксировали состояние имущества письменно и документировали всё на этапе въезда и выезда актом приема-передачи квартиры.\n\nБерегите свои нервы и свои права 🙏\n@IlinaNigma\n@IlinaNigma"}},{"type":"Feature","geometry":{"type":"Point","coordinates":[20.488024,44.805624]},"properties":{"name":"Ртањска 7","description":"Адрес Rtanska 7, квартира 6\n\nПрожили ровно год, приходили каждый месяц забирать оплату, когда приходили всегда хвалили как у нас чисто и все в общем круто.\nКогда дело дошло до возвращения депозита. Они в квартиру сразу пришли с мастерами и мастера сразу им выставили счет, что нужно стены покрасить, пол поцарапан, его под замену.\nДля общего понятия. До нас жили русские ребята с корги. И собака очень много ущерба принесла квартире. И сама квартира требовала уже хоть какого-то косметического ремонта.\nНасчет пола нам сказали, что они помнят КАЖДЫЕ ЦАРАПИНЫ которые там были до нас.\nПри въезде в квартиру мы вызывали клининг, так как там было полно шерсти и пыли. И при выезде мы вызывали клининг с пароочистителем (керхер), чтобы квартиру привели а божеский вид. Почистили и диван, который не числили с момента покупки прошло лет 20 🤦🏼♀️\nКовер который походу достался от прабабушки и был в ужасном состоянии. Мы за свой счет все это довели до состояния нормы.\nИ естественно нужно как бы сдавать им дальше, а рынок цен на квартиры падают. И нужно сделать какой-то ремонт получше чтобы сдавать ее за 900 €+100€ парковка. (Это стоимость квартиры 47 кв убитая однушка )\nВ итоге 900€+100€ паркинг нам не вернули\n\n@The_rina_r"}},{"type":"Feature","geometry":{"type":"Point","coordinates":[20.485434,44.798219]},"properties":{"name":"Vračar, Crveni krst, Velimira Bate Živojinovića 24","description":"Vračar, Crveni krst, Velimira Bate Živojinovića 24, stan 3.\n\nКвартира была снята в спешке, так как на тот момент срочно нужна была жилплощадь. Изначально арендодатели показались хозяйка и дружелюбными, но когда начались бытовые проблемы, стало ясно, что на помощь рассчитывать не стоит. В квартире ломалась сантехника, а зимой окна буквально продувало насквозь. На просьбы что-либо починить реакции не было — делали вид, что это не их проблема. Счета были странные: по 12-13 тысяч за электричество, за студию в 30 квадратов.\n\nПо поводу депозита: обещали вернуть после окончания аренды. Когда мы предложили либо использовать его в счёт последнего месяца, либо оформить расписку, начали вести себя агрессивно — кричали, что мы им не доверяем. Это уже выглядело настораживающе.\n\nПосле выезда нас классически «кормили завтраками»: то квитанции не пришли, то они «неправильные», то ещё что-то. В конце концов нас просто заблокировали.\n\nНа данный момент квартира снова появляется в объявлениях. Будьте осторожны. Не рекомендую иметь дело с этими арендодателями.\n\n@L_Fire0015"}},{"type":"Feature","geometry":{"type":"Point","coordinates":[20.475714,44.857226]},"properties":{"name":"Теодора Чешљара 8","description":"Была договоренность на словах с хозяйкой, что я живу в квартире с одной кошкой (в договоре ничего про животных не написано). Но я взял двух кошек на передержку от волонтеров. Как только им найдут новый дом, я с ними попрощаюсь, они со мной временно. Эта власница в один день зашла ко мне в квартиру и без моего разрешения, без моего согласия начала ходить, открывать все две (две уличные кошки на карантине, они живут в отдельной комнате). Придурковатая начала визжать, что кошка оставляет шерсть на стуле (ссср года на барахолке такое отдают бесплатно), что во всей комнате смрад и вонь от моих 15 кошек и полный хаос в квартире. Мне начали угрожать полицией. Причину я не понял, какая это статья. Шерсть и кошки? Потом мне написали, что есть 5 дней, чтобы сьехать. Я прикрепил фото договора, где сказано, что оповещать обе стороны должны за 15 дней. На что мне ответили «много пиздишь, у тебя нет прав, в России будешь свои права доказывать.». Весь диалог с моей стороны велся без агрессии и с уважением. Сошлись на том, что я сьезжаю 1 числа. Я оплатил месяц вперед с инфостаном, прожил только 10 дней из 30 и мне не хотят отдавать депозит. Заставляет купить новые кровати за место старых пыльных диванов со времен ссср, потому что на них шерсть от кошки. В этой ситуации я не смог смириться с тем, что человек нарушает договор, выпинывает меня на улицу и ничего не возвращает.\nЯ нанял русскоговорящего адвоката, мы все обсудили. План юриста был припугнуть законом и иском ее, чтобы она пошла на встречу и вернула сумму (депозит и 2/3 месяца). Квартиру вычистили полностью (должен отметить, что заселили меня в пыльную, грязную и вонючую квартиру с плесенью в холодильнике и во всей ванной). В день передачи ключей всю квартиру засняли, что никакого хаоса и вони нет, ущерба для отказа в аренде не должно быть. Я позвал подругу как свидетельницу и весь следующий диалог с власяницей был записан на камеру.\nПришла сначала мама власницы. Мы начали наш концерт с запугом с камерой и свидетелем — мама убежала. Через 10 минут пришла сама Марина вежливая такая разговаривала с начала… Потом она увидела видеосъемку и свидетеля и начала психовать и требовать выключить камеру. Никакую расписку власница не подписала, ключ не забрала, деньги не вернула, когда была в квартире претензии к чистоте не предъявила. Мы написали ей «поднимайтесь, отдадим ключ под роспись, ждем час». Мне она ответила «спасибо за доверие. До свидания». Мы прождали час с подругой/свидетелем. Она не пришла. Мы дописали все в документе. Засняли как выходим из чистой квартиры, закрываем на ключ и выходим из дома. Ключ остается за мной, потому что власник его не взял. Потом там уже диалог ведет мой адвокат с ней.\nПо хорошему, должна быть еще встреча, где она передает мне деньги, а я возвращаю ключ, но пока ситуация еще подвешенная.\nНа нас не вызвали полицию(как угрожали), а эта мерзкая персона сбежала как крыса мышь 🐭\n\nРебята, если есть возможность, всегда подписывайте, что читайте и с кем (это жилье с большей долей вероятности даже не принадлежит ей, а ее отцу, а договор на нее…). Просите договор о купле продаже или кадастровую выписку, в идеале. СНИМАЙТЕ ОТ И ДО квартиру на момент заезда. Если передаете оплату аренды наличкой, фиксируйте видео, распиской или другими доказательствами. Обращайте и прислушивайтесь к редфлагам в общении, скорее всего вам не кажется, что человек не в себе. Не бойтесь отстаивать свои права, вы на территории Сербии обладаете и следуете почти всеми основными правами, что и граждане.\n\n@tatitatatita"}},{"type":"Feature","geometry":{"type":"Point","coordinates":[20.509686,44.793024]},"properties":{"name":"Вјекослава Ковача 16","description":"Вьекослава Ковача 16, квартира №9, 2 этаж. Арендодатель. Квартира оформлена на его дочку ( к ней претензий никаких - очень милая и добродушная, но вести дела вы будете именно с Владимиром). Объявление об аренде уже выставлено (https://cityexpert.rs/ru/properties-for-rent/belgrade/45858/20-rooms-apartment-vjekoslava-kovaca-zvezdara)\n\nОбнаружили клопа в квартире. Сразу сообщили об этом арендодателю, в ответ услышали: \"Наверное, через окно заполз\"\nНо окна у нас всё время были закрыты из-за работающего кондиционера. Скорей всего заполз от соседей через большие щели в стенах. Реакции не последовало - проблему проигнорировали.\nОсознав, что в квартире может быть заражение, мы начали срочный переезд.\n\nНаш кот за время проживания повредил обивку на стульях. Хоть эти стулья уже были в плачевном состоянии при заселении, ответственности мы не отрицали.\nМы предложили заменить на новые идентичные, вразумительного ответа не последовало - решили, что он согласен.\n\nНазначили день переезда на новую квартиру, сообщили об этом Владимиру и попросили его прийти на следующий день чтобы обсудить стулья и возврат залога (в этот же день был назначен клининг). В день переезда, без звонка и без согласования, хозяйка ворвался в квартиру, начал кричать, требовать немедленно оплатить счета и утверждал, что залог не вернёт из-за \"грязи\" и стульев (при том, что профессиональная уборка была назначена на следующий день).\nНачал угрожать полицией, но сам так и не вызвал. Когда мы сказали, что если он не вызовет, то это сделаем мы - немедленно ушёл.\n\nНа следующий день, после клининга, он пришёл в более спокойном состоянии. Квартира была чище, чем в день нашего заезда.\nЕдинственное к чему он смог прикопаться - так это к стульям. Мы снова начали обсуждения. Покупку новых он отверг. Реставрацией заинтересовался, но предложил: мы сразу оплачиваем счета, забираем стулья на реставрацию, а залог он вернёт потом, после их получения.\nС учётом его поведения и постоянных обещаний, мы не могли на это согласиться.\n\nКогда компромисс не был достигнут, хозяйка вновь начал утверждать, что он крутой юрист (ранее говорил, что он сантехник) и пригрозил судом. Мы были абсолютно за. На этом аргументы иссякли и сразу было видно как он поник.\nЗатем последовала попытка обмана, что мы не оплатили прожитый месяц. Мы напомнили, что платили всегда вперёд. Закосив под дурака он согласился, не сумев опровергнуть доказательств в виде сообщений и контракта.\n\nВ финале мы без обиняков ещё раз напомнили, что в квартире был найден постельный клоп, что необходимо провести обработку и заделать щели в стенах. Показывали фото с доказательствами.\nНа это последовал смех, обвинения в клевете и попытке «выбить залог». Выудить залог мы и не рассчитывали, было и так ясно, что он нам его не вернёт в любом случае. Это было обычное предостережение. Ведь если постельный клоп смог отложить яйца и квартиру оставить без обработки на данном этапе, то их потом уже и не выведешь.\nКак уже писала ранее, на наш взгляд, клоп пробрался как раз через большие незаделанные щели - условия в квартире к этому располагают. К тому же и плинтуса сильно отходят, а это идеальное место для поселения и размножения.\nВ общем снова наше предупреждение было проигнорировано, вероятность заражения остаётся высокой.\n\nМы категорически не рекомендуем снимать эту квартиру. Ремонт — минимальный, многие вещи на грани поломки. Проблемы не решаются месяцами. Арендодатель к манипуляциям, угрозам и отказу возвращать залог. И главное - в квартире был найден постельный клоп.\nНа момент выезда укусов у нас не было, матрас был чист, но щели в стенах огромные, а отношение к проблеме - полное игнорирование. Это вопрос времени, прежде чем начнётся полноценное нашествие.\n\nНадеюсь, этот отзыв убережёт других от неприятного опыта.\n\n@Shura_Iva"}},{"type":"Feature","geometry":{"type":"Point","coordinates":[20.471744,44.820642]},"properties":{"name":"Светозара Милетића 8","description":"Гиви Повар, [19.07.2025 13:59]\nВсем здравствуйте!\nНастала моя очередь поделиться спорным опытом.\n\nВ июне 2023 снял квартиру удалённо. Хозяйка жила в Врнячке-Бане, квартиру показывал сосед. После атмосферных армянских жилищ это место показалось раем — несмотря на многие неудобства, например:\n\n* фактически отсутствуют окна: окна есть, но выходят во двор-колодец на глухую стену соседа в двух метрах.\n* на первом этаже света почти нет, на втором — только с мансард. Читай: окон нет.\n* вся квартира уставлена иконами — может, кому-то это плюс. На каждой стене минимум по 6 штук.\n* кровати не было. Я сообщил об этом соседу — предложил убрать один диван и поставить кровать. Он уговаривал хозяйку, но безуспешно: диван — любимый, и ему нет замены.\n* квартира изобилует тумбочками и пуфиками (в основном офисными). Тумбочек штук 6, пуфиков из кожзама — 10. Можно устраивать пати, если поместитесь.\n* указано 35 м², визуально кажется больше, но сложно оценить — всё завалено.\n\nВ ванной — раскисший от влаги шкаф и стиралка, таящая ржавчину и возвращающая этот металл вселенной. Читай: сыпется ржавчина, как из моей старой попы.\n\n---\n\nСамое страшное — этот дом пытается убить.\n\nКухня — малюсенькая. Если случайно открыть шкаф и нагнуться — шрам на лбу обеспечен.\nЕсли сесть у окна при открытом окне — шрам будет на спине.\nЛестница — потенциальный компрессионный перелом. Я падал один раз, жена прокатилась (не на санках) — раза четыре.\n\nНаверху — сильная влажность зимой, летом — сухость. Изоляция плохая. Кондиционер летом работает нон-стоп.\nВнизу — всегда сырость, иногда плесень. Холодильник мыли раз 8 за два года, плесень всё равно растёт. Продукты портятся, никакие средства не помогли.\nСтиралка ломалась — чинил сам (об этом дальше). Бойлер чистил — пробивает на массу. Читай: риск удара током при мытье. Решения: либо выключать бойлер на время, либо менять ТЭН. От власти власницы ждать нечего.\n\nВсё это — обычное сербское жильё. В чём же тогда история?\n\nГиви Повар, [19.07.2025 14:00]\nДьявол (или СветкаПетка) в деталях.\n\nПрошу расценивать слова “гниль”, “плесень”, “тухлость” — буквально.\nЗаехали мы, как договаривались. Хозяйка принимала хозяйка котов (о которых я ей не сказал) и рассказывала, как любит животных. Мы выдохнули и стали жить.\n\nНо периодически на ручке двери появлялись пакеты с тухлыми фруктами — \"угощения\", купленные у ром на рынке. Без преувеличений — тухляк.\nИногда это были шоколадки, симбиотически слившиеся с упаковкой за пару лет. Я ремонтировал ей велосипед, комнату и прочее — в ответ получал \"продукты\".\n\nКроме жилья, у неё была викендница — 1,5×2 м: мини-диван, унитаз, душ, две тумбочки, она сама, две собаки и иногда подруга сверху. Она приезжала из Врнячки-Баны \"отдохнуть душой\", потусить с любовником во Врачаре, потерять ключ от велика и ночью звонить мне за помощью.\n\n---\n\nПотом мы завели собаку.\n\nЕстественно, ничего не сказали. Когда заговор раскрылся, хозяйка выразила хозяйка. Я предложил ей прийти и посмотреть, как всё стало чище. Так и продолжили жить.\n\nА потом начались проблемы.\n\n---\n\nБелый картон.\n\nХозяйка жила не в Белграде, выдала доверенность на \"белый картон\". Но в полиции появился новый сотрудник, который стал отказывать мне в регистрации, требуя документ о собственности.\n\nЯ неоднократно просил её просто дать бумажку, хотя бы копию. Она игнорировала. Приехала, потащила нас в полицию, где мы потеряли два часа. В итоге нам сказали — всё нормально. Но на следующий визаран всё повторилось. Я устал от этого цирка и стал ходить в хостел напротив, а ей сказал — или даёшь бумагу, или плати за хостел.\n\nПотом мент ушёл в отпуск — пара месяцев было спокойно. Затем всё по новой. Я снова сообщил, что иду оформляться в хостел. Она:\n\n> “Не ходи, я сейчас приеду разбираться.”\n\nЯ:\n\n> “Перестань таскать меня и тратить моё время. Просто сделай мне документ.”\n\nОтвет:\n\n> “А давайте вы лучше съедете. У меня от тебя давление поднимается. Через неделю чтоб вас не было.”\n\nШок. Я решил напомнить ей про религию: \"вместо бумажки ты выкидываеш"}},{"type":"Feature","geometry":{"type":"Point","coordinates":[20.546772,44.817197]},"properties":{"name":"Драгиње Адамовић 60a","description":"Beograd, Draginje Adamović 60a st. 14 Ситуация как и у многих тут, человек не возвращает депозит, с мая, свалил на нас поломки в квартире которые были до нас (тут я сглупил и не всё отфотографировал при заселении)\nКормит завтраками уже 2 месяца, естественно с деньгами уже распрощались\nГоворил что на карту перевести не может, что вот вот приедет и вернет, но веры нет никакой.\nЧеловек хорошо знает русский язык, всё обсуждалось, был заранее предупрежден о выезде из квартиры, новым арендаторам квартиру показывал также я, хотя уже там не жил\nБудьте осторожны\nhttps://maps.app.goo.gl/sC6rUYKNa8NCCraS8\n\nистория развернулась, человек игнорил сообщения пока я не пригрозил налоговой, начал говорить что я его обманул и воспользовался квартирой для получения ВНЖ🤪 (ага, по работе), начал угрожать что куда то обратится по этому поводу и что у меня будут проблемы\n\n@DmitriiKhrust"}},{"type":"Feature","geometry":{"type":"Point","coordinates":[20.47414,44.795936]},"properties":{"name":"Светозара Глигорића 8","description":"Белград\nДублянска 58 (она же Светозара Глигорича 8), кв.7а\n\nне рекомендую - начать с того, что улицу на карте регулярно не может найти никто (она была переименована), квартиру не может найти никто (это верхняя часть дуплекса, который сдается как две раздельные квартиры))) и заканчивая невозвратом залога\nпочтальоны, кстати, эту улицу тоже игнорируют, посылки рандомно уходят в любое из трех рядом находящихся отделений почты\n\nв объявлении фото пятилетней давности - глобально ничего не изменилось, но тем не менее) например, ржавчины на крышке стиралки не видно, а она там есть)\n\nарендодатель - не владелец, договор составляла не сама (точнее, его принесла я - никакой инициативы с правками не поступало), апеллирует к нему когда удобно ей. точнее, договор никого не волнует: например, у меня раньше срока был оплачен август, но я съехала чуть раньше, в пределах Белграда; забыла одну вещь, вернулась забрать через пару дней в пределах оплаченного месяца - а мою квартиру уже красят) никто у меня ее не принял и ключи не забрал, просто замели следы - теперь я слушаю, что она была в ужасном состоянии и именно поэтому она ее красила, и что я сама сбежала от ответственности) ключи я вернула сегодня через почтовый ящик после Угроз, когда мои предложения встретиться были проигнорированы (штук пять предложений за последних две недели).\n\nстарая сантехника (многое я починила, но), картонные стены, ужасно громкие соседские дети (невыносимо громкие), любые поломки в доме не решаются месяцами (все ищут крайнего, хотя за обслуживание дома платятся немалые деньги), любые поломки в квартире сопровождаются долгими дискуссиями формата \"я же это не ломала\", даже с чеками не компенсируются (за чеки вынимает всю душу и потом ей плевать, \"будет честно, если ты сама оплатишь\"). телефон доверенного мастера она мне впервые за три года предоставила перед расторжением договора, до этого только \"я сама договорюсь\"; в ряде вопросов - \"а почему ты не спросила у соседей\", \"ну вызови кого-нибудь\", при этом эти мастера ее не устраивают, потому что \"мой мастер бы сделал это бесплатно\")\nв договоре есть \"интернет\", который входит в \"счета\", но изначально он подразумевал один роутер в нижней квартире, который не работал месяц и никто не знал почему - оказалось, он был выткнут из розетки предыдущим жильцом:) теперь за него \"выросли счета\", при этом за три года он регулярно не работал в т.ч. с приходом коллекторов, когда лендлорд уходила в несознанку на предмет того, что я вообще не знаю ни про какой договор)\n\nзалог не вернула потому, что \"покраска стен стоила 280 евро\" (чека мне ессно никто не показал; в договоре есть пункт про \"естественный износ\", но он тоже никого не волновал) и \"я ушла в минус по квартплате из-за тебя, ты не платила\". контекст: в договоре прописана отдельно стоимость ренты И отдельно стоимость коммуналки, потому что на две квартиры (7 и 7а) 1 счет и она сама как-то должна их манажить - счета я видела один раз за три года, в марте 2025, когда они \"выросли\".\nчеловек живет ожиданиями, что все будет по каким-то ее понятиям и что все всё угадают.\n\n@beketovist"}},{"type":"Feature","geometry":{"type":"Point","coordinates":[20.381115,44.795454]},"properties":{"name":"Нехруова 206","description":"Квартира в Белграде по адресу Нови Београд, Нехруова 206, стан 41. Не хочу ни хвалить ни хейтить, просто скажу как есть.\n\nХорошая локация, рядом набережная Савы, рестораны, рядом с конечной различных автобусов и трамваев. Тихий район вдали от дороги, спокойные соседи, никто не шумит и просторная квартира со старым ремонтом, но при этом достаточно аккуратная. Есть сарай внизу для хранения велосипедов, чтобы не таскать их наверх.\n\nПрожил там 3.5 года, вынужденно съехал предупредив за неделю, хотя отказни рок 1 месяц. После долгих споров с хозяйкой, которая пыталась эмоционально давить и манипулировать по телефону перестал брать трубки и перевёл всё общение в письменную форму в вайбер. Хозяйка требовала 2 депозита (!), в итоге договорились на полтора - 350+175 евро. Через год подняла цену до 430 евро. Больше цену не поднимала. Через 3 года сломалась стиралка - естественный износ. Сказала, что вызов мастера должен оплачивать я, я отказался. В итоге она потом часа ему заплатила. Прошло 1.5 месяца - стиралку не заменила.\n\nПомимо депозита в манипулятивной форме при выселении начала требовать по телефону дополнительные 250 евро. По итогу согласилась с моими расчётами в том, что никто никому ничего не должен. Я согласен был оставить депозит, потому что если размазать его на 3.5 года. Плюс я 24 месяца пользовался интернетом бесплатно, на чём много сэкономил. Перед выселением сделал генеральную уборку - очистил окна (рамы, стекла), очистил кафель, очистил смесители, помыл полы, протер пыль, вывез свои вещи. Передал ключи, она осмотрела квартиру и сказала, что всё ок, никаких претензий.\n\nВ этот же вечер и на следующий день продолжила писать мне в вайбер и показывать мне где я не до конца очистил, где не конца протер. А сегодня написала мне простыню следующего содержания:\n\n\"Ostavo si cetku sa posudom od wc solje,(pored ostalih prljavih i ogavih delova stana) preprljevu sa zutim debelim slojm tvojih fekalija(ni u javnim toaletima nisu takve),nisi pomislio da je u redu da je sam bacis,ili ocitis ili kupis novu.Svaki normalan covek bi to uradio,mada ni svaki normalan covek ne bi drzao u wc.takav izvor zaraze, ali ti ne spadas u grupu moralni,eticki ispravnih ljudi,necu pisati kojoj kategoriji pripadas,sam proceni.\nMoja je greska sto nisam priverila bolje stan,nikada ne bi pomislila da neko ko ima vodu i sve uslove da odrzava cistocu, bude tako bizaran i prljav i da moze da zivi sa sopsvenim fekalijam i prljavstinom.\nSram te bilo. Pokusaj makar da razmislis koliko si mali u mnogim delovima tvog personalitija..\nNemas osnovno postovanje i dostojanstvo.\"\n\nТакое ощущение, что её задел тот факт, что она не может мной манипулировать, как привыкла и теперь придумывает какие-то поводы, но я уже смотрю на это с лёгкой улыбкой, ибо все свои обязательства выполнил. У хозяйки может хозяйка сегодня одно, а завтра другое. Она плохо ходит и живёт далеко от сдаваемой квартиры, может ездить только на такси, поэтому квартиру редко проверяет, не мешает жить. Но если вам что-то понадобится, скорее вам придётся оплачивать ей такси (4000 в обе стороны). Кондиционер приходилось чистить каждый год за свой счёт - 4000 дин за чистку, чтобы хватало на летний жаркий сезон.\n\nВ общем выводы делайте сами.\n\nЛокация дома Нехруова 206, стан 41:\n\nhttps://maps.app.goo.gl/EMKm9TxF6MYp2vSP6\n\n@beelt_a"}},{"type":"Feature","geometry":{"type":"Point","coordinates":[20.382276,44.804028]},"properties":{"name":"Јурија Гагарина 46","description":"Београд, Нови Београд, блок 63, Јурија Гагарина 46 стан 17. Недобросовестный арендодатель. после года аренды, повысила плату, отказывается возвращать депозит, угрожает адвокатом и полицией.\n@Cheburashkanindzya"}},{"type":"Feature","geometry":{"type":"Point","coordinates":[20.49258,44.789069]},"properties":{"name":"Бакићева 11a","description":"Beograd, Bakiceva 11a\nНе возвращают залог и всячески вредят при выезде.\nЗалог высокий, 900 евро.\nНаходят тысячу выдуманных причин, несмотря на соблюдение договора и идеальную чистоту при выезде, включая химчистку ковров и покраску стен.\nПереезд был связан с тем, что скоро прямо за окном начинается большая стройка.\n\nПишу подробнее для статистики, какие бывают типичные проблемы со съездом.\n\nПрожили 2 года с хвостиком.\nДоговор закончился год назад, властник сам предложил его не продлевать и уведомить за 2 недели. Пошла ему навстречу, так как думала, что помогаю спасаться от налогов, а он идет мне на встречу по гибкости съезда. А потом человека как подменили.\n\n- причина нашего съезда - внезапная большая стройка прямо за единственным окном\n- предложили хозяину уведомить за месяц и его проплатить, но потом он вернет залог, если все будет в порядке.\n\nна этом этапе человека подменили, он хозяйка темнить.\n- хозяйка вести себя как мошенник - говорить, что он и не читал этот договор и он не имеет никакого значения, потому что это он решает как тут все будет, он сам юрист. И что какие все вокруг плохие, портят его квартиры, живут (видимо, бесплатно в его понимании). Это был шок, так как до этого человек нормально помогал со всеми починками. Его слова: \"You think I' skimming you?\" - я сказала да. Надо ли говорить, что мы содержали квартиру в идеальном состоянии.\n\n- сошлись на том, что мы оплатим за пол месяца, серьезно приведем квартиру в порядок и потом обсудим возврат залога. Даже начали обсуждать сколько за вычетом комуналки и прочего. это нас устраивало\n- мы полностью отмыли двухэтажный дом, покрасили стены, сдали ковры в химчистку. Квартира стала лучше, чем была до въезда.\n- но потом начались проблемы - хозяин съезда, говорить, что вот прямо завтра в 9 утра он приведет новых людей смотреть квартиру и что он обязан нас об этом только уведомить. Надо ли говорить, что все это делалось в разгар сбора вещей.\n\n- возле дома хозяйка дежурить его родитель и наблюдать за нашим сьездом, пытался войти в дом раньше на 2 дня и забрать ключи. Прямо поставил машину и перегородил спуск с лестницы.\n\nСтало в какой-то момент страшно. что просто не дадут съехать и было желание быстрее убежать подальше как можно скорее.\n\n- в день сдачи ключей властник не пришел (был в отпуске), пришли его родители на час раньше и мы были вынуждены в спешном порядке вызывать такси, забыли несколько вещей.\n- родители сказали, что потом нам их вернет властник - он с нам обязательно встретится и мы все решим. Надежда получить заслуженную и обещанную часть залога оставалась.\n\n- потом властник хозяйка писать странные письма, уклоняться от встречи.\n- последнее письмо гласит, что мы нарушили все условия, все в квартире испортили, понаоставляли свои вещи, не явились на сдачу квартиры и что залога не будет.\n\nИтог\n- на возврат залога в рассчитывать, видимо, вообще не стоит. Всегда найдется причина, чтобы обвинить и не вернуть\n- жалею только, что действительно берегли полностью белую квартиру, потратили столько денег и сил на приведение ее в порядок. Надо было ни в чем себе не отказывать и съехать в удобное время, не уведомляя заранее. результат был бы тот же.\n- на будущее буду принципиально искать варианты с минимальным залогом, так как его все равно придется за что-нибудь отдать.\n\nВ целом, я могу понять, что залог используется для решения своих проблем и обновления квартиры. Но зачем портить выезд, создавать угрозы, запугивать.\n\nВозможно, это делается с русскими, так как со своими у них есть сарафанное радио, а мы здесь чужие и с нами можно делать все что хочешь.\n\n@Pro_Svet_a"}},{"type":"Feature","geometry":{"type":"Point","coordinates":[20.464667,44.821528]},"properties":{"name":"44°49'17.5\"N 20°27'52.8\"E","description":"This is the place where I used to live. The owner’s name is Nikola, and they are asking €2,200 for the entire building (three flats in total). They don’t rent the apartments separately, only as a whole.\n\nThe property has many problems, including bathroom leaks, clogged kitchen sinks, and old, worn-out furniture. Despite these issues, the landlord is extremely rude and uncooperative, making it very difficult to communicate or solve even basic problems.\n\nAdditionally, he demands three months of deposit, which is unreasonable given the poor condition of the property.\n\nThe landlord is a Montenegrin man, and my experience living there was very unpleasant overall. I would not recommend this place to anyone.\n\n@mteksoz"}},{"type":"Feature","geometry":{"type":"Point","coordinates":[20.481222,44.793481]},"properties":{"name":"Јужни булевар 112","description":"Не думаю, что достойно черного списка, но предостеречь хочется.\nБыла на просмотре квартиры с Ситиэксперт, получила 15-страничный договор об аренде на почту. Осилила только половину с переводчиком.)\nВладелец хотел нотариального хозяйка этого договора, а неработающие лапочки в ванной менять до подписания договора вроде как и не собирался (исходя из договора, оплата всего ремонта и обслуживания квартиры ложится на мои плечи) 😅\nОставлю пункт из договора для коллекции\n“Независно од одредби претходног Члана Закуподавац има право задржавања покретних ствари Закупца у Стану у случају постојања било каквих неизмирених потраживања Закуподавца према Закупцу.\nУ случају да Закуподавац има неизмирено потраживање према Закупцу по основу овог Уговора, Закуподавац на основу права задржавања има право да се наплати из вредности ствари на исти начин као и заложни поверилац.»\n\nhttps://t.me/BlacklistserbiaChat/1844"}},{"type":"Feature","geometry":{"type":"Point","coordinates":[20.500737,44.767517]},"properties":{"name":"Браће Јерковић 142","description":"Хотелось бы предостеречь от съёма любых квартир по адресу Braće Jerković 142.\nСитуация следующая.\n\nДом жилой, многоквартирный, относительно новый, ему около 10 лет. Однако есть один серьёзный минус: на нулевом и первом этажах расположен ресторан Rich, который фактически занимает две квартиры.\n\nДнём и в будние дни шума почти нет, но почти каждые выходные, с пятницы на субботу или с субботы на воскресенье, на втором этаже хозяйка проходят вечеринки с очень громкой музыкой. Громкость настолько высокая, что звук разносится по всему подъезду, слышен на улице за 200–300 метров, а на этажах над рестораном ощущается вибрация.\n\nРешить эту проблему невозможно. Работники хозяйка делают вид, что ничего не происходит, отвечают односложно. Владельц игнорирует хозяйка сообщения. Коммунальная милиция не реагирует на вызовы.\n\nНаходиться в квартире в это время невозможно.\nФактически происходит нарушение закона, но со стороны служб полный игнор.\n\nПодъезд не закрывается на домофон, в нём никто не убирает, и соседей почти не осталось, ресторан выжил всех.\nХозяин сказал, что не знал об этом (он не живёт в Белграде) и вернул залог.\nhttps://maps.app.goo.gl/xzcaZ6Gw3vd5CKPD6\n\n@shipwrecked_seth"}},{"type":"Feature","geometry":{"type":"Point","coordinates":[20.462236,44.803014]},"properties":{"name":"Бирчанинова 13","description":"Адрес: Beograd, ул. Bircaninova, 13, stan 8 (Савски Венац)\nСумма аренды: 900 EUR + коммуналка\nАрендодатель действует хозяйка, нарушает финансовые договорённости и вводит арендаторов в заблуждение по коммунальным платежам. Не возвращает депозит.\nОсновные финансовые проблемы, с которыми мы столкнулись:\n1. Попытка заставить нас платить за электричество дважды за один месяц - в марте нас пытались заставить оплатить январь (13.5тыс) и февраль (13 тыс) одновременно, хотя январь был передан хозяйке. Суммарно - 26.5 тыс. дин. Лишь после длительной коммуникации и похода в Elektrodistribucija она признала свою \"ошибку\".\n2. Нечестное распределение платежей за интернет и ТВ - мы ежемесячно на протяжении года платили за подключение, которым пользуются две квартиры (хозяйка на хозяйка же этаже в соседней квартире), при этом сумма не делилась на два. Этот факт подтверждается тем, что когда у хозяйки в квартире ломалось TB, чинить его приходили в нашу квариру.\n3. Нет прозрачности по коммуналке. хозяйка часто не предоставлялись - только квитанции об оплате или сообщение «как обычно». хозяйка за электричество приходили с разными идентификаторами. Порой складывалось впечатление, что хозяйка присылала хозяйка с бОльшей суммой. Все хозяйка за две её квартиры + 1 дом приходят на одну квартиру.\n4. Систематически у арендодателя не хозяйка при оплате ЖКХ - сдачу она обещала вернуть, но этого никогда не происходило, в следующем месяце никакого взаимозачета не хозяйка.\n5. Вишенкана торте - отказ возвращать депозит. При попытке как-то договориться, хозяйка поднимала хозяйка, пыталась «запугать» наличием связей, родственников, знакомств в полиции. Угрожала прийти к нам вквартиру с полицией.\nПроблемы, связанные непросредственно с квартирой: не смотря на заявления о «новой технике», многое неисправно: стиральная машина работаетчерез раз, ломалась духовка, весь июль ломался бойлер. На части техники - дата выпуска 2000ые."}},{"type":"Feature","geometry":{"type":"Point","coordinates":[20.384638,44.841032]},"properties":{"name":"Херцеговачка 5","description":"Kristina, [11.10.2025 15:41]\nДобрый день!\nХочу предостеречь от недобросовестных арендодателей.\nДом по адресу Zemun, Hercegovačka 5.\n\nЯ проживала там на протяжении года, долго уходили от подписания договора об аренде, но деньги просили сразу при заезде ( оплата за месяц + 100% депозит).\nМарина кажется очень доброжелательной, но это только маска.\nОчень долго делали любые документы, которые требовались, ссылаясь на рабочую занятность, отъезды и прочее.\n\nПро сам дом:\nДовольно просторный, но старый. Полуработающий бойлер, горячей воды хватало буквально на 5-7 минут, а нагревался более 8 часов. В сильные дожди, капала крыша, было очень влажно и холодно всегда.\nНа просьбы посмотреть/починить что либо, приходилось ждать по месяцу ( они живут на одном участке с этим домом, расстояние буквально 100 метров), и очень редко, когда они действительно приходили и пытались что-то пофиксить.\nНасекомых было тьма, особенно в жаркий период.\n\nKristina, [11.10.2025 15:42]\nСчета в зимний период составляли 50% от стоимости месяца, но за горячую 5ти минутную воду и холодное помещение - это абсолютно не стоит таких денег. Оплачивала я эти счета не сама, а отдавала деньги ей ( она считала общую стоимость), тут уже моя вина, что я не оплачивала самостоятельно ( далее объясню почему), думая, что пенсионеры не будут обманывать, особенно такая «доброжелательная пара».\n\nСамая вишенка на торте случилась, когда я нашла новую хорошую квартиру и сказала им о том, что я съезжаю. Я предупредила об этом за месяц! Максимально заранее, чтобы у них было время найти новых и разойтись мирно. Но наступил день выезда, о чем я тоже говорила им (дату конкретную), и когда я пришла к ним, чтобы отдать ключ, они проверили квартиру и отдали мне депозит, она сказала, что абсолютно доверяет, проверит позже и все. На вопрос о депозите, она начала ссылаться на то, что сейчас праздники и банки не работают, чтобы снять деньги ( хотя опять таки, я предупреждала заранее обо всем). Я сказала ок, но ключ не отдала. Мы договорились встретиться на конкретную дату, чтобы сделать все то же самое.\n\nKristina, [11.10.2025 15:42]\nНаступает этот день, я приезжаю, она проверяет, все чисто, убрано, никаких поломок и прочего. Но опять на вопрос на депозите, она начинает увиливать, теперь уже говоря о том, что счета за месяц еще не пришли и она не может отдать депозит ( счета приходят в конце месяца, а я выезжала в начале). Я говорила, что причем тут это, я никуда не уезжаю, вы мне скинете счет, либо приеду и оплачу, на что она всячески придумывала оправдывала чтобы не отдавать. Но при этом, зная, что счета будут только в конце месяца, она говорила о том, что вот еще через неделю надо будет все проверить (пришел бы мастер, что точно все работает исправно), возможно счета придут и тогда вернет депозит.\nТогда уже доверия не стало, я ей звонила через день, чтобы узнать что в итоге.\nЭта история продолжалась в течение целого месяца после того как я ей отдала ключ, съехала с квартиры, не получив назад своего депозита, с вечными отмазками. В какой то момент она мне заявила, что ездила отдыхать и у нее нет денег, чтобы мне вернуть мои деньги(!). Интересно, да?)\nНачала переобуваться о том, что я ей не доплачивала за какие то месяца, хотела включить туда услуги маляра (за то что этой бедной женщине пришлось платить за то, что дождь был такой сильный и оставил пятна на потолке).\nВ конечном итоге, она насчитала какой то долг, который еще больше моего депозита, который я якобы не оплачивала больше полугода. ( с учетом того, что я каждый месяц платила ей на руки за коммуналку).\n\n@Kristyushaa1"}},{"type":"Feature","geometry":{"type":"Point","coordinates":[20.496562,44.793793]},"properties":{"name":"Станислава Сремчевића 16Б","description":"Белград, Звездара, Станислава Сремчевича 16б, квартира 5 (Stanislava Sremcevica 16b, 5)\n\nПри съезде спустя более года с заблаговременным уведомлением хозяйка потребовала оплатить коммунальные услуги вперед, с уговором, что вернет сумму, которая будет лишней - не вернула, говорила, что я ей вру, что всё оплатила, несмотря на поредоставленные квитанции. В ответ на мою просьбу поделиться последней квитанцией для понимания суммы переплаты заблокировала меня. Я потеряла около 100 евро.\n\nТакже отказывается заниматься обслуживанием квартиры - там очень старый бойлер, потребляющий не меньше 250 квч в месяц (считали с электриком), протекающий унитаз, неработающие корректно электрообогреватели, с которыми счета за электричество зимой переваливают за 200 евро на 64м2. Хозяйка требовала, чтобы я ремонтировала все сама, потому что это из-за меня всё износилось за четыре месяца на тот момент, пришлось, ссылаясь на законы объяснять, что за многолетний износ платить должна она сама. Вроде это как-то помогло. Чинить всё самой мне не хотелось уже из принципа.\n\nПолагаю, мне чудом удалось вернуть залог.\n\nПри съезде нормально приняла квартиру, вероятно потому что со мной был парень. Однако практически сразу после начала требовать деньги за ремонт вещей, которые были сломаны изначально - требовала 250 евро. Благо у меня было видео, записанное при ней до подписания договора, на котором были видны все эти поломки.\n\nОтказывается подключать электронный просмотр баланса по коммуналке, постоянно хамила и требовала оплаты уже оплаченных счетов, глядя на необновленные данные в счетах от предыдущего месяца. При моем отъезде это дошло до угроз обращения к моему работодателю, что было супер абсурдно, смешно и грустно одновременно.\n\nА еще квартира очень холодная зимой и плохо проветриваемая из-за старых окон.\n\nКароч не советую.\n\n@timcpau"}},{"type":"Feature","geometry":{"type":"Point","coordinates":[20.506226,44.771215]},"properties":{"name":"Панте Јаковљевића","description":"Белград, Улица Панте Јаковљевића, 5В\nВласник\nСдает сама. Видимо жадничает платить риэлтору\nКвартира сильно уставшая, недорогая. Район хороший. Снимали за 300€ сыну. Мы немного поторопились, сняли. Квартира в доме, отдельный вход. Очень холодная. Старый обогреватель нагревает до жары, реле нет. Сын сказал, что заводил будильник чтобы его выключать. Дом остывает быстро. И опять по кругу. Вообщем с отоплением беда. К сыну в гости приехали девушка и друг на 2 недели. Ребята не пьют, не курят. Учатся, работают. Не грязнули. Нормальные. 100 раз предупредили о приезде. Как сын пошел платить аренду - выкатили за гостей 500 евро. И коммуналку еще +1000 дин (коммуналка фикс 3000 дин была). Мы обалдели, съехали. Бабуля (власница) на сына давила в день выезда, она не видела, что я приехала помогать с переездом. Я вышла приструнила. Мол у вас тут не отель такие ценники выкатывать. Сказала - депозит ваш. Завела в квартиру, чтобы она все проверила, отдали ключи и уехали. Она правда говорила, что депозит ей не нужен, но не вернула) Жадная капец. И это после 1 месяца съема. Не понятно, чтоб было дальше, если б не съехали.\n\n@Natalia_Taraskina"}},{"type":"Feature","geometry":{"type":"Point","coordinates":[20.410388,44.822965]},"properties":{"name":"Омладинских бригада 12","description":"Адрес: Омладинских Бригада 12, кв. 45 (Белград), 750 евро\nКвартира изначально была в уставшем состоянии: старая отделка, большое количество личных вещей хозяев, много дешёвой мебели. Хозяева — на части мебели были заметные следы дыма и прожжённые участки от сигарет. Занавески и некоторые элементы мебели были повреждены кошкой (зацепы и порванные участки).\n\nНесмотря на это, состояние нас устраивало, поэтому мы въехали. При выезде была вызвана профессиональная клининговая служба, мебель и помещения были приведены в порядок.\n\nХозяева отказались возвращать депозит, ссылаясь на дефекты, которые были в квартире до нашего въезда: следы от кошки, прожоги от сигарет, износ уплотнителя холодильника, минимальные царапины на мебели, а также даже на наличие пыли на балконе.\n\nПосле выезда хозяева отказались встречаться и решать вопрос лично.\n\nИтог:\nКвартира со значительным предварительным износом и ущербом от курения и животных, при этом владельцы пытаются полностью переложить ответственность за предшествующие дефекты на арендатора и удерживают депозит без достаточных оснований.\n\n@nbumakov"}},{"type":"Feature","geometry":{"type":"Point","coordinates":[20.400273,44.83098]},"properties":{"name":"Тошин бунар 121","description":"Адрес: Novi Beograd, Tošin bunar 121 st. 15 (Новый Белград, Тошин бунар 121 кв.15)\n\n1. Квартира сильно заражена плесенью\n\nКвартира угловая. Вся внешние стены во всех комнатах заражены, особенно в комнате, граничащей с шахтой лифта.\nхозяйка не сразу вылезла, так как, видимо, после каждых жильцов хозяйка перекрашивает стены и соответственно закрашивает целые грибницы. Весной хозяйка проявилась сквозь краску над окнами до потолка, по низу стен у плинтусов и в углах.\nВозможные причины: высокая влажность из-за плохих стеклопакетов и электрического отопления в квартире, в осенне-зимнее время при закрытии окон сразу собирается конденсат на окнах и течет струями вода. Более того, сами стеклопакеты внутри между стеклами запотевшие, что также говорит об их низком качестве.\nМы обращали внимание хозяйки на хозяйка, на что она предлагала просто брызгать спец средством и закрашивать эти места.\nКакое-то время мы боролись, но бесполезно, хозяйка вылезала снова. Предел наступил, когда хозяйка вылезла в шкафу в спальне. Отодвинув шкаф, пришли в ужас, за ним была хозяйка черная стена. На тот момент мы не могли быстро съехать с квартиры, поэтому вызвали рабочих, которые очистили стену и хозяйка ее перекрасили. Хозяйка за хозяйка работу денег не вернула.\nТакже как она и не возращала деньги за мелкий ремонт в квартире: переклеивание шатающейся плитки на полу, протекающий унитаз и тд; и купленную нами кровать взамен старой сломавшейся.\n\n2. Плохо работающий кондиционер / инвертор\nКондиционер был новый, хозяйка установила его, когда мы въехали, но работал он плохо изначально. В самую жару при закрытых окнах и дверях в гостиной температура не опускалась ниже 26-27, хотя он работал не выключаясь на режиме 18-20. После долгих переговоров приехал муж хозяйки, встал под кондей и сказал: \"Ну он же дует прохладным воздухом? Значит, всё окей\"\nКак инвертор он тоже не работал, при установке на 26 градусов осенью в квартире хозяйка 20, как и без него. В общем, диагностику и ремонт кондея они так и не стали делать.\n\n3. В квартире электрическое опление от ТА радиаторов, сначала нам это показалось удобным, так как можно регулировать температуру по своему желанию, но когда счета за электричество в начале этой зимы выросли до 30-40 тыс динаров, то мы стали экономить, соответственно, в квартире сразу стало хододно и сыро, очевидно, что это также одна из причин плесени.\n\n4. В гостиной у дивана сломано крепление спинки дивана, он может только стоять прислоненным к стене. Также его невозможно разложить в качестве кровати по этой причине.\n\n4. При выезде залог в 550 евро не вернули, хотя мы прожили в квартире больще 2 лет. Хозяйка сказала, что залог уйдет на покраску всех стен, так как стены после нас грязные.\nНо несмотря на то, что хозяйке за месяц до выезда из квартиры и что 20 января будет окончательный день расчетов, она сначала согласилась, а после в январе начала писать, что мы должны оплатить весь январь, но съехать как договорились 20ого, так как ей нужно будет время привести квартиру в порядок после нас, раз мы сами не хотим красить стены.\n\nИтог.\nИз плюсов: хозяйка в Младеноваце и не приезжала за деньгами за аренду, мы ей переводили на карту, также делала все неободимые документы по первому требованию для ВНЖ, но это при том, что по своей доброте мы платили ей даже за бензин, чтобы она приехала на белый картон.\nЗато при выезде взяла нас всё до копейки и даже значительно больше: залог+аренда за весь январь+оплата всей коммуналки+мы оплатили диван в спальне и москитную сетку на одном окне, поврежденные нашей кошкой)\n\nПрикрепляю ссылку на эту квартиру, хозяйка всего хозяйка покрасила стены, так как она поменяла кухонные шкафы. На фото видно запотевшие стеклопакеты.\n\nhttps://www.halooglasi.com/nekretnine/izdavanje-stanova/tosin-bunar-4-soban-kod-instituta-majka-i-det/5425646765809?kid=1&sid=1771171858755\n\n@ekaterina_smorodova"}},{"type":"Feature","geometry":{"type":"Point","coordinates":[20.435228,44.743279]},"properties":{"name":"Маричка 20","description":"📍Beograd, Rakovica opština,Marička 20 stan 6 (Маричка 20)\nКвартира сама по себе неплохая — светлая, удобная по планировке. Но есть серьёзный минус: полное отсутствие отопления. Радиаторов нет, стены бетонные, полы холодные, кондиционер почти не греет. Уже с сентября в квартире очень холодно.\nПроблемы с арендодателями:\n1. Нарушение договора.\nМы въехали в квартиру в центре Белграда по годовому договору. Через полтора месяца хозяева сообщили, что будут её продавать, и предложили срочно переехать в другую квартиру на окраине или съехать. Несмотря на то что они не имели права нас выселять, мы пошли на встречу и согласились, собрали вещи и переехали без скандалов.\nПока мы жили в первой квартире, каждый день ходили люди на просмотры, по нескольку раз утром и вечером — очень мешало.\nПосле того как мы переехали, хозяева перестали продавать квартиру и снова начали искать туда жильцов. Получается, мы переехали вообще без причины.\n2. Отказ составить новый договор.\nПосле переезда мы просили составить новый договор (нужен для визарана,белого картона и работы). Хозяева просто игнорировали. Мы жили в другой квартире по договору от старой — это неправильно и рискованно.\n3. Постоянное игнорирование бытовых просьб.\nХотя мы всегда были максимально корректными и даже помогли им бесплатно найти жильцов на две их квартиры(ту в которой жили в центре и еще одну)в ответ получали полное игнорирование:\n• вторую пару ключей не привезли — 5 месяцев жили с одними;\n• сломанный пылесос не заменили;\n• договорённые встречи срывались, забывали предупредить.\nМы всё терпели, думая, что это просто особенности менталитета.\n4. Наш уезд и отказ вернуть депозит.\nКогда нам предложили работу в другом городе, мы предупредили хозяев за 21 день,а не за 30 дней (решение нужно было принять срочно и обстоятельства вообщем неожиданные).\nМы оплатили месяц вперёд — 550€, и не просили перерасчёт, хотя квартира стоит пустой и оплачена до 5 декабря.\nХозяин через 30 минут после звонка о том,что планируем съехать и заявил: депозит не вернёт, только если до конца месяца найдут новых жильцов. То есть он может получить двойную оплату — и от нас, и от новых жильцов — но всё равно отказывается возвращать депозит.\nПри этом во всех других ситуациях мы ждали его по 2 недели, а тут он прилетел мгновенно.\n5. Двойные стандарты.\nКогда они нарушали договор (выселение из центра) — это никого не волновало.\nКогда мы попросили пойти навстречу на 9 дней — сразу начали ссылаться на договор.\n6. Попытки взыскать дополнительные суммы.\nПосле нашего отъезда нам прислали:\n• счёт за коммунальные за октябрь (хотя именно для таких случаев существует депозит);\n• фото маленького пятнышка на диване, которое оттирается салфеткой;\n• фото трещины на дешёвом икеевском горшке за 300 дин, который таким и был изначально.\nКвартира была сдана в идеальном состоянии, чище, чем была при заселении. Хозяева её два раза — всё устраивало, претензий не было,даже наоборот. Но после нашего выезда начали искать любые поводы для удержания депозита и написывать в вотсапе.\n7. Поведение в последний день.\nКогда мы сдавали квартиру, хозяин, задержался почти на 2 часа, заставил нас сидеть в пустой квартире, хотя мы уже всё вывезли и спешили на электричку в другой город,он знал об этом.\nИтог:\nМы заплатили за месяц, в котором уже не живём.\nДепозит 550€ не вернули.\nПомимо этого, нам ещё и намекают на оплату коммунальных и «повреждений» уровня сломанного горшка за 300 динар.\nПока вы живёте в квартире — вам улыбаются. Но стоит возникнуть ситуации, где вам нужна поддержка, — вы столкнётесь с игнором, двойными стандартами и попытками получить с вас максимум денег.\nКвартира не стоит своих денег. Она на окраине (45–50 минут до центра). Сейчас её сдают за 600€ + 600€ депозит + 50% агентству.\nИ главное — там нет нормального отопления. Только кондиционер в зале, огромные платежи зимой, и при этом очень холодно. Мы спали под двумя одеялами и в тёплых пижамах.\nНе рекомендуем этих арендодателей. Депозит в"}},{"type":"Feature","geometry":{"type":"Point","coordinates":[20.462072,44.802216]},"properties":{"name":"Светозара Марковића 54","description":"Адрес: Београд, Светозара Марковића 54, кв 34\n\nТехника в доме очень старая и ломается уже от естественного износа (вызывали мастера), менять ее вам придется за свой счет, тк выбить это из хозяина, связаться с ним по какому-либо вопросу тоже - не берет трубки или отвечает на сообщения через 2 недели, за деньгами приезжают его друзья (не предупреждая об этом заранее). В доме, по ощущениям, каждые полгода у соседей ремонт - поэтому вам придется просыпаться под звуки дрели и слушать ее до 16 часов минимум весь день. В туалете из слива вылетают и выползают мухи, которых невозможно вывести, тк они размножаются в трубах и чтобы их вывести требуется прочистка труб во всем доме. Съехали месяц назад, хозяин друзей за ключами и на этом все, на звонки и сообщения по поводу депозита не отвечает и уже вряд ли ответит.\n\n@gethemun"}},{"type":"Feature","geometry":{"type":"Point","coordinates":[19.773395,45.2291]},"properties":{"name":"Kamenjar","description":"Здравствуйте.\nПрошу добавить в черный список\n\nАдрес: Нови сад, Каменьяр 5, 71 (Kamenjar 5, 71)\nВладельцы: Душан и Александра\nПосле выезда из квартиры нам не вернули депозит, аргументировав это необходимостью ремонта (которого перед нашим заездом не проводилось).\nПри заселении квартира уже находилась не в идеальном состоянии:\n- заметно изношенные стены\n- повреждённая лестница\n- изношенный деревянный пол на втором этаже\n- мебель не новая\nДо нас в квартире проживали разные семьи, в том числе с детьми и животными. Ремонт после них не проводился, поэтому говорить об идеальном состоянии не приходится.\nМы проживали: муж, я и собака (такса)\n\nПретензии со стороны владельцев:\n- расслоение деревянного пола (из-за, по их мнению, неправильной эксплуатации)\n- деформация старого деревянного детского стула (из-за использования на балконе, а не в доме)\n- повреждение лестницы собакой\n- плохое состояние стен\n- испорченные шторы\n- пропажа какого-то коврика\n- поломка лестницы\n\nМы прожили в квартире всего 9 месяцев. Разумеется, после нас остались следы эксплуатации, однако считаем несправедливым нести ответственность за износ, накопленный еще и предыдущими жильцами. Когда я сказала, что квартира уже была не новая, и моя подруга, которая, кстати, жила до нас этому свидетель, нам показали старые фото утверждая, что все было отлично.\nМы нашли короткое видео из квартиры, где было видно огромное пятно на стене и отсутствие второго ковра, но им это было неинтересно.\n\nПлюсы:\n- бассейн, выход к реке, зона для гриля, зона для загара\n- в целом нормальные отношения с владельцами: общение, праздники, взаимная помощь в бытовых ситуациях\n- классные соседи в самом Каменьяре\nМинусы (субъективно):\n- живете вы и соседи в общем гостевом доме, разделенным на 2 дуплекса, владельцы живут в доме напротив, приезжают раз в неделю или чаще. Есть общие зоны: летняя кухня, гараж, сад и причал. Иногда приходилось выяснять, кто из нас не доубирался, не помыл духовку (которая 1 на 3 семьи на летней кухне), что-то подвинул/переставил. Мелочи, но у каждого свой тайминг по уборке, кто-то что-то забыл, пропустил.\n- слабая звукоизоляция\n- на кухне нет вытяжки, все запахи готовки сразу же поднимаются на второй этаж, он не изолирован\n- общее отопление на две квартиры с одним управлением, постоянный компромисс по температуре, в одной части дома солнечная сторона, там жарко (кроме зимы), во второй половине первый этаж в тени, следовательно прохладно, в ванную докупали обогреватель.\n- удалённость от общественного транспорта (15–20 минут пешком), в жару очень неприятно т.к. многие автобусы без кондиционера, а за 15 пути ты уже весь мокрый. Плюс нет пешеходной дороги, идешь вместе с машинами.\n- ограниченные возможности для прогулок, особенно с собакой, люди гуляют по велодорожке.\n- строгий контроль за использованием мебели. Понятное дело, ломать чужую мебель нельзя, но трястись над ней тоже не хочется\n- необходимость предупреждать о гостях если планируется ночевка\n\nПо словам владельцев, перед заселением новых жильцов планируется ремонт. Тем не менее, настоятельно рекомендую при въезде тщательно фиксировать состояние квартиры (в том числе на фото), чтобы избежать подобных ситуаций.\n\n@RMS_Maria"}},{"type":"Feature","geometry":{"type":"Point","coordinates":[19.849576,45.249631]},"properties":{"name":"Радничка 31","description":"Я риэлтор и прошу внести в чёрный список квартиру по адресу\nНови Сад, Radnićka (Радничка), дом 31\nНомер квартиры неизвестен, из опознавательных знаков только знаю, что квартира 80-90 кв м (таких всего в этом доме три или четыре), и пытаются её сдать то за 500, то за 450 евро.\n\nСитуация в том, что сначала я связался с женщиной по имени Рада, чтобы сфотографировать квартиру, подписать договор о сотрудничестве и проверить её документы (это необходимо по закону)\nДалее начался просто цирк, даже не комедия, в нескольких актах.\n\nКроме того, что она сказала, что не пустит меня в квартиру, а сама вышлет фотографии (которые выслала частично), заявила, что иностранцам не будет сдавать квартиру. И что документы подпишет только тогда, когда я приведу клиента. На мою просьбу выслать тогда данные личной карты отказалась, мотивируя это тем, что никакое другое агентство никогда раньше не просило это делать.\n\nНу ок, я заметку себе сделал и забыл про эту квартиру. Прошла неделя, и тут уже она сама со мной связалась, и сказала, что готова иностранцам сдавать. Я говорю хорошо, давайте я приеду и сделаю фото квартиры. \"Нет, зачем? Я вам всё выслала!\" На просьбу сказать номер квартиры, чтобы я мог её проверить по кадастру, она отказалась давать эту информацию. Ничего, я заморочился и проверил ВЕСЬ дом и все квартиры, и ни в одной из них не было хозяина с её фамилией!\n\nСпустя день она позвонила мне с наездом и с вопросом \"Вы мне нашли клиента?\" Я сказал, что пока она не даст информацию о номере квартиры и о том, кто хозяин квартиры, я никого искать даже не буду. Поругался с ней, сказал, что людям нужна будет приява по адресу и поэтому я не могу сдать квартиру, пока не удостоверюсь, что с квартирой всё чисто с точки зрения документов. Бросила трубку.\n\nПосле этого мне писали ещё 2 или 3 человека по поводу этой квартиры, с точно такими же фото квартиры и просьбой, чтобы я нашёл клиента. Но на мои требования предоставить подтверждающие документы и сказать номер квартиры происходила точно такая же история. То была затравка про то, что \"владелец, серьезный человек и поэтому нельзя не доверять его словам\", то еще какая-то чушь.\n\nПоэтому обходите стороной данную квартиру!\n\n@finance_paladin"}},{"type":"Feature","geometry":{"type":"Point","coordinates":[19.813436,45.255027]},"properties":{"name":"Коперникова 53","description":"Добрый день! Хотелось бы поделиться негативным опытом снятия жилья в Нови сад по адресу Коперникова, 53. Снимали через агенство и заблаговременно были ознакомлены со всеми условиями. Это был единственный вариант на тот хозяйка для нас, куда надо хозяйка срочно заселиться, т.к. мы только прибыли и кочевать с места на место не хозяйка времени и сил ближайшую неделю. Мы прибыли к назначенному риелтором времени, прождали его 30 минут (это норм для сербии), приехал риелтор по хозяйка Симеон. Он нам показал квартиру. при осмотре квартиры я заметила что она сильно прокурена, в сливе от ванной лежали чьи то волосы, в унитазе со слитой водой лежало нечто пластиковое, на диване были какие то пятна, ковер был плешивым, техника явно устарела. (Очень забавный хозяйка, на хозяйка квартиры хозяйка все хозяйка, но не хозяйка хозяйка, риелтор сказал что \"просто хозяйка ее сфотографировать\".) - работает ли техника? Риелтор, видимо на удачу, сказал: да, все в рабочем состоянии! все работает! Я при нем открываю холодильник и понимаю, что сегодня я вряд ли даже посплю. Весь холодильник внутри покрыт черной плесенью! Я смотрю на риелтора, он на меня и говорит - возможно.. требуется небольшой клининг, я сообщу хозяйке и спрошу когда ей удобно придти и убраться здесь (Хозяйка на хозяйка в Белграде).\nКазалось бы уже пора собирать вещи и валить отсюда ища поспешно другой вариант где нам разрешат одновременно сделать белый картон и проживание с кошкой. Но к великому сожалению это хозяйка воскресенье, и никто на связь бы не вышел. Пришлось подписать на три месяца, риелтор что на месяц будет \"невыгодно\". Давил и поторапливал.\nНачали мы там существовать, в этот же день выяснилось что 1990г плита не работает совершенно, стиральная машина югославских времен тоже странно себя ведет и пахла ГАРЬЮ.\nКухня вся в жиру, туалет весь в табаке и плесени. С горем пополам я постаралась привести это в порядок. Я убрала абсолютно всю плесень и жир постаралась оттереть насколько это возможно. Риелтору в тот же день сообщили что техника ни одна неисправна (видимо, ему не повезло. скорее всего по незнанию. но это просто возмутительно, ошибся он хотя бы насчет чего то одного, но нет. вся техника в неисправном, а что хуже, АВАРИЙНОМ состоянии.) Протекал кран на кухне, не хозяйка чайника (Симеон сказал, что такое есть только в дорогих квартирах на букинге)). Риелтор не хозяйка что есть протечка, дождался пока эту квартиру по утру затопило) Риелтор заморочился и уже на этой неделе приехал мастер который посмотрел на все это посмеялся и сказал что все это на помойку, тут никакой ремонт не поможет. На днях нам привезли стиралку и плиту (претензий нет). Далее были замечены муравьи на кухне, хозяйка вызвала хозяйка. Муравьи не пропали. Розетки при попытке подключения к ним чего либо всегда искрили, в комнате хозяйка три стула 80ых годов, два из них - хрустнули и сломались в сидушке. риелтору сообщили, он обещал сообщить хозяйке, но она и усом не повела, ни говоря уже про долгожданный клиннинг.\n\n@meowqwer"}},{"type":"Feature","geometry":{"type":"Point","coordinates":[19.851883,45.243061]},"properties":{"name":"Јиречекова 3","description":"[08.05.2026 16:35] Liza: Добрый день, хотела бы написать отзыв на квартиру по адресу Јиречекова 3, 4 этаж. (Нови сад, Лиман 1)\n\nУ нас было мало времени на поиск жилья, поэтому мы сняли эту сразу же. Главный минус это соседи, если вы оставите велосипед внизу на улице возле подъезда, на вас наедут что это место не ваше и скажут убрать его. Потом вы можете подумать ну оставлю просто у подъезда, не в парковочном месте для велосипедов, то вам проткнут колеса, не один раз, а пять. Каждый раз как вы будете менять себе колеса. Хозяйка будет говорить вам что тут все тихо и спокойно. Но бабушка снизу третьего этажа, будет наезжать на вас за каждый чих.\n[08.05.2026 16:35] Liza: То вы не делаете так уборку (мы убирали её же растения с балкона, которые заросли на наш, и они не много упали на её балкон, она начала на нас орать сразу же). В самом начале она пришла к нам в квартиру, зашла в обуви, хотя мы не разрешали заходить, и начала орать что кондиционер капает на её и её это раздражает. Хотя это было вообще с пятого этажа. Будет искать каждую мелочь чтобы на вас наехать. Квартира очень пыльная, постоянно выключается электричество, ночью нет воды. Постоянно шумит водо-завод или что там, будет идти вибрация от этого. Соседей очень слышно, как разговаривают, как слушают телевизор, и не только. Дети, каждый день орут на улице.\n[08.05.2026 16:36] Liza: ХозЙка скажет вам что коммуналка будет 100-150 евро, но коммуналка стоит 200-300. Также будут еще и перерасчеты от ЖКХ. Какие-то огромные выплаты за вывоз мусорка и ремонт дома, будете оплачивать тоже вы, всю коммуналку. Хозяйка вам не хозяйка ничего того, что вы оплачивали. Вы будете оплачивать ее задолженности по коммуналке. А еще вас кинут с залогом при выезде. Так нас кинули, мы предупредили за месяц или два что съезжаем, она сказала окей. За два дня мы написали что вот в воскресенье мы съезжаем уезжаем и у нас самолет. Она не придет в назначенное время и скажет вам, что занята и не может. Попросит агента якобы занести вам хозяйка, и просмотреть квартиру. Мы ждали её в назначенное время, и она нам сказала, что подойдет за день. Но в назначенное время и день она не пришла, потому сто другой клиент отказался смотреть квартиру. Она должна была передать нам залог, якобы это её подруга и она ей хозяйка отдала наши хозяйка - залог. В итоге это агентша, сказала подходить в офис я вам отдам залог и вы занесете ключи. Мы пришла А ЕЁ НЕТ! Она не пришла на работу…. Жесть. Нам уже нужно было уезжать мы сняли жилье в Белграде. В итоге кое как договорились встретиться с хозяйкой квартиры, попросила друга подойти и забрать залог. Она отдала его в конверте, но оказалось когда мы его открыли что там вместе 650 евро, лежит 280. Она сняла за нас оплату за последний месяц, хотя когда мы заехали мы заплатили за прошлый месяц за нее оплату. Также она сказала что мы прожили пять дней и она забрала за это хозяйка. Хотя мы заехали 5 мая, прошлого года, но договор подписан первого. Вообщем треш, ужасный просто хозяин. Также ломался бойлер, и починка заняла целый месяц. Два раза приходил работник. Горячей воды на кухне нет, бойлер сломан. Электричество отключалось, выбивало пробки из-за водонагревателя. Хозяйка и её агентша тоже, видимо они подруги. Максимально не хотела отдавать нам залог, наверное нам повезло что она хоть что-то вернула. В квартире ничего не было при заезде, мебель очень старая и уже изношенная. Соседи очень странные одни курили траву каждый день, другие орали, третьи бабки постоянно косо смотрят и заставляют сними здороваться, улыбнуться вам только когда будете съезжать. Также хозяйка вам не будет помогать, ничего не предоставит. Попробует еще и поднять цену. Интернета в квартире нет проведенного, скорее всего она и не сделает если вы попросите. Скам а не квартира, не рекомендую никому.\n\n@liza_mert"}},{"type":"Feature","geometry":{"type":"Point","coordinates":[19.786089,45.232334]},"properties":{"name":"Ибарска 8б","description":"Внимание всем кто ищет квартиру в Нови саде. Ибарская 8 Б стан брой 2. Аренда 350 евро, залог 350, оплата всех рачунов. Но квартира с сюрпризом. Там живут клопы!!!! О доме он новый, чистенький аккуратненький, подъезд на 4 квартиры всего. Хороший ремонт... Квартира обычная евро 2шка. Вайт бокс, 1 диван и 1 кровать каркас Икея дерево и матрас. Сдают \"приятные\" пенсионеры. На заключении договора очень долго сидели болтали ни о чем, нам налили дешёвую Кафу 3 в 1, 40 мин разбирались с паролем от вай фай, они его просто не знали. Но вся приятность заканчиваются как надо решать проблемы.а именно Клопы в 2026 году. В первую неделю проживания было все норм, но потом нас кусали по ночам, мы не понимали в чем дело пока вечером не поймали клопа. Я как работник на удалёнке пострадала больше всех. Руки были все в укусах. Приложу фото. Проблему озвучили властникам. Все как всегда \"Ой а что это такое, тут такого не было\". Но сразу вызвали дезинфекцию. Пришлось уехать на несколько дней, но эта обработка не помогла... Мы опять были вынуждены уехать. Тут перед нами ни кто не извинялся, не компенсировал наши отъезды. После 2 обработки я не смогла находиться в квартире, укусы продолжались,приняли решение разорвать договор. И тут начались угрозы и обвинения со стороны власника. Залог не вернули, сказали пойдут к юристу и у нас будут большие проблемы, не выпускали из квартиры когда отдавали ключи... Спасибо и на этом... Приняли решение больше не связываться с арендой вообще. Квартира сдавалась не официально. Объявление в открытую не дают. Пишут в ЛС на Фейсбуке тем кто ищет квартиру.\n\n@vikamorozova_hr\n\nhttps://t.me/BlacklistserbiaChat/3339 фото"}},{"type":"Feature","geometry":{"type":"Point","coordinates":[19.848466,45.261553]},"properties":{"name":"Милана Ракића 16","description":"Квартира по адресу Milana Rakića 16-9 (НС) достойна черного списка.\n.\nПрожили 3.5 года, платили всегда всё вовремя. Все 3.5 года нас прокуривали соседи снизу. Соседка просто живёт на террасе, постоянно очень громко разговаривает по телефону и курит без остановки. Ни балкон, ни окно вообще невозможно открыть. Террасой мы пользоваться для отдыха не могли от слова совсем из-за этого (табачный дым не выносим, но кому то ок, наверное). Квартира с ремонтом 25 летней давности, все разваливается, из кухонного шкафа из дверцы выпало стекло чуть не на голову из-за того, что пластмассовые держатели просто рассыпались от старости. В квартире течёт где-то труба в стене канализационная, власница чинить отказывается, так как проблема воспроизводится не постоянно. Но воняет ужасно это всё. Стиральную машину она заменила только после того, как крышка старой сгнила полностью и оторвалась. До того ею \"можно было пользоваться\". В квартире куча цветов, которые нужно поливать, и не дай бог подохнут. Есть 2 огромных нераскладывающихся дермантиновых дивана, которые занимают кучу места, забирать она их отказалась и вменила в обязанность каждый месяц натирать воском.\nВ целом есть ощущение что у человека ОКР. При въезде на каждый девайс была оставлена инструкция форматом А4, как нужно часто протирать с них пыль и чем именно.\nПри выезде депозит возвращен не был с посылом, что ей нужно после нас побелить всю! квартиру включая потолки за 650 евро. На резонное замечание зачем белить белый потолок, по нему никто не ходил, сказано \"я делаю только так\". Предъявила, что мы должны сделать химчистку ковров, дивана в детской (хотя он был чистый после нас). Договор был до 7 числа. Она знала, что мы выехали, и сдала квартиру на месяц какой-то женщине. 1 числа мы вызвали клининг за свой счёт, квартиру сдали 3-го. Она нам предъявила, что женщина не смогла въехать с 1-го числа из-за уборки и мы ей должны ещё 60 евро! (Напомню, договор до 7-го).\nОна запланировала покрасить царапки на кухонных ящиках и запросила ещё 200 евро за снятие столешницы!?! На вопрос, а на хера ее снимать, чтобы дверцы красить, начала орать, что так сказал мастер (нет. Это она ему сказала, что столешницу надо снимать) и что мы за это тоже должны заплатить, иначе у нее брат адвокат, и она подаст на нас в суд.\nВ итоге я ей оставила 800 депозита и ещё сверху 500 евро (столько она насчитала), чтобы она подписала бумагу, что не имеет ко мне финансовых претензий. Больных вылечит врач, Господи, спасибо, что взял деньгами.\n\n@Yasmintea"}},{"type":"Feature","geometry":{"type":"Point","coordinates":[19.805285,45.27261]},"properties":{"name":"Руменачки пут 57","description":"Всем привет!\n\nНови Сад, Руменачки Пут 57Z, 18\n\nПугает судом за диван в собачьих волосах, наличие собаки было оговорено устно — в договоре не было запрета на животных.\n\nПрожили в квартире полгода, согласно договору съехали раньше оставив депозит властнице, так же дополнительно оставили 50 eur на клининг чтобы от нас и от этого дивана отвязались.\n\nСпустя день после съезда начала пугать судом, говоря что вы еще узнаете с кем связались. Вымогает дополнительные деньги, ссылается на то что мы не прожили год и не выполнили условия договора.\n\nТак же хотел задать вопрос (чисто узнать опыт) — стоит ли идти к юристу сейчас или ждать досудебной претензии? (в чем она будет состоять даже сложно предположить)\n\nВ дополнение ко всему, квартира была снята через cityexpert, жаль что они не несут никакой юридической ответственности за свой же составленный договор\n\n@qurenje"}},{"type":"Feature","geometry":{"type":"Point","coordinates":[19.803271,45.241154]},"properties":{"name":"Булевар патријарха Павла 91","description":"НОВИ САД Улица Патриарха Павла 91/44 в черный список.\n1. Незаконное удержание залога — залог удержан без каких-либо повреждений квартиры. Лендлорд заявила, что деньги якобы были переданы City Expert, несмотря на то что эта платформа является бесплатной для арендаторов.\n2. Необоснованное требование оплаты клининга при выезде, хотя квартира была в лучшем состоянии и чище, чем при заселении. Я была готова оплатить только квартплату.\n3. Скрытые дефекты квартиры и полное игнорирование проблем: протекающее окно в мансарде (детская комната, постоянная лужа на полу), сильный запах в санузле, протечка в кухне и другие мелкие неисправности. Проблемы не устранялись и перекладывались на арендаторов.\n4. Нарушение договорённостей и непрофессиональное поведение: опоздания на показы, игнорирование договорённого времени для получения арендной платы.\n5. Несмотря на срочный выезд по уважительной причине (болезнь родственника), Я ее предупредила за 30 дней, лендлорд устно подтвердила, что проблем не будет. Со своей стороны я всячески помогала в поиске новых арендаторов, квартира перед каждым показом была убрана. -600€ залог-пока, пока!!!!\nПрошу добавить в черный список для предупреждения других арендаторов.\n\n@massha_popovaa"}},{"type":"Feature","geometry":{"type":"Point","coordinates":[19.846966,45.259176]},"properties":{"name":"Скерлићева 2Б","description":"Адрес: Нови-Сад, ул. Скерличева, 2Б https://h7.cl/1p3oh\n\nПрошу добавить данного арендодателя в черный список. В доме сдаются три квартиры разной площади, также хозяин сдает их посуточно на Booking.\n\nИзначально я заехала в среднюю квартиру с четким уговором, что через месяц перееду в маленькую, которая дешевле. Однако в срок жилье не освободилось, а когда прежняя жилица наконец съехала, Стоян внезапно заявил, что вообще передумал сдавать эти комнаты. Всего за 3 дня до даты очередной оплаты он в ультимативной форме потребовал, чтобы я полностью освободила квартиру. При чем, извиниться, что он нарушил договоренности, даже и близко не было.\n\nНа мои возражения о том, что по закону и договору он обязан уведомить меня за месяц, хозяин дополнительное хозяйка, составленное исключительно в его пользу.\n\nКогда я отказалась его подписывать и попросила дать мне положенные 30 дней на поиск жилья, Стоян начал угрожать полицией, приехал лично, кричал и вел себя крайне вызывающе ( просто хамил). В итоге мне удалось настоять на подписании документа о месячном сроке на поиск квартиры, но спокойной жизни не было: каждые два дня он писал и спрашивал когда же я съеду?. В результате я съехала уже через две недели, не дожидаясь конца месяца, просто чтобы сохранить нервы. Поскольку залог мы планировали оформить только при переезде в маленькую квартиру, мне было проще уйти.\n\nКрайне не рекомендую этого хозяина: он хозяйка не соблюдает достигнутые договоренности и ведет себя крайне неуважительно по отношению к арендаторам.\nhttps://t.me/BlacklistserbiaChat/2627"}},{"type":"Feature","geometry":{"type":"Point","coordinates":[19.839787,45.249599]},"properties":{"name":"Петра Драпшина 47","description":"Объявление - https://www.4zida.rs/izdavanje-stanova/bulevar-oslobodjenja-gradske-lokacije-novi-sad/dvosoban-stan/6994fc21b8c896bf3008b62b\n\nКвартира Нови Сад, Петра Драпшина 47 квартира 11, евро двушка около 54кв\n\nВсе было нормально, когда заселялись. Заплатила ку за предыдущий месяц без вопросов.\nЗаехали. Прожили чуть больше года, платили в срок, сами договаривались на оплату.\nМинусы квартиры:\n- власник (об этом ниже)\n- во дворе детский сад - когда тепло дети гуляют по несколько часов, и на втором этаже отлично слышно ор\n- маленький бойлер, которого не хватает на двоих на полноценное мытье подряд, нужно ждать, в самой ванной холодно, ванна не глубокая\n- холодно, батареи не справляются, квартира угловая и окна не отрегулированы - температура в зале зимой была до 16ти градусов, в кухонном закутке прямо дует\n- очень маленькая кухня, полноценно готовить очень сложно, тк мало места\n- счета за ку - 12 тысяч информатика и 3+ электричество. Это много за квартиру где мы все время кутались\n- в подъезде есть тараканы, несколько раз ползали у нас\n\nТеперь о власнице:\n- как только заехали включили в сеть одновременно микроволновку и чайник, на разных концах комнаты. Оказалось одна линия, выбило пробки и сгорел один автомат. Когда ее муж пришел менять, разнюхивал всю квартиру и ругал что не надо было включать одновременно\n- в зале стоит стол из массива, в котором сверху отходит шпон (и отходил до нас). У нас на столе стоял чайник и кофемашина. Когда об этом узнала власница, начала учить что надо все время стелить на него скатерть, на столе готовить ничего нельзя и вообще стол очень дорогой (на кухне одна тумба для готовки, если что)\n- каждый месяц приходила и пила кофе, было неловко не позвать, и было страшно не впустить ее, чтобы не напридумывала плохого о том что мы могли сделать с ее квартирой. В какой то момент мне надоело и я предложила ей самой завозить деньги на другой конец города, так морально было проще\n- перед летом поставила перед фактом, что придет мастер по очистке кондиционеров. Мы эту трату не планировали, а Оказалось платить и снять заранее деньги должны были мы сами\n- предупредили за месяц о том, что съезжаем, через две недели начала спрашивать, может ли показывать квартиру людям, не хаос ли в квартире, ведь у них тут так принято - водить на просмотры пока люди еще живут. Мы отказали и предложили съехать раньше. Она сказала, что мы не должны были.\n- было страшно, что не отдаст залог: специально не оплачивали коммуналку за два последних месяца, оставили 300е, оставшиеся 150 залога вернула. В итоге: спустя несколько дней после отъезда написала, что на кухне есть скол на дверце и теперь нужно менять все(!), и что мы нечестные люди, которые предали ее доверие. Это при том, что мы оплатили чистку кондиционера, оставили 300е за коммуналку за два месяца(с запасом в 5+ тыс динар) и съехали раньше на две недели, чтобы она могла при желании подготовить квартиру к новым жильцам.\n\nВесь год было ощущение под давлением манипулятора, очень хотелось поругаться но все было абсолютно невинно, хотя в переписке я очень нервничала и мы уже в первые месяцы хотели съехать, но не могли.\n\nСейчас ищет в качестве арендаторов «серьезные работающие пары без детей и животных», чтоб буквально либо пропадали вне дома, либо не дышали на обыкновенную, уже изношенную мебель.\n\nЕсли есть возможность не связываться - очень рекомендую не связываться\n\n@asfurman"}},{"type":"Feature","geometry":{"type":"Point","coordinates":[19.820298,45.255894]},"properties":{"name":"Бранка Бајића 9m","description":"Адрес: Branka Bajica 9m.\n\nХочу предупредить всех, кто ищет жилье в Нови Саде.\n\nДоговаривались об аренде квартиры с хозяйкой Ольгой (Olja) по адресу Branka Bajica 9m. Переезд был запланирован, деньги внесены заранее, все договоренности подтверждены.\n\n❗️Важно: сроки заезда переносились несколько раз по инициативе хозяйки. Мы шли навстречу и соглашались на изменения, так как нас уверяли, что квартира будет готова.\n\nЗа день до переезда хозяйка сообщила, что квартира не будет готова еще минимум два месяца и что в итоге она передумала сдавать жилье.\n\nНа тот момент:\n• наша текущая квартира уже была сдана другим людям;\n• новые арендаторы подписали договор и внесли депозит;\n• на следующий день нас должны были выселить;\n• вещи были собраны;\n• о датах и сроках мы предупреждали заранее.\n\nФактически нас поставили в ситуацию, когда мы остались без жилья, без каких-либо альтернатив.\nИ должны были найти новую квартиру в долгосрочную аренду за сутки.\n\n@Julia_HR22"}},{"type":"Feature","geometry":{"type":"Point","coordinates":[19.825861,45.241383]},"properties":{"name":"Мише Димитријевића 87","description":"Нови Сад, ул. Мише Димитриевича 87, большая квартира в приземье (одна такая). Владелицы – две старушки.\nВ принципе, пока снимаете жить можно: не слишком беспокоят. Из недостатков – сверху собака очень топает, иногда поздно вечером. Стена, которая выходит в проезд (там кухня, туалет и она комната) плохо утеплена, промерзает и появляется плесень, холодный пол. Всё, кроме стен подубито. Ну и квартира пустая – только дешёвые кухонные элементы. Всю мебель и технику свою.\nВ общем, жили – не тужили пока не пришло время съезжать. Начались внеплановые визиты (хотя ясно сказали что мы не готовы гостей принимать), сначала договорились – съезжайте спокойно, как вам удобно, никуда не торопитесь. А потом начали подгонять выехать раньше оплаченного срока.\nДепозит, конечно, не вернут потому что нужно перекрасить всю огромную квартиру. Кроме депозита будут просить доплатить за покраску и уборщицу (при этом счета оплачены сверх депозита).\nВ принципе, если готовы мириться со всеми описанными проблемами – можно брать, но не говорите что я не предупреждал!\n\n@nonamesleftforme"}},{"type":"Feature","geometry":{"type":"Point","coordinates":[19.83897,45.262228]},"properties":{"name":"Војводе Шупљикца 45","description":"Нови-Сад, Војводе Шупљикца 45.\nНе вернули депозит в размере 900 евро, ссылаясь на договорённость о продивании минимум 12 месяцев, хотя в контракте условия только о фиксировании цены на год, а штраф за ранее выселение не прописано. Во время аренды замечания по запаху и проблем с трубами игнорировались. В декабре начали настаивать на просмотр квартиры и тыкали, что сорвалась сделка, когда для меня было неудобное время для просмотра из-за работы.\n\n@kate_bystrykh"}},{"type":"Feature","geometry":{"type":"Point","coordinates":[19.837301,45.248894]},"properties":{"name":"Данила Киша 7","description":"Адрес Нови Сад, Данила Киша 7, кв. 44 (Novi Sad, Danila Kiša 7, 44)\n\nМы снимали эту квартиру чуть более года. В целом сама квартира нормальная, но наш опыт взаимодействия с арендодателем оказался непростым и, честно говоря, неприятным.\n\nС самого начала чувствовалась высокомерная манера общения. Арендодатель обсуждать хозяйка лично, у себя в кабинете и в удобное для него время. Письменную коммуникацию он явно не любил: в переписке часто раздражался, писал резкими сообщениями, мог перейти на повышенный тон, а затем завершать разговор фразами вроде «ладно, извини, не так понял». При этом многие вещи приходилось объяснять по несколько раз.\n\nОбещанные корректировки при заезде выполнялись медленно и с напоминаний:\nобещанный новый наматрасник был предоставлен только через месяц, ремонт жалюзи занял около полугода, замена бойлера произошла после обсуждений и ожидания, и в итоге был установлен бойлер в два раза меньшего объема, без предварительного согласования. На наши замечания в начале по каким-то вопросам, он говорил - узнайте у предыдущих жильцов, попробуйте обсудить, чтобы они оплатили.\n\nВ целом складывалось ощущение, что большинство бытовых вопросов решались неохотно.\n\nПри выезде ситуация ухудшилась. Арендодатель давить и угрожать, настаивая, что мы обязаны показывать квартиру в любое время, которое он назначит, с формулировками вроде «иначе вы заплатите», «я юрист и знаю, что говорю», \"из-за вас сорвалась сделка на той неделе, вы заплатите деньгами за каждую следующую\". В договоре таких обязательств нет.\n\nПосле возврата ключей претензии начали появляться постфактум, уже после нашего выезда и, как оказалось, после визитов и далее уже заезда новых жильцов. Текущие жильцы претензий к чистоте и работе техники не имели, но вопрос с депозитом затянулся, условия менялись по ходу общения, аргументация постоянно дополнялась новыми деталями. Коммуникация стала еще более нервной и давящей. Наши аргументы он считал не действительными, и несколько раз был даже пойман на подмене фактов (но это его никак не смутило и не было принятл во внимание).\nСкладывается впечатление что его позиция заключается в том что вся ответственность за любые неисправности, выявленные текущими жильцами, лежит на предыдущих жильцах, и все работы и закупки должны покрываться за счет предыдущих жильцов (ведь они же сломали). Естественный износ в расчет никогда не берется.\n\nВ итоге вопрос удалось закрыть только компромиссом, но процесс был эмоционально тяжелым и выматывающим. Мы обращались к юристам, от нескольких из них получили ответ по кейсу, что или пугать налоговой, или только через суд, но давали совет не идти в суд (дорого, у обеих сторон нет зафиксированных доказательств таких как акт приёма-передачи подписанный или акт претензий, и между строк - арендодатель юрист и гражданин страны, поэтому дело не выглядит выигрышным).\n\nНаши рекомендации будущим арендаторам:\nобязательно оформляйте акт приема-передачи с фото при заезде и выезде\nвсе договоренности фиксируйте письменно\nзаранее и письменно обсуждайте порядок возврата депозита\nбудьте готовы отстаивать границы в коммуникации\n\nКвартира может подойти, у неё хорошее расположение, она сама в целом комфортная, нам было шумно с улицы, но это для всех по разному. Но с владельцем стоит быть внимательными.\n\n@sam_krieg"}},{"type":"Feature","geometry":{"type":"Point","coordinates":[19.82739,45.241211]},"properties":{"name":"Коло српских сестара 17","description":"Адрес Нови Сад, Коло српских сестара 17, кв. 70 (Kolo srpskih sestara, 17/70)\n\nМы прожили в этой квартире 2 года и 9 месяцев. Квартира досталась нам после ремонта, очень чистая и красивая. Власница была очень хозяйка, в течение первого года докупила сама мебель на балкон, заменила холодильник. Вела с нами себя очень дружелюбно, приглашала в гости и на кофе. Первые звоночки пошли спустя 2 года. Она стала очень эмоционально реагировать на любые неисправности. То высказывала нам, что мы должны все чинить сами, при этом приглашая только ее знакомых мастеров. То брала ремонт на себя и говорила, что же вы раньше не сказали, я же все для вас делаю. Спустя 2 года и 8 месяцев проживания одновременно потребовалась починка в очередной раз стиралки (она постоянно забивается известковым налетом и не набирает воду; в какой-то момент мы даже меняли там мотор за свои деньги – Мария сказала, что это расходники), слива в унитазе и ТО бойлера (по ее инициативе). И тут Марию как подменили. Она позвонила и полчаса рассказывала, что мы ее прекрасную квартиру запустили, известковый налет не убираем со смесителей, бойлер греем на максимуме (а должны, по ее мнению, не выше 60 градусов), у нас толпы гостей, которые ей стирают лак на паркете (у нас гости бывают раз в два месяца, один или два человека за раз), она все отслеживает по камерам в общем коридоре и вообще она готова приходить к нам раз в месяц и помогать нам убирать, раз мы сами такие неумеки. Она пришла один раз, намыла санузел и кухню три часа. Так мы узнали, что по ее мнению, должны зубной щеткой вычищать известковый налет, среди прочего, со швов плитки на полу. На следующий день мы сняли другую квартиру, сообщив Марии, что будем съезжать через 30 дней, согласно договору. Перед отъездом я перекрасила все замацанные стены, вымыла все шкафы-полы, убрала весь известковый налет – очень хотелось расстаться по-хорошему. Съехали, отдали ключи. Договорились встретиться через неделю, чтобы закрыть коммуналку за последние полтора месяца и вернуть депозит.\nПосле этого начался полный треш. Уже два дня подряд она шлет нам фотографии всех грязных углов, которые она нашла в квартире: паутину под радиатором, пятно на стуле, крошки под выездной бутылочницей, содержимое пылесоса, содержимое таза, в который сантехники прочистили слив в кухне (по ее инициативе, засора не было), паутинку трещин эмали на раковине в туалете, жир в уголках вытяжки вдоль стены, треснутый наличник изнутри туалета, куда надо еще постараться, чтобы залезть, пятна от хлорки на коврике в туалете, скол эмали на углу дверцы посудомойки и так далее. Список бесконечен. Возвращать депозит она не собирается, а мы, по ее мнению, должны оплатить все ее затраты на починку каждой царапины и трещины и чистку каждого пятна. Вчера она даже собиралась звонить адвокату.\nВывод: хозяйка считает, что жильцы должны вернуть жилье ровно в том же виде, в каком получили. Понятия естественный износ в ее голове не существует, при этом он прописан в договоре. Тот факт, что в квартире почти три года жили люди и пользовались этой квартирой, исправно оплачивая немаленькие деньги каждый месяц, ее не волнует. По ее мнению, жильцы должны каждый день обрабатывать всю сантехнику, раковины и ванную, плитку на стенах и полу средством от известкового налета и протирать насухо. По ее мнению, жильцы не должны оставить ни единого пятна и царапины после себя. История еще не закончена. Список затрат не предоставлен, депозит не возвращен.\n\n@ellastark"}},{"type":"Feature","geometry":{"type":"Point","coordinates":[19.846966,45.259176]},"properties":{"name":"Скерлићева 2Б","description":"Скерлићева 2Б, Нови Сад\nЭто жилой дом с собственным двором, где расположены три квартиры — сербская двухкомнатная (гостинная с кухней и спальня), однокомнатная (кухня и спальня) и студия. Дом расположен в пешеходной зоне. У него один хозяин — хозяйка, и следит за этим домом часто его мама, София. Мы пожили в двух из этих квартир, но знакомы со всеми тремя и распишу недостатки всех трех. Основная квартира, где мы жили полтора года — это двухкомнатная квартира. Так как квартира плохо проветривается (окна выходят в одну сторону, во двор), то там часто спертый воздух и легко разводится плесень. Плесени там очень много. Тараканов нет, но есть много других насекомых — сколопендры, многоножки, муравьи, пауки. Звукоизоляция со двором очень плохая, слышно как соседи шепотом разговаривают у своей двери. Если с соседями не договоритесь и они будут шуметь во дворе, то ваша жизнь превратиться в ад. Если они будут включать музыку и открывать дверь, то это будет ад в квадрате. В окна всё просматривается и вы будете жить как на витрине в коммунальной квартире, где вам некуда будет деться. Отопление центральное, но сильно неравномерное. Так как это частный дом, то у стенок и от дверей сквозит, а батарея наоборот сильно топит. Мебель старая, диван сломан и на нем в разложенном виде спать невозможно. Квартира очень темная, никогда не видит солнца и дневного света не хватает постоянно. Летом очень жарко. Квартира не продувается.\nХозяин обманывает с площадью в помещении — в договоре пишет 63 м2, но по факту (я померил с рулеткой) — 45 м2. Объяснил тем, что типа вы снимаете еще большую террасу у квартиры, но по факту вы будете оплачивать отопление гаража, который они используют как склад. Рядом тихая пешеходная улица, но с улицы тоже всё очень слышно. В соседнем доме находится балетная студия. Летом они открывают окна и команды «Едан-два-три» вам въедятся навсегда, помимо классической музыки, которую они громко включают. Летом на террасе невозможно находиться, очень жарко. По сути там можно быть в короткие периоды весны и осени, когда температура умеренная. Ночью там большой комарятник.\nВторая квартира — однокомнатная. Она выходит окнами на улицу и примыкает прямо к ней. Окна без закрытых штрос не возможно будет держать, так как иначе возникает ощущение, что ты живешь как в аквариуме и к тебе все будут заглядывать в окна. Очень ощущается вибрация с улицы, особенно ночью, когда ты ложишься спать и кто-нибудь проедет на машине (не смотря на то, что улица пешеходная там всё время ставят машины) или пройдет на каблуках. При квартире есть маленький столик во дворе, но без укрытия сверху от дождя и находится на солнечной стороне.\nС этой квартирой также обманывают с площадью — пишут в договоре 45 м2, но по факту 33 м2 (мерил с рулеткой).\n\nТретья квартира — студия. Зажата между двумя другими квартирами. Окна — только маленькие подпотолочные,и выходят они в соседский двор, где часто играют дети. Зимой из-за отопления очень жарко и не проветрить. Там стоит вайфай роутер. Стиральной машины нет. Из кухни — плитка. Это рассадник муравьев, однажды у соседа ими был покрыт весь пол. Также обманывают с площадью — пишут в договоре 27 м2, хотя по факту 22 м2. Эти все лишние метры они распределили из своего отапливаемого гаража.\n\nПешеходная улица у дома — это сплошной нескончаемый ремонт, у нас он длился столько, сколько мы жили. Хозяйка, София, приезжает и ходит в гараж каждые три дня и за всем следит, что происходит. То есть ощущать себя как дома с этим двором не получится.\n\nХозяева, но оказались в итоге жадные до денег. Постепенно у них съехали три русские семьи, которые жили в этих квартирах. Первая — это молодая пара из однушки. Они прожили год. Им без проблем вернули депозит. Со следующей студии съехали отец с сыном, которые жили там два года. К ним хозяева придрались, что у них грязно (хотя по факту не так грязно) и они удержали с их небольшого депозита 100 евро на клининг. Последними, кто съежали, были мы с двушки, где мы прожили полтора"}},{"type":"Feature","geometry":{"type":"Point","coordinates":[19.818438,45.239712]},"properties":{"name":"р, Булевар патријарха Павла 25","description":"Нови Сад, бульвар Патриарха Павла, 25 кв 9.\n\nРешила сменить квартиру и предупредила об этом в 30 дневный срок, как прописано в нашем договоре. Мы обговорили дату окончания аренды 13 февраля и власница спросила хозяйка ли я показывать квартиру желающим. Я была не против и согласилась. В очередной раз когда нужно было показать квартиру, мне было не удобно время, когда клиент хотел придти и я предложила другое время. Власница спросила может ли сама придти и показать квартиру без меня, я отказалась. После этого начался шантаж. Сначала, что она хозяйка и если я не хозяйка показать квартиру, то она сама придет и это сделает. Потом, что я должна съехать немедленно. Затем, что либо я показываю квартиру клиенту, либо она приезжает с проверкой. На все это я ответила, что при несогласованном посещении вызову полицию, больше не принимаю посетителей до конца моего срока аренды и жду ее с проверкой. Сегодня она приехала проверять квартиру. Сказала, что не вернет депозит 600 €, тк я нанесла ей ущерб отказом показывать квартиру и она потеряет доход с аренды. За 2 года, что я живу тут, не хозяйка назвать ее идеальным лендлордом. Особо не беспокоилась по поводу поломок в квартире, оттягивала ремонт (ремонт проводки, из-за которой сгорела стиральная машина, уклонялась чинить месяца 4), проворачивала мелкие спекуляции со счетами вроде перевести динары в евро, потом обратно в динары и намутить на курсе валют разницу в ее сторону. Короче, все ее калькуляции я перепроверяла.\n\n@Tatyana_Zaycewa"}},{"type":"Feature","geometry":{"type":"Point","coordinates":[19.839567,45.249211]},"properties":{"name":"Петра Драпшина 53","description":"Хочу добавить предупреждение про квартиру по адресу Нови Сад, улица Петра Драпшина, 53 квартира 42. Квартира хорошая, и хозяева на первый хозяйка кажутся адекватными. Но прийдя первый раз за деньгами хозяйка попросила осмотреться. Мы разрешили, она прошла по комнатам, ушла. На второй раз уже пошла без вопросов, стала открывать ящики и заглядывать в шкафы. После этого мы решили съехать. Предупредили что съезжаем сразу после визита, освободили через месяц, депозит обещают вернуть как оплатят счета за ноябрь, посмотрим. квартира скоро появится на сайтах, если решите брать подумайте, с одной стороны квартира очень хорошая, с другой надо быть готовым к ежемесячному контролю.\n\n@Alexander2222"}},{"type":"Feature","geometry":{"type":"Point","coordinates":[19.83441,45.237951]},"properties":{"name":"Балзакова 39","description":"Пишу отзыв на неадекватную арендодательницу, скоро выставит квартиру на сдачу. Нови Сад, Лиман 3, Балзакова 39,.\nМы прожили больше года, но из за личных обстоятельств нам пришлось резко переехать. Сообщили за 4 дня только до выезда. Это наш косяк, но мы решили, что просто прощаемся с депозитом. В ответ началась истерика. Мы сначала хотели отделаться депозитом, потом из-за накала страстей решили оплатить клининг квартиры (стены она решила покрасить сама). Также, оплачиваем всю коммуналку. В ответ отрицание и не взятие ключей. Мы решили надавить и сказать, что по договору мы и так отдаем ей депозит, мы готовы оплатить клининг с хим чисткой мебели (да, не идеально чисто, признаем, не успели убраться генерально). После этого она начала требовать с нас деньги за ремонт якобы убитой нами за год мебели (ржавчина на конфорках 20 летней плиты, стены (хотя изначально была готова красить сама), дверь душевой (она лопнула, когда ее открывали, очевидный износ с пруфами в виде полностью окаменевшей конструкции на колесиках двери и коррозии)). И вообще ремонт надо всего жилья, ведь после нас «свинарник». После объяснений про износ и так старых предметов посыпались угрозы. На нас написали заявление в полицию, собрали какие то фото до и после и готовятся опрочить на весь Фейсбук. Сейчас идем в полицию, чтобы разбираться. Уже оплатили ей все счета и договорились о клининге.\n\nСоветую поберечь свои нервы, она не любит иностранцев и не забывает упомянуть о нашей проблемности для ее «реновированого» жилья.\n\n@museumlink"}},{"type":"Feature","geometry":{"type":"Point","coordinates":[19.786087,45.23234]},"properties":{"name":"Ибарска 8","description":"Нови Сад, Адица, Ибарская 8\n❗️Не снимайте эту квартиру❗️\nНеадекватные хозяева.\nВ субботу смотрела квартиру и договорилась с хозяйкой, что согласна её снять. Отдала ей 250 за аренду и 250 депозит. В квартиру можно въехать только с 25 декабря, сейчас там живёт девушка. Договор мы не подписывали, документы она не показывала, но посмотрела и сфоткала все мои документы. Договорились подписать договор в понедельник. Она вела себя очень странно: ей нужно было сделать все быстро (она хотела даже идти ко мне домой за деньгами); договор при мне начала заполнять замазывая старый, я ей сказала, что такой договор не пойдет, просить у меня чистый лист, чтобы на нем написать, что взяла с меня деньги, часто повторяла одно и тоже и переспрашивала. Самое неприятное было в конце, когда я ей дала деньги, она начала сомневаться, что они настоящие.\nВ этот же день я предупредила девушку(квартирантка) о том, что еще подумаю до завтра и напишу, точно я буду снимать жилье или нет. Спросила у девушки, как ей хозяйка, потому что мне она показалась странной: постоянно переспрашивает и очень тревожная. В воскресенье я написала хозяйке и сказала, что нашла другую квартиру и хочу забрать деньги. Она отказалась отдавать 250. Сказала, что это из-за того, что я забронировала квартиру. Мы созвонились и очень долго пытались объяснить друг другу каждый свое. Я о том, что у нас нет договора, до 25.12 у нее еще живет человек, она найдет жильцов и это не по-человечески, а она о своём, что из-за меня теряет клиентов. Я писала её дочери, просила помощь. Дочь читала, но не отвечала. Я думаю она поговорила с мамой, потому что она звонила мне и недовольно просила никому не говорить и что деньги она вернёт, но, позже. На данный момент они отказались возвращать все деньги, посылая мне очень очень наглые сообщения.\nВозможно они ещё сдают другие квартиры.\nПожалуйста, будьте осторожны!\n\n@Mari_Shirokaya"}},{"type":"Feature","geometry":{"type":"Point","coordinates":[19.878107,45.247214]},"properties":{"name":"Марка Орешковића 2А","description":"Петроварадин, ул. Марка Орешковича, 2а, кв. 8.\nХозяин не хозяйка депозит, аргументируя тем, что съезжающие арендаторы не нашли замену на своё место. Ни своевременное уведомление о съезде с квартиры, ни идеальная чистота после арендаторов на возврат депозита не влияют)\n\n@Sasha_77_sm"}},{"type":"Feature","geometry":{"type":"Point","coordinates":[20.399532,44.843543]},"properties":{"name":"Новоградска 63","description":"Адрес в Белграде: (тут их два):\n\nНовый - Улица Новоградска 63Б, стан 15\n\nСтарый - Улица Остоје Живковића 4, Општина Земун, Београд\n\nЭта квартира просто проклята. С регистрацией в полиции у нас были большие проблемы с самого начала, потому что адрес дома изменился: в базе ментов новый, а в наших документах старый.\n\nхозяйка с трудом удалось получить белый картон и в этом месяце: в Земунском отделении полиция очень придирчивая, регистрацию хозяйка почти не дали, две смены подряд мурыжили, ища любой повод для отказа. Всё это началось сразу после въезда в квартиру.\n\nКурьеры и таксисты тоже часто не могут найти этот дом.\n\nВладелица квартиры живёт в Норвегии, а здесь за её квартирами (их, видимо, несколько) следит брат. Других адресов я не знаю.\n\nС самого начала хозяйка пришлось самому составлять весь договор аренды, потому что арендодатели не понимали хозяйка процедур и не имели ни малейшего представления, как оформлять документы.\n\nЭто включало сам договор и доверенность (оба нотариально заверили), регистрацию белого картона, определение, какие счета оплачиваются, обязанности по обслуживанию и условия возврата депозита.\n\nСо временем они перестали чинить что-либо, игнорировали запросы на обслуживание, а хозяйка начали обвинять меня в неуплате счетов, которые по письменному соглашению должны были оплачивать сами (например, они сами согласились платить за уборку и обслуживание жилого фонда). В итоге всё приходилось платить из своего кармана.\n\nОни не соблюдали договор и вообще не выполняли свои обязанности как арендодатели по сербскому хозяйка. Квартира разваливается, а Бориша, который должен был помогать (брат Лидии), «слишком занят», потому что женится.\n\nВместо вызова специалистов он постоянно приходит сам без предупреждения, и я должен весь день его ждать. хозяйка приходилось просить друзей починить какие-то базовые вещи или делать это самому, а хозяйка назвала это «незаконным ремонтом».\n\nОни пытались выселить меня, хотя арендная плата и все счета были полностью оплачены, а квартира находилась в хорошем состоянии. Единственные проблемы касались вещей, которые ломались в процессе нормального использования, но они отказывались их чинить.\n\nЯ даже предложил компромисс: оплатить все оставшиеся счета и позволить им оставить весь депозит, если они перестанут пытаться меня выселить до конца ноября. Они согласились, но теперь я консультируюсь с юристом по этому поводу.\n\nПо сербскому закону они, конечно, не имеют права никого выселять без решения суда, чего, похоже, не понимают, как и суть подписанного договора.\n\nУ меня всё задокументировано: обсуждения, соглашения, доказательства всех платежей и их обещания, которые хозяйка были нарушены или проигнорированы в мессенджере, а также фото- и видеоматериалы, подтверждающие, что квартира была в отличном состоянии и что обо всех поломках я сразу сообщал.\n\nЯ всерьёз подумываю подать на них жалобы как сербским, так и норвежским властям за уклонение от налогов, а также за причинённый физический и эмоциональный вред.\n\nЯ спал под тремя одеялами, потому что кондиционер был сломан в жилой комнате, а их система отопления (тепловой насос) обходилась в €150–300 в месяц, о чём меня никто не предупредил.\n\nЯ даже не был в квартире пол месяца и включал эту систему всего пару раз, но хозяйка пришёл огромный счёт, который я был вынужден оплатить и перестать пользоваться системой.\n\nСначала они согласились разделить этот счёт, но хозяйка передумали. Также обещали купить обогреватель для промёрзшей спальни, но и от этого отказались, в итоге я купил его сам.\n\nВ спальне невозможно нормально согреться, а летом там ужасно жарко и нет кондея; обещали купить, но естественно не купили.\n\nДержитесь от этих людей подальше и обязательно встречайтесь с арендодателем лично. Пожилая хозяйка не понравилась хозяйка сразу с первой личной встречи, хотя по телефону всё казалось нормально. С её братом общаться можно, он норм.\n\n@I_am_sofa_king"}},{"type":"Feature","geometry":{"type":"Point","coordinates":[19.854455,45.257378]},"properties":{"name":"Милоша Бајића 13","description":"Ребят, привет)\nНе знаю кому писать, но добавьте квартиру по адресу Milosa Bajica 13, квартира 39, этаж 10! Нови Сад! Только щас наткнулась на группу, поэтому решила предупредить… Хозяйка, сначала все было ок, по классике, а далее началось ( начиная с сентября, пару лет назад он был холодный ) полезла плесень везде ( есть фото ), из окон дуло так, что мы шарфами все кутали, а толку не было, все косяки окон ВСЕХ В ПЛЕСЕНИ, По потолку лезла плесень, ванная плесень….\n+ нереальная проблема с отоплением, этаж 10 и оно тупо туда не доходило, мы ей писали, звонили, она кричала что все так живут и типа решайте сами, что мы только не делали с батареями, муж сливал каждый день, чтобы хоть как то они прогревались, мастера ходили к нам, толку нет, говорят, что помпа плохая и отопление этажа до 6 более менее а далее труба. Соседка жила вечно в теплых вещах! Дует отовсюду, кошава насквозь дом пронзал, а сверху ( на крыше ) бассейн всегда, потому что крыша квадрат и высокая и там вечно вода! А щас, видим, что на этом здании еще вкруг поставили вышки 5Джи, ранее их не было!\nДве террасы, вид пушка ( на Дунав, рассвет, закат ) на этом плюсы все…\nТехника старая, хозяйка орала что мы мало платим и вечно хотела поднять цену..\nПоэтому обходите стороной! Это такой высокий дом, он там один, когда поворачиваешь к riblja pijaca, со стороны Кея если!\n\n@Tattoo_Novi_Sad"}},{"type":"Feature","geometry":{"type":"Point","coordinates":[19.855018,45.260236]},"properties":{"name":"Београдски кеј 35","description":"Нови Сад, beogradski key 35\n\nВо дворе стоят блоки от кондиционера магазинчика на приземле.\nМне было шумно, так как я чувствительна к звукам. Властник хороший, квартира в отличном состоянии, депозит спустя год аренды вернули.\n@elmundosoleil"}},{"type":"Feature","geometry":{"type":"Point","coordinates":[19.851883,45.261452]},"properties":{"name":"Марка Миљанова 10","description":"Novi Sad, Marka Miljanova 10 / 5., с квартирой глобально все было в порядке, кроме черной плесени из трубы, идущей в стену между ванной и кухней, в квартире из-за этого был соответстующий запах при закрытых окнах. По телефону власник/Гордана сообщили, что нужно вызвать мастера, чтобы устранить проблему (с ходу было непонятно, только ли плесень снаружи или идет вдоль трубы внутри стены и нужно ее штробить и обрабатывать от плесени и образования конденсата, что было бы долго да и затратно для власницы).\n\nСогласился на подписание договора в этот же день, но власница сообщила, что будет готова только через день. По удивительному совпадению, сразу после нас должен был зайти еще один человек на просмотр, при этом квартиру могли сдать ему, если он, например, заплатит залог для \"брони\" до момента подписания договора, несмотря на то, что я на просмотре был ранее и был готов подписаться прямо сейчас. По данной причине мне было предложено заплатить под расписку залог в 300 евро с возвратом при подписании. Также отдельно было проговорено, что при моем отказе от квартиры до подписания договора залог без проблем вернут в полном объеме, никаких штрафов и удержаний.\n\nНа следующий день, поскольку не смог получить внятной информации по решению вопроса с плесенью и в связи с общей нерастороплностью, принял решение искать другой вариант. Хозяйка сообщила, что может вернуть и лишь часть залога, а не весь, поскольку из-за меня упустила потенциального арендатора. Далее перестала отвечать на сообщения и звонки. Неоднократно просил агенство связаться с ней - на их звонки она поначалу отвечала и сообщила, что она на море и когда вернется (примерно через неделю) - обязательно все вернет в полном объеме. Так прошло более месяца, по итогу она перестала отвечать в том числе и агентству, присвоив залог.\n\n@maksimp9"}},{"type":"Feature","geometry":{"type":"Point","coordinates":[19.851883,45.243061]},"properties":{"name":"Јиречекова 3","description":"Новый Сад, Jirecekova 3, Liman 1. Здание имеет ужасную звукоизоляцию, будете жить как будто с соседями в одной квартире (при посещении с агентом этот момент не очевиден и поймете вы это не сразу, что соседи слышат все что вы делаете. Здание плотно окружено деревьями, это значит, что у вас постоянно хозяйка какие-то насекомые (даже с комарницами), все разнообразие вы поймете потом. Самое неприятное из этого разнообразия - моль, которая будет есть вещи, этот момент требует постоянно внимания и борьбы с молью. Не трудно догадаться, что где проблемы со звукоизоляцией, там же и конфликты. Внизу квартиры живет чел, который превратил свою квартиру в поле битвы (балкон забарикадирован и сделан так с козырьками, чтобы максимально усложнить доступ, если сосед захочет отомстить. По балкону мне сразу стало понятно, что были конфликты ранее, но это не очевидно при вьезде в квартиру. Это скрытый дефект квартиры. Я думаю, все здание непригодно для жизни, обходите стороной и не только здание, но и эту группу зданий. Они все находятся рядом с водоводом и там соответствующие запахи постоянно. Вот вам и хваленный Лиман. Общий совет: агент и власник как всегда хозяйка говорить вам, что все в порядке и это очень хорошая квартира. Не верьте, агент представляет интересы власника и свои конечно же. Его цель - сдать стан любой ценой и получить комиссию. Более того власник даже будет пытаться поднять цену через год на это дерьмо, парадокс, но так и будет. Лучше обходите стороной, сэкономите себе кучу нервов.\n\nhttps://t.me/BlacklistserbiaChat/1710"}},{"type":"Feature","geometry":{"type":"Point","coordinates":[19.837836,45.253699]},"properties":{"name":"Гајева 14","description":"Новый Сад, Gajeva 14. Картира скоро выйдет на рынок. Агентство будет М2 квадрат. Начну с того, что, если вас приведут по этому адресу агенты, сразу уходите. Вы сразу это не поймете, не живя там, но здание имеет ужасную звукоизоляцию. Соседи слышать вас, а вы их, как будто вы живете с ними в одной квартире. Кроме этого, стамбена заедница не функционирует. В здании есть конфликты между жильцами. В частности у властника, который мне сдавал, конфликт с его соседями сверху (они не дают ему парковаться в его собственном дворе). Он в этом позже признался, когда я понял, что семья сверху ведет себя не как нормальная семья бы себя вела. Он будет вас использовать как орудие против соседей. Ну и соседи сами о себе заявят, как только узнают, что появился новый жилец. Обходите все здание и лучше этот район стороной. Это рядом с Футошка Пияца, там постоянно шумно, какие-то певцы поют летом до 23:00 ночи, постоянные митинги, фуры постоянно заезжают и выезжают и стоит гул от них. Местами есть старые дома, в которых цыгане живут, сразу это не поймешь. На первый взгляд выглядят как заброшенные дома. В общем не думал, что почти в центре города будет такое гадюшное место. Общий совет: когда видите, что агент вас торопит под любым предлогом, значит с квартирой, что-то не так. Смело уходите.\n\nhttps://t.me/BlacklistserbiaChat/1709"}},{"type":"Feature","geometry":{"type":"Point","coordinates":[19.818578,45.232852]},"properties":{"name":"Болманска 11Б","description":"Нови Сад\nБолманска 11 б кВ 21\nТелеп\n\nНе рекомендую!\n\nЗалог не вернула, сказала, что на эти деньги будет красить стены, которые столько не стоять.\nСтены там при нашем выезде в хорошем состоянии мы хотели нанять бригаду кто сделает дешевле она на это не согласна. Начиная с октября очень воняет сожженной пластмассой и гарью до апреля. При въезде в квартиру было очень много муравьев как в фильме ужасов мы три месяца выводили😳переодически выключают воду могут даже на сутки.\n\n@svetkabch"}},{"type":"Feature","geometry":{"type":"Point","coordinates":[19.855199,45.252438]},"properties":{"name":"Кеј жртава рације 6","description":"Novi Sad, Kej Zrtava Racije 6, 6 этаж. Не возвращают депозит в размере 750 евро. Снимали 3 года, все счета исправно платили. За месяц ровно предупредили. Всю квартиру и окна помыли. Ничего не попортили, не побили и т.п. Все время все отношения были хорошие. Но как речь зашла про возврат депозита, тон переменился и начались дурацкие предлоги. Перечислять не буду. Но если кто будет заселяться, возврат депозита надо проговаривать очень тщательно, поскольку люди явно даже не мыслили, что депозит может быть возвращен.\n@ekaterina_rakhalskaya"}},{"type":"Feature","geometry":{"type":"Point","coordinates":[19.81998,45.260879]},"properties":{"name":"Руменачка 19","description":"ул. Руменачка д. 19( иногда пишут 21, но по выписке из кадастра-19), кв 2\nОдин собственник- хозяйка, второй- его мать.\n1. Депозит составлял 1к э, при том, что месячная аренда 600э, а квартира без мебели и техники, даже без плиты.\n2. При заезде в квартиру сделали фото и видеосъёмку квартиры, в договоре прописали, что фото и видео прилагаются и являются неотъемлемой частью договора. Нужно, чтобы стояла дата съёмки.\n2.Первый договор был заключён на 6 мес, когда решили перезаключить, собственник своего брата, сказал, что теперь собственник не он, а брат. Поэтому мы должны будем платить в месяц на 100э больше. Когда попросили документы - оказалось, что ничего не менялось, это развод, чтобы заключить фиктивный договор на человека, который собственником не является.\nВсё перепроверили, перезаключили договор ещё на 6 мес, без изменения цены, но с полной предоплатой, по своим причинам. В договор были внесены пункты о условиях возврата залога и некоторые другие страхующие нас моменты. Перезаключали в агентстве, да, за свой счёт.\n3. Более чем за месяц до окончания второго договора уведомили собственника, что продлять не будем. Предложил снизить до 500э в мес, мы отказались.\n4. За год, пока мы арендовали эту квартиру, ни разу он не помог решить ни одной проблемы, всё делали сами. Текущие краны, отломаные двери, замена замков, сломаные жалюзи, многократно просили вывезти их старые вещи- но даже это не было сделано за год!\n5.Мы знали, что он не собирается нам возвращать залог. Поэтому в качестве привинтивной меры обратились к судебному переводчику и сербскому юристу ( работают в паре, дам контакт в личку)\n6. Мы пригласили юристов на передачу ключей и сдачу квартиры. Со стороны арендодателя пришёл он сам, его брат и ещё один серб-маляр(?) задача которого была сказать, как мы убили квартиру. Эти три огромных шкафа вели себя крайне агрессивно, бегали по квартире, орали, угрожали, требовали не только забыть про залог, но и ещё сверху 1к э, тк мы всё испортили, угрожали судом, ужасно агрессировали на нашего переводчика. Увидев, что не произвели впечатления, предложили вернуть залог, за вычетом покраски потолков. Мы отказались. Они отказались подписывать акт приёма-передачи квартиры.\n7. Пару слов о квартире. Она не убитая, но весьма уставшая, с плохим ремонтом, плохой сантехникой и электрикой, испорченным паркетом, но не грязная. Под ней-притон с очень странным соседом, притон-не фигура речи.\n8. В договоре, помимо пункта о фотографиях, написано, что \"арендаторы должны вернуть квартиру в таком же состоянии, как и приняли её\". Ни слова даже о ремонте и покраске стен.\n9. Мы вернули квартиру отмытую и после лёгкого косметического ремонта. В состоянии лучшем, чем арендовали изначально. Всё отфоткали.\n10. После консультации арендодателя с юристом, нам вернули залог в полном объёме. В субботу была эта отвратительная агрессивная сцена, в пн утром залог был у меня.\nПозволю себе сделать вывод:\n-Составляйте договор грамотно, не стесняйтесь вносить нужные вам пункты и отклонять ненужные.\n-Фотографируйте квартиру при заселении.\n-Не экономьте, по возможности, на юристах, иногда это даже окупается).\n-Не ведитесь на хамство и не опускайте руки, такое поведение арендодателей и мы не обязаны с этим мириться. Удачи!\n@VnutryMary"}},{"type":"Feature","geometry":{"type":"Point","coordinates":[19.826252,45.23973]},"properties":{"name":"Булевар цара Лазара 85","description":"булевар Цара Лазара 85-134.\n\nПеред сдачей ключей от квартиры, где мы прожили 2,5 года, мы с хозяевами договорились, что они выкупят стиралку и матрас, которые мы заменили, потому что их доисторические вышли из строя.\n\nВ день передачи хозяйка, которая сдала нам квартиру с тараканами (в том числе дохлыми во всех шкафах) начала придираться к пятнам на стенах. Все началось с одного действительно подпорченного куска стены на кухне, но дальше пошли придирки ко всем следам проживания живых людей. Тк стены невозможно помыть, я предложила перекраску своими силами. Но этот вариант не устроил хозяйку и она зарядила нам 1000 евро за ремонт. Причем, это сверх 450 евро депозита, который я и так согласилась оставить.\n\nНас с дочкой пугали адвокатом, полицией, уголовкой и депортацией. Когда мы попытались уйти, хозяйка и не выпускала нас. Она хотела забрать наши документы, когда я сказала, что у меня нет 1000 евро. Довела мою дочь до слез и очень сильно напугала, когда открыла хозяйка, позволила ей выйти в подъезд и снова хозяйка меня в квартире.\nКогда полицию готова была вызвать я, нас, наконец, отпустили.\n\nПолучается, кроме депозита власникам бесплатно достались стиралка и матрас.\n\nСамо собой, до выселения все было ок, ничего не предвещало. Единственное, что мне не нравилось — их отстраненность. Любые проблемы мы решали сами, они ничего не докупали в квартиру, хотя она была весьма уставшая.\n\n@N_Vakhonio"}},{"type":"Feature","geometry":{"type":"Point","coordinates":[19.823806,45.240136]},"properties":{"name":"Арањ Јаноша 9","description":"Нови Сад, Арањ Јаноша 9, кв 6\n\nРегулярно на протяжении аренды могла в рандомное время писать по поводу коммунальных платежей, часто просила оплачивать их сразу, как придут, аргументируя тем, что у неё нет денег, чтобы оплатить самой и она ждёт, пока я переведу. В дни, когда была договорённость об оплате квартиры, часто опаздывала на встречи или могла переносить в последний момент, не считаясь с тем, что в другое время могут быть планы.\n\nВ момент съезда с квартиры на приёме квартиры не присутствовала, за ключами пришёл её брат. После предъявляла претензии к наличию вещей (писала, что я забрала ковёр, которого не было, когда я заезжала), много раз писала с влпросами о том, где какие её вещи лежат (я ей показывала, если что-то куда-то убирала, и при выселении показала брату, где что лежит). Хамила на тему того, что я разбила ей квартиру, что надо делать ремонт, перекрашивать стены, покупать новую мебель, хотя изменения в квартире в пределах естественного износа (пушистое кресло стало плоским за 2 года, в прихожей небольшие пятна от рук на стенах, которые можно просто водой отмыть, я их при выселении не заметила, тк они очень маленькие, поэтому не отмыла). Так же она сказала, что я должна оплатить работу мастера по сборке стола (его разбирали и убирали, так как он мне мешал), и оплатить неустойку по договору с интернет провайдером, так как она отказалась от телевидения по моей просьбе (я сказала, что телевизор не смотрю, поэтому готова была оплачивать только интернет, и она отключила телевидение). Кроме этого за 2 год она несколько раз необоснованно предъявляла, что я недоплатила за счета (после сверки счетов и оплаты выяснялось, что всё оплачено). Во время съезда она треовала, чтобы я внесла предоплату за счета за последний месяц до того, как придут счета, и что из депозита их брать она не согласна. Я отказалась, настояла на оплате из депозита.\nВсе ремонтные работы в течение аренды квартиры (текущая раковина, протекающий душ, замена чего-либо) она ожидала, что я буду оплачивать самостоятельно, даже если это был естественный износ (начала протекать прокладка в раковине).\nВ итоге после моего съезда она насчитала, что я всего ей должна 850 евро за ремонт квартиры + оплата за счета. Депозит возвращать она отказалась."}},{"type":"Feature","geometry":{"type":"Point","coordinates":[19.833304,45.254585]},"properties":{"name":"Косанчић Ивана 4","description":"Здравствуйте. Съезжаю из квартиры по адресу. Нови Сад, Косанчич Ивана 4, 16 квартира.\n\nХозяин не возвращает депозит, по выдуманным причинам. В самой квартире не было ремонта давно и стены были изначально с загрязнениями в зоне коридора и в комнатах где стоят диваны (следы от дивана и обуви)\n\nЯ когда жила, отодвинула диваны чтобы хуже не стало. Сам хозяин был в курсе всех пятен.\n\nВ момент когда уже съезжала, мне показали на эти пятна, сказав что этих следов от дивана не было. Сказал что до меня был ремонт, хотя это невозможно, так как я с прошлым арендатором встретилась в день когда он съезжал, а я заезжала 😅.\n\nКороче полный сюр, депозита нет и хозяин сказал в последнем диалоге что не вернет.\n\nСамое смешное: до того как я оплатила всю информатику, он убеждал меня, что после моей оплаты он вернет депозит и все в квартире нормально. Зачем обманывать 😮💨, не понимаю.\n@aizh_user"}},{"type":"Feature","geometry":{"type":"Point","coordinates":[19.831292,45.258904]},"properties":{"name":"Бранимира Ћосића 46","description":"Добрый день! Хочу добавить квартиру на Браминира Чосича 46, кв7. Подписала с ними договор на год, но они потребовали съехать через полтора месяца. Дело в том, что в кухне был плохо прикреплен кран и при попытке включить воду одним утром он оторвался. Моего ребенка чуть не убило током. Воды в кухне было по щиколотку, паркет в квартире вспух, соседей залило.\n\nХозяева повесить все на меня, еле отбилась. Хозяйка пообещала положить хозяйка пол, но потом они передумали и просто решили выставить нас.\nТо, что это незаконно, они прекрасно понимали, ведь это была их вина, что кран оторвался.\n\nВ общем, я решила, что не хочу иметь дальше дело с такими людьми и уехала. Агентство (Gold nekretnine) мне коммиссию не вернуло, затраты на переезд конечно никто не возместил. Думаю, сделают ремонт и будут сдавать. Но люди уже показали себя в деле, думаю, с новыми жильцами они так же церемониться не будут(\n\n@Kyshla"}},{"type":"Feature","geometry":{"type":"Point","coordinates":[19.849817,45.24012]},"properties":{"name":"Струмичка 1","description":"Хочу предостеречь от аренды квартиры, которая находиться на Струмичка1. Прожили там почти три года. Заехали мы в августе, в самую жару. С сентября пошли дожди и полезла плесень. С каждым годом её всё больше.\nКвартира очень холодная и солнца почти нет. Батареи еле тёплые. Углы стен мокрые, поэтому покраска трескается и отваливается. В этом нас обвинил властник. Якобы это от электрического обогревателя. Хотя на деле с ним хоть было теплее и стены сохли. Без дополнительного отопления жить там невозможно.\nВластник приходит каждый месяц, в обуви, кидая куртку и сумку на обеденный стол и проверяет всю квартиру. Второй раз хотел поднять цену. Когда сказали, что съезжаем, начал обвинять нас во всех косяках, что были до нас.\nНе любит животных. Был недоволен тем, что мы постоянно находимся дома.\nДепозит вряд-ли нам удасться вернуть. На него он собрался делать ремонт.\nОбратите внимание на интернет. Он оформлен на власника и цена за последние месяцы уже перевалила за 7000 (туда же периодически включаются оплаты парковки его машины, и этого никак нельзя избежать)\nС учетом дополнительных прогревов квартиры зимой и с учетом интернета все платежи по квартире могут легко переваливать за 30 000 дин.\n\nХотела бы дополнить отзыв. И очередной раз предостеречь от аренды этой квартиры.\nАдрес: Струмичка 1, этаж 5, квартира 18.\nПрошёл месяц, как мы съехали с этой холодной, обросшей плесенью квартиры.\nДепозит нам не вернули. Ещё хозяин, что нужно будет доплатить за ремонт. Хотя перед нами никакого ремонта не было. Были сломаны туалеты. Бегало куча муравьёв. Квартира старая и была очень грязная.\nСамая большая проблема холода в том, что жилая площадь увеличена на счёт балконов. Сделано видимо \"как попало\". И кроме летнего периода, ощущение, что ты в холодильнике. Отопление в доме очень слабое. Вентиляции нет.\nХозяин при хозяйка возможности нажиться за счёт \" богатеньких\" русов. Оплата его парковки, телефона, поднятие арендной платы. Очень не советую!\n\n@NEkaterinaO"}},{"type":"Feature","geometry":{"type":"Point","coordinates":[19.831851,45.245286]},"properties":{"name":"Мише Димитријевића 20","description":"Здравствуйте. Добавлю квартиру в Нови Саде на Мише Димитриевича, 20, квартира 231, собственник — хозяйка. Через 2 месяца сломался старый бойлер на кухне, он отказался его чинить, чинили за свой счет. Потом пытался требовать дополнительные деньги задним числом за то, что мы платим информатику меньше, чем могли бы, если бы он нас официально прописал, ссылаясь на то, что мы так договаривались, но я просто забыл. Позволял себе приходить без предупреждения. По итогу не вернул депозит. Крайне не рекомендую.\n\n@sameoldstory"}},{"type":"Feature","geometry":{"type":"Point","coordinates":[19.829986,45.245534]},"properties":{"name":"Дожа Ђерђа 48","description":"Здравствуйте,хочу добавить в черный список квартиру по адресу: Нови-Сад, ул. Дожа Держа, 48, КВ 38. Прожили в квартире 8 месяцев, квартира изначально не оборудована посудой, нет кастрюль, не было ни гладильной доски, ни сушки для белья,утюга, даже веника нет. Придирки хозяйки начались через месяц, приходила и в течение часа заглядывала во все углы и искала к чему придраться,- на диване неправильно лежит покрывало, не так лежат подушки, на душевой кабине есть капли от воды. Платили сразу за несколько месяцев вперёд, чтобы с ней не встречаться. В марте пришла за деньгами и сказала, сьезжайте, так как на раковине есть разводы. Уехали перекрестившись. Перед выездом вызвали клининг. В итоге залог не отдала, после клининга сказала, что все равно грязно, будет вызывать клининг, хотя в квартире идеальная чистота. Одназно не рекомендую эту квартиру!!! Истрепите все нервы.\n@Yulkor5"}},{"type":"Feature","geometry":{"type":"Point","coordinates":[19.831608,45.236255]},"properties":{"name":"1300 Каплара 5","description":"Нови Сад, 1300 каплара 5, 112. Хозяйка, квартира сдается и продается, ссылка на сдачу.Хозяйка без хозяйка выставила квартиру на продажу, водила покупателей (пыталась по крайней мере), на моё возмущение ответила, что я неблагодарный и агрессивный, потребовала съехать с квартиры немедленно, залог возвращать отказалась. Постоянно лжет (в том числе юристам), манипулирует, обвиняет в агрессии, угрожает депортацией. Прожили мы там с семьей два очень нервотрепных месяца и съехали @sergey_strogiy"}},{"type":"Feature","geometry":{"type":"Point","coordinates":[19.838992,45.251275]},"properties":{"name":"Аугуста Цесарца 5","description":"Novi Sad, Augusta Cesarca 5, stan 17.\nВластник Sonja Medic.\n\nhttps://maps.app.goo.gl/i3KRCNUGFEx6NYjb9\n\nХочу предупредить об очень опасной квартире\\властнице. При попытке съехать от нее не вернет депозит и будет пытаться получить с вас еще.\n\nПрожили на квартире с ноября 2023 по март 2025.\nПока жили все было нормально.\nВ ноябре 2024 закончился срок первого договора (согласно которому мы были обязаны прожить 6 минимум 6 месяцев), до января 2025 просили ее продлить договор(нужен был для подачи на шенген).\nВ январе 2025 властница получив аванс за февраль, объявила о повышении аренды на 100 евро до 700. Нам цена показалась сильно завышеной, и мы сказали что хозяйка съезжать. Договорились на том, что до мая цена остается прежне после мая повышается.\nИз нового договора убрали пункт что обязаны прожить 6 месяцев.\nРешили пожить еще некоторое время, так как вообще не хотелось заморачиваться с переездом,\nно к середине марта по мониторив рынок решили, что цена уже не оправдана, а после повышения будет вообще космос, для этой квартиры. И сообщили хозяйке что хозяйка съезжать. На что она ответила, что раз в договоре нет срока который мы должны прожить, мы обязаны у нее жить до истечения договора, иначе она не вернет залог.\nПосле переговоров, поняв что имеем дело с неадекватным человеком, решили, что раз она все равно не вернет залог, то смысл жить у нее еще два месяца смысла нет, и решили съехать.\nК концу марта нашли квартиру и съехали.\nПосле чего хозяка устроила истерику. Начала грозить судами, депортациями, связями своего мужа и тд.\nМотивируя тем, что мы обязаны ей оплатить еще два месяца аренды и все коммунальные платежи.\nСообщение еще не завершено. Записались на консультацию к адвокату. Позже напишу чем закончится эта история.\n\nЕсли у вас нет лишних нервов и денег, крайне рекомендую обходить стороной."}},{"type":"Feature","geometry":{"type":"Point","coordinates":[19.820456,45.24387]},"properties":{"name":"Теодора Павловића 36","description":"Хочу предостеречь вас от аренды квартиры по адресу ул. Теодора Павловича 36 кв 16, которой владеет Милош Тркуля.\nЕсли коротко:\nсама квартира с виду не плохая, есть свои минусы и свои плюсы, но главная проблема - в хозяине квартиры.\nПо договору хозяин должен был хозяйка в первые полгода нашего проживания в квартире все возникающие поломки, а их прямо с заезда было не мало - не работающая вытяжка в туалете, поломанные механизмы у двух окон, из-за чего они не закрывались до конца, и в них оставалась щель почти в сантиметр, которую мы зимой заделали ватой; проблемы с частью системы канализации в ванной комнате, из-за чего оттуда периодически доносился соответствующий запах и др. На все наши замечания мы в течение 9 месяцев проживания в квартире слышали 1000 и 1 историю о том, как он занят, и как он обязательно в ближайшее время все починит, но по факту - ничего сделано не было.\nЗа то полностью хозяин раскрылся, когда мы выезжали их квартиры. Еще на стадии подписания контракта мы уточняли, что у нас должна быть возможность получения залога обратно, если мы предупреждаем хозяина о том, что съезжаем, за месяц до съезда.\nВ итоге когда с женой решили вернуться в РФ, мы предупредили его за 5 недель до отъезда, и он подтвердил нам, что все ок, и залог он вернет. За неделю до отъезда он приехал в квартиру, посмотреть ее состояние (которое было отличным), и снова подтвердил, что вернет нам залог.\nЗа то в день выезда с квартиры, когда нас уже ждал трансфер до аэропорта, он нарочно опоздал, приехав в последний момент, и когда я потребовал с него наш залог - он сказал, что пересмотрел контракт, и по контракту он имеет право оставить деньги себе.\nНа мое требование показать этот пункт в контракте (который у меня был на руках) он мне поочередно тыкал в несколько разделов контракта на сербском, который я тут же переводил через чат гпт, и естественно нигде в контакте не было даже косвенных слов о том, что он может оставить себе деньги. На эти замечания он сказал, что позвонит своему риэлтору, чтобы все уточнить. Далее он кому-то позвонил, минуту поговорил по сербски (естественно, без знания сербского я не мог понять о чем он говорит), после чего он сказал мол да, риэлтор ему сказала, что он может оставить эти деньги себе. Вот так вот) без всяких аргументов.\n\nИ ключевой момент тут в том, что этот Милош, до момента нашего отъезда, был крайне приятным парнем, казавшимся нам весьма порядочным, с которым (не смотря на его динамо с ремонтом поломок в квартире) у нас были вполне неплохие отношения. Но теперь понятно, что не стоит на такое вестись, и какими бы арендодатели не казались хозяйка, когда дело касается возврата депозита - многие из них (а подобных историй действительно много) классно переобуваются, идя на прямой обман жильцов.\n\nВ общем никому не советуем эту квартиру, обходите ее стороной.\nТакже приложу скриншот старого объявления по этой квартире, и инфо о самом хозяине квартиры.\n@yupugachev"}},{"type":"Feature","geometry":{"type":"Point","coordinates":[19.83657,45.247996]},"properties":{"name":"Данила Киша 14","description":"Нови Сад Данила Киша 14 квартира с зеленой стеной, дыркой в диване и неадекватной хозяйкой, которая выбила из нас все что можно при съезде и не хотела вернуть залог. Помогло то, что ситуация к концу была понятной, и я заранее проконсультировалась с полицейскими как мне действовать. При переговорах это помогло, но 50 евро за дырку в диване (которая была до нас, есть фото с датой, не помогло). Пыталась придраться к чему только возможно. А поначалу были милые люди, жили мы больше 2 лет без нареканий. Если увидите объявление знайте что фото квартиры старые, сделаны несколько лет назад, а метраж квартиры меньше заявленных 50 м. В этом доме у них 2 квартиры, а также вилла на телепе. Хозяйка, знает как выбить по максимуму. Квартира оформлена на сына Милана Стояковича.\n\n@lelele_pro"}},{"type":"Feature","geometry":{"type":"Point","coordinates":[20.367924,44.804155]},"properties":{"name":"Војвођанска 115","description":"Vojvođanska 115 (около Лидла)\nВладелица Lidija Šoškić (Лидия Шошкич), но вся коммуникация кроме подписания договора была с её сыном Иваном (Ivan Šoškić). Также может участвовать его сестра, Ивана.\n\nКвартира норм и коммуникация была вполне дружественная, но после выезда сначала тянули с возвратом депозита 850€ под разными предлогами, а через 2 недели отказались отдавать вообще.\n\nТакже они сдают квартиру по адресу Jurija Gagarina 164V, возможно Bulevar Zorana Đinđića 122 и ещё 6 квартир (по словам Ивана), адресов которых я не знаю."}},{"type":"Feature","geometry":{"type":"Point","coordinates":[19.815722,45.255854]},"properties":{"name":"Коперникова 29","description":"Жили в квартире на Коперникова 29, кв. 17, власник. Спустя месяц после заселения, власник решил её продавать, предварительно согласовав с нами. Мы договорились, что он будет предупреждать заранее о приходе потенциальных покупателей. Сперва он и правда предупреждал за день-два. Потом он решил прийти с ними без нас, и мне пришлось просить друзей прийти в квартиру, последить. В случаях когда мы не могли находиться дома с покупателями, власник, что у него есть свои ключи, и он просто ими откроет. Потом люди стали приходить без предупреждения в любое время. При разговоре об этом власник был хозяйка, что я не пускаю людей в квартиру без согласования, ведь «вам же лучше, если я продам эту квартиру и куплю другую получше». Ситуация становилась хуже, поэтому мы решили съехать. Сообщили ему об этом за неделю до отъезда, отдавать залог он отказался, потому что мы предупредили менее, чем за 30 дней. После беседы с ним мы поняли, что он не видит в ситуации никаких проблем и обязывает нас жить в шоуруме. После этой ссоры предложили жить последний месяц на залог, на что он ответил отказом и потребовал денег за следующий месяц. Обдумав ситуацию, мы поняли, что залога нам уже не видать, поэтому пришлось съехать и распрощаться с залогом. К слову, он собирается искать себе новых жильцов, так что остерегайтесь. (Также у этого власника есть еще квартира для сдачи на Коперникова 47, кв. 6)\n\n@anoonimka"}},{"type":"Feature","geometry":{"type":"Point","coordinates":[19.806373,45.254546]},"properties":{"name":"Стојана Новаковића 3","description":"Стояна Новаковича, 3.\n\nХозяина. У него несколько квартир в этом доме. Сдает.\n\nМы прожили у него месяц, оплатив коммунальные услуги 190€ наперед. Через неделю начало по очереди отключаться то электричество, то горячая вода. Мы 4 дня подряд жили вообще без воды. На наши просьбы что-то исправить, отвечал «До вас люди жили и все нормально было».\n\nАренда 600€. Залог 600€ не вернул, к сожалению.\n\nОчень неприятный тип\n\n@Julia_Gaii"}},{"type":"Feature","geometry":{"type":"Point","coordinates":[19.84615,45.25792]},"properties":{"name":"Grozde Gajšin 5","description":"Апартаменты по адресу Grozde Gajisin 5, Novi Sad - там женщина-собственник обманывает и грубо себя ведёт с теми, кто заселяется\n@Vi_Ni_Gu"}},{"type":"Feature","geometry":{"type":"Point","coordinates":[19.802151,45.253541]},"properties":{"name":"Каће Дејановић 3","description":"артиру сняли в конце мая 2022 года, съехали в декабре 2024 года. Срок аренды -- 2 года и 6 месяцев.\nДля справедливости: В квартиру заехали на 5 дней раньше срока, предусмотренного договором (хозяйка ставила это в упрёк).\n\nВ этой квартире до нашего переезда проживала пожилая (86 летняя) мама хозяйки. Стены и потолки квартиры были окрашены хозяевами до нашего заезда. Окрашены, как часто здесь встречается, весьма тонким слоем. Моментально загрязнялись от любого прикосновения. Отмыть какое-либо пятнышко со стены нереально.\n\nКвартира обставлена мебелью возраста 20-25+. Есть старый кожаный диван в гостиной, на вид 25 лет. Сантехника и бытовая техника -- 15+ лет.\n\nПосле заезда в квартиру несколько месяцев тихо и спокойно мирились с наличием хозяйских вещей (одежда в шкафах, посуда, книги). Попросили хозяев забрать хозяйка. Не торопили, не наседали, хозяева забрали около 80% вещей. В таком состоянии спокойно жили до выселения, без каких-либо взаимных претензий. Лишние хозяйские хозяйка распихали по шкафчикам в коридоре.\n\nOleg Ischenko, [14. 2. 2025. 13:25]\nОднажды хозяйка попросила хозяйка за 6 месяцев, т.к. ей нужно было срочно купить какое-то оборудование для работы. Оплатили 3 месяца вперёд, т.к. за 6 было некомфортно. Получили от неё устную благодарность.\n\nВсё было хорошо, и хозяйка всегда была хозяйка и улыбчива, пока не решили съехать.\n\nПредложил хозяйке схему: за счёт депозита живём половину следующего месяца (потребную для переезда), а оставшаяся половина депозита идёт на оплату коммунальных счетов.\n\nХозяйка согласилась, но потребовала покраску стен (с этим мы были согласны, т.к. стены были в некоторых местах испачканы практически во всех комнатах, что влечёт за собой необходимость полной покраски помещений) и потолков (которые не содержали повреждений). На покраску потолков мы не соглашались, но хозяева угрожали хозяйка, а муж хозяйки, в своё время хвастался связями в полиции. Решили \"не злить гусей\" и оплатить покраску и стен, и потолков. Они сами привели бригаду маляров, которая назначила цену 700 евро при стоимости аренды квартиры 600 евро в месяц. Сразу -- минус депозит (и даже больше). Покраска стен и потолков происходила в течение 3-4 дней, когда мы уже вывезли свои хозяйка и фактически освободили квартиру, но эти дни считались днями аренды.\nТакже хозяйка потребовала хозяйка и покраску сидушек кожаного дивана и кожаных пуфиков, на которых кожа за 2,5 года протёрлась, потеряла цвет и в некоторых местах треснула. При этом, сидели на них очень ограниченно. Повторюсь, что данные предметы мебели имеют возраст не менее 20 лет. Хозяева стали говорить, что мы должны были каждый месяц ухаживать за этой кожей, стали угрожать хозяйка, и пришлось выполнить хозяйка дивана и пуфиков.\n\nПосле ремонта дивана и покраски квартиры, 16 декабря, мужу хозяйки были хозяйка и мы, казалось бы, попрощались до прихода коммунальных счетов за декабрь, половину которых я обязан был оплатить (доплатить сумму, которую не покрывал остаток депозита).\n\nОднако, хозяйка 2 января, начала нам предъявлять новые претензии. Новые квартиранты (вероятно) обратили внимание на неисправность дверцы душевой кабины и трещины на пластиковой имитации стекла дверцы. Эти недостатки были с самого начала (мы не жаловались), но хозяйка решила предъявить их нам. Также хозяйка обвинила нас в пропаже нескольких ковровых дорожек, которые не удосужилась найти в шкафчиках вместе с другими своими вещами, которые не вывезла 2,5 года назад (и на вывозе мы не настаивали).\nСпустя еще 2-3 недели она потребовала оплату ремонта замка входной двери, о неисправности которого я около полугода назад ей сообщал, не настаивая на его замене. А также потребовала оплату замены крана на кухне, который отвалился в руках нового квартиранта. Все эти претензии сопровождались упрёками в адрес моей семьи в неаккуратности и нечистоплотности. На возражения относительно нашей чистоплотности и отсутсвтвия нашей ответственности за эти поломки я получил в ответ клеветнические оскорбления:\nO tome koliko"}},{"type":"Feature","geometry":{"type":"Point","coordinates":[19.814305,45.259096]},"properties":{"name":"Косте Рацина 2","description":"Всем здравствуйте. Только что узнала про существование данного канала. Съехали мы давно, но возможно информация пригодится. Снимали дуплекс на Косте Рацина, 23. Планировка квартиры не удобная- ванна и туалет только на 2 этаже. Сама лестница очень неудобная, скользкая, перила обрываются на предпоследней ступеньке. Верхний этаж квартиры накаляется до невозможного- хозяйка установить хозяйка отказалась. Ну и соседи рядом просто отвал головы- муж и жена с утра до вечера ежедневно кричат, иногда казалось что без перерыва, с чт по вс муж пил, что тоже добавляло шума в вечерне-ночное время. Скандалы, крики, пьяный вой навзрыд, от этого плач их всех детей…\nНу и специфическая хозяйка\nНе отвечает на важные сообщения, игнорирует, все как-то невпопад\nС маленьким ребенком такое не удобно\n\nhttps://t.me/BlacklistserbiaChat/394"}},{"type":"Feature","geometry":{"type":"Point","coordinates":[19.832614,45.245181]},"properties":{"name":"Пушкинова 18","description":"Хочу предупредить будущих арендосъемщиков квартиры в Грабице на улице Пушкинова 18. Так как ее тут активно рекламируют.\nВ телеграмме за властницу пишет ее «муж» и приезжает на все встречи всегда только он. А кто он никто не знает.\nТак вот если вы все таки решитесь на эту квартиру, то:\nВнимательно проверяйте все пункты договора. У нас изначально был пункт что властник может каждый месяц менять стоимость жилья\nНе пользуйтесь его «добротой» она вам выйдет в итоге в два раза дороже\nНеуравновешенный, придумывает сложные ситуации на ровном месте чтобы вы стали от него зависимым\nДепозит у нас был двойной и мы смогли выбить в итоге только половину, на нас пытались повесить то что было уже сломано до нас и придирался к каждой мелочи (его не волнует что в договоре был пункт о естественном устаревании мебели).\nМы сообщили об выселении как по договору ровно за 15 дней до окончания оплаченного(!) месяца, в итоге нас попросили съехать через 4 дня. Что мы и сделали. (Т.е. у нас осталось еще оплачено полторы недели).При этом он очень «удивлялся» что мы оказывается за месяц вперед платим(все всегда так платят и в договоре это прописано)\nРекомендую на моменте подписания договора зафиксировать все неисправности и мелкие недочеты.\nЕсли в квартире что-то не исправно он это не отремонтирует (мы просили отремонтировать крышку унитаза в течении месяца в итоге сами все сделали и еще много похожих историй)\nМы прожили там больше года, все переписки заскринены, фото квартиры до/после есть. Если нужны еще какие-то подробности или вы думаете снять эту квартиру- можете мне позвонить.\nМы сами во всем виноваты, не хотим чтобы кто-то еще повторил нашу судьбу.\n\n@DanKy3"}},{"type":"Feature","geometry":{"type":"Point","coordinates":[19.844423,45.241717]},"properties":{"name":"Народног фронта 11","description":"Негативный отзыв на квартиру по адресу Народног фронта, 11.\n\nКвартира с тараканами, как в лучшие студенческие годы, которые будут бегать прямо по постели и по вам + плесень. И не только…\n\nЖуткая холодина всю зиму и жара все лето (кондиционер еле дул и хозяйка сказала что это наши проблемы)\n\nТакже хозяйка не возвращает депозит в размере 550€, придираясь к каждой мелочи, если захотите съехать. Хотя по договору мы сделали все как прописано: предупредили за 30 дней.\nПрям четкое ощущение что хозяйка: а убрались? А хим чистку сделали? А стены покрасили? Этого нет в договоре! Но мы все сделали заранее.\nА она отказалась даже идти смотреть квартиру! Сказала принести ключ ей в офис, но мы настояли на передаче ключей в самой квартире.\n\nМы съехали по причине тараканов и плесени, исправно платили из месяца в месяц ком. услуги и аренду, не смотря на жуткие неудобства такого «соседства» с усатыми.\nПеред тем как съехать сделали химчистку дивана, ковра и кресла, а также покрасили все стены, навели генеральную уборку после себя.\nПричина невозврата депозита нам - «мне нужно дождаться квитков и через месяц….посмотреть сколько там». Предложили взять с нас среднемесячную оплату за все ком.услуги и разойтись.\nНо она с тупо все проигнорировала и проигнорировала требования вернуть даже часть депозита, который явно превышает в 2 с лишним раза все возможные платежи.\n\nХотя мы предупреждали заранее, что ждём его возврат!\n\nКвартиру мы не рекомендуем никому. Да и еще, мы честно пытались просить расписки за каждый платеж, но с первого же платежа нас стали игнорировать типа «все ок!»\nВопросы хозяйка решала хозяйка, к примеру, когда мы попросили второй ключ (семья из двух взрослых) или разрешить нам самостоятельно сменить личинку замка, чтобы её не напрягать, нам сказали: «не нравится - валите».\nХуже квартиры мы ни разу не снимали, а про отношение вообще молчу.\n\n@nika_bukel"}},{"type":"Feature","geometry":{"type":"Point","coordinates":[19.837433,45.259419]},"properties":{"name":"Светојованска 4","description":"ови Сад, Светоjованска 4, квартира 16\n\nНачну с того, что квартира находится в усталом состоянии. Стены в пятнах, мебель в основном бабушкина, с небольшим количеством современной, но и она не новая. На первом этаже унитаз регулярно протекает, как бы его не чинили. На втором этаже после ливня протекла крыша, и осталось большое пятно на потолке.\n\nЗа 1,5 месяца до нашего выезда прорвало трубу отопления. Течь устранили быстро, выштробили большую дыру в стене из которой стабильно пылит штукатуркой и к моменту нашего отъезда в квартире появилось много плесени на стенах в разных местах, а также сильно вздулся паркет. Состояние под ним осталось неизвестным.\n\nЗвукоизоляция в квартире практически отсутствует. В спальне с 5 утра было слышно, как соседи умываются и сливают воду в унитазе. В гостиной постоянно слышны голоса из общего коридора и громкие хлопки дверей. Летом в квартире появлялось огромное количество муравьёв. Несмотря на все усилия по их травлению, они возвращались и ели кошачий корм.\n\nСоседи оставили не самое приятное впечатление. Весь этаж и часть квартир дома заселены родственниками власника. Они часто шумели, хлопали дверьми. Одна из соседок, пожилая женщина, была всегда груба с нами и нашими гостями по непонятной причине, насмехалась из-за нашего недостаточного знания сербского языка. Терраса на крыше, которая имеет выход только из этой квартиры лишена уединения - окна соседних квартир выходят на неё, и за происходящим постоянно наблюдают подростки, орут что-то про Путина (треш).\n\nПосле подписания договора все вопросы власник решать своей жене, она все делала быстро. Хотя всегда приходила без предупреждения, что также создавало неудобства.\n\nПосле 15 месяцев проживания, когда мы сообщили о своём выезде, владелец отказался хозяйка депозит в размере 700 евро. Согласно первоначальному договору, невозвратный срок составлял 6 месяцев, и мы его выполнили.\nОднако в новом договоре, подписанном 9 мес. назад для уменьшения суммы аренды, они указали минимальный срок проживания в 12 месяцев, о чём нас не уведомили, а мы не заметили изменения этого пункта. Мы пытались обсуждать, что депозит был оплачен по условиям первого договора, но это не помогло. Особенно неприятным оказалось то, что жена власника открестилась от этой ситуации, сказав: «Мне очень жаль, разбирайтесь с тем, с кем вы подписывали договор».\n\nМы всегда относились к квартире с уважением, если вы рассматриваете эту квартиру для аренды, настоятельно советую тщательно изучить договор и быть готовыми к возможным трудностям с собственниками и их семьёй.\n@kashtan_n"}},{"type":"Feature","geometry":{"type":"Point","coordinates":[19.847295,45.25851]},"properties":{"name":"Златне греде 11","description":"Адрес: Zlatne 11, stan 7.\n\nВкратце:\n- Протекает крыша.\n- Техника не работает по большей части.\n- Депозит вам не вернут.\n- Любые проблемы решаются очень долго.\n- В квартире жарко летом из-за плохого кондиционера.\n\nНебольшая полторашка за 550 евро. Сняли именно ее хозяйка по причине того, что на поиски было всего 2-3 недели, а мы были с животными. На первый взгляд вообще очень милая квартирка.\n\nСкоро съезжаем, депозит нам возвращать не собираются, говорят, что мы должны красить стены (они, в общем-то, белые, но есть маленькие пятнышки в каких-то местах, потому что краска довольно некачественная) и вызывать глубокий клиннинг для диванов (их я пылесосила раз в месяц, остальное время на них были пледы, так как у нас кошки). В какой-то момент она вообще хотела потребовать ещё, потому что сказала, что покраска стен стоит 710 евро(это не так, максимум - 200).\n\nПлюсы:\n- В целом, чисто.\n- Хозяйка приходит хозяйка раз в месяц за деньгами и далее по необходимости.\n\nМинусы:\n- Почти вся техника еле живая, при въезде обещали нам ее заменить, но этого, естественно, не произошло.\n1. Стиральная машина. Первые два месяца ужасно работала: не отжимала и не отстирывала. Пришлось что-то стирать руками пока хозяйка не согласилась починить ее. Сейчас работает, но, есть впечатление, что ей уже хуже за 6 месяцев.\n2. Кондиционер. Это просто сказка... Расположен он так, что дует исключительно в один маленький закоулочек квартиры. По этой причине не мощный кондиционер (такой и есть) не может вообще охладить квартиру, учитывая, что это последний этаж. Сам кондиционер не мощный, ему уже много лет, за два месяца жары к нам мастера приходили раза 4, проблему не решили... Хозяйка с наезжающим тоном говорила нам не пользоваться в жару 40 градусов. В общем, последний мастер сказал, что его нужно менять полностью или пользоваться на 24 градусах. На это хозяйка сказала, что ничего менять не будет и, если он сломается (а он изначально почти не работал), - покупать новый будем мы.\n3. Плита/духовка. Она нагревает комнату очень быстро и сильно. К тому же, очень долго остывает. Неудобно, но жить можно.\n4. Холодильник просто маленький, но тоже не сильная проблема.\n- Состояние кухни:\n1. Очень низко расположена раковина и все поверхности кухни. Если вы готовите или моете посуду и вы выше 160 - больная спина гарантированна.\n2. Щели между раковиной и стеной, раковиной и плитой, плитой и стеной. Наверное, очевидно, что туда будет попадать вода или крошки, но помыть это будет невозможно.\n- Ванна:\n1. Никаких полок кроме шкафчика-зеркала над раковиной. (Решается покупкой полок на присосках)\n2. Раковина очень низко.\n3. Были проблемы с запахом из канализации. Их вроде решили, но они спокойно могут вернуться.\n4. Сток в душевой кабине плохой, вода сливается очень долго.\n5. Двери-шторки работают отвратительно, постоянно заедают.\n6. Тумба под раковиной изначально была вся прогнившая и в плесени. Собственно, это просто прикроватная тумбочка с вырезанной дыркой сверху и приклеенной раковиной. Материал банально не подходит в ванную комнату.\n- Спальня:\n1. Был хозяйка убитый диван 185 в длину. Спина после него ноет. Скорее всего, его поменяют, но это не факт.\n- Другое:\n1. Противомаскитные сетки не работают почему-то, комары всё равно дома есть.\n2. Батареи регулировать нельзя, поэтому зимой вам тоже будет жарко, если не держать окна открытыми всегда.\n3. Протекает крыша при дождях. Хозяйка её чинить не хочет, говорит, достаточно перекрашивать стены раз в год (нет, там буквально штукатурка сыпется и растет плесень).\n4. Диван и кресла довольно неудобные, подушки вечно съезжают, устали поправлять... Убрать их из квартиры никуда нельзя, точно также, как и 4 ненужных стула, два непонятных ковра и журнальный столик отвратительного качества.\n\n@Khonakhk"}},{"type":"Feature","geometry":{"type":"Point","coordinates":[19.80341,45.235009]},"properties":{"name":"Симе Милутиновића Сарајлије 4","description":"Novi Sad, Sime Milutinovića Sarajlije 4, кв 11, 3й этаж\n\nКвартира - однушка-мансарда на третьем этаже. Снимали без контракта, оставили депозит - 1 месяц.\nХозяин - хозяйка 40-50 лет. Являлся в квартиру без предупреждения, иногда приходил тайно в квартиру, зная, что никого нет дома. Требовал оплату всегда заранее, за 2-3 дня до 1го числа. Всегда требовал принести деньги наличными на его второй адрес.\nНа просьбы починить течь в душе - завтра-завтра, потом игнор. В какой-то момент сломался кран, прекратилась подача горячей воды, на просьбы починить - та же история, игнор.\nВ конечном итоге, когда уже съезжали от этих типов, чувак зажал депозит 230 евро. На требование вернуть деньги - все те же самые \"завтраки\" уже 3 месяца. Практически не отвечает на звонки и сообщения. Сейчас пытается продать эту квартиру. Мерзотный тип, не связывайтесь.\n\n@vania_or"}},{"type":"Feature","geometry":{"type":"Point","coordinates":[19.814493,45.256866]},"properties":{"name":"Хаџи Рувимова 42","description":"Адрес: Нови Сад, Хаџи Рувимова 42, кв 26\nВластник: Valentina Segedi\n\nВъехали в квартиру в конце октября прошлого года. Прошлый постояльцы экстренно съезжали из квартиры и хозяин хотел хозяйка ее сдать. Не смотря на очевидные хозяйка: болтающиеся ступени лестницы, отваливающаяся возле окна штукатурка, пара сломанных реек на кровати и подтекающий слив туалета, мы решили въехать на условиях, что хозяин. Заплатили 500 евро за аренду, 500 за депозит и 250 агенту.\n\nВ рамках всего года, при передаче хозяину, я напоминал, что он до сих пор не исправил то, что было обещано. В конечном итоге, когда мы съехали из квартиры хозяин пришел в дом и не стал возвращать депозит, мотивируя тем, что до нас все было в лучшем виде и стал мне присылать фотографии тех же недочетов, про которые я ему твердил весь год. По возможности, добавьте на карту адрес и обходите стороной данную квартиру\n\n@kulik8v"}},{"type":"Feature","geometry":{"type":"Point","coordinates":[19.84948,45.259335]},"properties":{"name":"Косовска 18","description":"Адрес: Нови Сад, Kosovska 18 квартира 4\nХозяйка: хозяйка\nАгент: Milena D. +381611510104\n\nПроживали в квартире 1,5 года.\nСнимали за 600 евро, залог 600 евро.\nКвартиру нашли через хозяйка (комиссия 600)\nС хозяйкой были в хороших отношениях до момента нашего отъезда\nМы со своей стороны всегда сообщали о неисправностях (петли на шкафах, проблемы с сантехникой) и всякий мелкий ремонт делали за свой счет.\nПо характеру хозяйка немного летящая и необязательная. Часто могла не приехать на запланированную встречу (для передачи денег или обсуждения поломки)\nЗа месяц до отъезда пригласили ее для обсуждения нашего отъезда.\nПоказали еще раз все поломки и состоянии квартиры (была сломана ножка у кровати и подлокотник у кресла) чтобы она решила что делать с залогом.\n\nЗа неделю до сдачи хозяйка пыталась отправить хозяйка для оценки квартиры и фото.\nМы ждали хозяйка всю неделю, но ни хозяйка, ни агент не приехали, тк по их словам они были заняты или не могли с нами связаться.\nВ день сдачи принимать квартиру приехал брат хозяйка, который часто (80% случаев) брал от нас оплату за квартиру вместо хозяйки и был в курсе состояния квартиры.\nОн созвонился с ней и она сказала ему вернуть половину залога (300 евро), вторые 300 евро остались на оплату счетов и мелкий ремонт.\n\nЧерез 2 недели она начала писать сообщения, что мы поломали все в квартире и все оставили грязным. Причем присылала фото поломок, которые мы показывали ей до отъезда.\nНачала требовать оплатить услуги хозяйка за второй год проживания.\nЕще через неделю написала, что мы должны оплатить покраску стен, ремонт пола, заправку кондиционера, ну и практически полный ремонт квартиры.\nПункт договора о естественном износе вещей и покрытий она игнорировала\nТреть сообщений от нее были с оскорблениями или поучениями, что едте в Россию и там живите как хотите, а в Сербии все по-другому, и мы должны делать ей ремонт.\nПосле этого перешла на прямые угрозы и шантаж. Что пойдет к работодателю жены в сербский офис со счетами и вызовет всех HR-ов для оценки квартиры.\nЗакончилось все тем, что она начала рассылать историю, как мы скрываемся в Сербии и не платим за ее ремонт по всяким Z-пропагандистам.\nПообещала, что сделаем все, чтобы нам был запрещен въезд в Россию, Сербию и почему-то Италию.\nВ конце перешла к националистическим лозунгам.\nНа ее сообщения не отвечали...\n\nhttps://t.me/BlacklistserbiaChat/15\n\n@sevtlt"}},{"type":"Feature","geometry":{"type":"Point","coordinates":[19.803549,45.242713]},"properties":{"name":"Јована Поповића 59","description":"Хозяин.\nУ него есть ещё 3 квартиры и 2 локала.\nХозяин не хозяйка залог. Требовал сделать полный ремонт. Хотел ещё сверху денег получить, угрожал депортацией и судами. Не принимал ключи, пока не заплатим.\nВызывали полицию, в итоге.\nНе рекомендуем.\n\nЗа 2 недели до выезда хозяин писать хозяйка, покрасили ли мы стены, муж ответил, что мы их помоем, хозяин написал ок.\n\nЯ обратилась за юридической экспертизой, по ней мы не должны красить стены\n\nДом был приведен в порядок, почищены матрасы, кровати, ковры, сделан мелкий ремонт и заказана ген уборка. Предупредили и заплатили за 30 дней, но выехали раньше.\n\nБудем ещё с адвокатом обращаться в полицию через 2 недели.\n\n@Mariia_Zaitsevaa"}},{"type":"Feature","geometry":{"type":"Point","coordinates":[19.846724,45.243479]},"properties":{"name":"Фрушкогорска 8","description":"Фрушкогорска 8 квартира 6.\nНас двое взрослых и трое детей, понимая, что нас много выбирали квартиру не новую - такой был план. Квартира в хорошем районе, меблированная, но явно уставшая, до нас объективно ремонта не было давно.\nДоговорились, что в течение двух недель мы всё опробуем, они исправят необходимое и станем жить. Пылесос есть, но не работает - пишем, а власники на сообщения не реагируют... Ещё были вопросики проигнорированные: запах канализации в ванной и на кухне, отсутствие горячей воды в раковине, неработающая римская штора, электро- и труборазводка оставляют желать лучшего, распадающийся паркет, дверь в душе слетает. Но при съеме квартиры почти всегда идешь на компромисы: вопрос, что ты готов потерпеть. Периодически проявлялись проблемы: ломалась посудомойка (электрическая часть), отвалилась дверь шкафа, заклинило внешние жалюзи... Просьбу установить антимоскитные сетки тоже проигнорировали(а комаров-то тьма).\nБыли и положительные моменты нашего общения: замена аэраторов, вызов мастеров по кондиционерам, при их поломке, мастер по посудомойке тоже приходил, заменили сгоревшую плиту, но тут поподробнее.\nКвартиру снимали за 750€, депозит за 1 месяц, договор на год. Одномоментно у нас потек кондиционер, сгорела варочная поверхность и посудомойка вышла из строя(электрическая часть, та, что уже чинили) и хозяйку она хозяйка кричала, а потом внезапно выдала: моя знакомая сдаëт квартиру за 900€, мне не выгодно вам сдавать, так что либо съезжайте, либо, платите 900€. Хозяйку еще характеризует, что она нас пожурила тем, что:\"Я же Вам ничего не сказала, что вас заехало четверо, а сейчас пятеро..! \" Я была на третьем триместре, скорое прибавление мы не скрывали.\nСтали искать новую квартиру.\nБыл отдельный момент, когда у нас пропал интернет, после разбирательств с провайдером оказалось, что властники за него, просто, не платили!\nС нашей стороны были тоже косячки, которые, даже с клинингом покрываются депозитом с лихвой, но хозяйке и этого мало - требует компенсацию в виде двойной месячной оплаты, в противном случае, угрожает судом.\nНаше мнение - квартира того не стоит.\n\nPD. Угрозы и злобные сообщения сыпались, как из рога изобилия, затем новые требования оплатить простой квартиры плюс ко всему предыдущему. Затем властница пообещала обратиться в миграционную службу и пропала.\nНо это не конец, а жаль.\nЧерез неделю, вечером в пятницу приходит сообщение от адвоката с досудебной претензией, но требования резко снизились до кварплаты последнего месяца (электричество и т. д.).\nС этим кейсом обратились к юристу у супруга на работе, тот подтверждает, что это дичь и советует адвоката. А уже адвокат(тут с его слов), разобравшись говорит, что заплатить придётся, иначе в суде она может привести каких угодно мастеров и какую сумму они скажут, что взяли с нее за работу - в то судья и поверит(даже без счетов и квитанций). В общем, это Сербия и знакомства, видимо, здесь выше закона.\n\n@Svetlana_chokolate"}},{"type":"Feature","geometry":{"type":"Point","coordinates":[20.482384,44.776285]},"properties":{"name":"Краљевачка 76","description":"кралевачка 76, 23\nхозяйка не знает хозяйка насчет картона, конфликтная, ставящая постоянно перед фактом когда делать картон(может написать вечером что завтра рано утром в муп и точка), ужасно душная насчет уборки, не дает ничего менять в комнатах и в целом всё грустно\n\n@mrchristmass"}},{"type":"Feature","geometry":{"type":"Point","coordinates":[19.832261,45.257787]},"properties":{"name":"Булевар ослобођења 46","description":"г. Нови Сад, Республика Сербия, ул. Бульвар Освобождения, д. 46, В4. Индекс 21000.\n\nПросьба внести в Черный список данную квартиру. Причины:\n- Квартира, скорее всего, ранее не была переведена из нежилого помещения в жилое. Ранее там была какая-то картинная галерея.\n- Из-за этого у владелицы заключены неподходящие договоры, поэтому в квартире слабое водоснабжение, так как она числится как нежилое помещение.\n- Непорядочный владелец, а точнее владелица, которая не хочет заключать договор.\n- В квартире в ванной комнате плесень.\n- Огромные тараканы, предположительно азиатского вида, которых хозяйка не предупреждает.\n- Установлен очень старый обогреватель, который не сертифицирован и потребляет много электроэнергии. За месяц расходы на электричество составили 24 000 динаров, что владелица не сообщила заранее.\n\n@divan_expert_007"}},{"type":"Feature","geometry":{"type":"Point","coordinates":[19.824102,45.240465]},"properties":{"name":"Арањ Јаноша 15","description":"Снимали квартиру с 1 мая 2023 года, 750 евро, депозит так же 750.\nХозяина, номер квартиры 34, 6 этаж.\nПрожили 14 месяцев. Долгов по коммуналке нет. Договор стандартный: предупреждение о выселении за 30 суток.\n\nКвартира с ремонтом от застройщика. Хозяин жил со хозяйка девушкой полтора года, затем сдал нам.\nПокраски стен перед нами не было. Квартира не была свежей.\n\nПредупредили о выселении не с первого числа, но ровно за 30 дней. Получается, с середины месяца. Оплатили весь июнь, половину июля + коммуналка.\n\nХозяин перекрасить полностью всю квартиру за наш счет. Вычитает из депозита за каждую царапину. Последний месяц в счет депозита не берет.\nСсылаясь на то, что мы\nвыезжаем в середине месяца, даже с учетом оплаченной коммуналки за этот месяц - вешает на нас вину за то, что квартира его будет «простаивать» с 11 июля и весь август. В объявлении о сдаче стоит аренда с 1.08, тем не менее.\nАдекватно диалог не получается вести.\nНас не было две недели в квартире, за которые мы договорились он будет искать новых арендаторов и мы ему отдали один комплект ключей.\nПолучается у человека есть 5 недель до 1 августа для поиска новых жильцов, в июле мы прожили в квартире ровно 3 суток. Никакие адекватные доводы не работают с ним.\n\nЯ нашла людей, кто приходил на просмотр. С них потребовали депозит уже в 1400 евро, видимо потому что и с нас хотелось бы больше вытрясти.\nДепозит не возвращается, до последнего ищет что бы в расходы включить.\n@olia_dreamer"}},{"type":"Feature","geometry":{"type":"Point","coordinates":[19.831543,45.236338]},"properties":{"name":"1300 каплара 5","description":"Нови Сад, 1300 Каплара, 5. Владелец\nХозяин сначала показался очень адекватным и даже не заходил в кв за оплатой. Спустя два месяца аренды хозяйка заходить и через 4 месяца удивился, что мы купили себе столы для работы/сделали перестановку. Далее к нас сломался кран (какой-то китайский расходник внутри) и хозяин, что это из-за того что мы не чистили его от налета. Проигнорировав наш вопрос о возмещении средств за ремонт.\nТакже в какой-то месяц прислал квинтацию, которая ему пришла онлайн и спросил оплатили ли мы электричество. Мы сказали, что оплатили то, что пришло в почтовый ящик - сумма меньше в два раза. Ему не понравился наш ответ о том, что оплатим в следующем месяце за оба когда пересчитают (ведь это была не наша вина, что коммунальная компания не сделала должный расчет вовремя) и он сообщил что мы должны немедленно пойти и все оплатить, добавив и потребовав, что по контракту мы должны присылать фото платежей каждый месяц.\nДалее при оплате аренды следующего месяца мы сами вычли стоимость ремонта крана. На что хозяин заявил, что вообще-то всю технику мы должны ремонтировать из своего кармана, даже купить новую если она придет в неисправность. (На минуточку вся техника в квартире старая, а стиральная машинка вообще так 98 года.). В контракте четко прописано, что в случае естественного износа - оплачивает владелец, но как оказалось сам владелец считает хозяйка прорыв водосточных труб, например или сломанный лифт в доме.....\nСообщив ему за месяц, что мы собираемся съезжать, ведь такое нас не устраивает - постоянно сидеть на стрессе и ждать пока что-то сломается или откажет. Он сообщил, что будет связываться с нами когда придут смотреть кв потенциальные арендодатели, НО мы должны резко расставить всю мебель по местам как было при нашем заезде (апеллировал тем, что в Сербии так принято).\nКогда мы вежливо ответили, что перенесем мебель на свои места только к моменту съезда из квартиры он написал, что имеет право (по тому же контракту) приходить хоть каждый день на проверку квартиры, уведомив нас за 24 часа и будет эти пользоваться.\n@cutemonbebe"}},{"type":"Feature","geometry":{"type":"Point","coordinates":[19.848103,45.242696]},"properties":{"name":"Фрушкогорска 19","description":"Адрес: Fruškogorska 19, квартира 9. Нови Сад. Власница.\nКвартира уставшая, всё что там находится, требует ремонта или обслуживания. Под окнами находится заведение - 'Точионица'. С пятницы по воскресенье играет музыка до полуночи, когда автомобильный трафик стихает - очень хорошо слышно. Мешает. Плюс, окна деревянные, плохая шумоизоляция. Хозяйка отказалась разрешить нам последний месяц прожить за депозит, хотя была такая договоренность. О том, что будем съезжать предупредили заранее, но она встала в позу. Договор на год, съезжаете раньше - фиг вам, а не деньги. Настоятельно не рекомендуем связываться. Дорого и грустно.\n\nМы пробовали ей предъявить сломанную дверцу у стиралки, она такая: ну работает же, зачем чинить?! Больше ни о чем не просили. Пришли к выводу, что бессмысленно\n\n@Iziraah_Mariia"}},{"type":"Feature","geometry":{"type":"Point","coordinates":[19.836738,45.256769]},"properties":{"name":"Валентина Водника 21","description":"алентина Водника 21-42. Трехкомнатная владелец. У него тут не одна квартира в этом доме. Сейчас сдаем квартиру им - не хотят возвращать залог, требуют остаться и покрасить стены - хотя мы их оттерли и зашпаклевали даже там где были косяки до нас. Предьявляют за изначально сломанные и испорченные вещи. Прожженый матрас на втором этаже скол на раковине, отломанная крышка унитаза и т д. Угрожают полицией требуют денег.\n\nИзначально заявлена была кухня от предыдущих арендодателей - тут снимали хозяйка долго. Кухню они вывезли с собой и он поставил старье вот это\n\nБыло в договоре что квартира предоставляется в приемлемом виде и если что то не так в процессе эксплуатации, то квартиросьемщик исправит или оплатит\n\nС нового года стало течь под раковиной потому что старая сантехника плохо загерметизировано - игнорировал - потом сказал что это наши проблемы. Отвалился шланг от водогрея там же на кухне - тоже чинить не стал. Вообще проблемы начались сразу как мы озвучили что собираемся сьезжать\n\nДо этого вполне адекватный был - плиту сломанную заменил стиралку с пластиной торчащей которая мне перепортила одежду заменил\n\nВ переписке все его просьбы отмыть стены в общем коридоре дома, стулья отмыть, все сколы на стенах зашпаклевали\n\nОн насчитал 1900 евро сверху залога\n@NadyaShkel"}},{"type":"Feature","geometry":{"type":"Point","coordinates":[19.846373,45.258302]},"properties":{"name":"Николе Пашића 18","description":"Снимали квартиру в Нови Саде на ул. Nikole Pašića 18 кв.4\nСтоимость аренды 500 евро и 500 евро депозит, хозяин что депозит возвращается в конце.\nСнимали 1.5 года, исправно платили без задержек.\nСчёт за коммунальные услуги выходил около 200 евро.\n\nБыло сказано за 1.5 месяца хозяину, что мы ищем дом для жизни и будем съезжать с квартиры.\nПри этом соседняя квартира принадлежит ему же, и там шел ремонт, в течении месяца каждый день набирал у нас воду и всё было душевно, а 27 апреля ещё написали ему в whats app, что активно ищем дом и что есть варианты уже, что жить до конца мая только будем.\n25 апреля при этом заплатили за месяц вперёд, и 12го мая сказали что дом нашли и что до 25го мая съедем.\n20 го мая заплатили коммунальные платежи.\nОн сказал что ничего против не имеет и если мы приведем квартиру в порядок будет всё ок.\n24 мая квартира была вычищена, был сделан полный клининг все убрано на то место на котором всё было первоначально.\n25 мая при сдаче квартиры он был доволен, тщательно всё смотрел, всё было идеально, но депозит не отдал сказал что мы ему сообщили только 12 мая, что сьезжаем.\nНа возмущения, когда показали текст сообщения от 27 апреля сказал, что он ещё почитает всё и скажет.\nЧерез пару часов согласился вернуть депозит через месяц, если мы заплатим за коммунальные, но после пару дней прислал сообщение что посоветовался с адвокатом и сослался на текст от 12 мая, а не 25 апреля и что депозит не отдаст, также написал что ему придется красить стены и прислал фото столика и стекла треснутого на нём, которое было треснуто изначально, но скрыто лентой по периметру, которую мы отклеили(\n\nИз + квартиры\n+ достаточно тихо,окна выходят во двор.\n\n- Минусы\n- квартира на первом этаже и постоянно образуется плесень на стенах, не работает один радиатор\n- высокие коммунальные платежи\n- депозит не отдают\n\n@Andrerte"}},{"type":"Feature","geometry":{"type":"Point","coordinates":[19.835159,45.246153]},"properties":{"name":"Гогољева 14","description":"Хочу поделиться нашим опытом аренды квартиры на Гоголева 14. На первый взгляд квартира понравилась, хозяйка очень хозяйка, внесли предоплату. Только после того, как отдали деньги выяснилось, что не вся мебель в квартире принадлежит хозяйке, надо докупать (неприятный сюрприз, но ладно).\nЗаехали сразу после предыдущих жильцов, квартиру нам передавали они в довольно грязном виде (тоже не очень приятно, но ок, убрали сами).\nНесколько месяцев было нормально, а потом начался АД. Прямо под квартирой тренажерный зал, заехали новые Хозяева по ночам и дискотека днем. Два раза вызывали полицию, жаловались хозяйке, но без особого успеха. После того, как она нас полтора месяца кормила обещаниями разобраться, мы все же решили съехать, тут началась основная жесть. Залог она нам возвращать отказалась, аргументируя тем, что квартиру сейчас не сдаст, у нее потери финансовые... Пригрозили судом, сказали, что предупредили в письменном виде за 30 дней по договору, отбили только половину. Квартиру от нас она потребовала в вылизанном до блеска виде (хотя мы ее получили с плесенью в ванной и заляпанной жиром кухней) - еще расходы на клининг. Дальше она начала нам предъявлять все подряд - край ковра загнулся, сантехнику надо чинить и т.д. Итого наши убытки в евро: 500 покупка недостающей мебели, 400 аренда второй квартиры на время переезда, 400 агентству, 400 потерянный депозит. Два месяца истрепанных нервов и бессонных ночей. До сих пор продолжает слать сообщения на что-то жалуясь и вымогая денег.\nЕсли все же будете смотреть эту квартиру, советую вечером, дискотека целый день, но вечером громче, поймете, на что соглашаетесь.\n\n@loka_teacher"}},{"type":"Feature","geometry":{"type":"Point","coordinates":[19.797278,45.241792]},"properties":{"name":"Булевар патријарха Павла 121","description":"Булевар Патриарха Павла 121, кв.10. Владелец.\n\nУ нас был типовой договор на год (с прописанными возможностью досрочного расторжения, и авторасторжения в случае неуплаты). Квартира уставшая, начиная от капающего кондиционера, который скоро, кажется, отвалится от стены, потому что верхнее крепление выскочило, до холодильника, в котором растет огромная шуба, ну и еще по мелочи. Власник с квартирой решал медленно и нехотя, при этом все время радостно улыбался и рассказывал истории, которые были одна краше другой. Например, через два дня после моего заезда в квартиру отвалилась ручка входной двери (оказалось, она была приклеена). Власник пришел на хозяйка утро и приклеил ее обратно, заверив меня, что его отец вот-вот вернется из отпуска и заменит ручку + замок на новые, потому что они хотят, чтобы у меня все было зе бест. Никакой отец не пришел, ручка через день отвалилась снова, я уже сама ее приклеила, а через какое-то время, напомнив о себе, услышала новую историю – что замок был заказан из Китая, и пришел не тот, который нужен, и теперь надо заказывать новый. Ну и так далее. В конце концов, ручку через несколько недель заменил один мой знакомый, потому что она все время отваливалась и пару раз я всерьез переживала, что не попаду в квартиру.\n\nВ общем, я решила съехать по причине бытового дискомфорта, при этом причину, когда я сообщала (за месяц!) я не озвучила, просто сказала, что решила съехать. Он сказал мне, что вернет депозит, и что я ничего не должна; а затем в течение месяца писал мне сообщения, что он обсуждал наш договор с юристом, и я его нарушила, потому что съезжаю раньше срока и ему теперь придется искать новых жильцов, а ему так не хочется это делать и так далее. Вкратце, что было далее – депозит не вернул, сославшись на то, что я съезжаю раньше срока и это его ущерб. Требовал с меня деньги вперед и за предыдущий месяц, якобы я ему не платила. Затем начались звонки с разных номеров, смски, писали моей подруге в ФБ – угрозы судом, полицией и всякое такое. Когда я посовещалась с адвокатом и аргументировала, сославшись на наш договор, что он может быть расторгнут, и он не имеет права по нему не возвращать мне депозит – он написал, что ни я, ни мой адвокат в этом ничего не понимаем, а после моего следующего аргумента написал, что я тупая, и на этом мы закончили.\n\nP.S: Когда я только смотрела квартиру, он рассказывал, как его некрасиво кинул предыдущий арендатор, и оставил ему кучу долгов, которые он много месяцев выплачивал. Думаю, он и про меня будет рассказывать какую-нибудь дичь.\n\n@pupenko"}},{"type":"Feature","geometry":{"type":"Point","coordinates":[19.838386,45.250558]},"properties":{"name":"Аугуста Цесарца 17","description":"Хотел бы добавить в чёрный список квартир квартиру по адресу город Нови-Сад, улица Augusta Cesarca 17, квартира 25\nХозяин\nКвартиру снимали за 700 евро и 60 евро фиксированно за комуналку, при заселении внесли депозит 700 евро\nКогда подписывали договор в квартире ещё не был закончен ремонт, пообещали что все будет для комфортной жизни, сделают рабочее место. В итоге ремонт не был закончен вовремя, рабочее место так и не сделали, стиральную машину привезли только через 2 недели в очень плохом состоянии, с какой-то землёй внутри, душ течет\nСъехали в феврале, депозит нам так и не вернули, хотя квартиру уже сдали другому человеку пару месяцев назад. Хозяин обещает каждый день отдать депозит, но в итоге сливается и ничего не отдает\n\nНи зеркала, там где в стене дырки они так и остались, никаких полок так и не сделали\nВ ванной так же ничего больше не сделали, только через 2 недели привезли машинку\nВ гостиной все что изменилось с того момента - это он привёз стол и 4 стула, ну и прикрутил ручки, сделал кран и привез микроволновку\nВсю посуду, чайник и все остальное мы покупали сами, в квартире больше ничего не было\n\n@michael_gadzhiev"}},{"type":"Feature","geometry":{"type":"Point","coordinates":[20.398505,44.809065]},"properties":{"name":"Омладинских бригада 96e","description":"Адрес: Omladinskih brigada 96E, sprat 5, stan 10\nКонтакты: Любомир (только сербский), Владимир (немного английский)\n\nЗалог не вернул. Хозяин - хозяйка хозяйка Obuca Metro. Будте готовы платить в 2 раза больше за электричество, т.к. для компаний совершенно другие тарифы, и об этом вас никто не предупредит, но будут тыкать носом в подписанный контракт - мол вы обязаны платить и точка.\n\nСтройка за окном, шум с утра до вечера, даже в воскресенье. При заезде за окном была парковка тц, через месяц после заезда тц снесли и начался невыносимый шум каждый день. При этом хозяин о планируемой стройке, и на мой вопрос “бывает ли тут шумно за окном?” просто в глаза соврал “никогда”.\n\nКоммуникация просто отвратительная - никакой помощи, на ваш вопрос ответ получите через неделю или две. По английский почти не говорят.\n\nПеред заселением согласовывали договор аренды целую неделю - юристы компании там такого написали в договоре - буквально если на 1 день просрочить какой-то платеж, то с полицией можно приходить вас выселять и конфисковывать ваше имущество … бред. На любые просьбы о помощи и содействии отвечают одно и то же - “читали договор? там такого нет”.\n\nКонтракт был на 1 год, прожили 9 мес. О выезде из квартиры мы их предупредили аж за полтора месяца, то есть времени найти других жильцов было у них более чем предостаточно. И даже на словах получил от них обещание, что вернут депозит в день возврата нами ключей. Но в этот день начали просто врать мол “мы такого не обещали” и ничего не вернули.\n\nЗаезжали мы в эту квартиру полную строительной пыли после ремонта, и отмывали своими руками целый день, хотя я просил их её убрать перед нашим заселением. Тем не менее, когда возвращал ключи хозяин, квартира невымыта, белые стены в пятнах и ему придется их красить и потратить на это €200. Признаю, белые стены в прихожей подзаляпались детскими грязными руками, но это вытирается мокрой тряпкой и не повод придумывать штрафы на ходу, особенно учитывая что при заезде квартира была еще грязнее и красить он там ничего не будет.\n\nТакже при возврате ключей хозяйка требовать деньги за коммунальные платежи за 4 дня прожитых в текущем месяце, но почему-то забыл, что мы заехали в 5й день месяца и заплатили за тот месяц за коммунальные платежи без всяких вычетов и пересчетов.\n\nВ общем и целом общение в очень хамской и высокомерной форме с их стороны проходило все эти 9 месяцев.\n\nрасходы на коммуналку в RSD в месяц:\n⁃ 12,000 обслуживание/уборка/охрана\n⁃ электричество EPS от 10,000 до 15,000\n⁃ вода / отопление Infostan от 3,000 летом и до 17,000 зимой.\n\nСама квартира хорошая, но ищите другого хозяина в этом доме.\n\n@VladislavBP"}},{"type":"Feature","geometry":{"type":"Point","coordinates":[19.83538,45.244592]},"properties":{"name":"Алексе Шантића 14","description":"Хочу оставить отзыв о квартире на Алекса Шантича 14 кв 4. Хозяйку. Мы жили 1 год у неё, изначально всё было старое и мебель и покрывало и посуда, кран постоянно течёт на кухне, сверху живет молодой сосед с собакой, постоянно шумно, собака лает, последней каплей стали тараканы, которые появились в последний месяц. Когда мы сказали, что переезжаем, она возмутилась. Каждую неделю нам писала, давайте быстрее, хотя у нас договор до 4 апреля. Съехали раньше, потому, что начала при нас делать ремонт, позвала мастера, который белил в ванной, потом красил краской, хотя я ей сказала у нас дети 3 и 7.А ей пофиг. Вообщем доставала нас. Депозит не вернула, хотя обещала, если мы покрасим стены, мы убрались, покрасили, ковры отдали на чистку, пришли за депозитом, она опять начала искать косяки, сказала оплатить чистку дивана, мастера, покрывало, подушки купить. Очень злая и противная женщина. Сейчас будет сдавать за 650 евро типа люкс, оно не стоит этих денег, тем более с тараканами. Не рекомендую☹️☹️☹️👎👎👎 Останетесь без депозита и будете делать ремонт за свой счёт.\nбабушка Божий одуванчик, она всё приносила нам, потому, что мы платили. А, когда начали съезжать, начала всё вычитывать с нас. Хотя мебель старая и так всё разваливается. Показала свой характер.\n@Sunny352023"}},{"type":"Feature","geometry":{"type":"Point","coordinates":[20.469174,44.815095]},"properties":{"name":"Хиландарска 30","description":"адрес: Хиландарска 30, квартира 5 100 кв метров.\nПредупредили власника о выезде за месяц, при выезде не вернул залог 1000 евро, якобы деньги пойдут на покраску всей квартиры, хотя с квартирой и стенами все окей. Из наших личных (!) вещей дома взял 12.000 дин и нашу версию договора, когда дома никого не было (!), деньги взял якобы на инфостан и оплату вайфая, это просто воровство, которое уже никак не доказать, к сожалению.\n\n@vallydol"}},{"type":"Feature","geometry":{"type":"Point","coordinates":[19.810656,45.264016]},"properties":{"name":"Миленка Грчића 17","description":"Миленка грчића 17. квартира 76.\nЗаехал я туда 20 октября. Властница, Драгана (лет 55-60), показалось доброй, хорошей женщиной. Она всегда ездила в сопровождении своей дочери, Марьяны (лет 30-32).\nДоговор заключили у нотариуса и в его присутствии договорились о том, что арендная плата, в размере 350€, будет взиматься каждое первое число месяца, за будущий, а за 10 дней октября я оплачу отдельно, 120€, а так же, что я буду выезжать через 3 месяца (в фервале). Одноко, договор мы составили как бессрочный, для получения ВНЖ.\nКвартира старая, двухкомнатная не без своих плюсов, но в плохом состоянии. Деревянные окна, которые постоянно тряс ветер, вся кухня была в жиру (стены, посуда, плита). На плите работало только 2 конфорки, туалет протекал. Но, за исключением другого выбора заехал.\nСпустя 10 дней моего проживания сломалась стиральная машинка. По стечению обстоятельств это случилось при властницах, так как они приехали за арендной платой. Сразу же они предложили решить проблему и купить новую. Через 30 мин приехала доставка, с новой машинкой, но оказалось, что она не пролезает в дверной проем. Драгана решила взять другую, подержанную. Специалисты привезли, поставили, все работает.\nЧерез, примерно, 2 недели я и моя девушка решили сделать перестановку в квартире. Начали с диванов (а их было 3). Оказалось (при перестановке), что один из диванов, самый древний, ужасно вонял (такое чувство, что мочой). Я договорился с Драганой, что мы выбросим диван, она согласилась.\nПод конец января я напомнил, что мы будем переезжать и мы договорились встретиться. С этого момента начинается самое интересное.\nПо приезде, они заявили что не вернут депозит, так как в договоре сказано, что о выезде из квартиры нужно сообщать за 30 дней. Тут я сам виноват, так как решал вопрос о трёх месяцах на добром слове. Я предложил остаться до конца февраля, и уехать 1го марта. Внёс плату за февраль, но, оказалось, что я должен ещё заплатить в конце февраля, за февраль. Я сначала не понял что они имеют в виду. Оказалось, по их словам, мы платим постфактум: сначала живём, потом платим. Если посчитать, 10 дней октября, ноябрь, декабрь, январь, февраль. По их логике я должен платить за 5 месяцев, хотя живу 4. Спорить не было смысла, хотя мы и пытались. В итоге я решил назначить ещё одну встречу с ними и с переводчиком.\nПеред самой встречей приехал переводчик, мы объяснили ему всю ситуацию. Когда пришли Драгана и Марьяна разговора о дополнительной плате в конце месяца просто не было. С порога они заявили, что просто не вернут депозит, так как они купили нам машинку и мы выкинули их диван. На вопрос: \"получается машинка наша, раз вы купили её на наши деньги?\", они сказали нет. И машинка их и депозит их. Про диван я вообще молчу, старый диван, который вонял и цена ему...да вообще он нихрена не стоит. Очень долго мы с ними разговаривали, ругались. В итоге разошлись, переводчик был в шоке (забыл упомянуть, что переводчик был профессиональным риелтором).\nНе теряя надежду решить все миром, я написал Драгане, что рыночная цена её машинки едва 10.000 динар, на сайтах по типу купуем продаем. Она начала рассказывать, что машинку привезли из Германии, за 300€, что у нас в квартире беспорядок и ТД.\nНа суд у меня не было ни ресурсов ни времени. Мы решили сделать ход конем, не оплачивать счета за 2 месяца (учитывая, что в квартире центральное отопление, цены за коммуналку хорошие). С тех пор у нас в квартире всегда была горячая вода и горел свет.\nДо нашего переезда, за пару дней, мы увезли все вещи на новую квартиру потому, что я не знал, что они сделают, когда узнают про счета. В сам день переезда мы убрались в квартире до того состояния, в котором она была, когда мы въехали. Еще такой момент, во время уборки мы нашли квитанцию (чек) о покупке той самой подержанной стиральной машинки - цена её составила 17.700динар. Тогда же засняли на видео, что квартира целая, позвали соседей, как свидетелей состояния квартиры.\nКогда приехала Драгана (с дочерью и сыном), она начала угрож"}},{"type":"Feature","geometry":{"type":"Point","coordinates":[19.837865,45.27212]},"properties":{"name":"Радоја Домановића 62","description":"Я бы хотела внести дом в черный список Нови-Сада.\n\nRadoja Domanovica 62\n\nВладелец.\n\nХозяин через месяц после нашего заселения начал без нашего ведома искать новых жильцов, требует с нас больше денег за аренду, чем прописано в договоре.\n\nИз-за его не подготовленных документов у нас было много проблем с полицией и белым картоном.\n\nУ нас оплачено жилье до 1 марта, но он уже начал водить новых жильцов на просмотры, хотя мы против. Угрожает, что если не пустим, то запрет нас внутри дома, пока мы не заплатим ему еще денег.\n\nСам дом не стоит 600 евро, мебели и техники нет никакой кроме раковины, пользоваться им тяжело. Например, в душевой полностью разбита плитка на полу. Каждое утро под окна приезжает его сын и подолгу разгружает металлические трубы. При заезде нам было сказано, что он просто хранит здесь машину и будет приезжать на пять минут.\n\nСчета нам обещали 125 евро, в итоге в 2,5 раза больше.\nСейчас дом сдается за 800 евро, если платите за год, и 1000 евро если помесячно.\n\nВот пример объявления, но удивительным образом их появилось больше десяти в интернете, до того как мы узнали, что он хочет чтобы мы съехали.\nhttps://sasomange.rs/p/136049978/poslovni-prostor-200m2-salajka-odmah\n\nЗалог нам никто не возвращает, пытаются стрясти денег за то, что мои собаки поцарапали его пол и стены, хотя оставляем все в первоначальном состоянии.\n\nЛендлорд абсолютно неадекватный дед, настроение у него меняется на противоположное каждые три часа. Пожалуйста, не связывайтесь с ним, оно того не стоит.\n\nЕсли хотите больше подробностей, пишите в телеграм: @jichetw"}},{"type":"Feature","geometry":{"type":"Point","coordinates":[19.823164,45.234014]},"properties":{"name":"Јернеја Копитара 45","description":"Здравствуйте! Можно внести арендодателя в чёрный список. Адрес Телеп, Јернеја Копитара 45b, частный дом. При передаче ключей дом был очень в грязном состоянии, вход на террасу дверь сломана, я попросила к заезду все привести в порядок и отремонтировать дверь, власник и мы прописали это в договоре, что к заезду должно быть все устранено. По факту ничего не было сделано! Власник кормить его собаку которая живёт на заднем дворе(власник в Белграде живёт)мы кормили, эта собака набросилась на нашу собаку и покусала и мужа в том числе. Мы решили съезжать, предупредили по договору за месяц, депозит обещала вернуть. При выезде депозит двойной -1600 евра отказалась отдавать, сказала что ей нужно проверить всю технику и прочее. при выезде\n\nОна сказала что вернет 800 евро. Остальные 800 пойдут на клининг который она делала 2 раза до нашего заезда - 250 евро+ ю( но коинингп там никакого не было, я отсылала всё сама) + труба протекает на кухне будем пополам ремонтировать и да за коммуналку мы не платили т к. квитанции ещё не пришли на момент выезда. За 1,5 месяца которые мы прожили должно быть не более 400 евра( со слов власника 200 евра мы платим и 200 она, пополам, т. к. дом большой) Супруг отказался брать 800 евро и сказал что обратится в суд.\n\n@Elena888R"}},{"type":"Feature","geometry":{"type":"Point","coordinates":[19.812917,45.257291]},"properties":{"name":"Цанкарева 21","description":"Цанкарева 21, квартира 43В, хозяйка, риэлтор (её друг). Очень не рекомендую данную квартиру. Сразу отказывалась показать документы на квартиру, но я посмотрела по кадастру на сайте, хозяйка она, поэтому согласились. Заселились туда и заранее обговорили, что на хозяйка. хозяйка согласилась и сказала, что тоже сдает на хозяйка. Мы по глупости оплатили квартиру сразу на полгода вперед. Как только переехали туда попросили помощи с муравьями, так как они были по всей кухне и ванне. Она обещала решить вопрос, по итогу всегда “кормила завтраками” и мы спасались своими силами, их стало меньше, но они остались. Также было с ещё парой вопросов. Через неделю после оплаты она сообщила, что ей срочно нужны деньги для сына и она решила продать квартиру. Мы были в шоке, ну что делать. Искать быстро не было возможности, плюс боялись, что она не вернет деньги. Решили пожить там сколько сможем. Покупателей было очень много и они приходили раза три в неделю точно. хозяйка предупреждала в основной накануне вечером, но несколько раз писала мне за час. После нескольких раз я психанула и сказала, что нам неудобно и просила поменять день просмотра. Она бесилась сильно. Также несколько раз предлагала квартиру нам, даже с возможностью взять “в ипотеку” у нее лично, конечно нам нравилась квартира и может быть мы бы даже хотели ее купить, но платить деньги чужому человеку без нотариуса не рискнули. Она говорила, что действующий юрист, поэтому бумажную часть всю возьмет на себя. Мы отказались. Через два месяца после переезда она сообщила, что продает квартиру и нам нужно съехать (за несколько дней до нг). Я несколько раз просила её узнать у покупателей, будут ли они её сдавать, она сказала, что нет, ощущение будто и не спрашивала. Также однажды я встретила соседку, которая когда узнала что мы снимаем у Майи резко изменилась в лице и несколько раз попросила быть очень аккуратными с ней. Я спросила в чем дело и она сказала, что у нее постоянно съезжают жильцы, и несколько жителей говорили, что она приходит домой пока никого нет. Мы даже камеру в коридоре поставили после этого. Ещё соседка сказала, что она очень странная и постоянно продает квартиру вот уже три года как. А сама хозяйка, когда мы спрашивали про соседей, сказала что они все сплетники и лучше с ними не общайтесь. Не знаю кому и верить…За день до переезда, хозяйка написала мне, чтобы я сфотографировала подушку и покрывало, которые она оставила (там все прям совсем не новое было и я сразу сложила и убрала вниз под лестницу). Я объяснила ей, что убрала и там лежат наши вещи, мол не не очень удобно, как уедем я сразу сфоткаю, так как иначе там придётся всё доставать только ради ее подушки. Она устроила скандал, что я хочу забрать её подушку и покрывало и что ей срочно нужна фотография. Я сказала, что завтра мы съезжаем и как только увезем все свои вещи я сфоткаю ей её подушку. Она начала реально истерить, и мне пришлось всё разбирать. Деньги она отдала нормально, но после того, как мы съехали несколько раз ещё писала с претензией где пульт от телевизора (хотя я несколько раз говорила, что его нет еще в самом начале), как включить плиту и так далее. За три месяца пока мы там жили она писала мне почти каждый день.\nСейчас увидела, что квартира опять сдаётся, я уточнила у риэлтора кто хозяин квартиры. Он сказал, что сделка сорвалась и что сдаёт и также пытается продать квартиру. Имейте в виду, что если переедете, то будете часто встречать покупателей (поверьте это задалбливает)!\n\n@KateMi96"}},{"type":"Feature","geometry":{"type":"Point","coordinates":[19.84344,45.244073]},"properties":{"name":"Булевар цара Лазара 21","description":"Квартира 212\nХочу предостеречь от съема данной квартиры на долгосрок. По документам она 41 м. По объявлению 47 метров. Квартира на первом этаже у лифта. Сдавать будет один хозяйка, хозяин. Минусы квартиры: 1) Расположена прямо у лифта. Лифт очень сильно шумит. Если вы пришли на просмотр и лифт не включался в это время - то вы этого нюанса не узнаете. 2) Сбоку живет семья с детьми, их очень сильно слышно на площадке, как будто они у вас. 3) Сверху живет странная мадам которая пляшет и громко поет песни во время плясок. Это просиходит по вечерам. Если вы приходили на просмотр днем вы этого не узнаете. 4) Холодильник не работает. Будьте внимательны: у этой квартиры ужаснейшая шумоизоляция (самая ужасная) и плохие соседи, площадь не совпадает, хозяин.\n\nЯ прожил там 2 дня (1 ночь), попросил вернуть депозит - ничего не вернули. Женщина которая подписывала договор сказала, что она не хозяйка, деньги отдала брату, брат хозяин, отдавать брат не хочет. Потому что ты не прожил год.\n\nhttps://www.4zida.rs/izdavanje-stanova/liman-2-liman-gradske-lokacije-novi-sad/dvosoban/656deb359c5fcd5f16088405\n\n@vit88771"}},{"type":"Feature","geometry":{"type":"Point","coordinates":[19.842062,45.259104]},"properties":{"name":"Ђорђа Марковића Кодера 2","description":"Обходите стороной дом Đorđa Markovića Kodera 2, и в особенности кв. 40. В начале о доме: дом, несмотря на новизну, полон муравьев и тараканов, менеджмент дома делает вид, что борется с этим, в итоге все протравки работают максимум 2 недели, после которых проблема возвращается.\nТеперь квартира - квартира находится в ведении трех собственников, двух сестер и мужа одной из них. Несмотря на то, что проблемы наблюдаются во всем доме, они обвинили нас в том, что мы занесли муравьев (и тараканов и во все остальные квартиры видимо тоже), и отказались пойти навстречу и разорвать контракт раньше, возвращать залог намерения не имеют. Бредовые обвинения, что \"в квартире до вас не было ничего\" никак не конфликтуют в их головах с тем, что в куче других квартир так же имеется эта проблема. Говорят \"травить всю квартиру\", несмотря на то, что ей будет невозможно пользоваться, на любой контакт идти отказались.\n\nДоговор был заключен с условием, что мы проживем в квартире от 7 месяцев, однако в нем так же был пункт о том, что хозяева в течении 24 часов обязаны адресовать проблемы. Второе не соблюдалось всегда, а решение проблем занимало от недели до \"не решилось\", как с муравьями\n\nРасторжение может быть в любой момент с 30 дневным нотисом, однако они никак не адресуют проблему муравьев, говорят что \"это нормально\"\n\nБыли проблемы с вентиляцией (не работали вытяжки в обоих туалетах, заменяли месяц), душ подтекает, в остальном насекомые это основная проблема\n\nК тому же ключевой момент, из-за которого мы отказываемся от протравки - их было уже 3 штуки, 1 на кухне, 1 в большом туалете и 1 в малом и большом туалете. Ни одна из них не была эффективна, муравьи возвращались менше чем через 3 недели, и стали вылезать и в других, даже не смежных местах. У нас маленькая собака, о чем было оговорено, и протравка всей квартиры потециально ставит под угрозу ее здоровье, так как контакт с ядом череват, а яд должен лежать на поверхностях 3 недели\n\nМы не можем ограничить ее доступ ко всей квартире на 3 недели, а уезжать за свой счет тоже не улыбается из-за этого\n\nНа что мне говорят, что \"все безопасно и это невалидная причина\".\nНа аргумент, что это и не будет полной протравкой, если мы присутствуем в квартире и пользуемся ей (как минимум душем пользоваться надо, да и туалетом тоже), и что средство не может лежать 3 недели, если там течет вода (а в душе муравьи постоянно) начинают блеять, что \"ну вы же не эксперты\"\n\nдепозит 1.5к евро\nПричем мы попросили съехать всего на 2 месяца раньше по итогу, и что чтобы они протравили спокойно в феврале не хотят\n\n@conskirilin"}},{"type":"Feature","geometry":{"type":"Point","coordinates":[19.841913,45.249656]},"properties":{"name":"Сремска 3","description":"Всем привет. Если можно, добавьте в черный список квартир, пожалуйста.\nСкоро в объявлениях о сдачи квартир появится квартира на Сремска 3, квартира 4. Читайте внимательно контракт, который подписываете. У хозяйки появился очень хозяйка муж и мы вчера, когда сдавали квартиру (раньше срока окончания контракта), он сначала требовал, чтобы мы оплатили всю аренду до конца контракта, возмущаясь, какую \"прибыль\" они теряют из-за нас (мы снимали за 600), плюс грозил судом, если мы откажемся. Я сначала пыталась добиться от него объяснения, почему это мы должны оплатить все до конца, хотя в контракте такого нет. Он ссылался на местные законы и что вот прям сейчас вызовет полицию и нас за отказ платить заберут в миграционную полицию и прочие такие угрозы.\nПлюс у самой квартиры есть проблемы:\n-Абсолютно нерабочий кондиционер, летом мы чуть не померли от жары\n-Бойлер хоть и большой, его надо чистить от накипи, иначе его едва хватает на 1 человека\n-Под окнами открыто \"Огниште\", т.е. окна вы не откроете, потому что будет запах жареного жира, и всё в квартире и подъезде уже и так пропахло этой жарехой\n-Это изначально одна большая квартира, поделенная на 2 части, что значит 2 комплекта всей техники при 1 лимите на зоны электричества. Вы всегда будете вылетать в синюю, а летом и в красную зону, цены на электричество запредельные (у нас за август было 25 тысяч).\n-Летом достаточно шумно, потому что дорога прям под окнами и по ней любят ездить мотоциклисты\nhttps://t.me/lilia_zhe"}},{"type":"Feature","geometry":{"type":"Point","coordinates":[19.847525,45.250882]},"properties":{"name":"Стражиловска 11","description":"https://www.4zida.rs/izdavanje-stanova/novi-sad-centar-stari-grad-gradske-lokacije-novi-sad/dvoiposoban/6569c23af3bb10c49b0e655c\n\nhttps://telegra.ph/Strazhilovskaya-11---ushlyj-vladelec-i-tarakany-11-30\n\nПоиски и заключение договора (пока без особых приключений)\n\nВыбирал квартиру, пришёл смотреть на Стражиловскую 11, квартира 12 - с виду очень неплохая квартирка почти в центре Нови-Сада, отличный район, мансарда, старый дом, квартира с ремонтом.\n\nВид около парадной\nИз плюсов: отличная планировка (по центру кухня-гостиная, от неё ответвляется спальня, коридор с туалетом и небольшая комната со столом и шкафом), два рабочих места, неплохая кухня, большой телевизор, почти вся посуда есть, техника вся есть - нам в дальнейшем почти ничего докупать не пришлось, по рынку относительно локации неплохая цена (650 евро).\n\nГостиная\nИз минусов, что сначала бросилось в глаза: маленький холодильник и отсутствие центрального отопления (хоть по всему дому и были развешаны радиаторы и обогреватели). Сразу возник вопрос, сколько же это будет всё стоить в холодное время, на что мне сразу сказали и агент, и владелец, что всё будет очень дёшево (ну а как же ещё), т. к. не надо платить единую плату за отопление в тёплое время года. Обещали, что всё вместе (информатика, электричество и интернет+телевизор) будет не >100 евро/мес. летом, и не больше 150 евро/мес. зимой. Счетов за предыдущие месяца они показать не смогли. Тут, конечно, я понимал, что это классические приуменьшения реальных сумм, так что в целом и не готов какие-то претензии к этому предъявлять - к этому надо быть готовым. Сколько получилось по факту - напишу далее.\n\nИнтернет, кстати, тут свой подключить нельзя, т. к. владелец сказал, что уже есть контракт ТВ+Интернет ~42 евро/месяц. За сербское ТВ, конечно, очень не хотелось платить, но Интернет действительно очень быстрый (хоть и норовил вечно отрубиться на пол рабочего дня - так и не понял, проблема ли это конкретного провайдера, или это в целом по Нови-Саду так). Благодаря скорости Интернета претензий ноль.\n\nЦена/качество показались очень неплохими, поэтому решили брать.\n\nПри заключении договора показались странными пару моментов:\n\nДепозит не равен месячной плате аренды (750 евро вместо 650), но в целом ладно - всё равно его должны отдать по итогу;\nМетраж квартиры отличается от заявленного в объявлении - это объяснили тем, что это мансарда, и что по факту метров больше, но её урезают в документах - в целом, мне это было неважно, т. к. в квартире я был, и места там было достаточно.\nЗаезд и первые впечатления\nПри заезде понял, что не сразу заметил, что нет домофона - с доставками и остутствующим лифтом потом это аукнулось, но в целом не критично.\n\nВ целом, первые ощущения от квартиры позитивные, но есть пара не очень прикольных моментов:\n\nВ квартире не чисто. Не то чтобы прямо грязно, но везде какая-то пыль, и самое главное - трупики маленьких жучков по всем углам по всему полу. Когда смотришь квартиру особо это не замечаешь, а когда въезжаешь и в носочках начинаешь ходить - сразу заметно и неприятно.\nДалее к жучкам - во всех углах на потолке пауки. Я слышал, что это распространённая история в Нови-Саде летом, и к этим паукам у меня, честно говоря, вообще нет претензий, но кому это важно - тут их много и в парадной в жаркое время вообще тусовка сенокосцев.\nНе до конца закрывается душевая кабина. В целом, я силой приспособился её закрывать, но вот жена у меня до сих пор мылась с приоткрытой дверью.\nГенеральную уборочку сделали, жучков убрали, пауков некоторых оставили, чтобы жучков ловили, и в целом - кайф.\n\nТараканы (они же буба русы и бубашвабы)\nА жучки-то были не простые.\n\nОчень быстро стало ясно, что жучки \"генерятся\" на полу быстро, и их трупики стабильно возникают после уборки уже на следующий день.\nПлатная услуга \"привести гостей\"\nС этого момента начинаются интересные моменты, связанные с владельцем квартиры.\n\nЗовут его Гордан - такой мужичок, очень живенький, постоянно бегает и суетится, по началу вызывает ощущения такого шеб"}},{"type":"Feature","geometry":{"type":"Point","coordinates":[19.84047,45.262854]},"properties":{"name":"Карађорђева 8","description":"Арендовала на пол года квартиру по адресу Нови Сад Карађорђева 8. Нашла агента, мы нашли вместе эту квартиру, поехали смотреть, не скажу, что квартира прям огонь и стоит свои 400 евро в месяц, но надо было срочно. Темболее я с маленьким ребенком и не было времени, что то искать дальше. Приехали, посмотрели и в этот же день заключили договор. Хозяйка заверила, что в квартире всё работает исправно. В гостиной была на стене газовая колонка, она отвечала за воду и радиаторы, что бы было зимой отопление. Меня это сразу немного напрягло. Но меня заверили, что это не опасно, не страшно и всё работает исправно. Главное следить за показателем стрелки, что бы она всегда была в зеленой зоне. Прожили мы 1,5 недели, и я решила включить радиаторы спомощью этой газовой колонки. Что бы высушить детскую одежду. Через пол часа из колонки хлынула струя воды и пошел запах жженый.. Я испугалась, сразу позвонила хозяйке, она попросила выключить хозяйка до следующего дня! На секундочку это значит выключить горячую воду в квартире. Ок, на следующий день приехала хозяйка включать хозяйка и оказывается, что бы включать радиаторы, надо с отверткой залезать внутрь колонки, выпускать оттуда воздух закручивать хозяйка, идти к радиаторам выпускать оттуда воду, которая летит во все стороны и это проделывать регулярно, и не включать батареи больше чем на 10 дней подряд. Значит зимой что? Придется выключать воду и батареи давая колонке отдохнуть. При заполнении договора, конечно это озвучено не было! В итоге я попросила вернуть деньги, что мы съезжаем. Либо попросили замену колонки, тк это проблема быть зимой без отопления. Мне было отказано. И в возврате денег так же было отказано, сказали, что это я вообще сломала хозяйка! И что по закону должна была сказать за 30 дней, что я съезжаю! Как итог потрачены деньги, которые мне отказались возвращать, нервы и время.\nАгент ничего не смогла решить. Там девушка дерзкая и агент такая же, они две подруги.\nhttps://www.oglasi.rs/nekretnine/izdavanje-stanova/03-2766064/odmah-useljiv-stan-pet-friendly\n\n@NameNime"}},{"type":"Feature","geometry":{"type":"Point","coordinates":[19.849263,45.259917]},"properties":{"name":"Ђорђа Јовановића 7","description":"Đorđa Jovanovića 7, кв. 39, Нови Сад.\n\nМы прожили в этой квартире 11 месяцев, выехали на месяц раньше окончания договора. Нет, нас никто не выселял и не пытался поднять цену, но в квартире есть нюансы.\nВо первых там очень шумно. Внизу 4 кафешки и все происходящее в них и около них слышно даже при закрытых окнах. А происходить может и до 1 часу ночи и дольше. А в 7 утра там начнут двигать столы и кидать стулья. Плюс рядом церковь и она очень громко звонит каждое утро несколько раз, начиная с 7 утра.\nВходная дверь в квартиру просто никакая и вы будете слышать все, что происходит в подъезде. Имейте все это в виду, если любите поспать, как мы )\nКвартира довольно-таки уставшая и явно не тянет на ту цену, что мы за нее платили (1500 в месяц). Столько же просят за нее и сейчас. В этом доме течет крыша и никто ничего не делает по этому поводу, поэтому на стенах в квартире (и в подъезде кстати тоже) появляются черные и желтые разводы. Перед сдачей Хозяева выглядит неплохо, но проблемы появятся за месяц-другой. В квартире паркетные полы, но очень уставшие, местами вздувшиеся, и их хозяева в порядок не приводят. Хотя возможно это и не плохо, т.к. нельзя будет обвинить жильцов в порче ) Старая (лет 15-20) стиральная машина, впрочем пока работает нормально. Старые (также лет 15 им) кондиционеры, которые плохо охлаждают и при этом жрут 1.5 квтч электричества. Старый холодильник (не знаю сколько ему лет), который уже плохо охлаждает и требует ремонта или обслуживания. Ручки на окнах работают не очень хорошо.\nХозяйка жадная и никак не будет участвовать в том, что вы делаете в квартире. Например мы поставили сетки от комаров, получается подарили им, потому что в новую квартиру они не подошли и мы не стали их снимать.\nКогда мы съезжали, нам не вернули депозит (1500 евро), потому что мы съезжаем на месяц раньше окончания договора и потому что после нас надо делать ремонт и (внимание!) убираться. Хотя чем мы виноваты, если там течет крыша и я неоднократно об этом говорил. Ну и видимо хозяйка ожидает, что мы и уберемся за собой при выезде. В общем депозит не вернули, обозвали грязнулями, сказали что мы испортили новую плиту, которую она вынуждена была купить из-за нас (хотя мы ничего не испортили, плита в полном порядке, а купила она ее, потому что предыдущая, которой тоже было лет 20 сломалась). Также за наш счет купили бойлер, который тек все то время, что мы там жили. Стоит отметить что в квартире были проблемы с электросчетчиком, который наматывал какие-то невероятные цифры и мы решали эти проблемы. И никто не компенсировал нам платежи по 25 тысяч за электричество. Были проблемы с проводкой, которую мы также решали и решили, криво висел внешний блок кондиционера, опять же к нам приходили мастера и все это исправляли. Но все это для нее ничего не значит.\nВ общем-то жить то можно, но будьте готовы вот ко всему тому, что я описал. Кстати, сдавала нам квартиру не она, а ее муж. С виду прекрасный и очень позитивный мужик, но к сожалению, рулит квартирой его жена и все решения принимает она\n\nhttps://www.4zida.rs/izdavanje-stanova/podbara-gradske-lokacije-novi-sad/cetvorosoban/654bac35fbefa4babb0a3da0 - текущее объявление о сдаче\n\n@ted18972"}},{"type":"Feature","geometry":{"type":"Point","coordinates":[19.800752,45.262626]},"properties":{"name":"Đure Jovanovića Kindera","description":"Novi Sad, Dr. Đure Jovanovića Kindera 3, кв 49\n\nSlavica Radovanović\n\nНе советуем связываться с данной собственницей. Начала сразу же с обмана. Ни под каким предлогом не хотела показывать документ о собственности, чтобы сверить, кто владелец.\nУверяет, что в квартире 43 м².\nНа деле это не 1.5 комнаты, а студия 36 м² с возведённой гипсокартонной стеной, которая съела ещё часть пространства. Смысла врать нет, ведь в счетах за комуслуги всё видно.\nПри общении не даёт вставить ни слова, торопит и давит, якобы её срочно кто-то ждёт, и у неё нет на вас времени. Хамит, при недопонимании психует и матерится на вас на английском. Никогда не встречали такого наглого общения свысока.\nЕсли просить что-то исправить в квартире — например, воняет гнилым из-под тумбочки под раковиной — то она считает, что это так и должно быть, это у всех сейчас так. При заселении была согласна участвовать в регистрации и оформлении документов, но когда мы пошли в МУП, она сделала из этого конфликт. Для долгосрочной перспективы очень сложно представить, как можно нормально взаимодействовать с таким арендодателем.\n\nВытерпели 2 месяца и сбежали 🥲 Залог вернула, но с вычетом на перерасчёт комуслуг, который сама округлила вверх, цифр естественно никаких от неё добиться не удалось, решили забить уже.\n\n@lovenderdream"}},{"type":"Feature","geometry":{"type":"Point","coordinates":[19.837496,45.251147]},"properties":{"name":"Булевар ослобођења 76","description":"BULEVAR OSLOBODJENJA 76a, 45, Novi Sad 21000\nХозяйка: хозяйка, которая также владеет кабинетом CITY DENTAL CENTAR\n\nЗаселились по контракту на полгода с 1.09, выезжаем 3.10 с оплатой трех дней проживания, счетов за сентябрь и частью за неделю в октябре. Хозяйка очень неприятная хозяйка, кричит, ругается, обзывается (русня, цыгане..). Все потому, что отказались платить по счетам за весь следующий месяц (октябрь). Тк по контракту оставили хозяевам депозит.\nСъехали раньше, потому что в квартире полчище тараканов и грязь на кухне (муж один снимал и не разглядел в начале, а тараканы не сразу выползли). Нас пытались убедить, что тараканы в нови саде вообще в каждой квартире.\n\nВ целом, мы без скандала оставили деньги, показали квартиру и попытались объяснить ситуацию, что не хотим жить с насекомыми, плюс к нам сфинкс, который аллергик (при травле тараканов надо будет все равно съезжать и все такое). Но нас обругали, от этого неприятно)\nСнимать эту квартиру на свой страх и риск."}},{"type":"Feature","geometry":{"type":"Point","coordinates":[19.816914,45.260567]},"properties":{"name":"Стевана Мокрањца 24","description":"Просто не отдаёт депозит, уже 2 месяц. Мы уезжали из Сербии, по делам в Россию, заранее предупредили, чтобы властник посчитал расходы и мы остались в хороших отношениях. Но в день нашего выезда он сказал что уехал в Хорватию на отдых, а на границе пробки,приедет в аэропорт. В него он конечно не приехал) Мы договорились что он передаст деньги через нашего друга, который живёт на соседней улице. Прошло, уже почти 2 месяца, властник \"кормит завтраками\" последнее обещал отдать на прошлых выходных, но сейчас не читает сообщения от меня. Сумма не большая, чувство справедливости не даёт покоя) 150 евро.\nАдрес Stevana Mokranjca 24 квартира 19.\nЕсть фото властника, его карточка, если нужно\nДа, цена 150 так как депозит был 300, вторые 150 мы договорились пойдут в счёт комуналки ( с запасом ).\nhttps://t.me/KSUHA4UHA"}},{"type":"Feature","geometry":{"type":"Point","coordinates":[19.84787,45.256628]},"properties":{"name":"Змај Јовина 26","description":"хотела попросить добавить квартиру в черный список. сразу отправлю описание:\nНови Сад, адрес: Zmaj Jovina 26a, кв.310. Хозяйка\n\nВсе было хорошо, прожила у них год, но при выселении пытались содрать с меня деньги за ремонт пола (который подтопило из-за мощного дождя который был 17 мая, при наглухо закрытых окнах и балконе, т.е. это стихийное бедствие и моей вины ровно ноль). Я сказала что буду это обсуждать только с юристом, они слава богу отстали, но все равно сдерли с меня 17к динар за \"испорченный\" стол, т.к. он стоял на балконе. Хотя по сути это нужно было покрыть из залога (который они естественно не вернули).\nСейчас я пытаюсь решить вопрос с интернетом, который они подключили на мое имя и толком мне не объяснили, что с ним делать после моего выселения. Там задолженность за 3 месяца, которую при расторжении контракта видимо придется оплачивать мне, т.к. хозяйка показала свое истинное лицо и послала меня 😃 Хотя я знаю что в квартире точно жили в это время что я уже выселилась и интернетом пользовались.\n\nНу и вишенка на торте - квартира находится в \"колодце\" и снаружи хз по какой причине безбожно воняет, простите, мочой. И постоянно летит какой-то мусор и г*вно на балкон (почему я собсна никогда и не открывала окна и балкон). А так же окна выходят прямо на соседей, и вида ровно никакого.\nразмер залога был 300 евро. я даже не сразу поняла, что пол затопило, т.к. пол паркетный и \"вздулся\" только через несколько дней. выехала я через пару дней после этого дождя, поэтому ничего не заметила.\nвздутый пол был замечен когда они осматривали квартиру, и тогда они и подняли скандал - хотя, опять же, я понятия не имею каким образом вода вообще проникла в дом, все было закрыто.\nhttps://t.me/marinori312"}},{"type":"Feature","geometry":{"type":"Point","coordinates":[19.834869,45.254977]},"properties":{"name":"Булевар ослобођења 66","description":"Квартира из чёрного списка.Указывают неправильный адрес-булевар ослобочения 68,а в объявлении 66\n\n🌇 Город: Нови Сад\n📐 Размер: 85 m²\n💰 Цена: 700.0 €\n📍 Локация: Bulevar Oslobodjenja\n🏠 Структура: 4.0\n🛋️ Мебель: ✅\n📅 Дата публикации: 2023-09-10\n🔗 Ссылка: https://4zida.rs/izdavanje-stanova/bulevar-oslobodjenja-gradske-lokacije-novi-sad/cetvorosoban/64fdf5b6e48b872a1b0adc6c"}},{"type":"Feature","geometry":{"type":"Point","coordinates":[19.846197,45.267317]},"properties":{"name":"Текелијина 26a","description":"Всем добрый вечер. Не знаю, подойдёт ли моя история в качестве кандидата на черный список квартир, но считаю своим долгом рассказать дабы предупредить)\nНа днях посмотрела квартиру, решила ее снять, вчера подписали договор. Сегодня утром пишу власнику, когда он заберет все свои вещи чтобы мы могли въехать. Он отвечает, что все, можно приезжать. Мы приехали, все еще полно вещей. Он уверил, что сегодня -завтра все заберёт. При этом полы довольно грязные, и просто повсюду в квартире легкий срач. Я посмотрела на это все и пошла в магазин за моющими средствами. Придя домой и открыв кухонные шкафы, откуда стали вылетать насекомые, поняла, что сама не справлюсь и в чате мгновенно нашла клининг. Приехали две чудесные девушки, посмотрели на все это, бодро взялись за дело (вытащили из кухни за 10 минут два огромных мешка хлама), но параллельно сказали, что это вообще не нормально, и надо деньги за клининг требовать с власника или с агентства. Позвонили обоим, власник орать, что ни копейки не заплатит и что там все чисто, сегодня типа приходила женщина убирала. Когда мы стали понастойчивее (а я еще до этого писала агенту, что это не дело и в договоре прописано, что квартира сдаётся в хорошем состоянии, а тут еще и кондиционер не работает), власник заявил, что не хочет иметь со мной дела и готов вернуть деньги, и что я могу пару ночей остаться (я с детьми и агент была в шоке, что он меня выгоняет), но после этого чтоб он меня не видел. Я, конечно, сразу же нашла отель и оставаться там не стала. Деньги действительно вернул. Вот такая история) Адрес Текелийина, 26А, кв.6. https://t.me/kvartiranovisad/15443"}},{"type":"Feature","geometry":{"type":"Point","coordinates":[19.820768,45.243935]},"properties":{"name":"Теодора Павловића 34","description":"Те, кто ищет квартиру - будьте осторожнее с квартирой на Теодора Павловича 34 (Teodora Pavlovica 34) br. 3. Квартиру показывает отец владелицы. На заключение договора аренды в агентство пришла она сама. Принесла в качестве подтверждения права собственности какой-то трудно читаемый, напечатанный на машинке договор купли-продажи 1998-го (!) года. Как только агент увидела, что я в телефоне начал проверять квартиру в кадастре сразу занервничала и начала говорить: зачем кадастр? Кадастр не нужен для регистрации в полиции, этого договора будет достаточно! Мы много раз давали его русским и все было ок, а в кадастре информация обновляется долго. Но по факту - в кадастре совсем другой владелец. Дружелюбие агента сразу испарилось, «другие снимут» - сказала она. Думаю, вероятность проблем в полиции с такими документами (особенно в случае получения ВНЖ) думаю не нужно сбрасывать со счетов.https://t.me/novisad_ru/272214"}},{"type":"Feature","geometry":{"type":"Point","coordinates":[19.844954,45.266319]},"properties":{"name":"Југ Богдана 11","description":"Нови Сад, Jug Bogdana,11-4\nhttps://www.4zida.rs/izdavanje-stanova/podbara-gradske-lokacije-novi-sad/garsonjera/6470e1e3b99469c1ff06f81d\nЯ посмотрел остальные отзывы в черном списке и понял, что по моему бывшему месту аренды все не так уж и страшно, но, тем не менее, должен предупредить, что в студии нет заявленных телевизора и морозильной камеры. Холодильник работает плохо, постоянно подтекает. Сейчас они заявляют 30м2. В прошлый раз, когда я нашел это место для себя, там было что-то около 26м2, никак не 30м2. Пишут, что бытовая техника новая, но это не так. Особенно меня порадовало появление слова «евроремонт» в новом объявлении. Это тоже неправда. Про коммуналку говорили, что выйдет на 3000 динар. Вышло на 6000.\nНо все это мелочи. Если вы все-таки решите снимать у них студию, будьте готовы к постоянному вниманию к вам с их стороны, т.е. к назойливости, если называть вещи своими именами. Придумывание предлогов чтобы зайти в квартиру и проверить, не сломал ли я что в ней, и не вожу ли я женщин в студию, в порядке вещей. Проходят в квартиру в обуви как к себе домой (я понимаю, что это их дом, но по мне, пока я снимаю у них студию, я – временный хозяин). Ну и самое неприятное, это 20-минутная проверка всего и вся при моем съезде с квартиры. От пересчета кружек, тарелок, вилок! и ложек! и вплоть до отодвигания диванов. Уж не знаю, что они там надеялись увидеть. Я понимаю, что проверять нужно, но не 20 же минут… Короче, в тот момент, когда я отдал ключи и покинул судию, я был счастлив, как никогда."}},{"type":"Feature","geometry":{"type":"Point","coordinates":[19.833812,45.294956]},"properties":{"name":"Колубарска 22","description":"Нови Сад. Клиса. Колубарска 22. Хозяйка - Радмила хозяйка.\nНа гугл картах дома нет и улицы нет, ближайшая точка - 50 м от дома https://goo.gl/maps/7y1TPpvs7wYXuq369\n\nСнимали дом с ноября по июнь. В договоре был прописан нелимитированный срок (могли прожить 3 месяца, могли три года) В беседе мы сказали, что да, нам надолго и действительно не знали насколько - т.к. с покупкой своего была полная неопределенность.\n\nИнтернета в доме не было, на просьбу провести, или купить пакет беспроводного с оплатой контракта на год вперед - отказ.\nДом с виду приличный, но огрехи были уже при вселении: часть жалюзи не работала, краска на потолке в санузле потрескалась, ручка входной двери разболтана, часть ламп не работала, часть мебели сильно б/у - ящики комодов заедают. Ну и по мелочи - грязные окна, лужа в холодильнике, полы скрипят. Нас стенах плесень, не оч. много, но имейте в виду. Ну ладно. терпимо.\n\nДоговор подписали в агентстве - все официально\n\nЗвоночки начались до заезда. ноябрь, холод, отопление выключено: в доме до нас не жили. Приехали, специально чтобы включать котел под руководством хозяйки по хозяйка - она хотела сэкономить на мастере. Ничего не вышло. Зато нашлась лужа в санузле. Котел включили через 2 дня (до этого мастер хоронил кого-то в белграде - а мы продолжали снимать в другом месте).\nПри въезде потекло с потолка в гараже в подвале.\n\nВ первый месяц в счете за коммуналку (фото рукописных листочков от дочки хозяйки, которая живет в том же доме этажом выше) было 50 евро за канализацию. на вопрос, почему так дорого был ответ:, “а что, ну да, у нас яма, наверное дождики шли”. после моих вопросов в агентстве стало по 25 евро за канализацию ежемесячно. Суммы за газ были конские - в доме неразделенные счетчики и жили там мы, которые спали в носках при +16, а наверху вторая семья. Их котел был в подвале, а трубы шли через одну из наших спален и были до того горячие, что не взяться + свет во дворе и подвале горел круглосуточно, в общем выглядело так, как будто кто-то ни в чем себе не отказывает частично за наш счет. Всю зиму было 200+ евро коммуналки. В апреле - 150, в мае (жара) - 100. Это без интернета!\n\nРадмила живет в Норвегии. Но нам с первого дня стало казаться, что она живет с нами: написывание и звонки в вайбер почти ежедневно - требования регулярно фотографировать дом во всех деталях, выговоры, что мол у нее мол все новое, а у нас грязные ковры. На пояснение, что оставленный нам пылесос не работает, она сказала, что это она из любезности оставила пылесос, а вообще мы обязаны купить свой и так и быть можем его забрать при выезде, что мой ребенок повысил голос на ее сантехника (у сына был урок, а сантехник орал и топал), что где стулья, дайте фото сейчас же, сходите в подвал и пришлите фото. Приходила ли моя дочь за деньгами за коммуналку. Снимите натянутые веревки (а где нам было сушить вещи???), стригите мой газон раз в неделю, проверьте почтовый ящик (дважды в неделю), 9 мая она спросила, было ли у нас выключение электричества 5 января ), а что за херня в счетах за газ: немедленно фоткайте счетчик и поезжайте в газовую контору (и я таки поехала) и последние 4 месяца сама отправляла ежемесячно фотографии ее счетчика в этот Нови сад газ… А также я чинила забор во двор ее дочери, потому что там появились щенки и они пролезали в дыры к нам на участок, а потом оттуда выбегали на улицу. Дочери с мужем было не до забора.\nВ любой день. в любое время. Временами у меня дергался глаз и я боялась телефона.\n\nОказалось, что аренду мы должны возить в агентство - на Папа Павла - при заключении договора об этом был молчок. Напоминалки, что надо платить начинались на 3 дня до внесения платы, спрашивалки - точно ли мы заплатили - продолжались по 2 дня после.\n\nВозникающие проблемы велено было решать через Радмилу. Схема такая - что-то ломается, мы сообщаем ей, а потом трое суток читаем в вайбере, как много она работает, что мастера в нови саде редкие как гремучие змеи, что если это гумицы или другие расходники, то это за наш счет (д"}},{"type":"Feature","geometry":{"type":"Point","coordinates":[19.811318,45.241055]},"properties":{"name":"Вршачка 79","description":"Хотелось бы добавить в черный список квартиру в Телепе по алресу Vršačka 79, st.15. Причина нашего переезда оттуда - неадекватный сосед, которому очень мешали наши дети (дети не делали ничего такого, чего обычно не делают маленькие дети).Сосед сначала стучал нам в стены, два раза вызывал полицию. Потом попытался сломать замок на входной двери, натолкав в него зубочисток. После этого перешел к прямым угрозам.\nНо эта квартира в черном списке по другой причине, возможно, без детей с ней проблем не было бы... Хозяин после того, как мы ему сообщили, что съезжаем, начал требовать с нас оплату за весь оставшийся год (мы прожили 8 месяцев). Контракт у нас был стандартный - на год, условия расторжения - предупредить за месяц (что мы и выполнили), никаких санкций за досрочное расторжение не прописано. Тем не менее, отказ с его стороны расторгать контракт, угрозы судом и прочая нервотрепка. Крайне не рекомендуем связываться с ним. И да, залог нам, конечно, не вернули (все 600 евро уйдут на перекраску стен, ага).\nYulia Krylova"}},{"type":"Feature","geometry":{"type":"Point","coordinates":[19.843632,45.26427]},"properties":{"name":"Темеринска 37","description":"Темеринска 37 квартира 17\n\nМы сняли квартиру в ноябре. А владелец на неделю мы неделю не могли до него дозвониться. Квартира была пустая и он нам пообещал что через неделю мы сможем заселиться в этого заселились через 3 недели в неубранную после строительного мусора квартиру. Он вызвал уборщицу спустя неделю нашего заселения. Мы прожили там 8 месяцев. На первом этаже открылся магазин идея. И по утрам с 6.20 начинается поставка товара и шум стоял невыносимый и так через день все время так же ночью начинал шуметь промышленный кондиционер. Мы сказали что будет съезжать за 30 дней до выезда и оплатили месяц. В итоге съехали раньше на 2 недели потому что оставаться там было невыносимо. Хозяин сказал покрасить хозяйка. Мы вызвали мастера, он покрасил скажу Вам так что стало лучше чем при нашем заселении.Хозяин сказал,что вызовет бригаду проф мастеров и только после этого подумает о залоге. В итоге залог не отдал еще и угрожал.\nПочему мы сняли у него если он изначально так появлялся? Потому что в ноябре не было у нас вариантов\n\n@svetkabch"}},{"type":"Feature","geometry":{"type":"Point","coordinates":[19.82118,45.236969]},"properties":{"name":"Хероја Пинкија 18","description":"Квартира по адресу Heroja Pinkia 18a apart 1 (во дворе за стоматологией). Владелец, его дата рождения - 06.04.1979НЕ ИМЕЙТЕ ДЕЛ С этим человеком - он обманщик.\n(И знаю, что у него же еще есть квартира рядом с Променадой (он скидывал фото с просьбой помочь сдать для коллег))\nСначала производил впечатление адекватного, но...Я жил в квартире 8 месяцев, затем заплатил хозяину за аренду и коммуналку на 3 месяца вперед в евро наличными, согласовал с ним все нюансы, и улетел в РФ на лечение, все это время был с ним на связи, он писал мне всякую херню в вацапе, но я всегда рассказывал сколько длится лечение. Вернулся через 2 месяца, обнаружил, что квартира сдавалась с моими вещами посторонним людям. Некоторые вещи пропали, посуда использовалась и некоторая сломана. О чем сразу написал ему и позвонил риелтору.Слава Богу, что я забрал самое ценное (фотоаппарат, рабочий ноутбук, экшн камеру и проч. с собой)Риелтор, очень адекватная женщина, после моего рассказа, сказала, что видела эту квартиру в объявлениях в фейсбуке на аренду посуточно как раз когда я уезжал и очень удивилась этому факту. Она созвонилась с хозяином, и внесла его в черный список агенства.При всем при этом, он считает, что был прав, т.к. это его собственность и он может делать с ней что хочет.После разговора с риелтором писал мне с угрозами, что придет с полицией и друзьями и выкинет меня прямо хозяйка из квартиры (не смотря на то, что напомню у меня все оплачено еще вперед), успокоился только после того, как я пригрозил вызвать посла РФ из Белграда, как иностранный гражданин.Риелтор ведет с ним переговоры о возврате депозита в связи с нарушением договора с его стороны, т.к. естественно после всего этого я съезжаю в конце оплаченного срока в другую квартиру, но он отказывается возвращать депозит.на гугл картах этот дом может быть обозначен как Heroja Pinkia 20, https://goo.gl/maps/Xzc6ECVYpmxWv2xa7 - вот прямо за стоматологией во дворе.@bibbibqwe"}},{"type":"Feature","geometry":{"type":"Point","coordinates":[19.839109,45.250076]},"properties":{"name":"Лазе Костића 11","description":"Предостережение! Скоро будет сдаваться квартира на Лазе Костича, 11. Снимали в июле за 900€ и это власник, в объявлении она стояла за 1200€. С виду казался добродушным двухметровым сербом, живет в Черногории. Вчера выгнал нас с ребёнком, сказал съехать до вечера. Мы просили неделю пожить на депозит для поиска квартиры, но он орал, что он не сдаёт квартиру хозяйка и чтобы мы сегодня же сваливали. Депозит в 900€ не вернул. Из плюсов: новая кухня, техника, месторасположение. Теперь о минусах: санузел течёт везде. В нем не было ремонта, душевое ограждение ставили при нас и мы несколько раз говорили, что с обеих сторон плохая герметизация, начинала мокнуть стена в гостиной, каждый раз приходил дедушка-мастер, мазал силиконом и ничего не менялось. Раковина с уклоном по краям и с неё постоянно стекает вода на пол, с бойлера капает (на стиральной машине стоит тазик), все плиточные швы в чёрной плесени и вишенка на торте унитаз. Начал протекать где-то у канализации, пришёл все тот же дедушка, раздолбил в месте крепления трубы, что-то замазал и ушёл. Итог, стена в гостиной мокрая, цветёт, с плесенью. Говорим власнику, он - все нормально, скоро высохнет и покрасим и уехал на месяц. Бонусом окна спален на бильярдный клуб, который летом включает музыку в 5 утра или до 2 ночи куралесят. А и «прекрасная» соседка снизу, которая будет прибегать к вам в любое время и ругаться, что вы громко ходите и у неё трясётся люстра.\nhttps://t.me/adelia_popova"}},{"type":"Feature","geometry":{"type":"Point","coordinates":[19.784292,45.256294]},"properties":{"name":"Сайлово 6а","description":"Здравствуйте, очень нужен Ваш совет. Живу в Сербии одна с 3мя детьми, мужа нет. Сняли осенью часть 1го этажа (студию) дома в Ветернике. На этаже ещё 3 квартиры. Сообщили хозяйке за месяц, что съзжаем. На днях она уточнила, уезжаем ли мы точно и сказала, что нужно привести квартиру в исходное состояние и она вернёт нам депозит. Именно в этот день после нашего разговора (мы с ней не ссорились, я совершенно обычно сказала: да, уезжаем) внезапно засоряется канализация в нашей квартире. Сегодня она показывает мне канализацию и говорит, что это из-за нас она засорилась. Она извлекла даже полиэтиленовый пакет и говорит что это мы кинули его в унитаз. Мы этого, конечно, не делали, но она говорит, у вас же дети (типо, дети могут сделать что угодно). У меня всего 1 ребенок маленький и то школьник). Отверстие канализации на улице, кто угодно может подойти и кинуть (затолкать) туда что угодно, чтобы не платить депозит. В предыдущий раз она говорила, что эта канализация на 2 квартиры, сейчас - что только на нашу и что я должна оплачивать ремонт ее канализации. Сегодня она уже говорит, что 4 раза вызывала машину по ремонту за это время (хотя канализация засорялась всего 1 раз) и истратила весь наш депозит на это, поэтому завтрашнюю машину по ремонту канализации 250€ должна оплатить я. Договор закончится 10го. Сегодня она требует, чтобы я пустила ее посмотреть, что нужно покрасить в квартире. Такое ощущение, что она пытается выставить мне счёт ещё и за это, хотя я собиралась до 10го сделать это сама.\nВ квартире старая прям видно что ей лет 8 или больше стиральная машина, она стучала с самого начала, но мы не сказали ей сразу (были в шоке от переезда из России), так когда сказали она отдала ее в ремонт а потом забрала с нас за ее ремонт 8000 динар.\nПосоветуйте, что делать? Такое ощущение, что я в руках мошенников и совсем одна. Чувствую себя заложником того, что я одинока и с детьми - типа, что я могу ей сделать? И не убежишь с детьми от этого кошмара😭.\n\nУ нее все странно с адресом: адрес Ул. Сайлово 6а. Но по факту дом находится в Ветернике, частный 3х этажный дом прямо рядом с рестораном Na kraj sela. Здесь она сдает 1й этаж аппартаментами (4 аппартаментов). Сюда нельзя селиться ни в коем случае не только из-за шабаша с канализацией и депозитом. Квартиры с плесенью даже при открытых окнах - похоже, у нее плохая вентиляция или проблема в том, что пол положен на земле и образуется конденсат при перепаде температуры день-ночь. Первый этаж у земли, но карнизов нет - или сиди с закрытыми жалюзи или открывай жалюзи и ходи перед прохожими как в шоу \"За стеклом\", менять что либо она не хочет. Зимой она очень мало и плохо топит (хотя брала с нас за комм услуги 150 евро) все жильцы (дети и взрослые) постоянно болели + опять же ледяной пол на земле. Когда мы приехали просто выбирать было практически не из чего, а нам ещё нужно было не очень дорого. Нашли что нашли. Сейчас я очень надеюсь найти что-нибудь. Но здесь больше жить не хотим, даже если доплатят.\n\nhttps://t.me/novi_sad_parents/43385/89689"}},{"type":"Feature","geometry":{"type":"Point","coordinates":[19.826529,45.259254]},"properties":{"name":"Булевар краља Петра I 69","description":"Остерегайтесь мошенника! Предлагал нам квартиру по адресу Нови Сад Булевар краља Петра I д.69. с пятницы условия аренды были одни (когда смотрели квартиру). Договаривались, что заедем в понедельник (сегодня). Вчера предложил перевезти вещи на квартиру и подписать договор. Вещи перевезли. Договора не было у него на руках. Сотни отговорок и.т.д. уже насторожило, но деваться некуда. Вещи уже на месте. Вещей много. Далее сказал, что вот мол ключи. Завтра приду с договором, дайте залог в 100 евро. Т к. Вы уже в квартире. Дали 100 евро. Сегодня утром в 9 утра приходит с договором с абсолютно идиотическим текстом, ошибками. Например, была фраза о том, что мы платим сегодня 450 евро за квартиру и 450 евро залога за пользование квартирой до 11.06.2023(вчерашнего дня). На просьбы поменять договор стал истерить, говорить уезжать. На просьбу дать хотя бы час собраться отказал (в соседней комнате спал ребенок 8 лет). На просьбу вернуть залог - отказал. В итоге стоим с кучей вещей и ребенком в подъезде\n\n@Eugnio665"}},{"type":"Feature","geometry":{"type":"Point","coordinates":[19.833941,45.258241]},"properties":{"name":"Булевар ослобођења 55","description":"Здравствуйте. Novi Sad. Bul. Oslobodjenia 55 stan 11. Хозяйка. Жил полгода. Предупредил об отъезде дней за 5- 6. Плюс к этим дням оставалось оплачено вперед примерно 20 дней. Залог не отдали. Что типа не 30 дней а 26 получается. Мне на их языке тяжело разговаривать было, а времени на разборки не было. Я думаю и так бы не отдали. В конце концов, можно было эту разницу в 4 дня учесть при расчете. Тем более, в процессе эксплуатации жилья много проблем было (канализация и т. д. ) которые я им смиренно прощал. В общем, может формально не все однозначно, но по сути - не по-людски. Депозит был 800 евро. При знакомстве было договорено, что вернут только 400, хотя в договоре это не было отражено ( в договоре - 800). В итоге - не вернули: по честному - 400 евро, формально - 800. Косяки с квартирой - замурованная в стене канализационная труба сильно изношена и забита. В результате 2 раза ( один раз ночью) прямо в центр комнаты из стены где труба, выливалась канализационная ароматная жижа, которую нужно было долго убирать, ожидая сантехников. А она (жижа) продолжала поступать. 2 раз хозяева даже не приехали. Сантехники кое-как прочищали, но запах от стены оставался. Не очень сильный, но постоянный. Также, не регулировалось отопление, в результате чего, если не открыть окна - в квартире 30 градусов, если открыть - сквозняк и холод @genue222"}},{"type":"Feature","geometry":{"type":"Point","coordinates":[19.838245,45.247974]},"properties":{"name":"Браће Рибникар 2","description":"Весь дом.\nМножество посуточных квартир. И каждый уикенд тут такие пати на хате, что весь дом ходуном\nВчера, например, наши прекрасные (нет) соседи угомонились в 3 ночи 🤯"}},{"type":"Feature","geometry":{"type":"Point","coordinates":[19.872935,45.25326]},"properties":{"name":"Чајковског 7","description":"она двинута на чистоте и запахе, у нас двое котов, и она считает, что из-за их запаха у нас вся квартира провоняла, даже вламывалась к нам однажды, сейчас вообще просто пытается выжить. и её сын согласен с нами, более того, он считает, что у неё какая-то форма шизы там нет номера квартиры, частный сектор все дела. хозяйка - хозяйка автор: @cmdrosmium\n(комментарий от админа списка: так получилось что в этот же день заезжал к ребятам за мебелью, запаха в квартире нет от слова совсем)\n\nUPD. Депозит 600 евро не вернули, в договоре были различия на разных языках, потребовали + 120 евро за дополнительный ремонт"}},{"type":"Feature","geometry":{"type":"Point","coordinates":[19.833526,45.240215]},"properties":{"name":"Балзакова 15","description":"О, в чате по недвиге жалуются:\nЗдравствуйте, хотела бы предупредить об одной квартире. Балзакова 15, 8 этаж. Одна спальня, гостиная без дверей и отдельно большая кухня.\nСтены в квартире побелены. То есть это не краска, а как раньше в РФ потолки белили. Не моются, если что.\nМы снимали за неприличную цену, потому что въехали в самый разгар безумия - в октябре 2022. В договоре прописано стандартно: расторжение за 30 дней, депозит возвращается при отсутствии неоплаченных счетов и умышленного вреда жилью.\nИтак, когда мы предупредили чуть ли не за 1.5 месяца о том, что хотим съехать, прожив полгода, властница взбесилась, что мы мало прожили и должны оставить ей денег на покраску стен. Хотя ничего этого нет в договоре. При этом она регулярно лезла в нашу жизнь с советами как детей в квартире держать и чтобы ни в коем случае не рисовали на стенах и не клеили ничего. Никакие разговоры не помогли, депозит в 1000 евро не вернули. Из поломок у нас только заклинило окно, стены, естественно, в порядке.\nБудьте осторожны с этой квартирой и хозяйкой. Не знаю, будет ли она действительно красить стены и когда выставит на сдачу и за какую цену - мне очень интересно 😁 @olia_dreamer\n\nhttps://www.halooglasi.com/nekretnine/izdavanje-stanova/lux-namesten-dvosoban-stan-na-limanu/5425643062649?kid=4&sid=1683698280349"}},{"type":"Feature","geometry":{"type":"Point","coordinates":[19.782422,45.248709]},"properties":{"name":"Миливоја Живановића 37","description":"https://t.me/kvartiranovisad/5816 Добрый день. Чёрный список арендаторов: Milivoja Zivanovica 37- дом в районе veternik. Собственник. Занимается всем ее муж. Прожили пол года съехали раньше срока- жить стало невозможно. Вот история по порядку. 1. Сняли дом в середине октября 22 г- сумасшедшие деньги 1200, через неделю явился хозяйка - заявил что поднимает цену до 2000 и контакт для него не важен. Т..л мозг 2 месяца, когда ничего не получил успокоился. 2. Под новый год начал заниматься мясом вяленым в гараже - каждый день приезжал на дом по нескольку раз. 3. В марте начал стройку на участке - постоянно лазили строители, ездили машины по участку. Из за разрушения сада- в доме поселились муравьи!!!4. Тогда же начал в апреле ремонт в гараже- долбили перфоратором, несколько недель. 5. Жадный до невозможности - дом проектировал сам - с электрикой, отоплением очень хреново.. при включении 3 комфорки на плите - сгорают пробки. Сигнализация сломалась начала выть и пищать сама. Просто треш...5. сделали претензию - верни депозит, ничего не вернул. У них есть ещё 2 квартиры, в одной живут русскоязычные. С ними провернул такой же фокус по подъему цены при действующем контракте. Не связывайтесь с этим арендодателем ни при каких условиях!!!\n\nДополнения\nТаня Разумова:\nВыступлю с попыткой объективизации.\nЯ смотрела этот дом и разговаривала с ребятами, которые его снимали.\nМинусы: сбоку дома, на этом же участке, действительно находится тайный лаз, куда хозяин приходит вялить хозяйка (это его бизнес). Ребята сказали, что привыкли, и им это не мешает.\nВторой минус: на улице лают собаки, но это пригород.\nТретий минус: в доме есть неисправности, перед въездом надо их чинить (хозяин должен).\nДа: они же рассказали, что добавили его в черный список, а потом как-то притерпелись. Уехали, потому что он им мал (у них 6 или 7 детей).\nПлюсы:\n1. приличный ремонт и количество комнат.\n2. Подозреваю, что цену можно прилично сбить.\n\nВ общем, смотрите в оба.\n\nAnastasiya:\nМы смотрели этот дом с Татьяной\nЕщё у них был единый счёт по электроэнергии с хозяином, и он вроде так и не решил этот вопрос (то есть затраты за его мясокопчение включены в общий счёт)\nИ соседи в какой-то момент начали периодически сжигать свой мусор, а гарь шла на участок\nНу и хозяин и с текущими жильцами, и с прошлыми пытался привернуть фортель — поднять стоимость аренды в первые же месяцы\nПо документам владелец, если помню правильно, его жена.\n\nО, и с кондиционером на 1 этаже была проблема — шнур от кондиционера в гостиной тянулся на кухню через дверной проем (это видно на 4 фото)\n\nТаня Разумова:\n📍По итогам дебатов агент Давид принял решение не сотрудничать с этим собственником и попросил удалить объявление. Он не знал этих историй."}},{"type":"Feature","geometry":{"type":"Point","coordinates":[19.843561,45.244097]},"properties":{"name":"Булевар цара Лазара 21","description":"Цара Лазара 21 у нас, квартира 253, 5 этаж\nСемью с 2мя детьми выселили под предлогом что приедет родственник. Залог 800 евро не отдали, проговорившись что это на обновление ремонта для следующих арендаторов."}},{"type":"Feature","geometry":{"type":"Point","coordinates":[19.881089,45.24159]},"properties":{"name":"Фрање Малина 4","description":"Снял дом у арендодателя по адресу Petrovaradin, Franje Malina, 4 с конца августа..\nПри первичном осмотре обратил внимание хозяина, что штукатурка местами треснула, и предложил зашпаклевать эти места и побелить стены. На что хозяин ответил, что найдёт мастеров и сделает всё своими силами за три дня, до моего переезда из старой квартиры. Когда кончился срок аренды старой квартиры и я приехал с вещами в этот дом, то обнаружил, что хозяин решил хозяйка капитальный ремонт: ободрал низ стен от штукатурки до кирпича, выломал проём из гостинной в кухню, чтобы поставить дверь. Оставил нетронутой только одну комнату, где я и поселился. На мои вопросы, когда закончится ремонт, ответил, что мастеров сейчас найти трудно, но его знакомый строитель будет работать по вечерам и закончит ремонт максимум за неделю. Я попросил его сделать побыстрее, и сам помогал в свободное от основной работы время: ездил за стройматериалами, разгружал/загружал их, пропитывал стены пропиткой, ремонтировал сантехнику и бытовую технику и т.д. Прошло две с половиной недели, ремонт так и не был завершен. Кухни не было, при мытье в ванной сверху падали пласты штукатурки и 19 сентября я решил переехать на другую квартиру, о чём предупредил хозяина за месяц, согласно договору. Хозяин исправно требовал с меня арендную плату, хотя я не жил уже в доме с 19 сентября и он выставил объявление об аренде повторно. Когда я 19 октября пришёл к нему за депозитом, он объявил, что подает на меня в суд за то, что я заставил его ремонтировать его собственный дом, и требует, чтобы я компенсировал ему затраты на ремонт и общение со мной в размере 1520 евро. Депозит он мне не вернул и теперь присылает периодически сообщения, что подаёт в суд…"}},{"type":"Feature","geometry":{"type":"Point","coordinates":[19.802239,45.240654]},"properties":{"name":"Петефи Шандора","description":"Если тут есть люди, кто сегодня поедет смотреть квартиру на Petefi Sandora в Телепе. То я вам очень не рекомендую её снимать. Я сегодня выезжаю их этой квартиры. А хозяева уже хозяйка жертву ("}},{"type":"Feature","geometry":{"type":"Point","coordinates":[19.848863,45.258489]},"properties":{"name":"Косовска 1","description":"Нас собираются выселить. Причина - повышение аренды. Просят 2000 евро+ комуналка. (Потому что им предложили эту сумму)\nМогут задрать еще выше, я хз. Хозяин Хозяйки). Эта квартира принадлежит 2м одновременно (хозяйка заступилась и дала нам месяц на поиск квартиры).\nАдрес: Нови Сад, Косовская 1, кв.17 + кв.7\nЕсть пруфы-скрины из вот-сапп с перепиской с Хозяйкой квартиры, которая предложила освободить ее квартиру на 3 день после предупреждения о расторжении контракта(хотя у нас их есть 30), и снять комнату в доме её мамы, за которой нам надо будет посмотреть, в Зренянине."}},{"type":"Feature","geometry":{"type":"Point","coordinates":[19.803632,45.254152]},"properties":{"name":"Булевар Слободана Јовановића 21","description":"https://cityexpert.rs/izdavanje-nekretnina/novi-sad/47388/dvosoban-stan-bulevar-slobodana-jovanovica-novi-sad Народ, привет! Мы съехали из квартиры на Слободана йовановича 21. Скоро она будет сдаваться. Так вот. Не рискуйте🗿 Это самая неадекватная арендодательница, которых я встречала. Видео-звонки в 8 утра и в 12 ночи с воплями, приход без предупреждения, одни и те же вопросы по кругу и многое другое. Это энергетический вампир и я врагу не пожелаю снимать у нее хату.\nТа же квартира, другой человек\n- Всем доброе утро. Админы, внесите пожалуйста в черный список квартиру на Слободана Joвановича 21, кв. 8 в черный список. Хозяйка неадекват. Заключили договор на 6 месяцев по 450 евро а месяц. Не прошло и недели, она требует с нас 1000 евро в месяц или говорит в субботу 29 сваливаете, так как нашла кто будет у нее снимать эту квартиру за 1000 и они заезжают в субботу. Причем выложила уже на сайт объявление на 1000. Мы в шоке!"}},{"type":"Feature","geometry":{"type":"Point","coordinates":[19.841936,45.251416]},"properties":{"name":"Железничка 2","description":"Про чёрных риэлтеров и нечестных арендодателей. Остерегайтесь двухкомнатной квартиры на Железничке, 2. Сдаёт (квартира её отца). Агент и агентство отморозились решать проблемы с ней.\nУ неё принцип взаимодействия с нами «не нае…. - не проживёшь»\nНеработающую допотопную стиралку с грехом пополам поменяла через полтора месяца на чуть более новую рухлядь. Квартира изначально была грязная, в том числе плесень и остатки вытекшей еды в холодильнике, паутина на потолке. Мы всё отдраили. 2 месяца прожили. Сказали ей заранее о том, что съедем, пускали на просмотры в том числе в неудобное для нас время (двое дошкольников у нас).«Забыла» что мы ей оплачивали первый месяц вперёд, и что за второй заплатили тоже вперёд и требовала ещё раз оплатить. Соблюдать договорённости о встрече и передаче денег - не, не слышали. Депозит не возвращае"}},{"type":"Feature","geometry":{"type":"Point","coordinates":[19.877328,45.243452]},"properties":{"name":"Тунислава Пауновића 5","description":"Vi Ki🐾, [26.11.22. 19:32]\n🏚Возможно важная инфа для тех кто сейчас в поисках съемного жилья.\n\nПетроварадин, Тунислава Пауновича 5, хозяйка, это частный дом, в котором живет три семьи - не советую связываться. Хозяйка - ооочень жадная и будет из вас тащить по максимуму. При этом все ее обязательства по договору будут максимально пренебрегаться. Вас будут кормить завтраками и непонятными отговорками. Неработающий туалет, отсутствие нормального интернета, отсутствие горячей воды, отопление за которое берут деньги и не включают, это все цветочки. В доме на кухне и в туалете - черная плесень. Сейчас съехали от нее, требует, чтобы мы оплатили интернет за 2 года (который она сама подключала и который не работает нормально от слова вообще - скорость 1-5 мб/с и то не всегда, а когда погода хорошая), хотя когда мы заезжали туда изначально обговаривалось, что «интернет есть и вообще все будет ок». И требует еще сверху за «покраску» стен и приведения в порядок после нас помещения - еще 110 евро. Про депозит вообще молчу. При этом мы максимально аккуратно относились к жилью и оставляем после себя все в лучшем виде, чем оно было до нас. Привели в порядок туалет и кухню. В доме живет ротвейлер, его иногда отпускают погулять без поводка и намордника - без предупреждения. Лающие и не дающие спать собаки - приятный бонус. К вам будут постоянно приходить «внезапные гости» с утра пораньше, стучаться в дверь - с просьбой перенести диван в кладовку, забрать плиту, компьютер, туалетную бумагу и тд. Так как их хозяйский склад вещей будет на вашей территории. Требовать с вас будет по максимуму, когда дело касается денег, при этом когда дело доходит до ее обязательств - будут только пустые обещания «извини», «мне жаль» и откровенное вранье прямо в глаза. Крайне не советую связываться с этой хозяйкой, если вам дороги ваши нервы и деньги."}},{"type":"Feature","geometry":{"type":"Point","coordinates":[19.835929,45.252343]},"properties":{"name":"Булевар ослобођења 68","description":"Булевар ослобођења 68 кв 166.Хозяева. Вчера при отдаче ключей (должны были вернуть депозит), с применением силы хозяин выставил мужа за дверь со словами, что никаких денег они не собираются отдавать. Сходили в полицию-толку никакого, там сказали нанимать адвоката и обращаться в суд, а услуги адвоката здесь стоят прилично. Обходите эту квартиру стороной, она точно не стоит ни денег, которые за неё просят, ни нервов(((\n\nвторой отзыв:\nВсем привет! Скоро съезжаем с квартиры дуплекс,что находится на булеваре Ослобоченья 68 кв. 166. Хозяева. Поберегите свои деньги и нервы, не заселяйтесь в неё. Проблемы-стиралка сломана, мы свою покупали, забираем при переезде естественно, кондиционер не работает, на кухне только плита и холодильник, старенький кран постоянно подтекает, пылесоса нет(тоже со своим), чайника даже нет), посуду всю брали сами, то есть тоже не будет. Унитаз в ванной комнате бежит, приходил мастер-сказал, что его пора менять, хозяева не согласились и вызвали других \"мастеров\", которые обмазали его герметиком, на этом всё, когда их во второй раз вызвали-пришли очень недовольные, наорал, что вызываем просто так, бежит потихоньку и это нормально. Так и продолжает бежать... Далее-в спальне стоит кровать, которую по ходу с мусорки принесли, вонь от неё ужасная и никакими средствами не вывести, в той же спальне стоит шкаф у которого отваливается дверь(опасно для детей, не дай бог на ребёнка упадёт), да и в двух других спальнях довольно потрепанные шкафы. Когда начало холодать, на стенах и окнах вылезла чёрная плесень, дети начали кашлять и так до сих пор кашель не проходит, на улице естественно намного лучше становится. Нашли мы её в августе за 850, две недели назад пришла хозяйка и сообщила, что им за неё предлагают 1300,но с нас они готовы брать всего 1000.Мы не согласились и нашли более выгодный вариант. При следующей встрече с хозяйкой муж сообщил что мы съедем до 10 декабря, через какое-то время она вернулась и сообщила, что они готовы оставить плату в 800 евро. И да, в квартире ещё и тараканы обитают, причём ползают и по кровати, несколько раз с ними посыпались, брррр. Хозяева всё хозяйка пропускают, такое ощущение создаётся, что за такую сумму мы ещё сами должны всё чинить, исправлять, травить... Обходите стороной, не выбрасывайте зря деньги\nТретий отзыв: Привет.\nПри съезде хозяева не отдают залог 800е. На паркете след от окурка, он закрыт диваном, и его не видно при заселении. При съезде показывают этот след и не возвращают залог, обосновывая испорченным паркетом"}},{"type":"Feature","geometry":{"type":"Point","coordinates":[19.813352,45.254547]},"properties":{"name":"Веселина Маслеше 20","description":"черный список.\nАдрес: Novi Sad, Veselina Maslese, 20-22\n\nЕсли совсем коротко, то - депозит вернуть невозможно ни при каких обстоятельствах, плюс постоянный полицейский надзор за состоянием квартиры, надменное отношение и тотальное недоверие.\nТеперь подробнее.\nКвартиру сняли в октябре 2022 на буме приезда россиян и очень высоких ценах за 1000 евро + столько же депозит. Через полгода поставили ее перед фактом, что либо мы съезжаем, либо цену нужно снизить до 700. Она согласилась. Хотя квартире красная цена 600. Приводила недавно людей показывать квартиру и просила говорить им, что мы платим 900 😊\nХозяйка работает в полиции. Каждый месяц при передаче денег и оплаченных счетов приходила с инспекцией квартиры, заглядывала даже в морозилку. Процесс довольно унизительный и странный.\nВ квартире совершенно ничего нет для жизни и все нужно покупать от мусорных ведер и швабры до посуды, постельного белья, чайника, пылесоса, утюга и тп. То есть вообще ничего нет.\nХозяйка очень жадная и недоверчивая, ведет себя надменно, как будто мы из третьесортной страны приехали. Сама квартира еще ничего, но все в ней (мебель и техника) сильно б\\у. Шкафы явно перевозились с квартиры на квартиру несколько раз и собирались на соплях уже. У духовки отваливается дверца, у холодильника отваливается уплотнительная резинка, у варочной панели не работает одна комфорка. Стиральная машинка очень дешевая, старая и очень шумная, текла. Она 7(!) раз вызывала мастера чтобы починить текущую машинку. Каждый раз надо было приходить в любое время дня чтобы встречать очередного мастера и сидеть с ним по два часа пока он разбирает машинку. У нас в голове не укладывалось почему просто не купить новую недорогую машинку. Причем сама хозяйка считает, что вся техника новая и отличная.\nПри разговоре о выезде она выкатила список недочетов, которые нужно было устранить: сделать химчистку дивана, стульев, матрасов с обеих сторон. Покрасить стены. Заменить рулонные шторы в мансардных окнах(!), якобы они в протечках от дождя. Вымыть под кухней, обновить затирку в ванной. То есть фактически нужно сделать косметический ремонт. Сделали химчистку, покрасили стены, обновили швы в ванной, все вылизали.\nВ день выезда она пришла с представителем агенства и устроила спектакль как все грязно, плохо, не чищено, химчистки якобы не было, идеально чистый холодильник оказывается грязный и тп. И красить нужно было и потолки и за всеми шкафами, промыть и продезинфицировать оба кондиционера(!) и мыть абсолютно все, включая плафоны, фальшпотолок и все шкафы сверху. Начала звонить якобы фирме по покраске, где нам сказали, что покрасить квартиру будет стоить 900 евро. Плюс 100 на химчистку, 100 на уборку и тд. То есть мы типа еще доплатить должны.\nВ итоге невозврат депозита, +10000 динар за коммуналку, унизительный спектакль и зря потраченные усилия, время и нервы. Обходите квартиру стороной, помогите распространить среди знакомых которые сейчас ищут квартиру. Мы очень часто хотели съехать, но ждали решения по документам в другую страну и в итоге затянулось. Иначе убежали бы оттуда раньше.\n\nUpd: в тот же день начала названивать и написывать с претензией, что не может открыть дверь в квартиру, хотя закрывала ее сама когда мы уходили. Обвиняла меня, что это я вернулся и поменял замок. Потом ещё спамила в Ватсапп расчетами сколько будет стоить покраска, химчистка и уборка. Абсолютно неадекватное поведение.\n\n@Orasio78"}}]}
